[{"chainId": "12501147947749234298", "amount": 250, "createdAt": "2017-03-22T11:02:52+00:00", "shoeSize": "10", "productId": null, "skuUuid": "9976a86b-7a81-4f80-9a52-bdaec14486bf", "state": "480", "customerId": null, "localAmount": 250, "localCurrency": "USD"}, {"chainId": "12500183048499225656", "amount": 286, "createdAt": "2017-03-21T20:34:32+00:00", "shoeSize": "13", "productId": null, "skuUuid": "0049f958-f8ac-488b-89d0-a75cb9325ba3", "state": "480", "customerId": null, "localAmount": 286, "localCurrency": "USD"}, {"chainId": "12498489861857912668", "amount": 275, "createdAt": "2017-03-21T18:36:08+00:00", "shoeSize": "10.5", "productId": null, "skuUuid": "287fb487-6356-4052-acbf-b81d3ea3643c", "state": "480", "customerId": null, "localAmount": 275, "localCurrency": "USD"}, {"chainId": "12499459566848133794", "amount": 275, "createdAt": "2017-03-21T17:52:20+00:00", "shoeSize": "9.5", "productId": null, "skuUuid": "704fac93-d3a4-4908-8f9c-06fe8f66f08b", "state": "480", "customerId": null, "localAmount": 275, "localCurrency": "USD"}, {"chainId": "12499459583530722742", "amount": 313, "createdAt": "2017-03-21T10:58:37+00:00", "shoeSize": "10", "productId": null, "skuUuid": "9976a86b-7a81-4f80-9a52-bdaec14486bf", "state": "480", "customerId": null, "localAmount": 313, "localCurrency": "USD"}, {"chainId": "12485697256444693921", "amount": 293, "createdAt": "2017-03-21T09:38:30+00:00", "shoeSize": "12", "productId": null, "skuUuid": "405c3e97-f75b-410f-aca6-498410c88303", "state": "480", "customerId": null, "localAmount": 293, "localCurrency": "USD"}, {"chainId": "12500422696712820393", "amount": 275, "createdAt": "2017-03-21T09:01:59+00:00", "shoeSize": "11", "productId": null, "skuUuid": "da8fb2b3-7d3d-4d86-8c4c-1d147074f618", "state": "480", "customerId": null, "localAmount": 275, "localCurrency": "USD"}, {"chainId": "12500422700271404238", "amount": 275, "createdAt": "2017-03-21T08:58:16+00:00", "shoeSize": "15", "productId": null, "skuUuid": "16e15f1e-b2ba-4177-a337-d29b0d7ff722", "state": "480", "customerId": null, "localAmount": 275, "localCurrency": "USD"}, {"chainId": "12500422698592413527", "amount": 275, "createdAt": "2017-03-21T08:49:34+00:00", "shoeSize": "12", "productId": null, "skuUuid": "405c3e97-f75b-410f-aca6-498410c88303", "state": "480", "customerId": null, "localAmount": 275, "localCurrency": "USD"}, {"chainId": "12492213964699280068", "amount": 298, "createdAt": "2017-03-21T08:47:53+00:00", "shoeSize": "9", "productId": null, "skuUuid": "2de95789-dcae-4512-b7d1-2670272cce4e", "state": "480", "customerId": null, "localAmount": 298, "localCurrency": "USD"}, {"chainId": "12499459585313028589", "amount": 246, "createdAt": "2017-03-20T20:44:50+00:00", "shoeSize": "8.5", "productId": null, "skuUuid": "57c403db-2f2c-4bfe-a841-a9db6ad1f195", "state": "480", "customerId": null, "localAmount": 246, "localCurrency": "USD"}, {"chainId": "12485697259309563885", "amount": 251, "createdAt": "2017-03-20T20:11:46+00:00", "shoeSize": "13", "productId": null, "skuUuid": "0049f958-f8ac-488b-89d0-a75cb9325ba3", "state": "480", "customerId": null, "localAmount": 251, "localCurrency": "USD"}, {"chainId": "12485697253371312879", "amount": 251, "createdAt": "2017-03-20T20:03:41+00:00", "shoeSize": "11.5", "productId": null, "skuUuid": "824d7ac1-0d0d-4ef5-aa81-92d342b837cb", "state": "480", "customerId": null, "localAmount": 251, "localCurrency": "USD"}, {"chainId": "12499943406309598667", "amount": 275, "createdAt": "2017-03-20T18:25:49+00:00", "shoeSize": "9", "productId": null, "skuUuid": "2de95789-dcae-4512-b7d1-2670272cce4e", "state": "480", "customerId": null, "localAmount": 275, "localCurrency": "USD"}, {"chainId": "12499943399560082775", "amount": 250, "createdAt": "2017-03-20T18:09:13+00:00", "shoeSize": "10", "productId": null, "skuUuid": "9976a86b-7a81-4f80-9a52-bdaec14486bf", "state": "480", "customerId": null, "localAmount": 250, "localCurrency": "USD"}, {"chainId": "12497285034386948230", "amount": 251, "createdAt": "2017-03-20T12:39:42+00:00", "shoeSize": "13", "productId": null, "skuUuid": "0049f958-f8ac-488b-89d0-a75cb9325ba3", "state": "480", "customerId": null, "localAmount": 251, "localCurrency": "USD"}, {"chainId": "12488220537749550867", "amount": 246, "createdAt": "2017-03-20T12:08:39+00:00", "shoeSize": "8.5", "productId": null, "skuUuid": "57c403db-2f2c-4bfe-a841-a9db6ad1f195", "state": "480", "customerId": null, "localAmount": 246, "localCurrency": "USD"}, {"chainId": "12499459559759365591", "amount": 275, "createdAt": "2017-03-20T12:05:27+00:00", "shoeSize": "10.5", "productId": null, "skuUuid": "287fb487-6356-4052-acbf-b81d3ea3643c", "state": "480", "customerId": null, "localAmount": 275, "localCurrency": "USD"}, {"chainId": "12482182818893889266", "amount": 272, "createdAt": "2017-03-20T11:59:03+00:00", "shoeSize": "10", "productId": null, "skuUuid": "9976a86b-7a81-4f80-9a52-bdaec14486bf", "state": "480", "customerId": null, "localAmount": 272, "localCurrency": "USD"}, {"chainId": "12499459558373382171", "amount": 300, "createdAt": "2017-03-20T11:29:02+00:00", "shoeSize": "10", "productId": null, "skuUuid": "9976a86b-7a81-4f80-9a52-bdaec14486bf", "state": "480", "customerId": null, "localAmount": 300, "localCurrency": "USD"}, {"chainId": "12498018233549103084", "amount": 272, "createdAt": "2017-03-20T11:11:59+00:00", "shoeSize": "10.5", "productId": null, "skuUuid": "287fb487-6356-4052-acbf-b81d3ea3643c", "state": "480", "customerId": null, "localAmount": 272, "localCurrency": "USD"}, {"chainId": "12499092885921399593", "amount": 255, "createdAt": "2017-03-20T09:46:27+00:00", "shoeSize": "9", "productId": null, "skuUuid": "2de95789-dcae-4512-b7d1-2670272cce4e", "state": "480", "customerId": null, "localAmount": 255, "localCurrency": "USD"}, {"chainId": "12488466679648824254", "amount": 246, "createdAt": "2017-03-20T09:31:31+00:00", "shoeSize": "12", "productId": null, "skuUuid": "405c3e97-f75b-410f-aca6-498410c88303", "state": "480", "customerId": null, "localAmount": 246, "localCurrency": "USD"}, {"chainId": "12499459566612964885", "amount": 275, "createdAt": "2017-03-20T09:21:07+00:00", "shoeSize": "9.5", "productId": null, "skuUuid": "704fac93-d3a4-4908-8f9c-06fe8f66f08b", "state": "480", "customerId": null, "localAmount": 275, "localCurrency": "USD"}, {"chainId": "12490014242709594868", "amount": 220, "createdAt": "2017-03-20T04:53:49+00:00", "shoeSize": "9", "productId": null, "skuUuid": "2de95789-dcae-4512-b7d1-2670272cce4e", "state": "480", "customerId": null, "localAmount": 220, "localCurrency": "USD"}, {"chainId": "12498489864966147564", "amount": 350, "createdAt": "2017-03-20T00:59:14+00:00", "shoeSize": "14", "productId": null, "skuUuid": "09665652-e2c7-4ce7-8881-8b5a239a5baa", "state": "480", "customerId": null, "localAmount": 350, "localCurrency": "USD"}, {"chainId": "12492450808119511985", "amount": 313, "createdAt": "2017-03-19T17:15:50+00:00", "shoeSize": "10", "productId": null, "skuUuid": "9976a86b-7a81-4f80-9a52-bdaec14486bf", "state": "480", "customerId": null, "localAmount": 313, "localCurrency": "USD"}, {"chainId": "12480041713308563018", "amount": 286, "createdAt": "2017-03-19T11:31:43+00:00", "shoeSize": "13", "productId": null, "skuUuid": "0049f958-f8ac-488b-89d0-a75cb9325ba3", "state": "480", "customerId": null, "localAmount": 286, "localCurrency": "USD"}, {"chainId": "12499092871527051256", "amount": 275, "createdAt": "2017-03-19T09:14:25+00:00", "shoeSize": "9", "productId": null, "skuUuid": "2de95789-dcae-4512-b7d1-2670272cce4e", "state": "480", "customerId": null, "localAmount": 275, "localCurrency": "USD"}, {"chainId": "12498489861684553430", "amount": 275, "createdAt": "2017-03-18T19:53:07+00:00", "shoeSize": "10.5", "productId": null, "skuUuid": "287fb487-6356-4052-acbf-b81d3ea3643c", "state": "480", "customerId": null, "localAmount": 275, "localCurrency": "USD"}, {"chainId": "12498489867511275107", "amount": 300, "createdAt": "2017-03-18T18:13:38+00:00", "shoeSize": "8.5", "productId": null, "skuUuid": "57c403db-2f2c-4bfe-a841-a9db6ad1f195", "state": "480", "customerId": null, "localAmount": 300, "localCurrency": "USD"}, {"chainId": "12498018207855099182", "amount": 275, "createdAt": "2017-03-18T08:42:12+00:00", "shoeSize": "11", "productId": null, "skuUuid": "da8fb2b3-7d3d-4d86-8c4c-1d147074f618", "state": "480", "customerId": null, "localAmount": 275, "localCurrency": "USD"}, {"chainId": "12497304201167254555", "amount": 200, "createdAt": "2017-03-17T23:52:36+00:00", "shoeSize": "11", "productId": null, "skuUuid": "da8fb2b3-7d3d-4d86-8c4c-1d147074f618", "state": "480", "customerId": null, "localAmount": 200, "localCurrency": "USD"}, {"chainId": "12497767337216883092", "amount": 350, "createdAt": "2017-03-17T20:04:40+00:00", "shoeSize": "10.5", "productId": null, "skuUuid": "287fb487-6356-4052-acbf-b81d3ea3643c", "state": "480", "customerId": null, "localAmount": 350, "localCurrency": "USD"}, {"chainId": "12497767345347817531", "amount": 275, "createdAt": "2017-03-17T19:55:56+00:00", "shoeSize": "8", "productId": null, "skuUuid": "80ab1ef3-f242-40cd-bcfa-3ad63f276136", "state": "480", "customerId": null, "localAmount": 275, "localCurrency": "USD"}, {"chainId": "12497767347767607155", "amount": 275, "createdAt": "2017-03-17T18:25:46+00:00", "shoeSize": "9", "productId": null, "skuUuid": "2de95789-dcae-4512-b7d1-2670272cce4e", "state": "480", "customerId": null, "localAmount": 275, "localCurrency": "USD"}, {"chainId": "12497767335321145240", "amount": 275, "createdAt": "2017-03-17T17:12:19+00:00", "shoeSize": "10", "productId": null, "skuUuid": "9976a86b-7a81-4f80-9a52-bdaec14486bf", "state": "480", "customerId": null, "localAmount": 275, "localCurrency": "USD"}, {"chainId": "12497767343218161578", "amount": 275, "createdAt": "2017-03-17T16:40:32+00:00", "shoeSize": "7.5", "productId": null, "skuUuid": "b8872697-74a9-4e8c-9648-cd7e2b0049b8", "state": "480", "customerId": null, "localAmount": 275, "localCurrency": "USD"}, {"chainId": "12497767348226741046", "amount": 275, "createdAt": "2017-03-17T16:25:55+00:00", "shoeSize": "9", "productId": null, "skuUuid": "2de95789-dcae-4512-b7d1-2670272cce4e", "state": "480", "customerId": null, "localAmount": 275, "localCurrency": "USD"}, {"chainId": "12497523586660966306", "amount": 275, "createdAt": "2017-03-17T12:16:46+00:00", "shoeSize": "10", "productId": null, "skuUuid": "9976a86b-7a81-4f80-9a52-bdaec14486bf", "state": "480", "customerId": null, "localAmount": 275, "localCurrency": "USD"}, {"chainId": "12497523589567821361", "amount": 300, "createdAt": "2017-03-17T09:19:08+00:00", "shoeSize": "11.5", "productId": null, "skuUuid": "824d7ac1-0d0d-4ef5-aa81-92d342b837cb", "state": "480", "customerId": null, "localAmount": 300, "localCurrency": "USD"}, {"chainId": "12497040379558369207", "amount": 250, "createdAt": "2017-03-17T03:44:56+00:00", "shoeSize": "10.5", "productId": null, "skuUuid": "287fb487-6356-4052-acbf-b81d3ea3643c", "state": "480", "customerId": null, "localAmount": 250, "localCurrency": "USD"}, {"chainId": "12496394530533416775", "amount": 200, "createdAt": "2017-03-16T22:28:10+00:00", "shoeSize": "9.5", "productId": null, "skuUuid": "704fac93-d3a4-4908-8f9c-06fe8f66f08b", "state": "480", "customerId": null, "localAmount": 200, "localCurrency": "USD"}, {"chainId": "12496350983461082210", "amount": 250, "createdAt": "2017-03-16T20:42:35+00:00", "shoeSize": "10", "productId": null, "skuUuid": "9976a86b-7a81-4f80-9a52-bdaec14486bf", "state": "480", "customerId": null, "localAmount": 250, "localCurrency": "USD"}, {"chainId": "12493202737582029710", "amount": 250, "createdAt": "2017-03-16T16:05:19+00:00", "shoeSize": "11.5", "productId": null, "skuUuid": "824d7ac1-0d0d-4ef5-aa81-92d342b837cb", "state": "480", "customerId": null, "localAmount": 250, "localCurrency": "USD"}, {"chainId": "12496800211411654324", "amount": 275, "createdAt": "2017-03-16T10:35:43+00:00", "shoeSize": "8.5", "productId": null, "skuUuid": "57c403db-2f2c-4bfe-a841-a9db6ad1f195", "state": "480", "customerId": null, "localAmount": 275, "localCurrency": "USD"}, {"chainId": "12496074589351696656", "amount": 300, "createdAt": "2017-03-15T18:47:18+00:00", "shoeSize": "13", "productId": null, "skuUuid": "0049f958-f8ac-488b-89d0-a75cb9325ba3", "state": "480", "customerId": null, "localAmount": 300, "localCurrency": "USD"}, {"chainId": "12496074587627117295", "amount": 250, "createdAt": "2017-03-15T17:35:20+00:00", "shoeSize": "11.5", "productId": null, "skuUuid": "824d7ac1-0d0d-4ef5-aa81-92d342b837cb", "state": "480", "customerId": null, "localAmount": 250, "localCurrency": "USD"}, {"chainId": "12495349136638724908", "amount": 250, "createdAt": "2017-03-14T19:45:50+00:00", "shoeSize": "8.5", "productId": null, "skuUuid": "57c403db-2f2c-4bfe-a841-a9db6ad1f195", "state": "480", "customerId": null, "localAmount": 250, "localCurrency": "USD"}, {"chainId": "12495349130112593340", "amount": 275, "createdAt": "2017-03-14T19:45:17+00:00", "shoeSize": "10", "productId": null, "skuUuid": "9976a86b-7a81-4f80-9a52-bdaec14486bf", "state": "480", "customerId": null, "localAmount": 275, "localCurrency": "USD"}, {"chainId": "12495349132662212074", "amount": 250, "createdAt": "2017-03-14T19:26:40+00:00", "shoeSize": "11.5", "productId": null, "skuUuid": "824d7ac1-0d0d-4ef5-aa81-92d342b837cb", "state": "480", "customerId": null, "localAmount": 250, "localCurrency": "USD"}, {"chainId": "12492936001389666001", "amount": 275, "createdAt": "2017-03-13T10:18:25+00:00", "shoeSize": "14", "productId": null, "skuUuid": "09665652-e2c7-4ce7-8881-8b5a239a5baa", "state": "480", "customerId": null, "localAmount": 275, "localCurrency": "USD"}, {"chainId": "12493788475830803751", "amount": 220, "createdAt": "2017-03-13T03:27:33+00:00", "shoeSize": "11.5", "productId": null, "skuUuid": "824d7ac1-0d0d-4ef5-aa81-92d342b837cb", "state": "480", "customerId": null, "localAmount": 220, "localCurrency": "USD"}, {"chainId": "12493661039399231106", "amount": 250, "createdAt": "2017-03-12T03:46:37+00:00", "shoeSize": "9.5", "productId": null, "skuUuid": "704fac93-d3a4-4908-8f9c-06fe8f66f08b", "state": "480", "customerId": null, "localAmount": 250, "localCurrency": "USD"}, {"chainId": "12493416341722603704", "amount": 275, "createdAt": "2017-03-11T20:18:16+00:00", "shoeSize": "10.5", "productId": null, "skuUuid": "287fb487-6356-4052-acbf-b81d3ea3643c", "state": "480", "customerId": null, "localAmount": 275, "localCurrency": "USD"}, {"chainId": "12485697246802937201", "amount": 293, "createdAt": "2017-03-11T19:32:50+00:00", "shoeSize": "10.5", "productId": null, "skuUuid": "287fb487-6356-4052-acbf-b81d3ea3643c", "state": "480", "customerId": null, "localAmount": 293, "localCurrency": "USD"}, {"chainId": "12493416340060135998", "amount": 275, "createdAt": "2017-03-11T18:30:16+00:00", "shoeSize": "10", "productId": null, "skuUuid": "9976a86b-7a81-4f80-9a52-bdaec14486bf", "state": "480", "customerId": null, "localAmount": 275, "localCurrency": "USD"}, {"chainId": "12492935996412169789", "amount": 300, "createdAt": "2017-03-11T10:58:11+00:00", "shoeSize": "10.5", "productId": null, "skuUuid": "287fb487-6356-4052-acbf-b81d3ea3643c", "state": "480", "customerId": null, "localAmount": 300, "localCurrency": "USD"}, {"chainId": "12492935997700507673", "amount": 300, "createdAt": "2017-03-11T10:05:49+00:00", "shoeSize": "11", "productId": null, "skuUuid": "da8fb2b3-7d3d-4d86-8c4c-1d147074f618", "state": "480", "customerId": null, "localAmount": 300, "localCurrency": "USD"}, {"chainId": "12492935997828122386", "amount": 300, "createdAt": "2017-03-11T09:58:48+00:00", "shoeSize": "11", "productId": null, "skuUuid": "da8fb2b3-7d3d-4d86-8c4c-1d147074f618", "state": "480", "customerId": null, "localAmount": 300, "localCurrency": "USD"}, {"chainId": "12489200795782663947", "amount": 286, "createdAt": "2017-03-11T08:21:51+00:00", "shoeSize": "13", "productId": null, "skuUuid": "0049f958-f8ac-488b-89d0-a75cb9325ba3", "state": "480", "customerId": null, "localAmount": 286, "localCurrency": "USD"}, {"chainId": "12492213962948319610", "amount": 313, "createdAt": "2017-03-10T20:52:38+00:00", "shoeSize": "10", "productId": null, "skuUuid": "9976a86b-7a81-4f80-9a52-bdaec14486bf", "state": "480", "customerId": null, "localAmount": 313, "localCurrency": "USD"}, {"chainId": "12486772225630294901", "amount": 286, "createdAt": "2017-03-10T20:41:23+00:00", "shoeSize": "13", "productId": null, "skuUuid": "0049f958-f8ac-488b-89d0-a75cb9325ba3", "state": "480", "customerId": null, "localAmount": 286, "localCurrency": "USD"}, {"chainId": "12480041704919861049", "amount": 318, "createdAt": "2017-03-10T20:15:53+00:00", "shoeSize": "11", "productId": null, "skuUuid": "da8fb2b3-7d3d-4d86-8c4c-1d147074f618", "state": "480", "customerId": null, "localAmount": 318, "localCurrency": "USD"}, {"chainId": "12492693637782550967", "amount": 275, "createdAt": "2017-03-10T18:56:58+00:00", "shoeSize": "12", "productId": null, "skuUuid": "405c3e97-f75b-410f-aca6-498410c88303", "state": "480", "customerId": null, "localAmount": 275, "localCurrency": "USD"}, {"chainId": "12492693635282480637", "amount": 275, "createdAt": "2017-03-10T18:46:48+00:00", "shoeSize": "11", "productId": null, "skuUuid": "da8fb2b3-7d3d-4d86-8c4c-1d147074f618", "state": "480", "customerId": null, "localAmount": 275, "localCurrency": "USD"}, {"chainId": "12481945087564924625", "amount": 275, "createdAt": "2017-03-10T18:42:43+00:00", "shoeSize": "9.5", "productId": null, "skuUuid": "704fac93-d3a4-4908-8f9c-06fe8f66f08b", "state": "480", "customerId": null, "localAmount": 275, "localCurrency": "USD"}, {"chainId": "12492693639166268994", "amount": 275, "createdAt": "2017-03-10T17:59:11+00:00", "shoeSize": "13", "productId": null, "skuUuid": "0049f958-f8ac-488b-89d0-a75cb9325ba3", "state": "480", "customerId": null, "localAmount": 275, "localCurrency": "USD"}, {"chainId": "12492693635676513222", "amount": 275, "createdAt": "2017-03-10T17:16:23+00:00", "shoeSize": "11", "productId": null, "skuUuid": "da8fb2b3-7d3d-4d86-8c4c-1d147074f618", "state": "480", "customerId": null, "localAmount": 275, "localCurrency": "USD"}, {"chainId": "12492693641233876177", "amount": 275, "createdAt": "2017-03-10T16:52:51+00:00", "shoeSize": "8", "productId": null, "skuUuid": "80ab1ef3-f242-40cd-bcfa-3ad63f276136", "state": "480", "customerId": null, "localAmount": 275, "localCurrency": "USD"}, {"chainId": "12492693643600020615", "amount": 275, "createdAt": "2017-03-10T16:43:31+00:00", "shoeSize": "9", "productId": null, "skuUuid": "2de95789-dcae-4512-b7d1-2670272cce4e", "state": "480", "customerId": null, "localAmount": 275, "localCurrency": "USD"}, {"chainId": "12491121439537228113", "amount": 286, "createdAt": "2017-03-10T11:04:25+00:00", "shoeSize": "11.5", "productId": null, "skuUuid": "824d7ac1-0d0d-4ef5-aa81-92d342b837cb", "state": "480", "customerId": null, "localAmount": 286, "localCurrency": "USD"}, {"chainId": "12490020050277934420", "amount": 240, "createdAt": "2017-03-10T03:25:25+00:00", "shoeSize": "10.5", "productId": null, "skuUuid": "287fb487-6356-4052-acbf-b81d3ea3643c", "state": "480", "customerId": null, "localAmount": 240, "localCurrency": "USD"}, {"chainId": "12490884721919834950", "amount": 286, "createdAt": "2017-03-10T02:25:36+00:00", "shoeSize": "11.5", "productId": null, "skuUuid": "824d7ac1-0d0d-4ef5-aa81-92d342b837cb", "state": "480", "customerId": null, "localAmount": 286, "localCurrency": "USD"}, {"chainId": "12488945978076450678", "amount": 275, "createdAt": "2017-03-09T20:18:35+00:00", "shoeSize": "10.5", "productId": null, "skuUuid": "287fb487-6356-4052-acbf-b81d3ea3643c", "state": "480", "customerId": null, "localAmount": 275, "localCurrency": "USD"}, {"chainId": "12489441708645758280", "amount": 286, "createdAt": "2017-03-09T18:57:16+00:00", "shoeSize": "9.5", "productId": null, "skuUuid": "704fac93-d3a4-4908-8f9c-06fe8f66f08b", "state": "480", "customerId": null, "localAmount": 286, "localCurrency": "USD"}, {"chainId": "12491121437954491299", "amount": 286, "createdAt": "2017-03-09T18:02:00+00:00", "shoeSize": "10", "productId": null, "skuUuid": "9976a86b-7a81-4f80-9a52-bdaec14486bf", "state": "480", "customerId": null, "localAmount": 286, "localCurrency": "USD"}, {"chainId": "12488945996347088037", "amount": 286, "createdAt": "2017-03-09T06:33:46+00:00", "shoeSize": "10.5", "productId": null, "skuUuid": "287fb487-6356-4052-acbf-b81d3ea3643c", "state": "480", "customerId": null, "localAmount": 286, "localCurrency": "USD"}, {"chainId": "12491121416676178310", "amount": 275, "createdAt": "2017-03-08T22:32:41+00:00", "shoeSize": "10.5", "productId": null, "skuUuid": "287fb487-6356-4052-acbf-b81d3ea3643c", "state": "480", "customerId": null, "localAmount": 275, "localCurrency": "USD"}, {"chainId": "12491121417824282433", "amount": 275, "createdAt": "2017-03-08T21:30:40+00:00", "shoeSize": "11", "productId": null, "skuUuid": "da8fb2b3-7d3d-4d86-8c4c-1d147074f618", "state": "480", "customerId": null, "localAmount": 275, "localCurrency": "USD"}, {"chainId": "12488466677600602868", "amount": 286, "createdAt": "2017-03-08T21:14:11+00:00", "shoeSize": "10", "productId": null, "skuUuid": "9976a86b-7a81-4f80-9a52-bdaec14486bf", "state": "480", "customerId": null, "localAmount": 286, "localCurrency": "USD"}, {"chainId": "12491121415309515021", "amount": 275, "createdAt": "2017-03-08T15:31:53+00:00", "shoeSize": "10", "productId": null, "skuUuid": "9976a86b-7a81-4f80-9a52-bdaec14486bf", "state": "480", "customerId": null, "localAmount": 275, "localCurrency": "USD"}, {"chainId": "12486416442668072774", "amount": 286, "createdAt": "2017-03-08T14:52:41+00:00", "shoeSize": "11.5", "productId": null, "skuUuid": "824d7ac1-0d0d-4ef5-aa81-92d342b837cb", "state": "480", "customerId": null, "localAmount": 286, "localCurrency": "USD"}, {"chainId": "12485697250018597692", "amount": 293, "createdAt": "2017-03-08T14:47:35+00:00", "shoeSize": "11", "productId": null, "skuUuid": "da8fb2b3-7d3d-4d86-8c4c-1d147074f618", "state": "480", "customerId": null, "localAmount": 293, "localCurrency": "USD"}, {"chainId": "12491121420916054770", "amount": 300, "createdAt": "2017-03-08T14:44:17+00:00", "shoeSize": "13", "productId": null, "skuUuid": "0049f958-f8ac-488b-89d0-a75cb9325ba3", "state": "480", "customerId": null, "localAmount": 300, "localCurrency": "USD"}, {"chainId": "12491121415462325309", "amount": 275, "createdAt": "2017-03-08T13:45:45+00:00", "shoeSize": "10", "productId": null, "skuUuid": "9976a86b-7a81-4f80-9a52-bdaec14486bf", "state": "480", "customerId": null, "localAmount": 275, "localCurrency": "USD"}, {"chainId": "12490884698140032999", "amount": 300, "createdAt": "2017-03-08T05:44:54+00:00", "shoeSize": "9", "productId": null, "skuUuid": "2de95789-dcae-4512-b7d1-2670272cce4e", "state": "480", "customerId": null, "localAmount": 300, "localCurrency": "USD"}, {"chainId": "12490013996359658267", "amount": 250, "createdAt": "2017-03-07T22:28:16+00:00", "shoeSize": "8.5", "productId": null, "skuUuid": "57c403db-2f2c-4bfe-a841-a9db6ad1f195", "state": "480", "customerId": null, "localAmount": 250, "localCurrency": "USD"}, {"chainId": "12484365939775065940", "amount": 300, "createdAt": "2017-03-07T13:08:51+00:00", "shoeSize": "13", "productId": null, "skuUuid": "0049f958-f8ac-488b-89d0-a75cb9325ba3", "state": "480", "customerId": null, "localAmount": 300, "localCurrency": "USD"}, {"chainId": "12489200775151066132", "amount": 275, "createdAt": "2017-03-07T06:57:26+00:00", "shoeSize": "10", "productId": null, "skuUuid": "9976a86b-7a81-4f80-9a52-bdaec14486bf", "state": "480", "customerId": null, "localAmount": 275, "localCurrency": "USD"}, {"chainId": "12488710197245744965", "amount": 286, "createdAt": "2017-03-06T22:05:46+00:00", "shoeSize": "9", "productId": null, "skuUuid": "2de95789-dcae-4512-b7d1-2670272cce4e", "state": "480", "customerId": null, "localAmount": 286, "localCurrency": "USD"}, {"chainId": "12489670191300585099", "amount": 300, "createdAt": "2017-03-06T15:40:32+00:00", "shoeSize": "13", "productId": null, "skuUuid": "0049f958-f8ac-488b-89d0-a75cb9325ba3", "state": "480", "customerId": null, "localAmount": 300, "localCurrency": "USD"}, {"chainId": "12486416456141430236", "amount": 286, "createdAt": "2017-03-06T15:21:45+00:00", "shoeSize": "9.5", "productId": null, "skuUuid": "704fac93-d3a4-4908-8f9c-06fe8f66f08b", "state": "480", "customerId": null, "localAmount": 286, "localCurrency": "USD"}, {"chainId": "12489670187904481846", "amount": 275, "createdAt": "2017-03-06T15:17:56+00:00", "shoeSize": "10.5", "productId": null, "skuUuid": "287fb487-6356-4052-acbf-b81d3ea3643c", "state": "480", "customerId": null, "localAmount": 275, "localCurrency": "USD"}, {"chainId": "12487495191206599639", "amount": 300, "createdAt": "2017-03-06T12:41:36+00:00", "shoeSize": "12", "productId": null, "skuUuid": "405c3e97-f75b-410f-aca6-498410c88303", "state": "480", "customerId": null, "localAmount": 300, "localCurrency": "USD"}, {"chainId": "12488710195167538544", "amount": 286, "createdAt": "2017-03-05T23:01:40+00:00", "shoeSize": "10.5", "productId": null, "skuUuid": "287fb487-6356-4052-acbf-b81d3ea3643c", "state": "480", "customerId": null, "localAmount": 286, "localCurrency": "USD"}, {"chainId": "12488945980692183981", "amount": 300, "createdAt": "2017-03-05T16:08:55+00:00", "shoeSize": "13", "productId": null, "skuUuid": "0049f958-f8ac-488b-89d0-a75cb9325ba3", "state": "480", "customerId": null, "localAmount": 300, "localCurrency": "USD"}, {"chainId": "12486416438287186641", "amount": 286, "createdAt": "2017-03-05T14:47:54+00:00", "shoeSize": "10.5", "productId": null, "skuUuid": "287fb487-6356-4052-acbf-b81d3ea3643c", "state": "480", "customerId": null, "localAmount": 286, "localCurrency": "USD"}, {"chainId": "12488466681417042811", "amount": 286, "createdAt": "2017-03-05T13:18:44+00:00", "shoeSize": "9", "productId": null, "skuUuid": "2de95789-dcae-4512-b7d1-2670272cce4e", "state": "480", "customerId": null, "localAmount": 286, "localCurrency": "USD"}, {"chainId": "12488945983605703525", "amount": 300, "createdAt": "2017-03-05T13:17:56+00:00", "shoeSize": "9", "productId": null, "skuUuid": "2de95789-dcae-4512-b7d1-2670272cce4e", "state": "480", "customerId": null, "localAmount": 300, "localCurrency": "USD"}, {"chainId": "12486416435900957557", "amount": 286, "createdAt": "2017-03-05T07:16:14+00:00", "shoeSize": "10", "productId": null, "skuUuid": "9976a86b-7a81-4f80-9a52-bdaec14486bf", "state": "480", "customerId": null, "localAmount": 286, "localCurrency": "USD"}, {"chainId": "12487744345048300519", "amount": 286, "createdAt": "2017-03-05T06:43:38+00:00", "shoeSize": "11", "productId": null, "skuUuid": "da8fb2b3-7d3d-4d86-8c4c-1d147074f618", "state": "480", "customerId": null, "localAmount": 286, "localCurrency": "USD"}, {"chainId": "12486416453677442484", "amount": 286, "createdAt": "2017-03-05T06:32:39+00:00", "shoeSize": "9", "productId": null, "skuUuid": "2de95789-dcae-4512-b7d1-2670272cce4e", "state": "480", "customerId": null, "localAmount": 286, "localCurrency": "USD"}, {"chainId": "12486540294125099883", "amount": 286, "createdAt": "2017-03-05T06:09:49+00:00", "shoeSize": "12", "productId": null, "skuUuid": "405c3e97-f75b-410f-aca6-498410c88303", "state": "480", "customerId": null, "localAmount": 286, "localCurrency": "USD"}, {"chainId": "12486416451717396343", "amount": 286, "createdAt": "2017-03-04T22:01:25+00:00", "shoeSize": "8.5", "productId": null, "skuUuid": "57c403db-2f2c-4bfe-a841-a9db6ad1f195", "state": "480", "customerId": null, "localAmount": 286, "localCurrency": "USD"}, {"chainId": "12488220523438488955", "amount": 300, "createdAt": "2017-03-04T16:03:12+00:00", "shoeSize": "8.5", "productId": null, "skuUuid": "57c403db-2f2c-4bfe-a841-a9db6ad1f195", "state": "480", "customerId": null, "localAmount": 300, "localCurrency": "USD"}, {"chainId": "12488220517221420112", "amount": 275, "createdAt": "2017-03-04T15:53:55+00:00", "shoeSize": "11", "productId": null, "skuUuid": "da8fb2b3-7d3d-4d86-8c4c-1d147074f618", "state": "480", "customerId": null, "localAmount": 275, "localCurrency": "USD"}, {"chainId": "12488220518326474263", "amount": 300, "createdAt": "2017-03-04T15:37:09+00:00", "shoeSize": "11.5", "productId": null, "skuUuid": "824d7ac1-0d0d-4ef5-aa81-92d342b837cb", "state": "480", "customerId": null, "localAmount": 300, "localCurrency": "USD"}, {"chainId": "12486416449385515630", "amount": 286, "createdAt": "2017-03-04T15:35:54+00:00", "shoeSize": "8", "productId": null, "skuUuid": "80ab1ef3-f242-40cd-bcfa-3ad63f276136", "state": "480", "customerId": null, "localAmount": 286, "localCurrency": "USD"}, {"chainId": "12488220523582080505", "amount": 300, "createdAt": "2017-03-04T15:26:36+00:00", "shoeSize": "8.5", "productId": null, "skuUuid": "57c403db-2f2c-4bfe-a841-a9db6ad1f195", "state": "480", "customerId": null, "localAmount": 300, "localCurrency": "USD"}, {"chainId": "12488220515389425543", "amount": 275, "createdAt": "2017-03-04T15:04:39+00:00", "shoeSize": "10", "productId": null, "skuUuid": "9976a86b-7a81-4f80-9a52-bdaec14486bf", "state": "480", "customerId": null, "localAmount": 275, "localCurrency": "USD"}, {"chainId": "12488220519678996310", "amount": 300, "createdAt": "2017-03-04T14:27:10+00:00", "shoeSize": "12", "productId": null, "skuUuid": "405c3e97-f75b-410f-aca6-498410c88303", "state": "480", "customerId": null, "localAmount": 300, "localCurrency": "USD"}, {"chainId": "12488220522245329739", "amount": 300, "createdAt": "2017-03-04T14:16:32+00:00", "shoeSize": "8", "productId": null, "skuUuid": "80ab1ef3-f242-40cd-bcfa-3ad63f276136", "state": "480", "customerId": null, "localAmount": 300, "localCurrency": "USD"}, {"chainId": "12488220518497384880", "amount": 300, "createdAt": "2017-03-04T13:43:04+00:00", "shoeSize": "11.5", "productId": null, "skuUuid": "824d7ac1-0d0d-4ef5-aa81-92d342b837cb", "state": "480", "customerId": null, "localAmount": 300, "localCurrency": "USD"}, {"chainId": "12488220515267423175", "amount": 300, "createdAt": "2017-03-04T12:15:32+00:00", "shoeSize": "10", "productId": null, "skuUuid": "9976a86b-7a81-4f80-9a52-bdaec14486bf", "state": "480", "customerId": null, "localAmount": 300, "localCurrency": "USD"}, {"chainId": "12487744327424583801", "amount": 300, "createdAt": "2017-03-04T05:04:08+00:00", "shoeSize": "11.5", "productId": null, "skuUuid": "824d7ac1-0d0d-4ef5-aa81-92d342b837cb", "state": "480", "customerId": null, "localAmount": 300, "localCurrency": "USD"}, {"chainId": "12487115169059937591", "amount": 230, "createdAt": "2017-03-03T22:28:49+00:00", "shoeSize": "11", "productId": null, "skuUuid": "da8fb2b3-7d3d-4d86-8c4c-1d147074f618", "state": "480", "customerId": null, "localAmount": 230, "localCurrency": "USD"}, {"chainId": "12487495188542108681", "amount": 275, "createdAt": "2017-03-03T15:33:44+00:00", "shoeSize": "10.5", "productId": null, "skuUuid": "287fb487-6356-4052-acbf-b81d3ea3643c", "state": "480", "customerId": null, "localAmount": 275, "localCurrency": "USD"}, {"chainId": "12487495192455980301", "amount": 300, "createdAt": "2017-03-03T13:47:57+00:00", "shoeSize": "13", "productId": null, "skuUuid": "0049f958-f8ac-488b-89d0-a75cb9325ba3", "state": "480", "customerId": null, "localAmount": 300, "localCurrency": "USD"}, {"chainId": "12486416440689834364", "amount": 286, "createdAt": "2017-03-03T07:36:05+00:00", "shoeSize": "11", "productId": null, "skuUuid": "da8fb2b3-7d3d-4d86-8c4c-1d147074f618", "state": "480", "customerId": null, "localAmount": 286, "localCurrency": "USD"}, {"chainId": "12487020566915385521", "amount": 300, "createdAt": "2017-03-03T07:22:23+00:00", "shoeSize": "8.5", "productId": null, "skuUuid": "57c403db-2f2c-4bfe-a841-a9db6ad1f195", "state": "480", "customerId": null, "localAmount": 300, "localCurrency": "USD"}, {"chainId": "12483870045423757068", "amount": 300, "createdAt": "2017-03-03T06:39:02+00:00", "shoeSize": "11.5", "productId": null, "skuUuid": "824d7ac1-0d0d-4ef5-aa81-92d342b837cb", "state": "480", "customerId": null, "localAmount": 300, "localCurrency": "USD"}, {"chainId": "12486416447422455704", "amount": 286, "createdAt": "2017-03-02T23:50:37+00:00", "shoeSize": "13", "productId": null, "skuUuid": "0049f958-f8ac-488b-89d0-a75cb9325ba3", "state": "480", "customerId": null, "localAmount": 286, "localCurrency": "USD"}, {"chainId": "12487020564772708952", "amount": 300, "createdAt": "2017-03-02T22:07:26+00:00", "shoeSize": "14", "productId": null, "skuUuid": "09665652-e2c7-4ce7-8881-8b5a239a5baa", "state": "480", "customerId": null, "localAmount": 300, "localCurrency": "USD"}, {"chainId": "12486416445114265738", "amount": 286, "createdAt": "2017-03-02T19:16:45+00:00", "shoeSize": "12", "productId": null, "skuUuid": "405c3e97-f75b-410f-aca6-498410c88303", "state": "480", "customerId": null, "localAmount": 286, "localCurrency": "USD"}, {"chainId": "12485697271864603864", "amount": 293, "createdAt": "2017-03-02T10:01:49+00:00", "shoeSize": "9", "productId": null, "skuUuid": "2de95789-dcae-4512-b7d1-2670272cce4e", "state": "480", "customerId": null, "localAmount": 293, "localCurrency": "USD"}, {"chainId": "12486170520175283999", "amount": 300, "createdAt": "2017-03-02T05:30:50+00:00", "shoeSize": "12", "productId": null, "skuUuid": "405c3e97-f75b-410f-aca6-498410c88303", "state": "480", "customerId": null, "localAmount": 300, "localCurrency": "USD"}, {"chainId": "12483514935205584853", "amount": 313, "createdAt": "2017-03-01T17:48:16+00:00", "shoeSize": "10", "productId": null, "skuUuid": "9976a86b-7a81-4f80-9a52-bdaec14486bf", "state": "480", "customerId": null, "localAmount": 313, "localCurrency": "USD"}, {"chainId": "12481093210241315574", "amount": 318, "createdAt": "2017-03-01T15:19:19+00:00", "shoeSize": "9.5", "productId": null, "skuUuid": "704fac93-d3a4-4908-8f9c-06fe8f66f08b", "state": "480", "customerId": null, "localAmount": 318, "localCurrency": "USD"}, {"chainId": "12480733214194548874", "amount": 318, "createdAt": "2017-03-01T12:05:29+00:00", "shoeSize": "8.5", "productId": null, "skuUuid": "57c403db-2f2c-4bfe-a841-a9db6ad1f195", "state": "480", "customerId": null, "localAmount": 318, "localCurrency": "USD"}, {"chainId": "12484495077963703513", "amount": 200, "createdAt": "2017-03-01T06:29:29+00:00", "shoeSize": "12", "productId": null, "skuUuid": "405c3e97-f75b-410f-aca6-498410c88303", "state": "480", "customerId": null, "localAmount": 200, "localCurrency": "USD"}, {"chainId": "12484365936284525413", "amount": 275, "createdAt": "2017-02-27T18:39:26+00:00", "shoeSize": "11", "productId": null, "skuUuid": "da8fb2b3-7d3d-4d86-8c4c-1d147074f618", "state": "480", "customerId": null, "localAmount": 275, "localCurrency": "USD"}, {"chainId": "12484365941904311535", "amount": 300, "createdAt": "2017-02-27T12:31:55+00:00", "shoeSize": "14", "productId": null, "skuUuid": "09665652-e2c7-4ce7-8881-8b5a239a5baa", "state": "480", "customerId": null, "localAmount": 300, "localCurrency": "USD"}, {"chainId": "12484365943688452474", "amount": 275, "createdAt": "2017-02-27T09:33:55+00:00", "shoeSize": "8", "productId": null, "skuUuid": "80ab1ef3-f242-40cd-bcfa-3ad63f276136", "state": "480", "customerId": null, "localAmount": 275, "localCurrency": "USD"}, {"chainId": "12483870047995871979", "amount": 300, "createdAt": "2017-02-27T03:10:54+00:00", "shoeSize": "14", "productId": null, "skuUuid": "09665652-e2c7-4ce7-8881-8b5a239a5baa", "state": "480", "customerId": null, "localAmount": 300, "localCurrency": "USD"}, {"chainId": "12483753127322763043", "amount": 275, "createdAt": "2017-02-26T23:30:34+00:00", "shoeSize": "12", "productId": null, "skuUuid": "405c3e97-f75b-410f-aca6-498410c88303", "state": "480", "customerId": null, "localAmount": 275, "localCurrency": "USD"}, {"chainId": "12483753125386361714", "amount": 275, "createdAt": "2017-02-26T21:07:10+00:00", "shoeSize": "11", "productId": null, "skuUuid": "da8fb2b3-7d3d-4d86-8c4c-1d147074f618", "state": "480", "customerId": null, "localAmount": 275, "localCurrency": "USD"}, {"chainId": "12483753128666883283", "amount": 300, "createdAt": "2017-02-26T18:38:34+00:00", "shoeSize": "13", "productId": null, "skuUuid": "0049f958-f8ac-488b-89d0-a75cb9325ba3", "state": "480", "customerId": null, "localAmount": 300, "localCurrency": "USD"}, {"chainId": "12482668099473277868", "amount": 318, "createdAt": "2017-02-26T18:31:37+00:00", "shoeSize": "10.5", "productId": null, "skuUuid": "287fb487-6356-4052-acbf-b81d3ea3643c", "state": "480", "customerId": null, "localAmount": 318, "localCurrency": "USD"}, {"chainId": "12482788082742642962", "amount": 308, "createdAt": "2017-02-26T14:44:05+00:00", "shoeSize": "8", "productId": null, "skuUuid": "80ab1ef3-f242-40cd-bcfa-3ad63f276136", "state": "480", "customerId": null, "localAmount": 308, "localCurrency": "USD"}, {"chainId": "12483003130238260493", "amount": 220, "createdAt": "2017-02-26T06:18:55+00:00", "shoeSize": "9.5", "productId": null, "skuUuid": "704fac93-d3a4-4908-8f9c-06fe8f66f08b", "state": "480", "customerId": null, "localAmount": 220, "localCurrency": "USD"}, {"chainId": "12483028828869610828", "amount": 300, "createdAt": "2017-02-25T19:19:55+00:00", "shoeSize": "8", "productId": null, "skuUuid": "80ab1ef3-f242-40cd-bcfa-3ad63f276136", "state": "480", "customerId": null, "localAmount": 300, "localCurrency": "USD"}, {"chainId": "12480041725429671101", "amount": 313, "createdAt": "2017-02-25T15:12:52+00:00", "shoeSize": "9", "productId": null, "skuUuid": "2de95789-dcae-4512-b7d1-2670272cce4e", "state": "480", "customerId": null, "localAmount": 313, "localCurrency": "USD"}, {"chainId": "12480041717676726087", "amount": 313, "createdAt": "2017-02-25T13:35:48+00:00", "shoeSize": "8", "productId": null, "skuUuid": "80ab1ef3-f242-40cd-bcfa-3ad63f276136", "state": "480", "customerId": null, "localAmount": 313, "localCurrency": "USD"}, {"chainId": "12482668087780190544", "amount": 300, "createdAt": "2017-02-25T10:33:35+00:00", "shoeSize": "14", "productId": null, "skuUuid": "09665652-e2c7-4ce7-8881-8b5a239a5baa", "state": "480", "customerId": null, "localAmount": 300, "localCurrency": "USD"}, {"chainId": "12480041700335908684", "amount": 313, "createdAt": "2017-02-25T08:15:55+00:00", "shoeSize": "10.5", "productId": null, "skuUuid": "287fb487-6356-4052-acbf-b81d3ea3643c", "state": "480", "customerId": null, "localAmount": 313, "localCurrency": "USD"}, {"chainId": "12482542536659321262", "amount": 300, "createdAt": "2017-02-25T03:28:30+00:00", "shoeSize": "8.5", "productId": null, "skuUuid": "57c403db-2f2c-4bfe-a841-a9db6ad1f195", "state": "480", "customerId": null, "localAmount": 300, "localCurrency": "USD"}, {"chainId": "12482542532735848260", "amount": 300, "createdAt": "2017-02-25T02:12:19+00:00", "shoeSize": "11.5", "productId": null, "skuUuid": "824d7ac1-0d0d-4ef5-aa81-92d342b837cb", "state": "480", "customerId": null, "localAmount": 300, "localCurrency": "USD"}, {"chainId": "12480543163369311720", "amount": 318, "createdAt": "2017-02-24T17:53:55+00:00", "shoeSize": "10", "productId": null, "skuUuid": "9976a86b-7a81-4f80-9a52-bdaec14486bf", "state": "480", "customerId": null, "localAmount": 318, "localCurrency": "USD"}, {"chainId": "12482182808736218045", "amount": 275, "createdAt": "2017-02-24T14:54:21+00:00", "shoeSize": "9.5", "productId": null, "skuUuid": "704fac93-d3a4-4908-8f9c-06fe8f66f08b", "state": "480", "customerId": null, "localAmount": 275, "localCurrency": "USD"}, {"chainId": "12481945083312712704", "amount": 300, "createdAt": "2017-02-24T09:20:50+00:00", "shoeSize": "12", "productId": null, "skuUuid": "405c3e97-f75b-410f-aca6-498410c88303", "state": "480", "customerId": null, "localAmount": 300, "localCurrency": "USD"}, {"chainId": "12481817115052371333", "amount": 300, "createdAt": "2017-02-24T02:47:01+00:00", "shoeSize": "12", "productId": null, "skuUuid": "405c3e97-f75b-410f-aca6-498410c88303", "state": "480", "customerId": null, "localAmount": 300, "localCurrency": "USD"}, {"chainId": "12481817117993797450", "amount": 300, "createdAt": "2017-02-24T01:07:12+00:00", "shoeSize": "8.5", "productId": null, "skuUuid": "57c403db-2f2c-4bfe-a841-a9db6ad1f195", "state": "480", "customerId": null, "localAmount": 300, "localCurrency": "USD"}, {"chainId": "12481695281770278381", "amount": 275, "createdAt": "2017-02-23T23:11:41+00:00", "shoeSize": "9.5", "productId": null, "skuUuid": "704fac93-d3a4-4908-8f9c-06fe8f66f08b", "state": "480", "customerId": null, "localAmount": 275, "localCurrency": "USD"}, {"chainId": "12481457657354892473", "amount": 275, "createdAt": "2017-02-23T19:50:35+00:00", "shoeSize": "9.5", "productId": null, "skuUuid": "704fac93-d3a4-4908-8f9c-06fe8f66f08b", "state": "480", "customerId": null, "localAmount": 275, "localCurrency": "USD"}, {"chainId": "12481457654239259241", "amount": 300, "createdAt": "2017-02-23T15:15:37+00:00", "shoeSize": "14", "productId": null, "skuUuid": "09665652-e2c7-4ce7-8881-8b5a239a5baa", "state": "480", "customerId": null, "localAmount": 300, "localCurrency": "USD"}, {"chainId": "12481457652526456158", "amount": 300, "createdAt": "2017-02-23T13:07:48+00:00", "shoeSize": "12", "productId": null, "skuUuid": "405c3e97-f75b-410f-aca6-498410c88303", "state": "480", "customerId": null, "localAmount": 300, "localCurrency": "USD"}, {"chainId": "12481214727512944980", "amount": 300, "createdAt": "2017-02-23T11:13:28+00:00", "shoeSize": "11", "productId": null, "skuUuid": "da8fb2b3-7d3d-4d86-8c4c-1d147074f618", "state": "480", "customerId": null, "localAmount": 300, "localCurrency": "USD"}, {"chainId": "12480041729074424776", "amount": 308, "createdAt": "2017-02-23T01:25:25+00:00", "shoeSize": "9.5", "productId": null, "skuUuid": "704fac93-d3a4-4908-8f9c-06fe8f66f08b", "state": "480", "customerId": null, "localAmount": 308, "localCurrency": "USD"}, {"chainId": "12480970674459665132", "amount": 300, "createdAt": "2017-02-23T00:47:43+00:00", "shoeSize": "10", "productId": null, "skuUuid": "9976a86b-7a81-4f80-9a52-bdaec14486bf", "state": "480", "customerId": null, "localAmount": 300, "localCurrency": "USD"}, {"chainId": "12480656778485780254", "amount": 235, "createdAt": "2017-02-23T00:37:08+00:00", "shoeSize": "13", "productId": null, "skuUuid": "0049f958-f8ac-488b-89d0-a75cb9325ba3", "state": "480", "customerId": null, "localAmount": 235, "localCurrency": "USD"}, {"chainId": "12480970678316587068", "amount": 300, "createdAt": "2017-02-22T22:12:23+00:00", "shoeSize": "13", "productId": null, "skuUuid": "0049f958-f8ac-488b-89d0-a75cb9325ba3", "state": "480", "customerId": null, "localAmount": 300, "localCurrency": "USD"}, {"chainId": "12480041722198149087", "amount": 318, "createdAt": "2017-02-22T18:33:47+00:00", "shoeSize": "8.5", "productId": null, "skuUuid": "57c403db-2f2c-4bfe-a841-a9db6ad1f195", "state": "480", "customerId": null, "localAmount": 318, "localCurrency": "USD"}, {"chainId": "12480733202464223295", "amount": 275, "createdAt": "2017-02-22T16:08:13+00:00", "shoeSize": "8.5", "productId": null, "skuUuid": "57c403db-2f2c-4bfe-a841-a9db6ad1f195", "state": "480", "customerId": null, "localAmount": 275, "localCurrency": "USD"}, {"chainId": "12480733198961370071", "amount": 275, "createdAt": "2017-02-22T15:24:00+00:00", "shoeSize": "12", "productId": null, "skuUuid": "405c3e97-f75b-410f-aca6-498410c88303", "state": "480", "customerId": null, "localAmount": 275, "localCurrency": "USD"}, {"chainId": "12480041709581698591", "amount": 313, "createdAt": "2017-02-22T00:28:18+00:00", "shoeSize": "11.5", "productId": null, "skuUuid": "824d7ac1-0d0d-4ef5-aa81-92d342b837cb", "state": "480", "customerId": null, "localAmount": 313, "localCurrency": "USD"}, {"chainId": "12480273290054279532", "amount": 275, "createdAt": "2017-02-21T21:18:31+00:00", "shoeSize": "11.5", "productId": null, "skuUuid": "824d7ac1-0d0d-4ef5-aa81-92d342b837cb", "state": "480", "customerId": null, "localAmount": 275, "localCurrency": "USD"}, {"chainId": "12479690368483321346", "amount": 190, "createdAt": "2017-02-21T16:37:03+00:00", "shoeSize": "11", "productId": null, "skuUuid": "da8fb2b3-7d3d-4d86-8c4c-1d147074f618", "state": "480", "customerId": null, "localAmount": 190, "localCurrency": "USD"}, {"chainId": "12477467021702140128", "amount": 259, "createdAt": "2017-02-21T14:53:59+00:00", "shoeSize": "11", "productId": null, "skuUuid": "da8fb2b3-7d3d-4d86-8c4c-1d147074f618", "state": "480", "customerId": null, "localAmount": 259, "localCurrency": "USD"}, {"chainId": "12479168620823927738", "amount": 250, "createdAt": "2017-02-20T23:20:26+00:00", "shoeSize": "11", "productId": null, "skuUuid": "da8fb2b3-7d3d-4d86-8c4c-1d147074f618", "state": "480", "customerId": null, "localAmount": 250, "localCurrency": "USD"}, {"chainId": "12479548435303702582", "amount": 300, "createdAt": "2017-02-20T20:12:47+00:00", "shoeSize": "11", "productId": null, "skuUuid": "da8fb2b3-7d3d-4d86-8c4c-1d147074f618", "state": "480", "customerId": null, "localAmount": 300, "localCurrency": "USD"}, {"chainId": "12479312047500622193", "amount": 300, "createdAt": "2017-02-20T14:17:41+00:00", "shoeSize": "10.5", "productId": null, "skuUuid": "287fb487-6356-4052-acbf-b81d3ea3643c", "state": "480", "customerId": null, "localAmount": 300, "localCurrency": "USD"}, {"chainId": "12478821894362880672", "amount": 275, "createdAt": "2017-02-20T01:18:26+00:00", "shoeSize": "10", "productId": null, "skuUuid": "9976a86b-7a81-4f80-9a52-bdaec14486bf", "state": "480", "customerId": null, "localAmount": 275, "localCurrency": "USD"}, {"chainId": "12478590346528375125", "amount": 300, "createdAt": "2017-02-19T18:06:16+00:00", "shoeSize": "13", "productId": null, "skuUuid": "0049f958-f8ac-488b-89d0-a75cb9325ba3", "state": "480", "customerId": null, "localAmount": 300, "localCurrency": "USD"}, {"chainId": "12478590353369162786", "amount": 275, "createdAt": "2017-02-19T17:13:32+00:00", "shoeSize": "9.5", "productId": null, "skuUuid": "704fac93-d3a4-4908-8f9c-06fe8f66f08b", "state": "480", "customerId": null, "localAmount": 275, "localCurrency": "USD"}, {"chainId": "12477548598690193298", "amount": 260, "createdAt": "2017-02-18T17:41:48+00:00", "shoeSize": "11.5", "productId": null, "skuUuid": "824d7ac1-0d0d-4ef5-aa81-92d342b837cb", "state": "480", "customerId": null, "localAmount": 260, "localCurrency": "USD"}, {"chainId": "12477434767375234666", "amount": 250, "createdAt": "2017-02-18T15:45:11+00:00", "shoeSize": "8", "productId": null, "skuUuid": "80ab1ef3-f242-40cd-bcfa-3ad63f276136", "state": "480", "customerId": null, "localAmount": 250, "localCurrency": "USD"}, {"chainId": "12469583034694779183", "amount": 300, "createdAt": "2017-02-08T16:16:59+00:00", "shoeSize": "13", "productId": null, "skuUuid": "0049f958-f8ac-488b-89d0-a75cb9325ba3", "state": "480", "customerId": null, "localAmount": 300, "localCurrency": "USD"}]