[{"chainId": "12988355681037376150", "amount": 164, "createdAt": "2019-01-24T12:26:00+00:00", "shoeSize": "15", "productId": null, "skuUuid": "a78a54d5-f2e1-4959-8c55-21397d999178", "state": "480", "customerId": null, "localAmount": 164, "localCurrency": "USD"}, {"chainId": "12981659830082565616", "amount": 143, "createdAt": "2019-01-23T19:45:51+00:00", "shoeSize": "10.5", "productId": null, "skuUuid": "ffc239c7-76a3-4541-a11c-f5c615cebcb4", "state": "480", "customerId": null, "localAmount": 143, "localCurrency": "USD"}, {"chainId": "12987135414808597759", "amount": 160, "createdAt": "2019-01-22T21:10:40+00:00", "shoeSize": "13", "productId": null, "skuUuid": "55820b59-1320-4549-b8cd-fb83f227027c", "state": "480", "customerId": null, "localAmount": 160, "localCurrency": "USD"}, {"chainId": "12981658940607844993", "amount": 166, "createdAt": "2019-01-22T03:14:56+00:00", "shoeSize": "13", "productId": null, "skuUuid": "55820b59-1320-4549-b8cd-fb83f227027c", "state": "480", "customerId": null, "localAmount": 166, "localCurrency": "USD"}, {"chainId": "12984186223283274003", "amount": 150, "createdAt": "2019-01-19T23:04:29+00:00", "shoeSize": "9", "productId": null, "skuUuid": "33383ae1-4625-4e37-8043-ac32e21e56c2", "state": "480", "customerId": null, "localAmount": 150, "localCurrency": "USD"}, {"chainId": "12948304539893304380", "amount": 180, "createdAt": "2019-01-19T17:48:52+00:00", "shoeSize": "11", "productId": null, "skuUuid": "39555442-49c4-4b62-b792-ccf4174a5252", "state": "480", "customerId": null, "localAmount": 180, "localCurrency": "USD"}, {"chainId": "12983668161929598973", "amount": 175, "createdAt": "2019-01-19T01:44:52+00:00", "shoeSize": "11", "productId": null, "skuUuid": "39555442-49c4-4b62-b792-ccf4174a5252", "state": "480", "customerId": null, "localAmount": 175, "localCurrency": "USD"}, {"chainId": "12984387147006839964", "amount": 150, "createdAt": "2019-01-19T00:59:32+00:00", "shoeSize": "11", "productId": null, "skuUuid": "39555442-49c4-4b62-b792-ccf4174a5252", "state": "480", "customerId": null, "localAmount": 150, "localCurrency": "USD"}, {"chainId": "12983537314790583030", "amount": 145, "createdAt": "2019-01-17T20:51:00+00:00", "shoeSize": "10.5", "productId": null, "skuUuid": "ffc239c7-76a3-4541-a11c-f5c615cebcb4", "state": "480", "customerId": null, "localAmount": 145, "localCurrency": "USD"}, {"chainId": "12973560891010045731", "amount": 185, "createdAt": "2019-01-17T18:04:56+00:00", "shoeSize": "15", "productId": null, "skuUuid": "a78a54d5-f2e1-4959-8c55-21397d999178", "state": "480", "customerId": null, "localAmount": 185, "localCurrency": "USD"}, {"chainId": "12983371076024864512", "amount": 190, "createdAt": "2019-01-17T16:28:22+00:00", "shoeSize": "15", "productId": null, "skuUuid": "a78a54d5-f2e1-4959-8c55-21397d999178", "state": "480", "customerId": null, "localAmount": 190, "localCurrency": "USD"}, {"chainId": "12981656167097368616", "amount": 150, "createdAt": "2019-01-17T07:22:46+00:00", "shoeSize": "8.5", "productId": null, "skuUuid": "15c9c19c-33d9-4dd8-8141-e816a034bea9", "state": "480", "customerId": null, "localAmount": 150, "localCurrency": "USD"}, {"chainId": "12981550017039519068", "amount": 150, "createdAt": "2019-01-17T05:17:55+00:00", "shoeSize": "10", "productId": null, "skuUuid": "09644d7d-d8bf-4ef2-a8a2-d29147571c4a", "state": "480", "customerId": null, "localAmount": 150, "localCurrency": "USD"}, {"chainId": "12981659446244789646", "amount": 170, "createdAt": "2019-01-17T03:21:12+00:00", "shoeSize": "12", "productId": null, "skuUuid": "f6118792-0619-41b2-bc01-72210a1fbc50", "state": "480", "customerId": null, "localAmount": 170, "localCurrency": "USD"}, {"chainId": "12982806687323567992", "amount": 165, "createdAt": "2019-01-16T20:39:22+00:00", "shoeSize": "11", "productId": null, "skuUuid": "39555442-49c4-4b62-b792-ccf4174a5252", "state": "480", "customerId": null, "localAmount": 165, "localCurrency": "USD"}, {"chainId": "12979924439470334825", "amount": 150, "createdAt": "2019-01-16T15:07:22+00:00", "shoeSize": "8.5", "productId": null, "skuUuid": "15c9c19c-33d9-4dd8-8141-e816a034bea9", "state": "480", "customerId": null, "localAmount": 150, "localCurrency": "USD"}, {"chainId": "12975415639130026837", "amount": 155, "createdAt": "2019-01-16T13:14:55+00:00", "shoeSize": "11", "productId": null, "skuUuid": "39555442-49c4-4b62-b792-ccf4174a5252", "state": "480", "customerId": null, "localAmount": 155, "localCurrency": "USD"}, {"chainId": "12980003539553566989", "amount": 150, "createdAt": "2019-01-15T17:49:38+00:00", "shoeSize": "10", "productId": null, "skuUuid": "09644d7d-d8bf-4ef2-a8a2-d29147571c4a", "state": "480", "customerId": null, "localAmount": 150, "localCurrency": "USD"}, {"chainId": "12978492778861611395", "amount": 155, "createdAt": "2019-01-15T04:22:31+00:00", "shoeSize": "10.5", "productId": null, "skuUuid": "ffc239c7-76a3-4541-a11c-f5c615cebcb4", "state": "480", "customerId": null, "localAmount": 155, "localCurrency": "USD"}, {"chainId": "12977687498094835512", "amount": 199, "createdAt": "2019-01-14T21:37:59+00:00", "shoeSize": "12", "productId": null, "skuUuid": "f6118792-0619-41b2-bc01-72210a1fbc50", "state": "480", "customerId": null, "localAmount": 199, "localCurrency": "USD"}, {"chainId": "12974167278316502373", "amount": 200, "createdAt": "2019-01-14T07:03:21+00:00", "shoeSize": "12.5", "productId": null, "skuUuid": "5edc8db3-bdb9-4d0a-bb1d-7436bcc79309", "state": "480", "customerId": null, "localAmount": 200, "localCurrency": "USD"}, {"chainId": "12975606775333590310", "amount": 155, "createdAt": "2019-01-13T18:10:10+00:00", "shoeSize": "9", "productId": null, "skuUuid": "33383ae1-4625-4e37-8043-ac32e21e56c2", "state": "480", "customerId": null, "localAmount": 155, "localCurrency": "USD"}, {"chainId": "12964099733158140266", "amount": 180, "createdAt": "2019-01-10T10:02:46+00:00", "shoeSize": "14", "productId": null, "skuUuid": "7b8eddfe-ddd5-4a91-a459-fa6ad2c525c2", "state": "480", "customerId": null, "localAmount": 180, "localCurrency": "USD"}, {"chainId": "12975906979908067756", "amount": 130, "createdAt": "2019-01-09T23:31:14+00:00", "shoeSize": "11", "productId": null, "skuUuid": "39555442-49c4-4b62-b792-ccf4174a5252", "state": "480", "customerId": null, "localAmount": 130, "localCurrency": "USD"}, {"chainId": "12977819154433044404", "amount": 132, "createdAt": "2019-01-09T23:30:02+00:00", "shoeSize": "11", "productId": null, "skuUuid": "39555442-49c4-4b62-b792-ccf4174a5252", "state": "480", "customerId": null, "localAmount": 132, "localCurrency": "USD"}, {"chainId": "12975906851501984587", "amount": 145, "createdAt": "2019-01-09T21:09:47+00:00", "shoeSize": "10.5", "productId": null, "skuUuid": "ffc239c7-76a3-4541-a11c-f5c615cebcb4", "state": "480", "customerId": null, "localAmount": 145, "localCurrency": "USD"}, {"chainId": "12977747322060235898", "amount": 147, "createdAt": "2019-01-09T21:07:19+00:00", "shoeSize": "10.5", "productId": null, "skuUuid": "ffc239c7-76a3-4541-a11c-f5c615cebcb4", "state": "480", "customerId": null, "localAmount": 147, "localCurrency": "USD"}, {"chainId": "12976881687425646337", "amount": 175, "createdAt": "2019-01-09T15:07:52+00:00", "shoeSize": "8.5", "productId": null, "skuUuid": "15c9c19c-33d9-4dd8-8141-e816a034bea9", "state": "480", "customerId": null, "localAmount": 175, "localCurrency": "USD"}, {"chainId": "12973304177281178619", "amount": 177, "createdAt": "2019-01-08T18:08:42+00:00", "shoeSize": "11.5", "productId": null, "skuUuid": "f270335e-c072-4096-acc6-0d8bf321d2af", "state": "480", "customerId": null, "localAmount": 177, "localCurrency": "USD"}, {"chainId": "12975906694683092559", "amount": 138, "createdAt": "2019-01-08T04:34:02+00:00", "shoeSize": "10", "productId": null, "skuUuid": "09644d7d-d8bf-4ef2-a8a2-d29147571c4a", "state": "480", "customerId": null, "localAmount": 138, "localCurrency": "USD"}, {"chainId": "12975907103152808506", "amount": 150, "createdAt": "2019-01-08T04:32:40+00:00", "shoeSize": "12", "productId": null, "skuUuid": "f6118792-0619-41b2-bc01-72210a1fbc50", "state": "480", "customerId": null, "localAmount": 150, "localCurrency": "USD"}, {"chainId": "12975906558314773916", "amount": 145, "createdAt": "2019-01-08T04:32:25+00:00", "shoeSize": "9.5", "productId": null, "skuUuid": "ab1c6496-9f4b-4cf4-afc4-7e6712ed7348", "state": "480", "customerId": null, "localAmount": 145, "localCurrency": "USD"}, {"chainId": "12969047061108672806", "amount": 151, "createdAt": "2019-01-07T16:01:18+00:00", "shoeSize": "9", "productId": null, "skuUuid": "33383ae1-4625-4e37-8043-ac32e21e56c2", "state": "480", "customerId": null, "localAmount": 151, "localCurrency": "USD"}, {"chainId": "12972785464997978982", "amount": 152, "createdAt": "2019-01-07T02:07:21+00:00", "shoeSize": "11.5", "productId": null, "skuUuid": "f270335e-c072-4096-acc6-0d8bf321d2af", "state": "480", "customerId": null, "localAmount": 152, "localCurrency": "USD"}, {"chainId": "12972008961455027336", "amount": 173, "createdAt": "2019-01-05T22:24:42+00:00", "shoeSize": "12", "productId": null, "skuUuid": "f6118792-0619-41b2-bc01-72210a1fbc50", "state": "480", "customerId": null, "localAmount": 173, "localCurrency": "USD"}, {"chainId": "12957529781928532577", "amount": 140, "createdAt": "2019-01-05T20:12:38+00:00", "shoeSize": "8", "productId": null, "skuUuid": "84e4078c-3dd7-469d-b2c5-6a52db2358a4", "state": "480", "customerId": null, "localAmount": 140, "localCurrency": "USD"}, {"chainId": "12974161407185400893", "amount": 200, "createdAt": "2019-01-04T22:22:46+00:00", "shoeSize": "12.5", "productId": null, "skuUuid": "5edc8db3-bdb9-4d0a-bb1d-7436bcc79309", "state": "480", "customerId": null, "localAmount": 200, "localCurrency": "USD"}, {"chainId": "12972871362814143074", "amount": 166, "createdAt": "2019-01-04T20:28:00+00:00", "shoeSize": "12", "productId": null, "skuUuid": "f6118792-0619-41b2-bc01-72210a1fbc50", "state": "480", "customerId": null, "localAmount": 166, "localCurrency": "USD"}, {"chainId": "12972322004509279842", "amount": 200, "createdAt": "2019-01-04T15:55:34+00:00", "shoeSize": "15", "productId": null, "skuUuid": "a78a54d5-f2e1-4959-8c55-21397d999178", "state": "480", "customerId": null, "localAmount": 200, "localCurrency": "USD"}, {"chainId": "12973326718756954142", "amount": 135, "createdAt": "2019-01-03T18:44:34+00:00", "shoeSize": "12", "productId": null, "skuUuid": "f6118792-0619-41b2-bc01-72210a1fbc50", "state": "480", "customerId": null, "localAmount": 135, "localCurrency": "USD"}, {"chainId": "12973326705718966301", "amount": 166, "createdAt": "2019-01-03T18:44:21+00:00", "shoeSize": "13", "productId": null, "skuUuid": "55820b59-1320-4549-b8cd-fb83f227027c", "state": "480", "customerId": null, "localAmount": 166, "localCurrency": "USD"}, {"chainId": "12973326533290179985", "amount": 170, "createdAt": "2019-01-03T18:44:00+00:00", "shoeSize": "11.5", "productId": null, "skuUuid": "f270335e-c072-4096-acc6-0d8bf321d2af", "state": "480", "customerId": null, "localAmount": 170, "localCurrency": "USD"}, {"chainId": "12973326437727175976", "amount": 140, "createdAt": "2019-01-03T18:43:49+00:00", "shoeSize": "11", "productId": null, "skuUuid": "39555442-49c4-4b62-b792-ccf4174a5252", "state": "480", "customerId": null, "localAmount": 140, "localCurrency": "USD"}, {"chainId": "12973326332257886661", "amount": 128, "createdAt": "2019-01-03T18:43:36+00:00", "shoeSize": "10.5", "productId": null, "skuUuid": "ffc239c7-76a3-4541-a11c-f5c615cebcb4", "state": "480", "customerId": null, "localAmount": 128, "localCurrency": "USD"}, {"chainId": "12973326121615689736", "amount": 130, "createdAt": "2019-01-03T18:43:17+00:00", "shoeSize": "10", "productId": null, "skuUuid": "09644d7d-d8bf-4ef2-a8a2-d29147571c4a", "state": "480", "customerId": null, "localAmount": 130, "localCurrency": "USD"}, {"chainId": "12973324959945404240", "amount": 140, "createdAt": "2019-01-03T18:40:52+00:00", "shoeSize": "10", "productId": null, "skuUuid": "09644d7d-d8bf-4ef2-a8a2-d29147571c4a", "state": "480", "customerId": null, "localAmount": 140, "localCurrency": "USD"}, {"chainId": "12973324868558231468", "amount": 145, "createdAt": "2019-01-03T18:40:42+00:00", "shoeSize": "9.5", "productId": null, "skuUuid": "ab1c6496-9f4b-4cf4-afc4-7e6712ed7348", "state": "480", "customerId": null, "localAmount": 145, "localCurrency": "USD"}, {"chainId": "12972622133135219583", "amount": 145, "createdAt": "2019-01-03T01:23:54+00:00", "shoeSize": "10.5", "productId": null, "skuUuid": "ffc239c7-76a3-4541-a11c-f5c615cebcb4", "state": "480", "customerId": null, "localAmount": 145, "localCurrency": "USD"}, {"chainId": "12972774594599699582", "amount": 186, "createdAt": "2019-01-03T00:27:25+00:00", "shoeSize": "14", "productId": null, "skuUuid": "7b8eddfe-ddd5-4a91-a459-fa6ad2c525c2", "state": "480", "customerId": null, "localAmount": 186, "localCurrency": "USD"}, {"chainId": "12972322529436825092", "amount": 190, "createdAt": "2019-01-02T09:29:13+00:00", "shoeSize": "14", "productId": null, "skuUuid": "7b8eddfe-ddd5-4a91-a459-fa6ad2c525c2", "state": "480", "customerId": null, "localAmount": 190, "localCurrency": "USD"}, {"chainId": "12968116930507972476", "amount": 165, "createdAt": "2018-12-30T14:57:15+00:00", "shoeSize": "10", "productId": null, "skuUuid": "09644d7d-d8bf-4ef2-a8a2-d29147571c4a", "state": "480", "customerId": null, "localAmount": 165, "localCurrency": "USD"}, {"chainId": "12964684141905760326", "amount": 149, "createdAt": "2018-12-30T11:49:55+00:00", "shoeSize": "11", "productId": null, "skuUuid": "39555442-49c4-4b62-b792-ccf4174a5252", "state": "480", "customerId": null, "localAmount": 149, "localCurrency": "USD"}, {"chainId": "12951798560939517239", "amount": 155, "createdAt": "2018-12-29T04:41:53+00:00", "shoeSize": "8.5", "productId": null, "skuUuid": "15c9c19c-33d9-4dd8-8141-e816a034bea9", "state": "480", "customerId": null, "localAmount": 155, "localCurrency": "USD"}, {"chainId": "12963420999928840768", "amount": 175, "createdAt": "2018-12-28T20:59:36+00:00", "shoeSize": "12", "productId": null, "skuUuid": "f6118792-0619-41b2-bc01-72210a1fbc50", "state": "480", "customerId": null, "localAmount": 175, "localCurrency": "USD"}, {"chainId": "12963421144432534313", "amount": 150, "createdAt": "2018-12-28T20:59:17+00:00", "shoeSize": "11", "productId": null, "skuUuid": "39555442-49c4-4b62-b792-ccf4174a5252", "state": "480", "customerId": null, "localAmount": 150, "localCurrency": "USD"}, {"chainId": "12961966370347605107", "amount": 205, "createdAt": "2018-12-28T20:23:08+00:00", "shoeSize": "14", "productId": null, "skuUuid": "7b8eddfe-ddd5-4a91-a459-fa6ad2c525c2", "state": "480", "customerId": null, "localAmount": 205, "localCurrency": "USD"}, {"chainId": "12968320035483419513", "amount": 145, "createdAt": "2018-12-27T20:57:02+00:00", "shoeSize": "9.5", "productId": null, "skuUuid": "ab1c6496-9f4b-4cf4-afc4-7e6712ed7348", "state": "480", "customerId": null, "localAmount": 145, "localCurrency": "USD"}, {"chainId": "12964216092634012223", "amount": 250, "createdAt": "2018-12-27T06:27:24+00:00", "shoeSize": "13", "productId": null, "skuUuid": "55820b59-1320-4549-b8cd-fb83f227027c", "state": "480", "customerId": null, "localAmount": 250, "localCurrency": "USD"}, {"chainId": "12957393895183537465", "amount": 155, "createdAt": "2018-12-26T20:13:50+00:00", "shoeSize": "10.5", "productId": null, "skuUuid": "ffc239c7-76a3-4541-a11c-f5c615cebcb4", "state": "480", "customerId": null, "localAmount": 155, "localCurrency": "USD"}, {"chainId": "12962701522722270791", "amount": 205, "createdAt": "2018-12-26T12:15:08+00:00", "shoeSize": "14", "productId": null, "skuUuid": "7b8eddfe-ddd5-4a91-a459-fa6ad2c525c2", "state": "480", "customerId": null, "localAmount": 205, "localCurrency": "USD"}, {"chainId": "12966844250159293710", "amount": 136, "createdAt": "2018-12-25T20:04:53+00:00", "shoeSize": "9.5", "productId": null, "skuUuid": "ab1c6496-9f4b-4cf4-afc4-7e6712ed7348", "state": "480", "customerId": null, "localAmount": 136, "localCurrency": "USD"}, {"chainId": "12961776264280994127", "amount": 170, "createdAt": "2018-12-24T03:04:43+00:00", "shoeSize": "10.5", "productId": null, "skuUuid": "ffc239c7-76a3-4541-a11c-f5c615cebcb4", "state": "480", "customerId": null, "localAmount": 170, "localCurrency": "USD"}, {"chainId": "12953664294788089768", "amount": 170, "createdAt": "2018-12-21T19:04:38+00:00", "shoeSize": "10", "productId": null, "skuUuid": "09644d7d-d8bf-4ef2-a8a2-d29147571c4a", "state": "480", "customerId": null, "localAmount": 170, "localCurrency": "USD"}, {"chainId": "12947428942358183226", "amount": 250, "createdAt": "2018-12-21T17:02:03+00:00", "shoeSize": "13", "productId": null, "skuUuid": "55820b59-1320-4549-b8cd-fb83f227027c", "state": "480", "customerId": null, "localAmount": 250, "localCurrency": "USD"}, {"chainId": "12957394148947475919", "amount": 150, "createdAt": "2018-12-21T15:53:03+00:00", "shoeSize": "9.5", "productId": null, "skuUuid": "ab1c6496-9f4b-4cf4-afc4-7e6712ed7348", "state": "480", "customerId": null, "localAmount": 150, "localCurrency": "USD"}, {"chainId": "12963770785087783388", "amount": 250, "createdAt": "2018-12-21T14:18:26+00:00", "shoeSize": "15", "productId": null, "skuUuid": "a78a54d5-f2e1-4959-8c55-21397d999178", "state": "480", "customerId": null, "localAmount": 250, "localCurrency": "USD"}, {"chainId": "12947851450841905612", "amount": 213, "createdAt": "2018-12-20T21:25:15+00:00", "shoeSize": "13", "productId": null, "skuUuid": "55820b59-1320-4549-b8cd-fb83f227027c", "state": "480", "customerId": null, "localAmount": 213, "localCurrency": "USD"}, {"chainId": "12962022996689836417", "amount": 150, "createdAt": "2018-12-19T04:25:56+00:00", "shoeSize": "10", "productId": null, "skuUuid": "09644d7d-d8bf-4ef2-a8a2-d29147571c4a", "state": "480", "customerId": null, "localAmount": 150, "localCurrency": "USD"}, {"chainId": "12961607077176591924", "amount": 145, "createdAt": "2018-12-18T23:51:38+00:00", "shoeSize": "9.5", "productId": null, "skuUuid": "ab1c6496-9f4b-4cf4-afc4-7e6712ed7348", "state": "480", "customerId": null, "localAmount": 145, "localCurrency": "USD"}, {"chainId": "12958000404934735455", "amount": 185, "createdAt": "2018-12-18T18:19:10+00:00", "shoeSize": "11", "productId": null, "skuUuid": "39555442-49c4-4b62-b792-ccf4174a5252", "state": "480", "customerId": null, "localAmount": 185, "localCurrency": "USD"}, {"chainId": "12959825630477358397", "amount": 219, "createdAt": "2018-12-18T05:32:39+00:00", "shoeSize": "12", "productId": null, "skuUuid": "f6118792-0619-41b2-bc01-72210a1fbc50", "state": "480", "customerId": null, "localAmount": 219, "localCurrency": "USD"}, {"chainId": "12946988657388569023", "amount": 208, "createdAt": "2018-12-18T04:35:00+00:00", "shoeSize": "11.5", "productId": null, "skuUuid": "f270335e-c072-4096-acc6-0d8bf321d2af", "state": "480", "customerId": null, "localAmount": 208, "localCurrency": "USD"}, {"chainId": "12961061945916909614", "amount": 160, "createdAt": "2018-12-18T03:35:37+00:00", "shoeSize": "11.5", "productId": null, "skuUuid": "f270335e-c072-4096-acc6-0d8bf321d2af", "state": "480", "customerId": null, "localAmount": 160, "localCurrency": "USD"}, {"chainId": "12961181357287550798", "amount": 165, "createdAt": "2018-12-18T00:33:44+00:00", "shoeSize": "12", "productId": null, "skuUuid": "f6118792-0619-41b2-bc01-72210a1fbc50", "state": "480", "customerId": null, "localAmount": 165, "localCurrency": "USD"}, {"chainId": "12961173108247307642", "amount": 159, "createdAt": "2018-12-18T00:17:19+00:00", "shoeSize": "11.5", "productId": null, "skuUuid": "f270335e-c072-4096-acc6-0d8bf321d2af", "state": "480", "customerId": null, "localAmount": 159, "localCurrency": "USD"}, {"chainId": "12960962669578412702", "amount": 200, "createdAt": "2018-12-17T18:17:22+00:00", "shoeSize": "13", "productId": null, "skuUuid": "55820b59-1320-4549-b8cd-fb83f227027c", "state": "480", "customerId": null, "localAmount": 200, "localCurrency": "USD"}, {"chainId": "12960452591084007041", "amount": 175, "createdAt": "2018-12-17T04:48:03+00:00", "shoeSize": "12", "productId": null, "skuUuid": "f6118792-0619-41b2-bc01-72210a1fbc50", "state": "480", "customerId": null, "localAmount": 175, "localCurrency": "USD"}, {"chainId": "12960538134055311683", "amount": 161, "createdAt": "2018-12-17T03:15:44+00:00", "shoeSize": "13", "productId": null, "skuUuid": "55820b59-1320-4549-b8cd-fb83f227027c", "state": "480", "customerId": null, "localAmount": 161, "localCurrency": "USD"}, {"chainId": "12960487151793339000", "amount": 140, "createdAt": "2018-12-17T01:34:31+00:00", "shoeSize": "10", "productId": null, "skuUuid": "09644d7d-d8bf-4ef2-a8a2-d29147571c4a", "state": "480", "customerId": null, "localAmount": 140, "localCurrency": "USD"}, {"chainId": "12960426377653190781", "amount": 162, "createdAt": "2018-12-16T23:33:41+00:00", "shoeSize": "13", "productId": null, "skuUuid": "55820b59-1320-4549-b8cd-fb83f227027c", "state": "480", "customerId": null, "localAmount": 162, "localCurrency": "USD"}, {"chainId": "12960383031934213278", "amount": 168, "createdAt": "2018-12-16T22:07:36+00:00", "shoeSize": "13", "productId": null, "skuUuid": "55820b59-1320-4549-b8cd-fb83f227027c", "state": "480", "customerId": null, "localAmount": 168, "localCurrency": "USD"}, {"chainId": "12948652115177945429", "amount": 255, "createdAt": "2018-12-16T19:21:32+00:00", "shoeSize": "15", "productId": null, "skuUuid": "a78a54d5-f2e1-4959-8c55-21397d999178", "state": "480", "customerId": null, "localAmount": 255, "localCurrency": "USD"}, {"chainId": "12960259095905323889", "amount": 155, "createdAt": "2018-12-16T18:01:20+00:00", "shoeSize": "10", "productId": null, "skuUuid": "09644d7d-d8bf-4ef2-a8a2-d29147571c4a", "state": "480", "customerId": null, "localAmount": 155, "localCurrency": "USD"}, {"chainId": "12959665400303647022", "amount": 185, "createdAt": "2018-12-16T17:45:24+00:00", "shoeSize": "13", "productId": null, "skuUuid": "55820b59-1320-4549-b8cd-fb83f227027c", "state": "480", "customerId": null, "localAmount": 185, "localCurrency": "USD"}, {"chainId": "12959534432367382522", "amount": 165, "createdAt": "2018-12-16T12:28:17+00:00", "shoeSize": "10", "productId": null, "skuUuid": "09644d7d-d8bf-4ef2-a8a2-d29147571c4a", "state": "480", "customerId": null, "localAmount": 165, "localCurrency": "USD"}, {"chainId": "12958991361587007139", "amount": 170, "createdAt": "2018-12-15T23:26:05+00:00", "shoeSize": "11.5", "productId": null, "skuUuid": "f270335e-c072-4096-acc6-0d8bf321d2af", "state": "480", "customerId": null, "localAmount": 170, "localCurrency": "USD"}, {"chainId": "12950938599599792510", "amount": 219, "createdAt": "2018-12-15T22:30:17+00:00", "shoeSize": "12", "productId": null, "skuUuid": "f6118792-0619-41b2-bc01-72210a1fbc50", "state": "480", "customerId": null, "localAmount": 219, "localCurrency": "USD"}, {"chainId": "12957719543647337158", "amount": 200, "createdAt": "2018-12-15T16:47:33+00:00", "shoeSize": "14", "productId": null, "skuUuid": "7b8eddfe-ddd5-4a91-a459-fa6ad2c525c2", "state": "480", "customerId": null, "localAmount": 200, "localCurrency": "USD"}, {"chainId": "12959383200107533180", "amount": 165, "createdAt": "2018-12-15T13:01:05+00:00", "shoeSize": "12", "productId": null, "skuUuid": "f6118792-0619-41b2-bc01-72210a1fbc50", "state": "480", "customerId": null, "localAmount": 165, "localCurrency": "USD"}, {"chainId": "12957632289158355252", "amount": 170, "createdAt": "2018-12-15T07:32:09+00:00", "shoeSize": "10", "productId": null, "skuUuid": "09644d7d-d8bf-4ef2-a8a2-d29147571c4a", "state": "480", "customerId": null, "localAmount": 170, "localCurrency": "USD"}, {"chainId": "12950563331249320035", "amount": 211, "createdAt": "2018-12-14T17:22:06+00:00", "shoeSize": "13", "productId": null, "skuUuid": "55820b59-1320-4549-b8cd-fb83f227027c", "state": "480", "customerId": null, "localAmount": 211, "localCurrency": "USD"}, {"chainId": "12958448504911875684", "amount": 157, "createdAt": "2018-12-14T06:04:02+00:00", "shoeSize": "12", "productId": null, "skuUuid": "f6118792-0619-41b2-bc01-72210a1fbc50", "state": "480", "customerId": null, "localAmount": 157, "localCurrency": "USD"}, {"chainId": "12958447231289238716", "amount": 170, "createdAt": "2018-12-14T06:01:31+00:00", "shoeSize": "13", "productId": null, "skuUuid": "55820b59-1320-4549-b8cd-fb83f227027c", "state": "480", "customerId": null, "localAmount": 170, "localCurrency": "USD"}, {"chainId": "12958381793559755709", "amount": 195, "createdAt": "2018-12-14T05:37:31+00:00", "shoeSize": "12", "productId": null, "skuUuid": "f6118792-0619-41b2-bc01-72210a1fbc50", "state": "480", "customerId": null, "localAmount": 195, "localCurrency": "USD"}, {"chainId": "12955727811636776048", "amount": 265, "createdAt": "2018-12-13T23:02:53+00:00", "shoeSize": "15", "productId": null, "skuUuid": "a78a54d5-f2e1-4959-8c55-21397d999178", "state": "480", "customerId": null, "localAmount": 265, "localCurrency": "USD"}, {"chainId": "12957509917911485957", "amount": 145, "createdAt": "2018-12-13T20:39:54+00:00", "shoeSize": "9.5", "productId": null, "skuUuid": "ab1c6496-9f4b-4cf4-afc4-7e6712ed7348", "state": "480", "customerId": null, "localAmount": 145, "localCurrency": "USD"}, {"chainId": "12954381059242916337", "amount": 200, "createdAt": "2018-12-13T20:20:08+00:00", "shoeSize": "12", "productId": null, "skuUuid": "f6118792-0619-41b2-bc01-72210a1fbc50", "state": "480", "customerId": null, "localAmount": 200, "localCurrency": "USD"}, {"chainId": "12957182559089770756", "amount": 140, "createdAt": "2018-12-13T19:22:44+00:00", "shoeSize": "8", "productId": null, "skuUuid": "84e4078c-3dd7-469d-b2c5-6a52db2358a4", "state": "480", "customerId": null, "localAmount": 140, "localCurrency": "USD"}, {"chainId": "12957393743171906713", "amount": 166, "createdAt": "2018-12-13T17:50:38+00:00", "shoeSize": "10", "productId": null, "skuUuid": "09644d7d-d8bf-4ef2-a8a2-d29147571c4a", "state": "480", "customerId": null, "localAmount": 166, "localCurrency": "USD"}, {"chainId": "12957624973585462384", "amount": 141, "createdAt": "2018-12-13T03:17:52+00:00", "shoeSize": "8", "productId": null, "skuUuid": "84e4078c-3dd7-469d-b2c5-6a52db2358a4", "state": "480", "customerId": null, "localAmount": 141, "localCurrency": "USD"}, {"chainId": "12956741258239282186", "amount": 219, "createdAt": "2018-12-13T00:25:32+00:00", "shoeSize": "14", "productId": null, "skuUuid": "7b8eddfe-ddd5-4a91-a459-fa6ad2c525c2", "state": "480", "customerId": null, "localAmount": 219, "localCurrency": "USD"}, {"chainId": "12957473087335305875", "amount": 166, "createdAt": "2018-12-12T21:46:02+00:00", "shoeSize": "10", "productId": null, "skuUuid": "09644d7d-d8bf-4ef2-a8a2-d29147571c4a", "state": "480", "customerId": null, "localAmount": 166, "localCurrency": "USD"}, {"chainId": "12957472518729802561", "amount": 181, "createdAt": "2018-12-12T21:44:56+00:00", "shoeSize": "13", "productId": null, "skuUuid": "55820b59-1320-4549-b8cd-fb83f227027c", "state": "480", "customerId": null, "localAmount": 181, "localCurrency": "USD"}, {"chainId": "12951696612017120585", "amount": 185, "createdAt": "2018-12-12T21:23:58+00:00", "shoeSize": "14", "productId": null, "skuUuid": "7b8eddfe-ddd5-4a91-a459-fa6ad2c525c2", "state": "480", "customerId": null, "localAmount": 185, "localCurrency": "USD"}, {"chainId": "12953244090852768464", "amount": 175, "createdAt": "2018-12-12T21:03:55+00:00", "shoeSize": "14", "productId": null, "skuUuid": "7b8eddfe-ddd5-4a91-a459-fa6ad2c525c2", "state": "480", "customerId": null, "localAmount": 175, "localCurrency": "USD"}, {"chainId": "12956967907073458142", "amount": 175, "createdAt": "2018-12-12T05:04:34+00:00", "shoeSize": "8", "productId": null, "skuUuid": "84e4078c-3dd7-469d-b2c5-6a52db2358a4", "state": "480", "customerId": null, "localAmount": 175, "localCurrency": "USD"}, {"chainId": "12951696465855208121", "amount": 176, "createdAt": "2018-12-11T22:46:21+00:00", "shoeSize": "13", "productId": null, "skuUuid": "55820b59-1320-4549-b8cd-fb83f227027c", "state": "480", "customerId": null, "localAmount": 176, "localCurrency": "USD"}, {"chainId": "12955404331926271936", "amount": 180, "createdAt": "2018-12-10T23:28:40+00:00", "shoeSize": "11.5", "productId": null, "skuUuid": "f270335e-c072-4096-acc6-0d8bf321d2af", "state": "480", "customerId": null, "localAmount": 180, "localCurrency": "USD"}, {"chainId": "12953360198629492287", "amount": 148, "createdAt": "2018-12-10T02:27:37+00:00", "shoeSize": "11", "productId": null, "skuUuid": "39555442-49c4-4b62-b792-ccf4174a5252", "state": "480", "customerId": null, "localAmount": 148, "localCurrency": "USD"}, {"chainId": "12950914936364063950", "amount": 194, "createdAt": "2018-12-09T20:03:37+00:00", "shoeSize": "12", "productId": null, "skuUuid": "f6118792-0619-41b2-bc01-72210a1fbc50", "state": "480", "customerId": null, "localAmount": 194, "localCurrency": "USD"}, {"chainId": "12953196716671183039", "amount": 202, "createdAt": "2018-12-08T20:50:41+00:00", "shoeSize": "13", "productId": null, "skuUuid": "55820b59-1320-4549-b8cd-fb83f227027c", "state": "480", "customerId": null, "localAmount": 202, "localCurrency": "USD"}, {"chainId": "12951665611561241191", "amount": 185, "createdAt": "2018-12-08T17:53:04+00:00", "shoeSize": "11.5", "productId": null, "skuUuid": "f270335e-c072-4096-acc6-0d8bf321d2af", "state": "480", "customerId": null, "localAmount": 185, "localCurrency": "USD"}, {"chainId": "12953371145545110643", "amount": 179, "createdAt": "2018-12-08T02:40:14+00:00", "shoeSize": "11.5", "productId": null, "skuUuid": "f270335e-c072-4096-acc6-0d8bf321d2af", "state": "480", "customerId": null, "localAmount": 179, "localCurrency": "USD"}, {"chainId": "12952406087049280472", "amount": 166, "createdAt": "2018-12-07T20:55:39+00:00", "shoeSize": "11.5", "productId": null, "skuUuid": "f270335e-c072-4096-acc6-0d8bf321d2af", "state": "480", "customerId": null, "localAmount": 166, "localCurrency": "USD"}, {"chainId": "12950707432539484543", "amount": 147, "createdAt": "2018-12-07T20:55:20+00:00", "shoeSize": "12", "productId": null, "skuUuid": "f6118792-0619-41b2-bc01-72210a1fbc50", "state": "480", "customerId": null, "localAmount": 147, "localCurrency": "USD"}, {"chainId": "12952998650054557802", "amount": 194, "createdAt": "2018-12-07T20:44:10+00:00", "shoeSize": "9", "productId": null, "skuUuid": "33383ae1-4625-4e37-8043-ac32e21e56c2", "state": "480", "customerId": null, "localAmount": 194, "localCurrency": "USD"}, {"chainId": "12951695671225039972", "amount": 165, "createdAt": "2018-12-07T16:51:55+00:00", "shoeSize": "9", "productId": null, "skuUuid": "33383ae1-4625-4e37-8043-ac32e21e56c2", "state": "480", "customerId": null, "localAmount": 165, "localCurrency": "USD"}, {"chainId": "12953261858535734240", "amount": 160, "createdAt": "2018-12-07T02:19:04+00:00", "shoeSize": "12", "productId": null, "skuUuid": "f6118792-0619-41b2-bc01-72210a1fbc50", "state": "480", "customerId": null, "localAmount": 160, "localCurrency": "USD"}, {"chainId": "12952654290201725160", "amount": 165, "createdAt": "2018-12-06T07:16:34+00:00", "shoeSize": "12", "productId": null, "skuUuid": "f6118792-0619-41b2-bc01-72210a1fbc50", "state": "480", "customerId": null, "localAmount": 165, "localCurrency": "USD"}, {"chainId": "12948284241772646196", "amount": 212, "createdAt": "2018-12-05T17:44:42+00:00", "shoeSize": "13", "productId": null, "skuUuid": "55820b59-1320-4549-b8cd-fb83f227027c", "state": "480", "customerId": null, "localAmount": 212, "localCurrency": "USD"}, {"chainId": "12951696188443788017", "amount": 215, "createdAt": "2018-12-05T17:44:35+00:00", "shoeSize": "9.5", "productId": null, "skuUuid": "ab1c6496-9f4b-4cf4-afc4-7e6712ed7348", "state": "480", "customerId": null, "localAmount": 215, "localCurrency": "USD"}, {"chainId": "12950305334338061970", "amount": 200, "createdAt": "2018-12-05T17:43:54+00:00", "shoeSize": "10.5", "productId": null, "skuUuid": "ffc239c7-76a3-4541-a11c-f5c615cebcb4", "state": "480", "customerId": null, "localAmount": 200, "localCurrency": "USD"}, {"chainId": "12951695523874536004", "amount": 200, "createdAt": "2018-12-05T17:43:45+00:00", "shoeSize": "8", "productId": null, "skuUuid": "84e4078c-3dd7-469d-b2c5-6a52db2358a4", "state": "480", "customerId": null, "localAmount": 200, "localCurrency": "USD"}, {"chainId": "12950562973954192169", "amount": 209, "createdAt": "2018-12-05T17:43:16+00:00", "shoeSize": "10", "productId": null, "skuUuid": "09644d7d-d8bf-4ef2-a8a2-d29147571c4a", "state": "480", "customerId": null, "localAmount": 209, "localCurrency": "USD"}, {"chainId": "12950562889518185619", "amount": 214, "createdAt": "2018-12-05T17:43:11+00:00", "shoeSize": "9.5", "productId": null, "skuUuid": "ab1c6496-9f4b-4cf4-afc4-7e6712ed7348", "state": "480", "customerId": null, "localAmount": 214, "localCurrency": "USD"}, {"chainId": "12951619610288608994", "amount": 145, "createdAt": "2018-12-05T14:49:43+00:00", "shoeSize": "10.5", "productId": null, "skuUuid": "ffc239c7-76a3-4541-a11c-f5c615cebcb4", "state": "480", "customerId": null, "localAmount": 145, "localCurrency": "USD"}, {"chainId": "12951619526759758763", "amount": 145, "createdAt": "2018-12-05T14:49:30+00:00", "shoeSize": "10.5", "productId": null, "skuUuid": "ffc239c7-76a3-4541-a11c-f5c615cebcb4", "state": "480", "customerId": null, "localAmount": 145, "localCurrency": "USD"}, {"chainId": "12951619795055581721", "amount": 152, "createdAt": "2018-12-05T14:14:43+00:00", "shoeSize": "11", "productId": null, "skuUuid": "39555442-49c4-4b62-b792-ccf4174a5252", "state": "480", "customerId": null, "localAmount": 152, "localCurrency": "USD"}, {"chainId": "12951620270534101545", "amount": 170, "createdAt": "2018-12-05T12:04:08+00:00", "shoeSize": "12", "productId": null, "skuUuid": "f6118792-0619-41b2-bc01-72210a1fbc50", "state": "480", "customerId": null, "localAmount": 170, "localCurrency": "USD"}, {"chainId": "12951620362315705937", "amount": 170, "createdAt": "2018-12-05T03:54:19+00:00", "shoeSize": "12", "productId": null, "skuUuid": "f6118792-0619-41b2-bc01-72210a1fbc50", "state": "480", "customerId": null, "localAmount": 170, "localCurrency": "USD"}, {"chainId": "12951619957663761078", "amount": 163, "createdAt": "2018-12-05T01:18:44+00:00", "shoeSize": "11", "productId": null, "skuUuid": "39555442-49c4-4b62-b792-ccf4174a5252", "state": "480", "customerId": null, "localAmount": 163, "localCurrency": "USD"}, {"chainId": "12951620457676747514", "amount": 175, "createdAt": "2018-12-04T21:35:32+00:00", "shoeSize": "13", "productId": null, "skuUuid": "55820b59-1320-4549-b8cd-fb83f227027c", "state": "480", "customerId": null, "localAmount": 175, "localCurrency": "USD"}, {"chainId": "12951620103735753324", "amount": 175, "createdAt": "2018-12-04T19:57:12+00:00", "shoeSize": "11.5", "productId": null, "skuUuid": "f270335e-c072-4096-acc6-0d8bf321d2af", "state": "480", "customerId": null, "localAmount": 175, "localCurrency": "USD"}, {"chainId": "12950562630297688263", "amount": 203, "createdAt": "2018-12-04T19:21:12+00:00", "shoeSize": "8", "productId": null, "skuUuid": "84e4078c-3dd7-469d-b2c5-6a52db2358a4", "state": "480", "customerId": null, "localAmount": 203, "localCurrency": "USD"}, {"chainId": "12950408705024197260", "amount": 195, "createdAt": "2018-12-04T18:46:05+00:00", "shoeSize": "10.5", "productId": null, "skuUuid": "ffc239c7-76a3-4541-a11c-f5c615cebcb4", "state": "480", "customerId": null, "localAmount": 195, "localCurrency": "USD"}, {"chainId": "12946487325965000033", "amount": 218, "createdAt": "2018-12-04T18:29:45+00:00", "shoeSize": "13", "productId": null, "skuUuid": "55820b59-1320-4549-b8cd-fb83f227027c", "state": "480", "customerId": null, "localAmount": 218, "localCurrency": "USD"}, {"chainId": "12946463848662589521", "amount": 185, "createdAt": "2018-12-04T18:28:46+00:00", "shoeSize": "11.5", "productId": null, "skuUuid": "f270335e-c072-4096-acc6-0d8bf321d2af", "state": "480", "customerId": null, "localAmount": 185, "localCurrency": "USD"}, {"chainId": "12947228179089210980", "amount": 200, "createdAt": "2018-12-04T18:28:14+00:00", "shoeSize": "9.5", "productId": null, "skuUuid": "ab1c6496-9f4b-4cf4-afc4-7e6712ed7348", "state": "480", "customerId": null, "localAmount": 200, "localCurrency": "USD"}, {"chainId": "12950562705066830171", "amount": 208, "createdAt": "2018-12-04T17:33:06+00:00", "shoeSize": "8.5", "productId": null, "skuUuid": "15c9c19c-33d9-4dd8-8141-e816a034bea9", "state": "480", "customerId": null, "localAmount": 208, "localCurrency": "USD"}, {"chainId": "12947865974132148267", "amount": 194, "createdAt": "2018-12-04T16:59:13+00:00", "shoeSize": "9.5", "productId": null, "skuUuid": "ab1c6496-9f4b-4cf4-afc4-7e6712ed7348", "state": "480", "customerId": null, "localAmount": 194, "localCurrency": "USD"}, {"chainId": "12951074945571835294", "amount": 190, "createdAt": "2018-12-04T05:11:13+00:00", "shoeSize": "9.5", "productId": null, "skuUuid": "ab1c6496-9f4b-4cf4-afc4-7e6712ed7348", "state": "480", "customerId": null, "localAmount": 190, "localCurrency": "USD"}, {"chainId": "12951008656844066443", "amount": 215, "createdAt": "2018-12-04T01:10:01+00:00", "shoeSize": "13", "productId": null, "skuUuid": "55820b59-1320-4549-b8cd-fb83f227027c", "state": "480", "customerId": null, "localAmount": 215, "localCurrency": "USD"}, {"chainId": "12949354043869796010", "amount": 156, "createdAt": "2018-12-03T14:47:43+00:00", "shoeSize": "10", "productId": null, "skuUuid": "09644d7d-d8bf-4ef2-a8a2-d29147571c4a", "state": "480", "customerId": null, "localAmount": 156, "localCurrency": "USD"}, {"chainId": "12947270850497645367", "amount": 221, "createdAt": "2018-12-03T01:41:04+00:00", "shoeSize": "13", "productId": null, "skuUuid": "55820b59-1320-4549-b8cd-fb83f227027c", "state": "480", "customerId": null, "localAmount": 221, "localCurrency": "USD"}, {"chainId": "12949284237634584092", "amount": 220, "createdAt": "2018-12-02T20:04:05+00:00", "shoeSize": "13", "productId": null, "skuUuid": "55820b59-1320-4549-b8cd-fb83f227027c", "state": "480", "customerId": null, "localAmount": 220, "localCurrency": "USD"}, {"chainId": "12950102510287820778", "amount": 200, "createdAt": "2018-12-02T17:42:01+00:00", "shoeSize": "13", "productId": null, "skuUuid": "55820b59-1320-4549-b8cd-fb83f227027c", "state": "480", "customerId": null, "localAmount": 200, "localCurrency": "USD"}, {"chainId": "12950102169970726486", "amount": 205, "createdAt": "2018-12-02T17:41:22+00:00", "shoeSize": "13", "productId": null, "skuUuid": "55820b59-1320-4549-b8cd-fb83f227027c", "state": "480", "customerId": null, "localAmount": 205, "localCurrency": "USD"}, {"chainId": "12947322328294938745", "amount": 180, "createdAt": "2018-12-02T17:32:44+00:00", "shoeSize": "14", "productId": null, "skuUuid": "7b8eddfe-ddd5-4a91-a459-fa6ad2c525c2", "state": "480", "customerId": null, "localAmount": 180, "localCurrency": "USD"}, {"chainId": "12947861776023871714", "amount": 210, "createdAt": "2018-12-02T04:12:04+00:00", "shoeSize": "14", "productId": null, "skuUuid": "7b8eddfe-ddd5-4a91-a459-fa6ad2c525c2", "state": "480", "customerId": null, "localAmount": 210, "localCurrency": "USD"}, {"chainId": "12949318040212668787", "amount": 170, "createdAt": "2018-12-01T23:37:57+00:00", "shoeSize": "10.5", "productId": null, "skuUuid": "ffc239c7-76a3-4541-a11c-f5c615cebcb4", "state": "480", "customerId": null, "localAmount": 170, "localCurrency": "USD"}, {"chainId": "12946988577263523185", "amount": 215, "createdAt": "2018-12-01T21:48:43+00:00", "shoeSize": "12", "productId": null, "skuUuid": "f6118792-0619-41b2-bc01-72210a1fbc50", "state": "480", "customerId": null, "localAmount": 215, "localCurrency": "USD"}, {"chainId": "12947610675192181834", "amount": 223, "createdAt": "2018-12-01T00:52:15+00:00", "shoeSize": "10.5", "productId": null, "skuUuid": "ffc239c7-76a3-4541-a11c-f5c615cebcb4", "state": "480", "customerId": null, "localAmount": 223, "localCurrency": "USD"}, {"chainId": "12948635960364201508", "amount": 171, "createdAt": "2018-11-30T17:08:16+00:00", "shoeSize": "11", "productId": null, "skuUuid": "39555442-49c4-4b62-b792-ccf4174a5252", "state": "480", "customerId": null, "localAmount": 171, "localCurrency": "USD"}, {"chainId": "12946448769810376694", "amount": 200, "createdAt": "2018-11-30T16:48:20+00:00", "shoeSize": "11", "productId": null, "skuUuid": "39555442-49c4-4b62-b792-ccf4174a5252", "state": "480", "customerId": null, "localAmount": 200, "localCurrency": "USD"}, {"chainId": "12947133053851855110", "amount": 200, "createdAt": "2018-11-30T09:48:11+00:00", "shoeSize": "9.5", "productId": null, "skuUuid": "ab1c6496-9f4b-4cf4-afc4-7e6712ed7348", "state": "480", "customerId": null, "localAmount": 200, "localCurrency": "USD"}, {"chainId": "12946449557152200221", "amount": 199, "createdAt": "2018-11-30T02:33:33+00:00", "shoeSize": "9", "productId": null, "skuUuid": "33383ae1-4625-4e37-8043-ac32e21e56c2", "state": "480", "customerId": null, "localAmount": 199, "localCurrency": "USD"}, {"chainId": "12946083685648353962", "amount": 199, "createdAt": "2018-11-30T00:33:19+00:00", "shoeSize": "9.5", "productId": null, "skuUuid": "ab1c6496-9f4b-4cf4-afc4-7e6712ed7348", "state": "480", "customerId": null, "localAmount": 199, "localCurrency": "USD"}, {"chainId": "12948094129087232904", "amount": 230, "createdAt": "2018-11-29T23:19:07+00:00", "shoeSize": "13", "productId": null, "skuUuid": "55820b59-1320-4549-b8cd-fb83f227027c", "state": "480", "customerId": null, "localAmount": 230, "localCurrency": "USD"}, {"chainId": "12947980753134524913", "amount": 190, "createdAt": "2018-11-29T19:26:30+00:00", "shoeSize": "10.5", "productId": null, "skuUuid": "ffc239c7-76a3-4541-a11c-f5c615cebcb4", "state": "480", "customerId": null, "localAmount": 190, "localCurrency": "USD"}, {"chainId": "12947930239688060447", "amount": 190, "createdAt": "2018-11-29T17:46:06+00:00", "shoeSize": "10.5", "productId": null, "skuUuid": "ffc239c7-76a3-4541-a11c-f5c615cebcb4", "state": "480", "customerId": null, "localAmount": 190, "localCurrency": "USD"}, {"chainId": "12947928687911962999", "amount": 190, "createdAt": "2018-11-29T17:43:07+00:00", "shoeSize": "10", "productId": null, "skuUuid": "09644d7d-d8bf-4ef2-a8a2-d29147571c4a", "state": "480", "customerId": null, "localAmount": 190, "localCurrency": "USD"}, {"chainId": "12947927871574887762", "amount": 195, "createdAt": "2018-11-29T17:41:26+00:00", "shoeSize": "13", "productId": null, "skuUuid": "55820b59-1320-4549-b8cd-fb83f227027c", "state": "480", "customerId": null, "localAmount": 195, "localCurrency": "USD"}, {"chainId": "12947610585798641865", "amount": 228, "createdAt": "2018-11-29T16:37:45+00:00", "shoeSize": "11", "productId": null, "skuUuid": "39555442-49c4-4b62-b792-ccf4174a5252", "state": "480", "customerId": null, "localAmount": 228, "localCurrency": "USD"}, {"chainId": "12947871405569864498", "amount": 190, "createdAt": "2018-11-29T15:57:40+00:00", "shoeSize": "9.5", "productId": null, "skuUuid": "ab1c6496-9f4b-4cf4-afc4-7e6712ed7348", "state": "480", "customerId": null, "localAmount": 190, "localCurrency": "USD"}, {"chainId": "12947865463620258064", "amount": 210, "createdAt": "2018-11-29T15:56:52+00:00", "shoeSize": "10", "productId": null, "skuUuid": "09644d7d-d8bf-4ef2-a8a2-d29147571c4a", "state": "480", "customerId": null, "localAmount": 210, "localCurrency": "USD"}, {"chainId": "12946083316902039184", "amount": 203, "createdAt": "2018-11-29T15:53:37+00:00", "shoeSize": "8", "productId": null, "skuUuid": "84e4078c-3dd7-469d-b2c5-6a52db2358a4", "state": "480", "customerId": null, "localAmount": 203, "localCurrency": "USD"}, {"chainId": "12947871531484334403", "amount": 190, "createdAt": "2018-11-29T15:49:27+00:00", "shoeSize": "10.5", "productId": null, "skuUuid": "ffc239c7-76a3-4541-a11c-f5c615cebcb4", "state": "480", "customerId": null, "localAmount": 190, "localCurrency": "USD"}, {"chainId": "12947800648982673587", "amount": 215, "createdAt": "2018-11-29T15:37:03+00:00", "shoeSize": "11.5", "productId": null, "skuUuid": "f270335e-c072-4096-acc6-0d8bf321d2af", "state": "480", "customerId": null, "localAmount": 215, "localCurrency": "USD"}, {"chainId": "12947346620866498162", "amount": 198, "createdAt": "2018-11-29T15:24:09+00:00", "shoeSize": "9.5", "productId": null, "skuUuid": "ab1c6496-9f4b-4cf4-afc4-7e6712ed7348", "state": "480", "customerId": null, "localAmount": 198, "localCurrency": "USD"}, {"chainId": "12947709194828744528", "amount": 235, "createdAt": "2018-11-29T15:22:15+00:00", "shoeSize": "13", "productId": null, "skuUuid": "55820b59-1320-4549-b8cd-fb83f227027c", "state": "480", "customerId": null, "localAmount": 235, "localCurrency": "USD"}, {"chainId": "12947611012217504511", "amount": 220, "createdAt": "2018-11-29T15:18:30+00:00", "shoeSize": "10", "productId": null, "skuUuid": "09644d7d-d8bf-4ef2-a8a2-d29147571c4a", "state": "480", "customerId": null, "localAmount": 220, "localCurrency": "USD"}, {"chainId": "12947573920546180472", "amount": 190, "createdAt": "2018-11-29T11:46:39+00:00", "shoeSize": "12", "productId": null, "skuUuid": "f6118792-0619-41b2-bc01-72210a1fbc50", "state": "480", "customerId": null, "localAmount": 190, "localCurrency": "USD"}, {"chainId": "12947574105677185877", "amount": 190, "createdAt": "2018-11-29T05:58:32+00:00", "shoeSize": "10.5", "productId": null, "skuUuid": "ffc239c7-76a3-4541-a11c-f5c615cebcb4", "state": "480", "customerId": null, "localAmount": 190, "localCurrency": "USD"}, {"chainId": "12947573684358010089", "amount": 200, "createdAt": "2018-11-29T05:57:42+00:00", "shoeSize": "13", "productId": null, "skuUuid": "55820b59-1320-4549-b8cd-fb83f227027c", "state": "480", "customerId": null, "localAmount": 200, "localCurrency": "USD"}, {"chainId": "12946083431859181347", "amount": 205, "createdAt": "2018-11-28T17:22:42+00:00", "shoeSize": "8.5", "productId": null, "skuUuid": "15c9c19c-33d9-4dd8-8141-e816a034bea9", "state": "480", "customerId": null, "localAmount": 205, "localCurrency": "USD"}, {"chainId": "12945765264721471335", "amount": 237, "createdAt": "2018-11-28T02:18:45+00:00", "shoeSize": "11", "productId": null, "skuUuid": "39555442-49c4-4b62-b792-ccf4174a5252", "state": "480", "customerId": null, "localAmount": 237, "localCurrency": "USD"}, {"chainId": "12946622902022260379", "amount": 200, "createdAt": "2018-11-28T02:06:41+00:00", "shoeSize": "12", "productId": null, "skuUuid": "f6118792-0619-41b2-bc01-72210a1fbc50", "state": "480", "customerId": null, "localAmount": 200, "localCurrency": "USD"}, {"chainId": "12946272614925417963", "amount": 215, "createdAt": "2018-11-27T21:35:54+00:00", "shoeSize": "10.5", "productId": null, "skuUuid": "ffc239c7-76a3-4541-a11c-f5c615cebcb4", "state": "480", "customerId": null, "localAmount": 215, "localCurrency": "USD"}, {"chainId": "12946531324821727766", "amount": 215, "createdAt": "2018-11-27T20:34:17+00:00", "shoeSize": "13", "productId": null, "skuUuid": "55820b59-1320-4549-b8cd-fb83f227027c", "state": "480", "customerId": null, "localAmount": 215, "localCurrency": "USD"}, {"chainId": "12946272511733459486", "amount": 204, "createdAt": "2018-11-27T20:19:55+00:00", "shoeSize": "9.5", "productId": null, "skuUuid": "ab1c6496-9f4b-4cf4-afc4-7e6712ed7348", "state": "480", "customerId": null, "localAmount": 204, "localCurrency": "USD"}, {"chainId": "12946272715770713819", "amount": 208, "createdAt": "2018-11-27T19:56:08+00:00", "shoeSize": "11.5", "productId": null, "skuUuid": "f270335e-c072-4096-acc6-0d8bf321d2af", "state": "480", "customerId": null, "localAmount": 208, "localCurrency": "USD"}, {"chainId": "12946272802024922243", "amount": 220, "createdAt": "2018-11-27T19:08:25+00:00", "shoeSize": "13", "productId": null, "skuUuid": "55820b59-1320-4549-b8cd-fb83f227027c", "state": "480", "customerId": null, "localAmount": 220, "localCurrency": "USD"}, {"chainId": "12946447409634926087", "amount": 185, "createdAt": "2018-11-27T16:40:01+00:00", "shoeSize": "11", "productId": null, "skuUuid": "39555442-49c4-4b62-b792-ccf4174a5252", "state": "480", "customerId": null, "localAmount": 185, "localCurrency": "USD"}, {"chainId": "12946030507140851838", "amount": 249, "createdAt": "2018-11-27T15:27:56+00:00", "shoeSize": "13", "productId": null, "skuUuid": "55820b59-1320-4549-b8cd-fb83f227027c", "state": "480", "customerId": null, "localAmount": 249, "localCurrency": "USD"}, {"chainId": "12946147872675469959", "amount": 265, "createdAt": "2018-11-27T07:57:01+00:00", "shoeSize": "10", "productId": null, "skuUuid": "09644d7d-d8bf-4ef2-a8a2-d29147571c4a", "state": "480", "customerId": null, "localAmount": 265, "localCurrency": "USD"}, {"chainId": "12946095150616427458", "amount": 200, "createdAt": "2018-11-27T05:00:09+00:00", "shoeSize": "8", "productId": null, "skuUuid": "84e4078c-3dd7-469d-b2c5-6a52db2358a4", "state": "480", "customerId": null, "localAmount": 200, "localCurrency": "USD"}, {"chainId": "12945764800037196814", "amount": 240, "createdAt": "2018-11-27T02:44:57+00:00", "shoeSize": "13", "productId": null, "skuUuid": "55820b59-1320-4549-b8cd-fb83f227027c", "state": "480", "customerId": null, "localAmount": 240, "localCurrency": "USD"}, {"chainId": "12945765633118587976", "amount": 290, "createdAt": "2018-11-27T02:10:30+00:00", "shoeSize": "14", "productId": null, "skuUuid": "7b8eddfe-ddd5-4a91-a459-fa6ad2c525c2", "state": "480", "customerId": null, "localAmount": 290, "localCurrency": "USD"}, {"chainId": "12945742490599704830", "amount": 251, "createdAt": "2018-11-26T17:19:27+00:00", "shoeSize": "11", "productId": null, "skuUuid": "39555442-49c4-4b62-b792-ccf4174a5252", "state": "480", "customerId": null, "localAmount": 251, "localCurrency": "USD"}, {"chainId": "12945738615147481354", "amount": 300, "createdAt": "2018-11-26T17:11:46+00:00", "shoeSize": "13", "productId": null, "skuUuid": "55820b59-1320-4549-b8cd-fb83f227027c", "state": "480", "customerId": null, "localAmount": 300, "localCurrency": "USD"}, {"chainId": "12943499521746024616", "amount": 170, "createdAt": "2018-11-24T02:16:59+00:00", "shoeSize": "10", "productId": null, "skuUuid": "09644d7d-d8bf-4ef2-a8a2-d29147571c4a", "state": "480", "customerId": null, "localAmount": 170, "localCurrency": "USD"}, {"chainId": "12943498871503042407", "amount": 150, "createdAt": "2018-11-23T15:01:46+00:00", "shoeSize": "10", "productId": null, "skuUuid": "09644d7d-d8bf-4ef2-a8a2-d29147571c4a", "state": "480", "customerId": null, "localAmount": 150, "localCurrency": "USD"}, {"chainId": "12940845170344194324", "amount": 160, "createdAt": "2018-11-19T23:09:22+00:00", "shoeSize": "12", "productId": null, "skuUuid": "f6118792-0619-41b2-bc01-72210a1fbc50", "state": "480", "customerId": null, "localAmount": 160, "localCurrency": "USD"}]