[{"chainId": "12985072868230005721", "amount": 105, "createdAt": "2019-01-24T23:23:41+00:00", "shoeSize": "6y", "productId": null, "skuUuid": "d332bb4f-fd91-45d4-ad77-eb5abe945f4c", "state": "480", "customerId": null, "localAmount": 105, "localCurrency": "USD"}, {"chainId": "12983949320077576536", "amount": 98, "createdAt": "2019-01-23T19:16:27+00:00", "shoeSize": "4.5y", "productId": null, "skuUuid": "740ecc9c-0444-4497-a7ab-90bc343d7513", "state": "480", "customerId": null, "localAmount": 98, "localCurrency": "USD"}, {"chainId": "12980005651552013205", "amount": 98, "createdAt": "2019-01-19T22:54:59+00:00", "shoeSize": "6y", "productId": null, "skuUuid": "d332bb4f-fd91-45d4-ad77-eb5abe945f4c", "state": "480", "customerId": null, "localAmount": 98, "localCurrency": "USD"}, {"chainId": "12832258496132025353", "amount": 98, "createdAt": "2019-01-12T23:52:30+00:00", "shoeSize": "6y", "productId": null, "skuUuid": "d332bb4f-fd91-45d4-ad77-eb5abe945f4c", "state": "480", "customerId": null, "localAmount": 98, "localCurrency": "USD"}, {"chainId": "12964154405455170094", "amount": 99, "createdAt": "2019-01-11T14:22:35+00:00", "shoeSize": "6y", "productId": null, "skuUuid": "d332bb4f-fd91-45d4-ad77-eb5abe945f4c", "state": "480", "customerId": null, "localAmount": 99, "localCurrency": "USD"}, {"chainId": "12977502368692781208", "amount": 86, "createdAt": "2019-01-10T10:22:33+00:00", "shoeSize": "5y", "productId": null, "skuUuid": "1b8cc6d5-13e0-47de-9d0a-7fe29604e7d6", "state": "480", "customerId": null, "localAmount": 86, "localCurrency": "USD"}, {"chainId": "12978000336951680361", "amount": 96, "createdAt": "2019-01-10T05:30:30+00:00", "shoeSize": "7y", "productId": null, "skuUuid": "26e95427-42da-484c-ba90-29adf441c350", "state": "480", "customerId": null, "localAmount": 96, "localCurrency": "USD"}, {"chainId": "12943852247162418351", "amount": 99, "createdAt": "2019-01-09T22:24:32+00:00", "shoeSize": "5.5y", "productId": null, "skuUuid": "ef2ece63-0483-412c-bc68-61bdcb33eb6c", "state": "480", "customerId": null, "localAmount": 99, "localCurrency": "USD"}, {"chainId": "12943852148642387577", "amount": 99, "createdAt": "2019-01-06T23:11:44+00:00", "shoeSize": "5.5y", "productId": null, "skuUuid": "ef2ece63-0483-412c-bc68-61bdcb33eb6c", "state": "480", "customerId": null, "localAmount": 99, "localCurrency": "USD"}, {"chainId": "12964154316236440386", "amount": 99.5205, "createdAt": "2019-01-01T02:16:50+00:00", "shoeSize": "6y", "productId": null, "skuUuid": "d332bb4f-fd91-45d4-ad77-eb5abe945f4c", "state": "480", "customerId": null, "localAmount": 100, "localCurrency": "USD"}, {"chainId": "12943855478868398380", "amount": 99, "createdAt": "2018-12-31T06:40:48+00:00", "shoeSize": "5y", "productId": null, "skuUuid": "1b8cc6d5-13e0-47de-9d0a-7fe29604e7d6", "state": "480", "customerId": null, "localAmount": 99, "localCurrency": "USD"}, {"chainId": "12943855385415406699", "amount": 99, "createdAt": "2018-12-30T01:10:48+00:00", "shoeSize": "5y", "productId": null, "skuUuid": "1b8cc6d5-13e0-47de-9d0a-7fe29604e7d6", "state": "480", "customerId": null, "localAmount": 99, "localCurrency": "USD"}, {"chainId": "12951828171226107100", "amount": 109, "createdAt": "2018-12-29T02:02:18+00:00", "shoeSize": "6.5y", "productId": null, "skuUuid": "4bb0ea5a-bf1f-4fe1-a1b7-4b55aa8f0c17", "state": "480", "customerId": null, "localAmount": 109, "localCurrency": "USD"}, {"chainId": "12901007215685620604", "amount": 99, "createdAt": "2018-12-27T19:17:07+00:00", "shoeSize": "5.5y", "productId": null, "skuUuid": "ef2ece63-0483-412c-bc68-61bdcb33eb6c", "state": "480", "customerId": null, "localAmount": 99, "localCurrency": "USD"}, {"chainId": "12964154068212389560", "amount": 99, "createdAt": "2018-12-24T03:55:19+00:00", "shoeSize": "6y", "productId": null, "skuUuid": "d332bb4f-fd91-45d4-ad77-eb5abe945f4c", "state": "480", "customerId": null, "localAmount": 99, "localCurrency": "USD"}, {"chainId": "12891458236621436110", "amount": 135, "createdAt": "2018-12-23T01:30:46+00:00", "shoeSize": "7y", "productId": null, "skuUuid": "26e95427-42da-484c-ba90-29adf441c350", "state": "480", "customerId": null, "localAmount": 135, "localCurrency": "USD"}, {"chainId": "12951828322428796586", "amount": 109, "createdAt": "2018-12-22T07:37:30+00:00", "shoeSize": "6.5y", "productId": null, "skuUuid": "4bb0ea5a-bf1f-4fe1-a1b7-4b55aa8f0c17", "state": "480", "customerId": null, "localAmount": 109, "localCurrency": "USD"}, {"chainId": "12958912632206190065", "amount": 128, "createdAt": "2018-12-21T23:09:30+00:00", "shoeSize": "7y", "productId": null, "skuUuid": "26e95427-42da-484c-ba90-29adf441c350", "state": "480", "customerId": null, "localAmount": 128, "localCurrency": "USD"}, {"chainId": "12943853057512092152", "amount": 99, "createdAt": "2018-12-18T13:28:50+00:00", "shoeSize": "6y", "productId": null, "skuUuid": "d332bb4f-fd91-45d4-ad77-eb5abe945f4c", "state": "480", "customerId": null, "localAmount": 99, "localCurrency": "USD"}, {"chainId": "12946640260674642136", "amount": 87, "createdAt": "2018-12-15T08:14:29+00:00", "shoeSize": "3.5y", "productId": null, "skuUuid": "3b42da95-0118-48ff-ae53-3aaa2c50b2aa", "state": "480", "customerId": null, "localAmount": 87, "localCurrency": "USD"}, {"chainId": "12943852060317091465", "amount": 99, "createdAt": "2018-12-12T23:46:03+00:00", "shoeSize": "5.5y", "productId": null, "skuUuid": "ef2ece63-0483-412c-bc68-61bdcb33eb6c", "state": "480", "customerId": null, "localAmount": 99, "localCurrency": "USD"}, {"chainId": "12943852966460702735", "amount": 99, "createdAt": "2018-12-11T01:25:06+00:00", "shoeSize": "6y", "productId": null, "skuUuid": "d332bb4f-fd91-45d4-ad77-eb5abe945f4c", "state": "480", "customerId": null, "localAmount": 99, "localCurrency": "USD"}, {"chainId": "12941021803388105727", "amount": 99, "createdAt": "2018-12-10T17:57:11+00:00", "shoeSize": "5.5y", "productId": null, "skuUuid": "ef2ece63-0483-412c-bc68-61bdcb33eb6c", "state": "480", "customerId": null, "localAmount": 99, "localCurrency": "USD"}, {"chainId": "12948082887004280837", "amount": 157, "createdAt": "2018-12-04T23:24:14+00:00", "shoeSize": "7y", "productId": null, "skuUuid": "26e95427-42da-484c-ba90-29adf441c350", "state": "480", "customerId": null, "localAmount": 157, "localCurrency": "USD"}, {"chainId": "12943851640079871919", "amount": 99, "createdAt": "2018-12-04T18:47:00+00:00", "shoeSize": "6y", "productId": null, "skuUuid": "d332bb4f-fd91-45d4-ad77-eb5abe945f4c", "state": "480", "customerId": null, "localAmount": 99, "localCurrency": "USD"}, {"chainId": "12943851464661734436", "amount": 99, "createdAt": "2018-12-04T18:46:52+00:00", "shoeSize": "6y", "productId": null, "skuUuid": "d332bb4f-fd91-45d4-ad77-eb5abe945f4c", "state": "480", "customerId": null, "localAmount": 99, "localCurrency": "USD"}, {"chainId": "12930705972079410196", "amount": 140, "createdAt": "2018-12-04T17:24:33+00:00", "shoeSize": "6.5y", "productId": null, "skuUuid": "4bb0ea5a-bf1f-4fe1-a1b7-4b55aa8f0c17", "state": "480", "customerId": null, "localAmount": 140, "localCurrency": "USD"}, {"chainId": "12947526663460837170", "amount": 98, "createdAt": "2018-12-04T16:02:50+00:00", "shoeSize": "6y", "productId": null, "skuUuid": "d332bb4f-fd91-45d4-ad77-eb5abe945f4c", "state": "480", "customerId": null, "localAmount": 98, "localCurrency": "USD"}, {"chainId": "12947526496008027658", "amount": 98, "createdAt": "2018-12-04T06:25:25+00:00", "shoeSize": "6y", "productId": null, "skuUuid": "d332bb4f-fd91-45d4-ad77-eb5abe945f4c", "state": "480", "customerId": null, "localAmount": 98, "localCurrency": "USD"}, {"chainId": "12908159079710828755", "amount": 98, "createdAt": "2018-12-01T08:00:39+00:00", "shoeSize": "6y", "productId": null, "skuUuid": "d332bb4f-fd91-45d4-ad77-eb5abe945f4c", "state": "480", "customerId": null, "localAmount": 98, "localCurrency": "USD"}, {"chainId": "12908159571735157653", "amount": 99, "createdAt": "2018-11-30T04:02:58+00:00", "shoeSize": "6.5y", "productId": null, "skuUuid": "4bb0ea5a-bf1f-4fe1-a1b7-4b55aa8f0c17", "state": "480", "customerId": null, "localAmount": 99, "localCurrency": "USD"}, {"chainId": "12945966838898630000", "amount": 120, "createdAt": "2018-11-30T01:07:03+00:00", "shoeSize": "4y", "productId": null, "skuUuid": "23347f0f-d993-4608-a915-4e5512ad0621", "state": "480", "customerId": null, "localAmount": 120, "localCurrency": "USD"}, {"chainId": "12947880197519514422", "amount": 56, "createdAt": "2018-11-29T16:06:57+00:00", "shoeSize": "5.5y", "productId": null, "skuUuid": "ef2ece63-0483-412c-bc68-61bdcb33eb6c", "state": "480", "customerId": null, "localAmount": 56, "localCurrency": "USD"}, {"chainId": "12835543599533836996", "amount": 99, "createdAt": "2018-11-29T14:10:42+00:00", "shoeSize": "6.5y", "productId": null, "skuUuid": "4bb0ea5a-bf1f-4fe1-a1b7-4b55aa8f0c17", "state": "480", "customerId": null, "localAmount": 99, "localCurrency": "USD"}, {"chainId": "12836208804362025604", "amount": 92, "createdAt": "2018-11-29T04:23:28+00:00", "shoeSize": "6y", "productId": null, "skuUuid": "d332bb4f-fd91-45d4-ad77-eb5abe945f4c", "state": "480", "customerId": null, "localAmount": 92, "localCurrency": "USD"}, {"chainId": "12925727071482285463", "amount": 99, "createdAt": "2018-11-28T17:44:44+00:00", "shoeSize": "4.5y", "productId": null, "skuUuid": "740ecc9c-0444-4497-a7ab-90bc343d7513", "state": "480", "customerId": null, "localAmount": 99, "localCurrency": "USD"}, {"chainId": "12947181769946291309", "amount": 110, "createdAt": "2018-11-28T16:59:04+00:00", "shoeSize": "7y", "productId": null, "skuUuid": "26e95427-42da-484c-ba90-29adf441c350", "state": "480", "customerId": null, "localAmount": 110, "localCurrency": "USD"}, {"chainId": "12926953965372188420", "amount": 99, "createdAt": "2018-11-24T01:01:10+00:00", "shoeSize": "6y", "productId": null, "skuUuid": "d332bb4f-fd91-45d4-ad77-eb5abe945f4c", "state": "480", "customerId": null, "localAmount": 99, "localCurrency": "USD"}, {"chainId": "12931507236385195569", "amount": 99, "createdAt": "2018-11-24T00:58:03+00:00", "shoeSize": "6y", "productId": null, "skuUuid": "d332bb4f-fd91-45d4-ad77-eb5abe945f4c", "state": "480", "customerId": null, "localAmount": 99, "localCurrency": "USD"}, {"chainId": "12943299917925299962", "amount": 86, "createdAt": "2018-11-23T08:26:29+00:00", "shoeSize": "5y", "productId": null, "skuUuid": "1b8cc6d5-13e0-47de-9d0a-7fe29604e7d6", "state": "480", "customerId": null, "localAmount": 86, "localCurrency": "USD"}, {"chainId": "12925726729230539488", "amount": 99, "createdAt": "2018-11-23T05:06:49+00:00", "shoeSize": "4.5y", "productId": null, "skuUuid": "740ecc9c-0444-4497-a7ab-90bc343d7513", "state": "480", "customerId": null, "localAmount": 99, "localCurrency": "USD"}, {"chainId": "12935218432666178748", "amount": 99, "createdAt": "2018-11-22T17:58:14+00:00", "shoeSize": "5.5y", "productId": null, "skuUuid": "ef2ece63-0483-412c-bc68-61bdcb33eb6c", "state": "480", "customerId": null, "localAmount": 99, "localCurrency": "USD"}, {"chainId": "12936275141529589768", "amount": 90, "createdAt": "2018-11-22T17:33:20+00:00", "shoeSize": "6.5y", "productId": null, "skuUuid": "4bb0ea5a-bf1f-4fe1-a1b7-4b55aa8f0c17", "state": "480", "customerId": null, "localAmount": 90, "localCurrency": "USD"}, {"chainId": "12895707216871773074", "amount": 90, "createdAt": "2018-11-20T03:50:38+00:00", "shoeSize": "4.5y", "productId": null, "skuUuid": "740ecc9c-0444-4497-a7ab-90bc343d7513", "state": "480", "customerId": null, "localAmount": 90, "localCurrency": "USD"}, {"chainId": "12940862539207683699", "amount": 120, "createdAt": "2018-11-19T23:43:51+00:00", "shoeSize": "7y", "productId": null, "skuUuid": "26e95427-42da-484c-ba90-29adf441c350", "state": "480", "customerId": null, "localAmount": 120, "localCurrency": "USD"}, {"chainId": "12938759427524065581", "amount": 95, "createdAt": "2018-11-19T17:54:44+00:00", "shoeSize": "5y", "productId": null, "skuUuid": "1b8cc6d5-13e0-47de-9d0a-7fe29604e7d6", "state": "480", "customerId": null, "localAmount": 95, "localCurrency": "USD"}, {"chainId": "12935218278153460070", "amount": 99, "createdAt": "2018-11-17T18:34:14+00:00", "shoeSize": "5.5y", "productId": null, "skuUuid": "ef2ece63-0483-412c-bc68-61bdcb33eb6c", "state": "480", "customerId": null, "localAmount": 99, "localCurrency": "USD"}, {"chainId": "12938388788169479271", "amount": 79, "createdAt": "2018-11-16T20:52:27+00:00", "shoeSize": "6.5y", "productId": null, "skuUuid": "4bb0ea5a-bf1f-4fe1-a1b7-4b55aa8f0c17", "state": "480", "customerId": null, "localAmount": 79, "localCurrency": "USD"}, {"chainId": "12854510855459450370", "amount": 112, "createdAt": "2018-11-14T22:46:10+00:00", "shoeSize": "4y", "productId": null, "skuUuid": "23347f0f-d993-4608-a915-4e5512ad0621", "state": "480", "customerId": null, "localAmount": 112, "localCurrency": "USD"}, {"chainId": "12932637828976758380", "amount": 150, "createdAt": "2018-11-13T22:40:56+00:00", "shoeSize": "7y", "productId": null, "skuUuid": "26e95427-42da-484c-ba90-29adf441c350", "state": "480", "customerId": null, "localAmount": 150, "localCurrency": "USD"}, {"chainId": "12933092878866837417", "amount": 97, "createdAt": "2018-11-09T08:19:12+00:00", "shoeSize": "7y", "productId": null, "skuUuid": "26e95427-42da-484c-ba90-29adf441c350", "state": "480", "customerId": null, "localAmount": 97, "localCurrency": "USD"}, {"chainId": "12931506359181372350", "amount": 99, "createdAt": "2018-11-09T04:50:07+00:00", "shoeSize": "6.5y", "productId": null, "skuUuid": "4bb0ea5a-bf1f-4fe1-a1b7-4b55aa8f0c17", "state": "480", "customerId": null, "localAmount": 99, "localCurrency": "USD"}, {"chainId": "12925729410498707000", "amount": 99, "createdAt": "2018-11-09T00:58:23+00:00", "shoeSize": "5.5y", "productId": null, "skuUuid": "ef2ece63-0483-412c-bc68-61bdcb33eb6c", "state": "480", "customerId": null, "localAmount": 99, "localCurrency": "USD"}, {"chainId": "12925724480529597547", "amount": 99, "createdAt": "2018-11-06T13:20:24+00:00", "shoeSize": "6.5y", "productId": null, "skuUuid": "4bb0ea5a-bf1f-4fe1-a1b7-4b55aa8f0c17", "state": "480", "customerId": null, "localAmount": 99, "localCurrency": "USD"}, {"chainId": "12925391830460545873", "amount": 125, "createdAt": "2018-11-05T16:31:27+00:00", "shoeSize": "7y", "productId": null, "skuUuid": "26e95427-42da-484c-ba90-29adf441c350", "state": "480", "customerId": null, "localAmount": 125, "localCurrency": "USD"}, {"chainId": "12925726456102471360", "amount": 85, "createdAt": "2018-11-01T20:45:52+00:00", "shoeSize": "6.5y", "productId": null, "skuUuid": "4bb0ea5a-bf1f-4fe1-a1b7-4b55aa8f0c17", "state": "480", "customerId": null, "localAmount": 85, "localCurrency": "USD"}, {"chainId": "12925728898359044099", "amount": 85, "createdAt": "2018-10-31T19:11:04+00:00", "shoeSize": "5.5y", "productId": null, "skuUuid": "ef2ece63-0483-412c-bc68-61bdcb33eb6c", "state": "480", "customerId": null, "localAmount": 85, "localCurrency": "USD"}, {"chainId": "12922874074591241768", "amount": 86, "createdAt": "2018-10-31T19:09:28+00:00", "shoeSize": "6y", "productId": null, "skuUuid": "d332bb4f-fd91-45d4-ad77-eb5abe945f4c", "state": "480", "customerId": null, "localAmount": 86, "localCurrency": "USD"}, {"chainId": "12919463258206472642", "amount": 99, "createdAt": "2018-10-29T01:57:22+00:00", "shoeSize": "6.5y", "productId": null, "skuUuid": "4bb0ea5a-bf1f-4fe1-a1b7-4b55aa8f0c17", "state": "480", "customerId": null, "localAmount": 99, "localCurrency": "USD"}, {"chainId": "12908119658090497148", "amount": 107, "createdAt": "2018-10-29T00:05:46+00:00", "shoeSize": "7y", "productId": null, "skuUuid": "26e95427-42da-484c-ba90-29adf441c350", "state": "480", "customerId": null, "localAmount": 107, "localCurrency": "USD"}, {"chainId": "12921805615964291063", "amount": 106, "createdAt": "2018-10-27T21:42:02+00:00", "shoeSize": "7y", "productId": null, "skuUuid": "26e95427-42da-484c-ba90-29adf441c350", "state": "480", "customerId": null, "localAmount": 106, "localCurrency": "USD"}, {"chainId": "12919462807407134317", "amount": 99, "createdAt": "2018-10-27T21:03:33+00:00", "shoeSize": "5.5y", "productId": null, "skuUuid": "ef2ece63-0483-412c-bc68-61bdcb33eb6c", "state": "480", "customerId": null, "localAmount": 99, "localCurrency": "USD"}, {"chainId": "12917512513261882805", "amount": 105, "createdAt": "2018-10-26T14:58:33+00:00", "shoeSize": "7y", "productId": null, "skuUuid": "26e95427-42da-484c-ba90-29adf441c350", "state": "480", "customerId": null, "localAmount": 105, "localCurrency": "USD"}, {"chainId": "12908036347929558177", "amount": 98, "createdAt": "2018-10-25T19:52:18+00:00", "shoeSize": "6.5y", "productId": null, "skuUuid": "4bb0ea5a-bf1f-4fe1-a1b7-4b55aa8f0c17", "state": "480", "customerId": null, "localAmount": 98, "localCurrency": "USD"}, {"chainId": "12905318714034497828", "amount": 88, "createdAt": "2018-10-25T18:35:54+00:00", "shoeSize": "4.5y", "productId": null, "skuUuid": "740ecc9c-0444-4497-a7ab-90bc343d7513", "state": "480", "customerId": null, "localAmount": 88, "localCurrency": "USD"}, {"chainId": "12919462965538196357", "amount": 99, "createdAt": "2018-10-25T00:36:02+00:00", "shoeSize": "6y", "productId": null, "skuUuid": "d332bb4f-fd91-45d4-ad77-eb5abe945f4c", "state": "480", "customerId": null, "localAmount": 99, "localCurrency": "USD"}, {"chainId": "12904712805350706102", "amount": 90, "createdAt": "2018-10-21T04:42:46+00:00", "shoeSize": "6y", "productId": null, "skuUuid": "d332bb4f-fd91-45d4-ad77-eb5abe945f4c", "state": "480", "customerId": null, "localAmount": 90, "localCurrency": "USD"}, {"chainId": "12904712970065330463", "amount": 90, "createdAt": "2018-10-21T03:25:28+00:00", "shoeSize": "6.5y", "productId": null, "skuUuid": "4bb0ea5a-bf1f-4fe1-a1b7-4b55aa8f0c17", "state": "480", "customerId": null, "localAmount": 90, "localCurrency": "USD"}, {"chainId": "12904712644439981828", "amount": 91, "createdAt": "2018-10-21T03:21:56+00:00", "shoeSize": "5.5y", "productId": null, "skuUuid": "ef2ece63-0483-412c-bc68-61bdcb33eb6c", "state": "480", "customerId": null, "localAmount": 91, "localCurrency": "USD"}, {"chainId": "12908992553360846480", "amount": 92, "createdAt": "2018-10-15T16:16:36+00:00", "shoeSize": "5.5y", "productId": null, "skuUuid": "ef2ece63-0483-412c-bc68-61bdcb33eb6c", "state": "480", "customerId": null, "localAmount": 92, "localCurrency": "USD"}, {"chainId": "12901502295052457296", "amount": 94, "createdAt": "2018-10-15T16:16:26+00:00", "shoeSize": "4y", "productId": null, "skuUuid": "23347f0f-d993-4608-a915-4e5512ad0621", "state": "480", "customerId": null, "localAmount": 94, "localCurrency": "USD"}, {"chainId": "12908036234134883150", "amount": 93, "createdAt": "2018-10-15T16:16:09+00:00", "shoeSize": "6y", "productId": null, "skuUuid": "d332bb4f-fd91-45d4-ad77-eb5abe945f4c", "state": "480", "customerId": null, "localAmount": 93, "localCurrency": "USD"}, {"chainId": "12909800672685514852", "amount": 98, "createdAt": "2018-10-15T16:15:57+00:00", "shoeSize": "7y", "productId": null, "skuUuid": "26e95427-42da-484c-ba90-29adf441c350", "state": "480", "customerId": null, "localAmount": 98, "localCurrency": "USD"}, {"chainId": "12912548242810082211", "amount": 104, "createdAt": "2018-10-13T23:29:49+00:00", "shoeSize": "7y", "productId": null, "skuUuid": "26e95427-42da-484c-ba90-29adf441c350", "state": "480", "customerId": null, "localAmount": 104, "localCurrency": "USD"}, {"chainId": "12911812101873705754", "amount": 85, "createdAt": "2018-10-10T21:45:49+00:00", "shoeSize": "6.5y", "productId": null, "skuUuid": "4bb0ea5a-bf1f-4fe1-a1b7-4b55aa8f0c17", "state": "480", "customerId": null, "localAmount": 85, "localCurrency": "USD"}, {"chainId": "12904662045797817300", "amount": 95, "createdAt": "2018-10-10T09:44:24+00:00", "shoeSize": "6y", "productId": null, "skuUuid": "d332bb4f-fd91-45d4-ad77-eb5abe945f4c", "state": "480", "customerId": null, "localAmount": 95, "localCurrency": "USD"}, {"chainId": "12905319245207016778", "amount": 105, "createdAt": "2018-10-08T03:08:36+00:00", "shoeSize": "7y", "productId": null, "skuUuid": "26e95427-42da-484c-ba90-29adf441c350", "state": "480", "customerId": null, "localAmount": 105, "localCurrency": "USD"}, {"chainId": "12901501893326690108", "amount": 94, "createdAt": "2018-10-06T23:56:56+00:00", "shoeSize": "5.5y", "productId": null, "skuUuid": "ef2ece63-0483-412c-bc68-61bdcb33eb6c", "state": "480", "customerId": null, "localAmount": 94, "localCurrency": "USD"}, {"chainId": "12835542832531818669", "amount": 94, "createdAt": "2018-10-05T20:47:20+00:00", "shoeSize": "6y", "productId": null, "skuUuid": "d332bb4f-fd91-45d4-ad77-eb5abe945f4c", "state": "480", "customerId": null, "localAmount": 94, "localCurrency": "USD"}, {"chainId": "12845820085108150767", "amount": 98, "createdAt": "2018-10-05T20:45:41+00:00", "shoeSize": "5y", "productId": null, "skuUuid": "1b8cc6d5-13e0-47de-9d0a-7fe29604e7d6", "state": "480", "customerId": null, "localAmount": 98, "localCurrency": "USD"}, {"chainId": "12845819840809193901", "amount": 90, "createdAt": "2018-10-05T20:45:23+00:00", "shoeSize": "4y", "productId": null, "skuUuid": "23347f0f-d993-4608-a915-4e5512ad0621", "state": "480", "customerId": null, "localAmount": 90, "localCurrency": "USD"}, {"chainId": "12905318981032528487", "amount": 99, "createdAt": "2018-10-04T21:48:20+00:00", "shoeSize": "6y", "productId": null, "skuUuid": "d332bb4f-fd91-45d4-ad77-eb5abe945f4c", "state": "480", "customerId": null, "localAmount": 99, "localCurrency": "USD"}, {"chainId": "12905319150432245442", "amount": 100, "createdAt": "2018-10-04T18:11:53+00:00", "shoeSize": "6.5y", "productId": null, "skuUuid": "4bb0ea5a-bf1f-4fe1-a1b7-4b55aa8f0c17", "state": "480", "customerId": null, "localAmount": 100, "localCurrency": "USD"}, {"chainId": "12904436405036154610", "amount": 95, "createdAt": "2018-09-30T17:31:39+00:00", "shoeSize": "6.5y", "productId": null, "skuUuid": "4bb0ea5a-bf1f-4fe1-a1b7-4b55aa8f0c17", "state": "480", "customerId": null, "localAmount": 95, "localCurrency": "USD"}, {"chainId": "12901502157918293029", "amount": 88, "createdAt": "2018-09-29T11:31:59+00:00", "shoeSize": "4.5y", "productId": null, "skuUuid": "740ecc9c-0444-4497-a7ab-90bc343d7513", "state": "480", "customerId": null, "localAmount": 88, "localCurrency": "USD"}, {"chainId": "12901501608647846725", "amount": 115, "createdAt": "2018-09-29T09:24:44+00:00", "shoeSize": "6.5y", "productId": null, "skuUuid": "4bb0ea5a-bf1f-4fe1-a1b7-4b55aa8f0c17", "state": "480", "customerId": null, "localAmount": 115, "localCurrency": "USD"}, {"chainId": "12901501757943232560", "amount": 95, "createdAt": "2018-09-27T17:26:18+00:00", "shoeSize": "6y", "productId": null, "skuUuid": "d332bb4f-fd91-45d4-ad77-eb5abe945f4c", "state": "480", "customerId": null, "localAmount": 95, "localCurrency": "USD"}, {"chainId": "12901501480881880656", "amount": 106, "createdAt": "2018-09-27T17:24:06+00:00", "shoeSize": "7y", "productId": null, "skuUuid": "26e95427-42da-484c-ba90-29adf441c350", "state": "480", "customerId": null, "localAmount": 106, "localCurrency": "USD"}, {"chainId": "12901502021551308704", "amount": 105, "createdAt": "2018-09-26T18:40:48+00:00", "shoeSize": "5y", "productId": null, "skuUuid": "1b8cc6d5-13e0-47de-9d0a-7fe29604e7d6", "state": "480", "customerId": null, "localAmount": 105, "localCurrency": "USD"}, {"chainId": "12894437909169076910", "amount": 114, "createdAt": "2018-09-26T17:43:11+00:00", "shoeSize": "7y", "productId": null, "skuUuid": "26e95427-42da-484c-ba90-29adf441c350", "state": "480", "customerId": null, "localAmount": 114, "localCurrency": "USD"}, {"chainId": "12892101227137471644", "amount": 80, "createdAt": "2018-09-25T07:31:21+00:00", "shoeSize": "4.5y", "productId": null, "skuUuid": "740ecc9c-0444-4497-a7ab-90bc343d7513", "state": "480", "customerId": null, "localAmount": 80, "localCurrency": "USD"}, {"chainId": "12900106907182535656", "amount": 90, "createdAt": "2018-09-24T18:09:41+00:00", "shoeSize": "6.5y", "productId": null, "skuUuid": "4bb0ea5a-bf1f-4fe1-a1b7-4b55aa8f0c17", "state": "480", "customerId": null, "localAmount": 90, "localCurrency": "USD"}, {"chainId": "12898187682521985601", "amount": 105, "createdAt": "2018-09-22T03:53:06+00:00", "shoeSize": "6.5y", "productId": null, "skuUuid": "4bb0ea5a-bf1f-4fe1-a1b7-4b55aa8f0c17", "state": "480", "customerId": null, "localAmount": 105, "localCurrency": "USD"}, {"chainId": "12898188092230849468", "amount": 105, "createdAt": "2018-09-22T02:37:20+00:00", "shoeSize": "7y", "productId": null, "skuUuid": "26e95427-42da-484c-ba90-29adf441c350", "state": "480", "customerId": null, "localAmount": 105, "localCurrency": "USD"}, {"chainId": "12898076637334902659", "amount": 80, "createdAt": "2018-09-21T22:55:54+00:00", "shoeSize": "5.5y", "productId": null, "skuUuid": "ef2ece63-0483-412c-bc68-61bdcb33eb6c", "state": "480", "customerId": null, "localAmount": 80, "localCurrency": "USD"}, {"chainId": "12883351611567615522", "amount": 85, "createdAt": "2018-09-20T03:33:58+00:00", "shoeSize": "5y", "productId": null, "skuUuid": "1b8cc6d5-13e0-47de-9d0a-7fe29604e7d6", "state": "480", "customerId": null, "localAmount": 85, "localCurrency": "USD"}, {"chainId": "12895731916539080579", "amount": 80, "createdAt": "2018-09-18T18:01:57+00:00", "shoeSize": "5.5y", "productId": null, "skuUuid": "ef2ece63-0483-412c-bc68-61bdcb33eb6c", "state": "480", "customerId": null, "localAmount": 80, "localCurrency": "USD"}, {"chainId": "12895426223529173417", "amount": 119, "createdAt": "2018-09-18T07:10:01+00:00", "shoeSize": "6.5y", "productId": null, "skuUuid": "4bb0ea5a-bf1f-4fe1-a1b7-4b55aa8f0c17", "state": "480", "customerId": null, "localAmount": 119, "localCurrency": "USD"}, {"chainId": "12894317154113588592", "amount": 115, "createdAt": "2018-09-16T18:26:34+00:00", "shoeSize": "6y", "productId": null, "skuUuid": "d332bb4f-fd91-45d4-ad77-eb5abe945f4c", "state": "480", "customerId": null, "localAmount": 115, "localCurrency": "USD"}, {"chainId": "12890356227804348809", "amount": 140, "createdAt": "2018-09-14T00:29:13+00:00", "shoeSize": "7y", "productId": null, "skuUuid": "26e95427-42da-484c-ba90-29adf441c350", "state": "480", "customerId": null, "localAmount": 140, "localCurrency": "USD"}, {"chainId": "12863104610079613773", "amount": 122, "createdAt": "2018-09-10T16:26:36+00:00", "shoeSize": "5.5y", "productId": null, "skuUuid": "ef2ece63-0483-412c-bc68-61bdcb33eb6c", "state": "480", "customerId": null, "localAmount": 122, "localCurrency": "USD"}, {"chainId": "12885595717900691057", "amount": 80, "createdAt": "2018-09-04T20:02:35+00:00", "shoeSize": "5.5y", "productId": null, "skuUuid": "ef2ece63-0483-412c-bc68-61bdcb33eb6c", "state": "480", "customerId": null, "localAmount": 80, "localCurrency": "USD"}, {"chainId": "12882921191731136746", "amount": 82, "createdAt": "2018-09-01T01:04:48+00:00", "shoeSize": "4y", "productId": null, "skuUuid": "23347f0f-d993-4608-a915-4e5512ad0621", "state": "480", "customerId": null, "localAmount": 82, "localCurrency": "USD"}, {"chainId": "12874901668190866562", "amount": 125, "createdAt": "2018-08-28T01:44:56+00:00", "shoeSize": "7y", "productId": null, "skuUuid": "26e95427-42da-484c-ba90-29adf441c350", "state": "480", "customerId": null, "localAmount": 125, "localCurrency": "USD"}, {"chainId": "12879818715011554179", "amount": 108, "createdAt": "2018-08-27T18:20:39+00:00", "shoeSize": "6.5y", "productId": null, "skuUuid": "4bb0ea5a-bf1f-4fe1-a1b7-4b55aa8f0c17", "state": "480", "customerId": null, "localAmount": 108, "localCurrency": "USD"}, {"chainId": "12879818529210545876", "amount": 110, "createdAt": "2018-08-27T18:20:19+00:00", "shoeSize": "6.5y", "productId": null, "skuUuid": "4bb0ea5a-bf1f-4fe1-a1b7-4b55aa8f0c17", "state": "480", "customerId": null, "localAmount": 110, "localCurrency": "USD"}, {"chainId": "12854477953393679192", "amount": 107, "createdAt": "2018-08-26T00:38:37+00:00", "shoeSize": "4.5y", "productId": null, "skuUuid": "740ecc9c-0444-4497-a7ab-90bc343d7513", "state": "480", "customerId": null, "localAmount": 107, "localCurrency": "USD"}, {"chainId": "12854510027008791186", "amount": 105, "createdAt": "2018-08-24T20:11:33+00:00", "shoeSize": "6y", "productId": null, "skuUuid": "d332bb4f-fd91-45d4-ad77-eb5abe945f4c", "state": "480", "customerId": null, "localAmount": 105, "localCurrency": "USD"}, {"chainId": "12876907426315482908", "amount": 100, "createdAt": "2018-08-23T17:56:29+00:00", "shoeSize": "7y", "productId": null, "skuUuid": "26e95427-42da-484c-ba90-29adf441c350", "state": "480", "customerId": null, "localAmount": 100, "localCurrency": "USD"}, {"chainId": "12876907169213415796", "amount": 105, "createdAt": "2018-08-23T17:56:03+00:00", "shoeSize": "7y", "productId": null, "skuUuid": "26e95427-42da-484c-ba90-29adf441c350", "state": "480", "customerId": null, "localAmount": 105, "localCurrency": "USD"}, {"chainId": "12876907032850962772", "amount": 100, "createdAt": "2018-08-23T17:55:42+00:00", "shoeSize": "6.5y", "productId": null, "skuUuid": "4bb0ea5a-bf1f-4fe1-a1b7-4b55aa8f0c17", "state": "480", "customerId": null, "localAmount": 100, "localCurrency": "USD"}, {"chainId": "12873560907875964614", "amount": 109, "createdAt": "2018-08-23T05:58:37+00:00", "shoeSize": "4y", "productId": null, "skuUuid": "23347f0f-d993-4608-a915-4e5512ad0621", "state": "480", "customerId": null, "localAmount": 109, "localCurrency": "USD"}, {"chainId": "12876140351527703873", "amount": 99, "createdAt": "2018-08-22T16:32:25+00:00", "shoeSize": "4.5y", "productId": null, "skuUuid": "740ecc9c-0444-4497-a7ab-90bc343d7513", "state": "480", "customerId": null, "localAmount": 99, "localCurrency": "USD"}, {"chainId": "12874887104302931767", "amount": 110, "createdAt": "2018-08-21T05:23:22+00:00", "shoeSize": "6.5y", "productId": null, "skuUuid": "4bb0ea5a-bf1f-4fe1-a1b7-4b55aa8f0c17", "state": "480", "customerId": null, "localAmount": 110, "localCurrency": "USD"}, {"chainId": "12874901381532948044", "amount": 90, "createdAt": "2018-08-20T23:30:50+00:00", "shoeSize": "6.5y", "productId": null, "skuUuid": "4bb0ea5a-bf1f-4fe1-a1b7-4b55aa8f0c17", "state": "480", "customerId": null, "localAmount": 90, "localCurrency": "USD"}, {"chainId": "12874901067446480247", "amount": 100, "createdAt": "2018-08-20T23:30:10+00:00", "shoeSize": "7y", "productId": null, "skuUuid": "26e95427-42da-484c-ba90-29adf441c350", "state": "480", "customerId": null, "localAmount": 100, "localCurrency": "USD"}, {"chainId": "12874900913242479917", "amount": 100, "createdAt": "2018-08-20T23:29:52+00:00", "shoeSize": "6y", "productId": null, "skuUuid": "d332bb4f-fd91-45d4-ad77-eb5abe945f4c", "state": "480", "customerId": null, "localAmount": 100, "localCurrency": "USD"}, {"chainId": "12874899955804765539", "amount": 105, "createdAt": "2018-08-20T23:27:58+00:00", "shoeSize": "6.5y", "productId": null, "skuUuid": "4bb0ea5a-bf1f-4fe1-a1b7-4b55aa8f0c17", "state": "480", "customerId": null, "localAmount": 105, "localCurrency": "USD"}, {"chainId": "12872548531870282248", "amount": 106, "createdAt": "2018-08-20T23:00:31+00:00", "shoeSize": "6.5y", "productId": null, "skuUuid": "4bb0ea5a-bf1f-4fe1-a1b7-4b55aa8f0c17", "state": "480", "customerId": null, "localAmount": 106, "localCurrency": "USD"}, {"chainId": "12874885008671954048", "amount": 105, "createdAt": "2018-08-20T22:58:15+00:00", "shoeSize": "4.5y", "productId": null, "skuUuid": "740ecc9c-0444-4497-a7ab-90bc343d7513", "state": "480", "customerId": null, "localAmount": 105, "localCurrency": "USD"}, {"chainId": "12874812940727794144", "amount": 105, "createdAt": "2018-08-20T20:35:06+00:00", "shoeSize": "6y", "productId": null, "skuUuid": "d332bb4f-fd91-45d4-ad77-eb5abe945f4c", "state": "480", "customerId": null, "localAmount": 105, "localCurrency": "USD"}, {"chainId": "12874812776027976295", "amount": 85, "createdAt": "2018-08-20T20:34:46+00:00", "shoeSize": "5.5y", "productId": null, "skuUuid": "ef2ece63-0483-412c-bc68-61bdcb33eb6c", "state": "480", "customerId": null, "localAmount": 85, "localCurrency": "USD"}, {"chainId": "12874812594246683992", "amount": 99, "createdAt": "2018-08-20T20:34:23+00:00", "shoeSize": "5.5y", "productId": null, "skuUuid": "ef2ece63-0483-412c-bc68-61bdcb33eb6c", "state": "480", "customerId": null, "localAmount": 99, "localCurrency": "USD"}, {"chainId": "12874812422222873062", "amount": 99, "createdAt": "2018-08-20T20:34:04+00:00", "shoeSize": "5y", "productId": null, "skuUuid": "1b8cc6d5-13e0-47de-9d0a-7fe29604e7d6", "state": "480", "customerId": null, "localAmount": 99, "localCurrency": "USD"}, {"chainId": "12874812248022084735", "amount": 100, "createdAt": "2018-08-20T20:33:44+00:00", "shoeSize": "5y", "productId": null, "skuUuid": "1b8cc6d5-13e0-47de-9d0a-7fe29604e7d6", "state": "480", "customerId": null, "localAmount": 100, "localCurrency": "USD"}, {"chainId": "12874808615877763290", "amount": 106, "createdAt": "2018-08-20T20:26:30+00:00", "shoeSize": "6y", "productId": null, "skuUuid": "d332bb4f-fd91-45d4-ad77-eb5abe945f4c", "state": "480", "customerId": null, "localAmount": 106, "localCurrency": "USD"}, {"chainId": "12874232218300482408", "amount": 120, "createdAt": "2018-08-20T01:21:19+00:00", "shoeSize": "7y", "productId": null, "skuUuid": "26e95427-42da-484c-ba90-29adf441c350", "state": "480", "customerId": null, "localAmount": 120, "localCurrency": "USD"}, {"chainId": "12874232056693996732", "amount": 125, "createdAt": "2018-08-20T01:21:00+00:00", "shoeSize": "7y", "productId": null, "skuUuid": "26e95427-42da-484c-ba90-29adf441c350", "state": "480", "customerId": null, "localAmount": 125, "localCurrency": "USD"}, {"chainId": "12854477811093050937", "amount": 107, "createdAt": "2018-08-19T02:21:03+00:00", "shoeSize": "4y", "productId": null, "skuUuid": "23347f0f-d993-4608-a915-4e5512ad0621", "state": "480", "customerId": null, "localAmount": 107, "localCurrency": "USD"}, {"chainId": "12872549095751303996", "amount": 105, "createdAt": "2018-08-18T23:06:36+00:00", "shoeSize": "4.5y", "productId": null, "skuUuid": "740ecc9c-0444-4497-a7ab-90bc343d7513", "state": "480", "customerId": null, "localAmount": 105, "localCurrency": "USD"}, {"chainId": "12860471448220492992", "amount": 109, "createdAt": "2018-08-18T21:06:31+00:00", "shoeSize": "6y", "productId": null, "skuUuid": "d332bb4f-fd91-45d4-ad77-eb5abe945f4c", "state": "480", "customerId": null, "localAmount": 109, "localCurrency": "USD"}, {"chainId": "12854504635688793674", "amount": 106, "createdAt": "2018-08-17T17:29:32+00:00", "shoeSize": "6.5y", "productId": null, "skuUuid": "4bb0ea5a-bf1f-4fe1-a1b7-4b55aa8f0c17", "state": "480", "customerId": null, "localAmount": 106, "localCurrency": "USD"}, {"chainId": "12854510453438927406", "amount": 105, "createdAt": "2018-08-17T08:02:50+00:00", "shoeSize": "4.5y", "productId": null, "skuUuid": "740ecc9c-0444-4497-a7ab-90bc343d7513", "state": "480", "customerId": null, "localAmount": 105, "localCurrency": "USD"}, {"chainId": "12872018932948377736", "amount": 86, "createdAt": "2018-08-17T00:04:14+00:00", "shoeSize": "5y", "productId": null, "skuUuid": "1b8cc6d5-13e0-47de-9d0a-7fe29604e7d6", "state": "480", "customerId": null, "localAmount": 86, "localCurrency": "USD"}, {"chainId": "12854510272656716477", "amount": 97, "createdAt": "2018-08-16T20:56:12+00:00", "shoeSize": "5y", "productId": null, "skuUuid": "1b8cc6d5-13e0-47de-9d0a-7fe29604e7d6", "state": "480", "customerId": null, "localAmount": 97, "localCurrency": "USD"}, {"chainId": "12812334985320541045", "amount": 105, "createdAt": "2018-08-15T18:40:49+00:00", "shoeSize": "4.5y", "productId": null, "skuUuid": "740ecc9c-0444-4497-a7ab-90bc343d7513", "state": "480", "customerId": null, "localAmount": 105, "localCurrency": "USD"}, {"chainId": "12868196501436183746", "amount": 140, "createdAt": "2018-08-14T06:01:11+00:00", "shoeSize": "7y", "productId": null, "skuUuid": "26e95427-42da-484c-ba90-29adf441c350", "state": "480", "customerId": null, "localAmount": 140, "localCurrency": "USD"}, {"chainId": "12858016445395610161", "amount": 110, "createdAt": "2018-08-14T05:20:18+00:00", "shoeSize": "6.5y", "productId": null, "skuUuid": "4bb0ea5a-bf1f-4fe1-a1b7-4b55aa8f0c17", "state": "480", "customerId": null, "localAmount": 110, "localCurrency": "USD"}, {"chainId": "12863502888536126606", "amount": 108, "createdAt": "2018-08-12T18:47:57+00:00", "shoeSize": "6y", "productId": null, "skuUuid": "d332bb4f-fd91-45d4-ad77-eb5abe945f4c", "state": "480", "customerId": null, "localAmount": 108, "localCurrency": "USD"}, {"chainId": "12855143060612311414", "amount": 90, "createdAt": "2018-08-12T15:28:33+00:00", "shoeSize": "4.5y", "productId": null, "skuUuid": "740ecc9c-0444-4497-a7ab-90bc343d7513", "state": "480", "customerId": null, "localAmount": 90, "localCurrency": "USD"}, {"chainId": "12867443336204797681", "amount": 120, "createdAt": "2018-08-11T17:28:38+00:00", "shoeSize": "7y", "productId": null, "skuUuid": "26e95427-42da-484c-ba90-29adf441c350", "state": "480", "customerId": null, "localAmount": 120, "localCurrency": "USD"}, {"chainId": "12867616406212644488", "amount": 105, "createdAt": "2018-08-10T22:16:54+00:00", "shoeSize": "4y", "productId": null, "skuUuid": "23347f0f-d993-4608-a915-4e5512ad0621", "state": "480", "customerId": null, "localAmount": 105, "localCurrency": "USD"}, {"chainId": "12859642598741359650", "amount": 109, "createdAt": "2018-08-10T20:08:10+00:00", "shoeSize": "5y", "productId": null, "skuUuid": "1b8cc6d5-13e0-47de-9d0a-7fe29604e7d6", "state": "480", "customerId": null, "localAmount": 109, "localCurrency": "USD"}, {"chainId": "12865271529398521156", "amount": 130, "createdAt": "2018-08-10T13:21:26+00:00", "shoeSize": "7y", "productId": null, "skuUuid": "26e95427-42da-484c-ba90-29adf441c350", "state": "480", "customerId": null, "localAmount": 130, "localCurrency": "USD"}, {"chainId": "12865243707784925382", "amount": 90, "createdAt": "2018-08-07T15:42:44+00:00", "shoeSize": "5.5y", "productId": null, "skuUuid": "ef2ece63-0483-412c-bc68-61bdcb33eb6c", "state": "480", "customerId": null, "localAmount": 90, "localCurrency": "USD"}, {"chainId": "12865242613831833506", "amount": 98, "createdAt": "2018-08-07T15:40:33+00:00", "shoeSize": "6.5y", "productId": null, "skuUuid": "4bb0ea5a-bf1f-4fe1-a1b7-4b55aa8f0c17", "state": "480", "customerId": null, "localAmount": 98, "localCurrency": "USD"}, {"chainId": "12865242358627970678", "amount": 100, "createdAt": "2018-08-07T15:40:03+00:00", "shoeSize": "5y", "productId": null, "skuUuid": "1b8cc6d5-13e0-47de-9d0a-7fe29604e7d6", "state": "480", "customerId": null, "localAmount": 100, "localCurrency": "USD"}, {"chainId": "12865242175593518112", "amount": 110, "createdAt": "2018-08-07T15:39:43+00:00", "shoeSize": "7y", "productId": null, "skuUuid": "26e95427-42da-484c-ba90-29adf441c350", "state": "480", "customerId": null, "localAmount": 110, "localCurrency": "USD"}, {"chainId": "12861089590101726820", "amount": 125, "createdAt": "2018-08-07T14:33:34+00:00", "shoeSize": "7y", "productId": null, "skuUuid": "26e95427-42da-484c-ba90-29adf441c350", "state": "480", "customerId": null, "localAmount": 125, "localCurrency": "USD"}, {"chainId": "12860958967967428442", "amount": 108, "createdAt": "2018-08-04T21:40:03+00:00", "shoeSize": "6y", "productId": null, "skuUuid": "d332bb4f-fd91-45d4-ad77-eb5abe945f4c", "state": "480", "customerId": null, "localAmount": 108, "localCurrency": "USD"}, {"chainId": "12855402177516069194", "amount": 108, "createdAt": "2018-08-04T20:56:26+00:00", "shoeSize": "6.5y", "productId": null, "skuUuid": "4bb0ea5a-bf1f-4fe1-a1b7-4b55aa8f0c17", "state": "480", "customerId": null, "localAmount": 108, "localCurrency": "USD"}, {"chainId": "12858020272167835412", "amount": 124, "createdAt": "2018-08-03T00:47:06+00:00", "shoeSize": "5.5y", "productId": null, "skuUuid": "ef2ece63-0483-412c-bc68-61bdcb33eb6c", "state": "480", "customerId": null, "localAmount": 124, "localCurrency": "USD"}, {"chainId": "12854478377988555615", "amount": 109, "createdAt": "2018-08-01T01:37:25+00:00", "shoeSize": "6y", "productId": null, "skuUuid": "d332bb4f-fd91-45d4-ad77-eb5abe945f4c", "state": "480", "customerId": null, "localAmount": 109, "localCurrency": "USD"}, {"chainId": "12860439040990933053", "amount": 87, "createdAt": "2018-08-01T00:38:45+00:00", "shoeSize": "6y", "productId": null, "skuUuid": "d332bb4f-fd91-45d4-ad77-eb5abe945f4c", "state": "480", "customerId": null, "localAmount": 87, "localCurrency": "USD"}, {"chainId": "12860438826690762915", "amount": 95, "createdAt": "2018-08-01T00:36:17+00:00", "shoeSize": "6.5y", "productId": null, "skuUuid": "4bb0ea5a-bf1f-4fe1-a1b7-4b55aa8f0c17", "state": "480", "customerId": null, "localAmount": 95, "localCurrency": "USD"}, {"chainId": "12860438294387175111", "amount": 99, "createdAt": "2018-08-01T00:35:16+00:00", "shoeSize": "6.5y", "productId": null, "skuUuid": "4bb0ea5a-bf1f-4fe1-a1b7-4b55aa8f0c17", "state": "480", "customerId": null, "localAmount": 99, "localCurrency": "USD"}, {"chainId": "12860437701759663841", "amount": 90, "createdAt": "2018-08-01T00:34:03+00:00", "shoeSize": "7y", "productId": null, "skuUuid": "26e95427-42da-484c-ba90-29adf441c350", "state": "480", "customerId": null, "localAmount": 90, "localCurrency": "USD"}, {"chainId": "12860437029226373981", "amount": 95, "createdAt": "2018-08-01T00:32:44+00:00", "shoeSize": "7y", "productId": null, "skuUuid": "26e95427-42da-484c-ba90-29adf441c350", "state": "480", "customerId": null, "localAmount": 95, "localCurrency": "USD"}, {"chainId": "12860435625269589824", "amount": 97, "createdAt": "2018-08-01T00:29:57+00:00", "shoeSize": "7y", "productId": null, "skuUuid": "26e95427-42da-484c-ba90-29adf441c350", "state": "480", "customerId": null, "localAmount": 97, "localCurrency": "USD"}, {"chainId": "12854478115453391705", "amount": 107, "createdAt": "2018-07-30T21:42:15+00:00", "shoeSize": "5y", "productId": null, "skuUuid": "1b8cc6d5-13e0-47de-9d0a-7fe29604e7d6", "state": "480", "customerId": null, "localAmount": 107, "localCurrency": "USD"}, {"chainId": "12858191712550661136", "amount": 124, "createdAt": "2018-07-29T00:18:06+00:00", "shoeSize": "7y", "productId": null, "skuUuid": "26e95427-42da-484c-ba90-29adf441c350", "state": "480", "customerId": null, "localAmount": 124, "localCurrency": "USD"}, {"chainId": "12854478637908244892", "amount": 123, "createdAt": "2018-07-28T21:29:34+00:00", "shoeSize": "7y", "productId": null, "skuUuid": "26e95427-42da-484c-ba90-29adf441c350", "state": "480", "customerId": null, "localAmount": 123, "localCurrency": "USD"}, {"chainId": "12854478277188237488", "amount": 119, "createdAt": "2018-07-28T12:57:41+00:00", "shoeSize": "5.5y", "productId": null, "skuUuid": "ef2ece63-0483-412c-bc68-61bdcb33eb6c", "state": "480", "customerId": null, "localAmount": 119, "localCurrency": "USD"}, {"chainId": "12857384375381411935", "amount": 98, "createdAt": "2018-07-27T19:27:38+00:00", "shoeSize": "7y", "productId": null, "skuUuid": "26e95427-42da-484c-ba90-29adf441c350", "state": "480", "customerId": null, "localAmount": 98, "localCurrency": "USD"}, {"chainId": "12855143141880647299", "amount": 90, "createdAt": "2018-07-24T17:35:12+00:00", "shoeSize": "5y", "productId": null, "skuUuid": "1b8cc6d5-13e0-47de-9d0a-7fe29604e7d6", "state": "480", "customerId": null, "localAmount": 90, "localCurrency": "USD"}, {"chainId": "12854478517503907176", "amount": 109, "createdAt": "2018-07-24T01:03:54+00:00", "shoeSize": "6.5y", "productId": null, "skuUuid": "4bb0ea5a-bf1f-4fe1-a1b7-4b55aa8f0c17", "state": "480", "customerId": null, "localAmount": 109, "localCurrency": "USD"}, {"chainId": "12831399511540125006", "amount": 123, "createdAt": "2018-07-23T16:39:22+00:00", "shoeSize": "7y", "productId": null, "skuUuid": "26e95427-42da-484c-ba90-29adf441c350", "state": "480", "customerId": null, "localAmount": 123, "localCurrency": "USD"}, {"chainId": "12831073933643262220", "amount": 120, "createdAt": "2018-07-23T04:15:22+00:00", "shoeSize": "6y", "productId": null, "skuUuid": "d332bb4f-fd91-45d4-ad77-eb5abe945f4c", "state": "480", "customerId": null, "localAmount": 120, "localCurrency": "USD"}, {"chainId": "12853280625496401407", "amount": 130, "createdAt": "2018-07-22T22:09:59+00:00", "shoeSize": "5y", "productId": null, "skuUuid": "1b8cc6d5-13e0-47de-9d0a-7fe29604e7d6", "state": "480", "customerId": null, "localAmount": 130, "localCurrency": "USD"}, {"chainId": "12832258189456969894", "amount": 125, "createdAt": "2018-07-22T02:31:19+00:00", "shoeSize": "5y", "productId": null, "skuUuid": "1b8cc6d5-13e0-47de-9d0a-7fe29604e7d6", "state": "480", "customerId": null, "localAmount": 125, "localCurrency": "USD"}, {"chainId": "12824927214007134392", "amount": 115, "createdAt": "2018-07-21T06:45:59+00:00", "shoeSize": "5.5y", "productId": null, "skuUuid": "ef2ece63-0483-412c-bc68-61bdcb33eb6c", "state": "480", "customerId": null, "localAmount": 115, "localCurrency": "USD"}, {"chainId": "12839553540538385123", "amount": 110, "createdAt": "2018-07-21T06:45:44+00:00", "shoeSize": "6y", "productId": null, "skuUuid": "d332bb4f-fd91-45d4-ad77-eb5abe945f4c", "state": "480", "customerId": null, "localAmount": 110, "localCurrency": "USD"}, {"chainId": "12812334873408652058", "amount": 98, "createdAt": "2018-07-21T06:45:33+00:00", "shoeSize": "4y", "productId": null, "skuUuid": "23347f0f-d993-4608-a915-4e5512ad0621", "state": "480", "customerId": null, "localAmount": 98, "localCurrency": "USD"}, {"chainId": "12821699735795169167", "amount": 90, "createdAt": "2018-07-21T06:45:22+00:00", "shoeSize": "4.5y", "productId": null, "skuUuid": "740ecc9c-0444-4497-a7ab-90bc343d7513", "state": "480", "customerId": null, "localAmount": 90, "localCurrency": "USD"}, {"chainId": "12847598946448048506", "amount": 130, "createdAt": "2018-07-19T15:28:45+00:00", "shoeSize": "6.5y", "productId": null, "skuUuid": "4bb0ea5a-bf1f-4fe1-a1b7-4b55aa8f0c17", "state": "480", "customerId": null, "localAmount": 130, "localCurrency": "USD"}, {"chainId": "12843091599861354820", "amount": 90, "createdAt": "2018-07-18T22:36:21+00:00", "shoeSize": "5.5y", "productId": null, "skuUuid": "ef2ece63-0483-412c-bc68-61bdcb33eb6c", "state": "480", "customerId": null, "localAmount": 90, "localCurrency": "USD"}, {"chainId": "12848722757914372459", "amount": 115, "createdAt": "2018-07-18T17:10:16+00:00", "shoeSize": "7y", "productId": null, "skuUuid": "26e95427-42da-484c-ba90-29adf441c350", "state": "480", "customerId": null, "localAmount": 115, "localCurrency": "USD"}, {"chainId": "12848772885010650014", "amount": 120, "createdAt": "2018-07-16T21:29:03+00:00", "shoeSize": "6.5y", "productId": null, "skuUuid": "4bb0ea5a-bf1f-4fe1-a1b7-4b55aa8f0c17", "state": "480", "customerId": null, "localAmount": 120, "localCurrency": "USD"}, {"chainId": "12821699634942750823", "amount": 90, "createdAt": "2018-07-15T17:02:25+00:00", "shoeSize": "4y", "productId": null, "skuUuid": "23347f0f-d993-4608-a915-4e5512ad0621", "state": "480", "customerId": null, "localAmount": 90, "localCurrency": "USD"}, {"chainId": "12833544989205538296", "amount": 120, "createdAt": "2018-07-14T07:23:42+00:00", "shoeSize": "6.5y", "productId": null, "skuUuid": "4bb0ea5a-bf1f-4fe1-a1b7-4b55aa8f0c17", "state": "480", "customerId": null, "localAmount": 120, "localCurrency": "USD"}, {"chainId": "12835543484651066443", "amount": 110, "createdAt": "2018-07-13T20:24:37+00:00", "shoeSize": "6.5y", "productId": null, "skuUuid": "4bb0ea5a-bf1f-4fe1-a1b7-4b55aa8f0c17", "state": "480", "customerId": null, "localAmount": 110, "localCurrency": "USD"}, {"chainId": "12831434751061288733", "amount": 105, "createdAt": "2018-07-13T20:01:56+00:00", "shoeSize": "6y", "productId": null, "skuUuid": "d332bb4f-fd91-45d4-ad77-eb5abe945f4c", "state": "480", "customerId": null, "localAmount": 105, "localCurrency": "USD"}, {"chainId": "12845820202685763446", "amount": 99, "createdAt": "2018-07-13T20:01:34+00:00", "shoeSize": "5.5y", "productId": null, "skuUuid": "ef2ece63-0483-412c-bc68-61bdcb33eb6c", "state": "480", "customerId": null, "localAmount": 99, "localCurrency": "USD"}, {"chainId": "12845820608567282705", "amount": 115, "createdAt": "2018-07-13T00:10:30+00:00", "shoeSize": "7y", "productId": null, "skuUuid": "26e95427-42da-484c-ba90-29adf441c350", "state": "480", "customerId": null, "localAmount": 115, "localCurrency": "USD"}, {"chainId": "12839966422763740792", "amount": 80, "createdAt": "2018-07-12T01:58:39+00:00", "shoeSize": "5y", "productId": null, "skuUuid": "1b8cc6d5-13e0-47de-9d0a-7fe29604e7d6", "state": "480", "customerId": null, "localAmount": 80, "localCurrency": "USD"}, {"chainId": "12836352845068276381", "amount": 100, "createdAt": "2018-07-10T23:55:51+00:00", "shoeSize": "6y", "productId": null, "skuUuid": "d332bb4f-fd91-45d4-ad77-eb5abe945f4c", "state": "480", "customerId": null, "localAmount": 100, "localCurrency": "USD"}, {"chainId": "12842953303425611703", "amount": 115, "createdAt": "2018-07-10T23:04:05+00:00", "shoeSize": "6.5y", "productId": null, "skuUuid": "4bb0ea5a-bf1f-4fe1-a1b7-4b55aa8f0c17", "state": "480", "customerId": null, "localAmount": 115, "localCurrency": "USD"}, {"chainId": "12844331143482852113", "amount": 86, "createdAt": "2018-07-09T19:13:31+00:00", "shoeSize": "6.5y", "productId": null, "skuUuid": "4bb0ea5a-bf1f-4fe1-a1b7-4b55aa8f0c17", "state": "480", "customerId": null, "localAmount": 86, "localCurrency": "USD"}, {"chainId": "12844330994758388061", "amount": 90, "createdAt": "2018-07-09T19:12:56+00:00", "shoeSize": "5y", "productId": null, "skuUuid": "1b8cc6d5-13e0-47de-9d0a-7fe29604e7d6", "state": "480", "customerId": null, "localAmount": 90, "localCurrency": "USD"}, {"chainId": "12844330736608988873", "amount": 90, "createdAt": "2018-07-09T19:12:35+00:00", "shoeSize": "7y", "productId": null, "skuUuid": "26e95427-42da-484c-ba90-29adf441c350", "state": "480", "customerId": null, "localAmount": 90, "localCurrency": "USD"}, {"chainId": "12844330594744210843", "amount": 91, "createdAt": "2018-07-09T19:12:08+00:00", "shoeSize": "6.5y", "productId": null, "skuUuid": "4bb0ea5a-bf1f-4fe1-a1b7-4b55aa8f0c17", "state": "480", "customerId": null, "localAmount": 91, "localCurrency": "USD"}, {"chainId": "12842993852895880715", "amount": 125, "createdAt": "2018-07-09T17:31:07+00:00", "shoeSize": "7y", "productId": null, "skuUuid": "26e95427-42da-484c-ba90-29adf441c350", "state": "480", "customerId": null, "localAmount": 125, "localCurrency": "USD"}, {"chainId": "12835907115721378216", "amount": 99, "createdAt": "2018-07-08T01:21:11+00:00", "shoeSize": "6y", "productId": null, "skuUuid": "d332bb4f-fd91-45d4-ad77-eb5abe945f4c", "state": "480", "customerId": null, "localAmount": 99, "localCurrency": "USD"}, {"chainId": "12837808656671935976", "amount": 125, "createdAt": "2018-07-07T22:36:32+00:00", "shoeSize": "7y", "productId": null, "skuUuid": "26e95427-42da-484c-ba90-29adf441c350", "state": "480", "customerId": null, "localAmount": 125, "localCurrency": "USD"}, {"chainId": "12841572237298271767", "amount": 115, "createdAt": "2018-07-07T15:09:56+00:00", "shoeSize": "6.5y", "productId": null, "skuUuid": "4bb0ea5a-bf1f-4fe1-a1b7-4b55aa8f0c17", "state": "480", "customerId": null, "localAmount": 115, "localCurrency": "USD"}, {"chainId": "12835542591691447235", "amount": 115, "createdAt": "2018-07-07T03:22:50+00:00", "shoeSize": "5y", "productId": null, "skuUuid": "1b8cc6d5-13e0-47de-9d0a-7fe29604e7d6", "state": "480", "customerId": null, "localAmount": 115, "localCurrency": "USD"}, {"chainId": "12842082628581329060", "amount": 100, "createdAt": "2018-07-06T16:45:50+00:00", "shoeSize": "7y", "productId": null, "skuUuid": "26e95427-42da-484c-ba90-29adf441c350", "state": "480", "customerId": null, "localAmount": 100, "localCurrency": "USD"}, {"chainId": "12840117387341826639", "amount": 88, "createdAt": "2018-07-03T23:41:13+00:00", "shoeSize": "6.5y", "productId": null, "skuUuid": "4bb0ea5a-bf1f-4fe1-a1b7-4b55aa8f0c17", "state": "480", "customerId": null, "localAmount": 88, "localCurrency": "USD"}, {"chainId": "12835542710908150679", "amount": 109, "createdAt": "2018-07-03T00:23:04+00:00", "shoeSize": "5.5y", "productId": null, "skuUuid": "ef2ece63-0483-412c-bc68-61bdcb33eb6c", "state": "480", "customerId": null, "localAmount": 109, "localCurrency": "USD"}, {"chainId": "12839089572029303982", "amount": 105, "createdAt": "2018-07-02T15:01:26+00:00", "shoeSize": "7y", "productId": null, "skuUuid": "26e95427-42da-484c-ba90-29adf441c350", "state": "480", "customerId": null, "localAmount": 105, "localCurrency": "USD"}, {"chainId": "12812335060110658377", "amount": 105, "createdAt": "2018-07-02T02:16:16+00:00", "shoeSize": "5y", "productId": null, "skuUuid": "1b8cc6d5-13e0-47de-9d0a-7fe29604e7d6", "state": "480", "customerId": null, "localAmount": 105, "localCurrency": "USD"}, {"chainId": "12837703342146712730", "amount": 100, "createdAt": "2018-07-01T07:45:01+00:00", "shoeSize": "6.5y", "productId": null, "skuUuid": "4bb0ea5a-bf1f-4fe1-a1b7-4b55aa8f0c17", "state": "480", "customerId": null, "localAmount": 100, "localCurrency": "USD"}, {"chainId": "12821699816897608835", "amount": 100, "createdAt": "2018-06-30T18:33:21+00:00", "shoeSize": "5y", "productId": null, "skuUuid": "1b8cc6d5-13e0-47de-9d0a-7fe29604e7d6", "state": "480", "customerId": null, "localAmount": 100, "localCurrency": "USD"}, {"chainId": "12837680166392329876", "amount": 120, "createdAt": "2018-06-30T16:59:09+00:00", "shoeSize": "7y", "productId": null, "skuUuid": "26e95427-42da-484c-ba90-29adf441c350", "state": "480", "customerId": null, "localAmount": 120, "localCurrency": "USD"}, {"chainId": "12835094754731311081", "amount": 120, "createdAt": "2018-06-30T14:23:55+00:00", "shoeSize": "7y", "productId": null, "skuUuid": "26e95427-42da-484c-ba90-29adf441c350", "state": "480", "customerId": null, "localAmount": 120, "localCurrency": "USD"}, {"chainId": "12836126537897133937", "amount": 109, "createdAt": "2018-06-29T16:24:11+00:00", "shoeSize": "7y", "productId": null, "skuUuid": "26e95427-42da-484c-ba90-29adf441c350", "state": "480", "customerId": null, "localAmount": 109, "localCurrency": "USD"}, {"chainId": "12836352642558707077", "amount": 110, "createdAt": "2018-06-29T05:13:09+00:00", "shoeSize": "3.5y", "productId": null, "skuUuid": "3b42da95-0118-48ff-ae53-3aaa2c50b2aa", "state": "480", "customerId": null, "localAmount": 110, "localCurrency": "USD"}, {"chainId": "12835542921230327057", "amount": 105, "createdAt": "2018-06-27T22:54:08+00:00", "shoeSize": "6y", "productId": null, "skuUuid": "d332bb4f-fd91-45d4-ad77-eb5abe945f4c", "state": "480", "customerId": null, "localAmount": 105, "localCurrency": "USD"}, {"chainId": "12835543315778019445", "amount": 97, "createdAt": "2018-06-27T16:13:21+00:00", "shoeSize": "6.5y", "productId": null, "skuUuid": "4bb0ea5a-bf1f-4fe1-a1b7-4b55aa8f0c17", "state": "480", "customerId": null, "localAmount": 97, "localCurrency": "USD"}, {"chainId": "12833723823542995969", "amount": 120, "createdAt": "2018-06-27T00:20:00+00:00", "shoeSize": "7y", "productId": null, "skuUuid": "26e95427-42da-484c-ba90-29adf441c350", "state": "480", "customerId": null, "localAmount": 120, "localCurrency": "USD"}, {"chainId": "12833864348563611865", "amount": 115, "createdAt": "2018-06-26T20:03:43+00:00", "shoeSize": "7y", "productId": null, "skuUuid": "26e95427-42da-484c-ba90-29adf441c350", "state": "480", "customerId": null, "localAmount": 115, "localCurrency": "USD"}, {"chainId": "12834198758549388233", "amount": 114, "createdAt": "2018-06-26T15:40:57+00:00", "shoeSize": "7y", "productId": null, "skuUuid": "26e95427-42da-484c-ba90-29adf441c350", "state": "480", "customerId": null, "localAmount": 114, "localCurrency": "USD"}, {"chainId": "12834272611165568485", "amount": 100, "createdAt": "2018-06-25T22:08:41+00:00", "shoeSize": "6y", "productId": null, "skuUuid": "d332bb4f-fd91-45d4-ad77-eb5abe945f4c", "state": "480", "customerId": null, "localAmount": 100, "localCurrency": "USD"}, {"chainId": "12834272467063752933", "amount": 100, "createdAt": "2018-06-25T22:08:24+00:00", "shoeSize": "7y", "productId": null, "skuUuid": "26e95427-42da-484c-ba90-29adf441c350", "state": "480", "customerId": null, "localAmount": 100, "localCurrency": "USD"}, {"chainId": "12834177743228222745", "amount": 106, "createdAt": "2018-06-25T19:00:14+00:00", "shoeSize": "7y", "productId": null, "skuUuid": "26e95427-42da-484c-ba90-29adf441c350", "state": "480", "customerId": null, "localAmount": 106, "localCurrency": "USD"}, {"chainId": "12828510219220931399", "amount": 120, "createdAt": "2018-06-25T03:57:18+00:00", "shoeSize": "7y", "productId": null, "skuUuid": "26e95427-42da-484c-ba90-29adf441c350", "state": "480", "customerId": null, "localAmount": 120, "localCurrency": "USD"}, {"chainId": "12826521839229657564", "amount": 115, "createdAt": "2018-06-24T22:02:36+00:00", "shoeSize": "6.5y", "productId": null, "skuUuid": "4bb0ea5a-bf1f-4fe1-a1b7-4b55aa8f0c17", "state": "480", "customerId": null, "localAmount": 115, "localCurrency": "USD"}, {"chainId": "12831115957549313478", "amount": 100, "createdAt": "2018-06-23T13:22:16+00:00", "shoeSize": "5.5y", "productId": null, "skuUuid": "ef2ece63-0483-412c-bc68-61bdcb33eb6c", "state": "480", "customerId": null, "localAmount": 100, "localCurrency": "USD"}, {"chainId": "12829188909816692134", "amount": 115, "createdAt": "2018-06-23T03:21:19+00:00", "shoeSize": "5y", "productId": null, "skuUuid": "1b8cc6d5-13e0-47de-9d0a-7fe29604e7d6", "state": "480", "customerId": null, "localAmount": 115, "localCurrency": "USD"}, {"chainId": "12832048920712708189", "amount": 107, "createdAt": "2018-06-22T22:01:52+00:00", "shoeSize": "7y", "productId": null, "skuUuid": "26e95427-42da-484c-ba90-29adf441c350", "state": "480", "customerId": null, "localAmount": 107, "localCurrency": "USD"}, {"chainId": "12830581363487759416", "amount": 102, "createdAt": "2018-06-22T22:00:43+00:00", "shoeSize": "5y", "productId": null, "skuUuid": "1b8cc6d5-13e0-47de-9d0a-7fe29604e7d6", "state": "480", "customerId": null, "localAmount": 102, "localCurrency": "USD"}, {"chainId": "12823298598784104211", "amount": 100, "createdAt": "2018-06-21T07:03:35+00:00", "shoeSize": "6y", "productId": null, "skuUuid": "d332bb4f-fd91-45d4-ad77-eb5abe945f4c", "state": "480", "customerId": null, "localAmount": 100, "localCurrency": "USD"}, {"chainId": "12830917836885530279", "amount": 100, "createdAt": "2018-06-21T07:03:22+00:00", "shoeSize": "5.5y", "productId": null, "skuUuid": "ef2ece63-0483-412c-bc68-61bdcb33eb6c", "state": "480", "customerId": null, "localAmount": 100, "localCurrency": "USD"}, {"chainId": "12830917452165547170", "amount": 101, "createdAt": "2018-06-21T07:02:35+00:00", "shoeSize": "6y", "productId": null, "skuUuid": "d332bb4f-fd91-45d4-ad77-eb5abe945f4c", "state": "480", "customerId": null, "localAmount": 101, "localCurrency": "USD"}, {"chainId": "12827542672084854653", "amount": 123, "createdAt": "2018-06-21T03:10:01+00:00", "shoeSize": "6y", "productId": null, "skuUuid": "d332bb4f-fd91-45d4-ad77-eb5abe945f4c", "state": "480", "customerId": null, "localAmount": 123, "localCurrency": "USD"}, {"chainId": "12830658436587601583", "amount": 115, "createdAt": "2018-06-20T22:28:00+00:00", "shoeSize": "4.5y", "productId": null, "skuUuid": "740ecc9c-0444-4497-a7ab-90bc343d7513", "state": "480", "customerId": null, "localAmount": 115, "localCurrency": "USD"}, {"chainId": "12829189092258374614", "amount": 119, "createdAt": "2018-06-19T23:26:44+00:00", "shoeSize": "5.5y", "productId": null, "skuUuid": "ef2ece63-0483-412c-bc68-61bdcb33eb6c", "state": "480", "customerId": null, "localAmount": 119, "localCurrency": "USD"}, {"chainId": "12829691383372325235", "amount": 134, "createdAt": "2018-06-19T22:39:29+00:00", "shoeSize": "7y", "productId": null, "skuUuid": "26e95427-42da-484c-ba90-29adf441c350", "state": "480", "customerId": null, "localAmount": 134, "localCurrency": "USD"}, {"chainId": "12829932257193113377", "amount": 105, "createdAt": "2018-06-19T22:25:11+00:00", "shoeSize": "6.5y", "productId": null, "skuUuid": "4bb0ea5a-bf1f-4fe1-a1b7-4b55aa8f0c17", "state": "480", "customerId": null, "localAmount": 105, "localCurrency": "USD"}, {"chainId": "12829752410178665711", "amount": 100, "createdAt": "2018-06-19T16:27:54+00:00", "shoeSize": "5.5y", "productId": null, "skuUuid": "ef2ece63-0483-412c-bc68-61bdcb33eb6c", "state": "480", "customerId": null, "localAmount": 100, "localCurrency": "USD"}, {"chainId": "12829752298573069079", "amount": 108, "createdAt": "2018-06-19T16:27:40+00:00", "shoeSize": "5y", "productId": null, "skuUuid": "1b8cc6d5-13e0-47de-9d0a-7fe29604e7d6", "state": "480", "customerId": null, "localAmount": 108, "localCurrency": "USD"}, {"chainId": "12829687797650734751", "amount": 110, "createdAt": "2018-06-19T14:19:29+00:00", "shoeSize": "7y", "productId": null, "skuUuid": "26e95427-42da-484c-ba90-29adf441c350", "state": "480", "customerId": null, "localAmount": 110, "localCurrency": "USD"}, {"chainId": "12829261081709769136", "amount": 110, "createdAt": "2018-06-19T05:24:29+00:00", "shoeSize": "6.5y", "productId": null, "skuUuid": "4bb0ea5a-bf1f-4fe1-a1b7-4b55aa8f0c17", "state": "480", "customerId": null, "localAmount": 110, "localCurrency": "USD"}, {"chainId": "12829323530355708943", "amount": 110, "createdAt": "2018-06-19T02:15:46+00:00", "shoeSize": "7y", "productId": null, "skuUuid": "26e95427-42da-484c-ba90-29adf441c350", "state": "480", "customerId": null, "localAmount": 110, "localCurrency": "USD"}, {"chainId": "12829260324974420752", "amount": 119, "createdAt": "2018-06-19T01:04:11+00:00", "shoeSize": "7y", "productId": null, "skuUuid": "26e95427-42da-484c-ba90-29adf441c350", "state": "480", "customerId": null, "localAmount": 119, "localCurrency": "USD"}, {"chainId": "12829250997451557186", "amount": 110, "createdAt": "2018-06-18T23:51:38+00:00", "shoeSize": "7y", "productId": null, "skuUuid": "26e95427-42da-484c-ba90-29adf441c350", "state": "480", "customerId": null, "localAmount": 110, "localCurrency": "USD"}, {"chainId": "12829127919310363436", "amount": 119, "createdAt": "2018-06-18T20:47:28+00:00", "shoeSize": "6y", "productId": null, "skuUuid": "d332bb4f-fd91-45d4-ad77-eb5abe945f4c", "state": "480", "customerId": null, "localAmount": 119, "localCurrency": "USD"}, {"chainId": "12828659993517662334", "amount": 119, "createdAt": "2018-06-18T19:29:09+00:00", "shoeSize": "6y", "productId": null, "skuUuid": "d332bb4f-fd91-45d4-ad77-eb5abe945f4c", "state": "480", "customerId": null, "localAmount": 119, "localCurrency": "USD"}, {"chainId": "12828996864602396482", "amount": 100, "createdAt": "2018-06-18T15:26:43+00:00", "shoeSize": "5.5y", "productId": null, "skuUuid": "ef2ece63-0483-412c-bc68-61bdcb33eb6c", "state": "480", "customerId": null, "localAmount": 100, "localCurrency": "USD"}, {"chainId": "12827075488975370535", "amount": 135, "createdAt": "2018-06-18T05:35:34+00:00", "shoeSize": "6.5y", "productId": null, "skuUuid": "4bb0ea5a-bf1f-4fe1-a1b7-4b55aa8f0c17", "state": "480", "customerId": null, "localAmount": 135, "localCurrency": "USD"}, {"chainId": "12828608195599454418", "amount": 96, "createdAt": "2018-06-18T02:34:32+00:00", "shoeSize": "6.5y", "productId": null, "skuUuid": "4bb0ea5a-bf1f-4fe1-a1b7-4b55aa8f0c17", "state": "480", "customerId": null, "localAmount": 96, "localCurrency": "USD"}, {"chainId": "12826521990115432153", "amount": 120, "createdAt": "2018-06-17T23:14:43+00:00", "shoeSize": "7y", "productId": null, "skuUuid": "26e95427-42da-484c-ba90-29adf441c350", "state": "480", "customerId": null, "localAmount": 120, "localCurrency": "USD"}, {"chainId": "12827590653675916158", "amount": 110, "createdAt": "2018-06-17T19:42:48+00:00", "shoeSize": "6y", "productId": null, "skuUuid": "d332bb4f-fd91-45d4-ad77-eb5abe945f4c", "state": "480", "customerId": null, "localAmount": 110, "localCurrency": "USD"}, {"chainId": "12827921513186106984", "amount": 100, "createdAt": "2018-06-17T03:50:11+00:00", "shoeSize": "5y", "productId": null, "skuUuid": "1b8cc6d5-13e0-47de-9d0a-7fe29604e7d6", "state": "480", "customerId": null, "localAmount": 100, "localCurrency": "USD"}, {"chainId": "12827249123793818788", "amount": 125, "createdAt": "2018-06-17T00:40:13+00:00", "shoeSize": "7y", "productId": null, "skuUuid": "26e95427-42da-484c-ba90-29adf441c350", "state": "480", "customerId": null, "localAmount": 125, "localCurrency": "USD"}, {"chainId": "12827590361883281832", "amount": 110, "createdAt": "2018-06-16T19:11:29+00:00", "shoeSize": "6y", "productId": null, "skuUuid": "d332bb4f-fd91-45d4-ad77-eb5abe945f4c", "state": "480", "customerId": null, "localAmount": 110, "localCurrency": "USD"}, {"chainId": "12826159976553091840", "amount": 105, "createdAt": "2018-06-16T15:21:11+00:00", "shoeSize": "6.5y", "productId": null, "skuUuid": "4bb0ea5a-bf1f-4fe1-a1b7-4b55aa8f0c17", "state": "480", "customerId": null, "localAmount": 105, "localCurrency": "USD"}, {"chainId": "12826206636596066304", "amount": 115, "createdAt": "2018-06-16T06:36:08+00:00", "shoeSize": "5y", "productId": null, "skuUuid": "1b8cc6d5-13e0-47de-9d0a-7fe29604e7d6", "state": "480", "customerId": null, "localAmount": 115, "localCurrency": "USD"}, {"chainId": "12826207648002935564", "amount": 117, "createdAt": "2018-06-16T04:21:50+00:00", "shoeSize": "5.5y", "productId": null, "skuUuid": "ef2ece63-0483-412c-bc68-61bdcb33eb6c", "state": "480", "customerId": null, "localAmount": 117, "localCurrency": "USD"}, {"chainId": "12826186571399590644", "amount": 124, "createdAt": "2018-06-15T21:55:04+00:00", "shoeSize": "7y", "productId": null, "skuUuid": "26e95427-42da-484c-ba90-29adf441c350", "state": "480", "customerId": null, "localAmount": 124, "localCurrency": "USD"}, {"chainId": "12826940005142697054", "amount": 105, "createdAt": "2018-06-15T19:20:06+00:00", "shoeSize": "5.5y", "productId": null, "skuUuid": "ef2ece63-0483-412c-bc68-61bdcb33eb6c", "state": "480", "customerId": null, "localAmount": 105, "localCurrency": "USD"}, {"chainId": "12826939572606596929", "amount": 110, "createdAt": "2018-06-15T19:19:15+00:00", "shoeSize": "5y", "productId": null, "skuUuid": "1b8cc6d5-13e0-47de-9d0a-7fe29604e7d6", "state": "480", "customerId": null, "localAmount": 110, "localCurrency": "USD"}, {"chainId": "12826939334759964633", "amount": 114, "createdAt": "2018-06-15T19:18:46+00:00", "shoeSize": "6y", "productId": null, "skuUuid": "d332bb4f-fd91-45d4-ad77-eb5abe945f4c", "state": "480", "customerId": null, "localAmount": 114, "localCurrency": "USD"}, {"chainId": "12825603452201380677", "amount": 125, "createdAt": "2018-06-15T18:24:12+00:00", "shoeSize": "4y", "productId": null, "skuUuid": "23347f0f-d993-4608-a915-4e5512ad0621", "state": "480", "customerId": null, "localAmount": 125, "localCurrency": "USD"}, {"chainId": "12826747597643144988", "amount": 111, "createdAt": "2018-06-15T12:57:49+00:00", "shoeSize": "6.5y", "productId": null, "skuUuid": "4bb0ea5a-bf1f-4fe1-a1b7-4b55aa8f0c17", "state": "480", "customerId": null, "localAmount": 111, "localCurrency": "USD"}, {"chainId": "12826211883399056352", "amount": 122, "createdAt": "2018-06-15T10:01:45+00:00", "shoeSize": "7y", "productId": null, "skuUuid": "26e95427-42da-484c-ba90-29adf441c350", "state": "480", "customerId": null, "localAmount": 122, "localCurrency": "USD"}, {"chainId": "12826129304072211263", "amount": 114, "createdAt": "2018-06-15T07:32:47+00:00", "shoeSize": "6y", "productId": null, "skuUuid": "d332bb4f-fd91-45d4-ad77-eb5abe945f4c", "state": "480", "customerId": null, "localAmount": 114, "localCurrency": "USD"}, {"chainId": "12826210978779103126", "amount": 114, "createdAt": "2018-06-15T02:54:30+00:00", "shoeSize": "6y", "productId": null, "skuUuid": "d332bb4f-fd91-45d4-ad77-eb5abe945f4c", "state": "480", "customerId": null, "localAmount": 114, "localCurrency": "USD"}, {"chainId": "12826133559815737709", "amount": 115, "createdAt": "2018-06-15T01:59:24+00:00", "shoeSize": "7y", "productId": null, "skuUuid": "26e95427-42da-484c-ba90-29adf441c350", "state": "480", "customerId": null, "localAmount": 115, "localCurrency": "USD"}, {"chainId": "12826128994276991487", "amount": 112, "createdAt": "2018-06-15T01:27:26+00:00", "shoeSize": "6y", "productId": null, "skuUuid": "d332bb4f-fd91-45d4-ad77-eb5abe945f4c", "state": "480", "customerId": null, "localAmount": 112, "localCurrency": "USD"}, {"chainId": "12826186739406454460", "amount": 125, "createdAt": "2018-06-15T00:43:55+00:00", "shoeSize": "6.5y", "productId": null, "skuUuid": "4bb0ea5a-bf1f-4fe1-a1b7-4b55aa8f0c17", "state": "480", "customerId": null, "localAmount": 125, "localCurrency": "USD"}, {"chainId": "12826339937664445555", "amount": 101, "createdAt": "2018-06-14T23:27:53+00:00", "shoeSize": "5y", "productId": null, "skuUuid": "1b8cc6d5-13e0-47de-9d0a-7fe29604e7d6", "state": "480", "customerId": null, "localAmount": 101, "localCurrency": "USD"}, {"chainId": "12826339775758400095", "amount": 101, "createdAt": "2018-06-14T23:27:33+00:00", "shoeSize": "4.5y", "productId": null, "skuUuid": "740ecc9c-0444-4497-a7ab-90bc343d7513", "state": "480", "customerId": null, "localAmount": 101, "localCurrency": "USD"}, {"chainId": "12825603617000466818", "amount": 125, "createdAt": "2018-06-14T23:23:34+00:00", "shoeSize": "4.5y", "productId": null, "skuUuid": "740ecc9c-0444-4497-a7ab-90bc343d7513", "state": "480", "customerId": null, "localAmount": 125, "localCurrency": "USD"}, {"chainId": "12826211512121549229", "amount": 109, "createdAt": "2018-06-14T23:21:27+00:00", "shoeSize": "6.5y", "productId": null, "skuUuid": "4bb0ea5a-bf1f-4fe1-a1b7-4b55aa8f0c17", "state": "480", "customerId": null, "localAmount": 109, "localCurrency": "USD"}, {"chainId": "12826190301964749802", "amount": 100, "createdAt": "2018-06-14T19:22:45+00:00", "shoeSize": "6.5y", "productId": null, "skuUuid": "4bb0ea5a-bf1f-4fe1-a1b7-4b55aa8f0c17", "state": "480", "customerId": null, "localAmount": 100, "localCurrency": "USD"}, {"chainId": "12826192417979240090", "amount": 100, "createdAt": "2018-06-14T19:19:23+00:00", "shoeSize": "6y", "productId": null, "skuUuid": "d332bb4f-fd91-45d4-ad77-eb5abe945f4c", "state": "480", "customerId": null, "localAmount": 100, "localCurrency": "USD"}, {"chainId": "12825737638593529335", "amount": 130, "createdAt": "2018-06-14T15:47:38+00:00", "shoeSize": "7y", "productId": null, "skuUuid": "26e95427-42da-484c-ba90-29adf441c350", "state": "480", "customerId": null, "localAmount": 130, "localCurrency": "USD"}, {"chainId": "12826023571312930805", "amount": 120, "createdAt": "2018-06-14T14:54:16+00:00", "shoeSize": "7y", "productId": null, "skuUuid": "26e95427-42da-484c-ba90-29adf441c350", "state": "480", "customerId": null, "localAmount": 120, "localCurrency": "USD"}, {"chainId": "12824808674147100727", "amount": 140, "createdAt": "2018-06-14T14:35:36+00:00", "shoeSize": "6.5y", "productId": null, "skuUuid": "4bb0ea5a-bf1f-4fe1-a1b7-4b55aa8f0c17", "state": "480", "customerId": null, "localAmount": 140, "localCurrency": "USD"}, {"chainId": "12825224958282777142", "amount": 139, "createdAt": "2018-06-14T14:22:38+00:00", "shoeSize": "6.5y", "productId": null, "skuUuid": "4bb0ea5a-bf1f-4fe1-a1b7-4b55aa8f0c17", "state": "480", "customerId": null, "localAmount": 139, "localCurrency": "USD"}, {"chainId": "12825864196875530218", "amount": 105, "createdAt": "2018-06-14T07:42:42+00:00", "shoeSize": "6.5y", "productId": null, "skuUuid": "4bb0ea5a-bf1f-4fe1-a1b7-4b55aa8f0c17", "state": "480", "customerId": null, "localAmount": 105, "localCurrency": "USD"}, {"chainId": "12825864081652585340", "amount": 115, "createdAt": "2018-06-14T07:42:26+00:00", "shoeSize": "7y", "productId": null, "skuUuid": "26e95427-42da-484c-ba90-29adf441c350", "state": "480", "customerId": null, "localAmount": 115, "localCurrency": "USD"}, {"chainId": "12825567133086730846", "amount": 125, "createdAt": "2018-06-14T03:59:14+00:00", "shoeSize": "6.5y", "productId": null, "skuUuid": "4bb0ea5a-bf1f-4fe1-a1b7-4b55aa8f0c17", "state": "480", "customerId": null, "localAmount": 125, "localCurrency": "USD"}, {"chainId": "12825604341786082018", "amount": 124, "createdAt": "2018-06-14T02:38:47+00:00", "shoeSize": "6.5y", "productId": null, "skuUuid": "4bb0ea5a-bf1f-4fe1-a1b7-4b55aa8f0c17", "state": "480", "customerId": null, "localAmount": 124, "localCurrency": "USD"}, {"chainId": "12825548063435747692", "amount": 142, "createdAt": "2018-06-14T02:38:16+00:00", "shoeSize": "7y", "productId": null, "skuUuid": "26e95427-42da-484c-ba90-29adf441c350", "state": "480", "customerId": null, "localAmount": 142, "localCurrency": "USD"}, {"chainId": "12819935262543582560", "amount": 124, "createdAt": "2018-06-14T02:37:50+00:00", "shoeSize": "6.5y", "productId": null, "skuUuid": "4bb0ea5a-bf1f-4fe1-a1b7-4b55aa8f0c17", "state": "480", "customerId": null, "localAmount": 124, "localCurrency": "USD"}, {"chainId": "12825566370998704312", "amount": 130, "createdAt": "2018-06-14T02:31:55+00:00", "shoeSize": "7y", "productId": null, "skuUuid": "26e95427-42da-484c-ba90-29adf441c350", "state": "480", "customerId": null, "localAmount": 130, "localCurrency": "USD"}, {"chainId": "12825566895058819215", "amount": 130, "createdAt": "2018-06-13T22:34:34+00:00", "shoeSize": "5y", "productId": null, "skuUuid": "1b8cc6d5-13e0-47de-9d0a-7fe29604e7d6", "state": "480", "customerId": null, "localAmount": 130, "localCurrency": "USD"}, {"chainId": "12825566145564248071", "amount": 125, "createdAt": "2018-06-13T22:06:38+00:00", "shoeSize": "6y", "productId": null, "skuUuid": "d332bb4f-fd91-45d4-ad77-eb5abe945f4c", "state": "480", "customerId": null, "localAmount": 125, "localCurrency": "USD"}, {"chainId": "12825462339047809026", "amount": 155, "createdAt": "2018-06-13T20:45:57+00:00", "shoeSize": "7y", "productId": null, "skuUuid": "26e95427-42da-484c-ba90-29adf441c350", "state": "480", "customerId": null, "localAmount": 155, "localCurrency": "USD"}, {"chainId": "12825489063251965846", "amount": 115, "createdAt": "2018-06-13T19:17:21+00:00", "shoeSize": "6y", "productId": null, "skuUuid": "d332bb4f-fd91-45d4-ad77-eb5abe945f4c", "state": "480", "customerId": null, "localAmount": 115, "localCurrency": "USD"}, {"chainId": "12825488356184644764", "amount": 120, "createdAt": "2018-06-13T19:15:58+00:00", "shoeSize": "6y", "productId": null, "skuUuid": "d332bb4f-fd91-45d4-ad77-eb5abe945f4c", "state": "480", "customerId": null, "localAmount": 120, "localCurrency": "USD"}, {"chainId": "12825488023554401982", "amount": 121, "createdAt": "2018-06-13T19:15:19+00:00", "shoeSize": "7y", "productId": null, "skuUuid": "26e95427-42da-484c-ba90-29adf441c350", "state": "480", "customerId": null, "localAmount": 121, "localCurrency": "USD"}, {"chainId": "12825225078893671582", "amount": 152, "createdAt": "2018-06-13T18:15:04+00:00", "shoeSize": "7y", "productId": null, "skuUuid": "26e95427-42da-484c-ba90-29adf441c350", "state": "480", "customerId": null, "localAmount": 152, "localCurrency": "USD"}, {"chainId": "12825299015895604436", "amount": 148, "createdAt": "2018-06-13T18:13:48+00:00", "shoeSize": "7y", "productId": null, "skuUuid": "26e95427-42da-484c-ba90-29adf441c350", "state": "480", "customerId": null, "localAmount": 148, "localCurrency": "USD"}, {"chainId": "12825224861855762748", "amount": 139, "createdAt": "2018-06-13T16:43:52+00:00", "shoeSize": "6y", "productId": null, "skuUuid": "d332bb4f-fd91-45d4-ad77-eb5abe945f4c", "state": "480", "customerId": null, "localAmount": 139, "localCurrency": "USD"}, {"chainId": "12825224767571408693", "amount": 139, "createdAt": "2018-06-13T14:19:36+00:00", "shoeSize": "5.5y", "productId": null, "skuUuid": "ef2ece63-0483-412c-bc68-61bdcb33eb6c", "state": "480", "customerId": null, "localAmount": 139, "localCurrency": "USD"}, {"chainId": "12825279541725632245", "amount": 145, "createdAt": "2018-06-13T12:21:07+00:00", "shoeSize": "7y", "productId": null, "skuUuid": "26e95427-42da-484c-ba90-29adf441c350", "state": "480", "customerId": null, "localAmount": 145, "localCurrency": "USD"}, {"chainId": "12820547741265776410", "amount": 160, "createdAt": "2018-06-12T19:01:53+00:00", "shoeSize": "7y", "productId": null, "skuUuid": "26e95427-42da-484c-ba90-29adf441c350", "state": "480", "customerId": null, "localAmount": 160, "localCurrency": "USD"}, {"chainId": "12823577602571839102", "amount": 140, "createdAt": "2018-06-12T19:01:12+00:00", "shoeSize": "6.5y", "productId": null, "skuUuid": "4bb0ea5a-bf1f-4fe1-a1b7-4b55aa8f0c17", "state": "480", "customerId": null, "localAmount": 140, "localCurrency": "USD"}, {"chainId": "12824254426470817023", "amount": 159, "createdAt": "2018-06-12T05:17:56+00:00", "shoeSize": "7y", "productId": null, "skuUuid": "26e95427-42da-484c-ba90-29adf441c350", "state": "480", "customerId": null, "localAmount": 159, "localCurrency": "USD"}, {"chainId": "12824049347622223864", "amount": 130, "createdAt": "2018-06-11T19:36:53+00:00", "shoeSize": "7y", "productId": null, "skuUuid": "26e95427-42da-484c-ba90-29adf441c350", "state": "480", "customerId": null, "localAmount": 130, "localCurrency": "USD"}, {"chainId": "12823298860789229947", "amount": 140, "createdAt": "2018-06-10T20:04:36+00:00", "shoeSize": "7y", "productId": null, "skuUuid": "26e95427-42da-484c-ba90-29adf441c350", "state": "480", "customerId": null, "localAmount": 140, "localCurrency": "USD"}, {"chainId": "12817340012558476337", "amount": 140, "createdAt": "2018-06-10T16:58:46+00:00", "shoeSize": "3.5y", "productId": null, "skuUuid": "3b42da95-0118-48ff-ae53-3aaa2c50b2aa", "state": "480", "customerId": null, "localAmount": 140, "localCurrency": "USD"}, {"chainId": "12823184945849244088", "amount": 110, "createdAt": "2018-06-10T14:59:30+00:00", "shoeSize": "7y", "productId": null, "skuUuid": "26e95427-42da-484c-ba90-29adf441c350", "state": "480", "customerId": null, "localAmount": 110, "localCurrency": "USD"}, {"chainId": "12821700072703144810", "amount": 140, "createdAt": "2018-06-09T23:38:33+00:00", "shoeSize": "6.5y", "productId": null, "skuUuid": "4bb0ea5a-bf1f-4fe1-a1b7-4b55aa8f0c17", "state": "480", "customerId": null, "localAmount": 140, "localCurrency": "USD"}, {"chainId": "12821699993860132246", "amount": 140, "createdAt": "2018-06-09T19:45:03+00:00", "shoeSize": "6y", "productId": null, "skuUuid": "d332bb4f-fd91-45d4-ad77-eb5abe945f4c", "state": "480", "customerId": null, "localAmount": 140, "localCurrency": "USD"}, {"chainId": "12821699915246643756", "amount": 140, "createdAt": "2018-06-09T06:10:52+00:00", "shoeSize": "5.5y", "productId": null, "skuUuid": "ef2ece63-0483-412c-bc68-61bdcb33eb6c", "state": "480", "customerId": null, "localAmount": 140, "localCurrency": "USD"}, {"chainId": "12821700172215242302", "amount": 140, "createdAt": "2018-06-08T19:46:34+00:00", "shoeSize": "7y", "productId": null, "skuUuid": "26e95427-42da-484c-ba90-29adf441c350", "state": "480", "customerId": null, "localAmount": 140, "localCurrency": "USD"}, {"chainId": "12821820461135149531", "amount": 111, "createdAt": "2018-06-08T17:48:39+00:00", "shoeSize": "7y", "productId": null, "skuUuid": "26e95427-42da-484c-ba90-29adf441c350", "state": "480", "customerId": null, "localAmount": 111, "localCurrency": "USD"}, {"chainId": "12820968110596814466", "amount": 135, "createdAt": "2018-06-08T03:21:34+00:00", "shoeSize": "7y", "productId": null, "skuUuid": "26e95427-42da-484c-ba90-29adf441c350", "state": "480", "customerId": null, "localAmount": 135, "localCurrency": "USD"}, {"chainId": "12819934968251059305", "amount": 160, "createdAt": "2018-06-06T17:48:28+00:00", "shoeSize": "7y", "productId": null, "skuUuid": "26e95427-42da-484c-ba90-29adf441c350", "state": "480", "customerId": null, "localAmount": 160, "localCurrency": "USD"}, {"chainId": "12818879601058445946", "amount": 125, "createdAt": "2018-06-04T16:31:14+00:00", "shoeSize": "5.5y", "productId": null, "skuUuid": "ef2ece63-0483-412c-bc68-61bdcb33eb6c", "state": "480", "customerId": null, "localAmount": 125, "localCurrency": "USD"}, {"chainId": "12816726500148776414", "amount": 180, "createdAt": "2018-06-03T17:46:03+00:00", "shoeSize": "7y", "productId": null, "skuUuid": "26e95427-42da-484c-ba90-29adf441c350", "state": "480", "customerId": null, "localAmount": 180, "localCurrency": "USD"}, {"chainId": "12818126374456552638", "amount": 133, "createdAt": "2018-06-03T15:29:00+00:00", "shoeSize": "7y", "productId": null, "skuUuid": "26e95427-42da-484c-ba90-29adf441c350", "state": "480", "customerId": null, "localAmount": 133, "localCurrency": "USD"}, {"chainId": "12816152154670947816", "amount": 200, "createdAt": "2018-05-31T22:06:34+00:00", "shoeSize": "7y", "productId": null, "skuUuid": "26e95427-42da-484c-ba90-29adf441c350", "state": "480", "customerId": null, "localAmount": 200, "localCurrency": "USD"}, {"chainId": "12812335227828995546", "amount": 200, "createdAt": "2018-05-28T00:54:42+00:00", "shoeSize": "6y", "productId": null, "skuUuid": "d332bb4f-fd91-45d4-ad77-eb5abe945f4c", "state": "480", "customerId": null, "localAmount": 200, "localCurrency": "USD"}]