[{"chainId": "12972406472869646567", "amount": 125, "createdAt": "2019-01-19T06:26:18+00:00", "shoeSize": "4.5Y", "productId": null, "skuUuid": "4351b5a9-7dab-443e-b710-27da70992eb5", "state": "480", "customerId": null, "localAmount": 125, "localCurrency": "USD"}, {"chainId": "12973084414315882622", "amount": 156, "createdAt": "2019-01-13T20:08:16+00:00", "shoeSize": "5Y", "productId": null, "skuUuid": "7078d7db-d128-4103-89b5-7736af5b392e", "state": "480", "customerId": null, "localAmount": 156, "localCurrency": "USD"}, {"chainId": "12960905198684234471", "amount": 190, "createdAt": "2019-01-13T05:33:37+00:00", "shoeSize": "7Y", "productId": null, "skuUuid": "0b784ce9-91eb-4369-b52f-69be4dc740f0", "state": "480", "customerId": null, "localAmount": 190, "localCurrency": "USD"}, {"chainId": "12962406130352492175", "amount": 148, "createdAt": "2019-01-12T06:03:06+00:00", "shoeSize": "5.5Y", "productId": null, "skuUuid": "a6e5bc60-b6c0-4e30-8c1d-82d30ca5810f", "state": "480", "customerId": null, "localAmount": 148, "localCurrency": "USD"}, {"chainId": "12978644426201291778", "amount": 120, "createdAt": "2019-01-11T02:51:36+00:00", "shoeSize": "5.5Y", "productId": null, "skuUuid": "a6e5bc60-b6c0-4e30-8c1d-82d30ca5810f", "state": "480", "customerId": null, "localAmount": 120, "localCurrency": "USD"}, {"chainId": "12961980738685925337", "amount": 120, "createdAt": "2019-01-10T10:41:29+00:00", "shoeSize": "4.5Y", "productId": null, "skuUuid": "4351b5a9-7dab-443e-b710-27da70992eb5", "state": "480", "customerId": null, "localAmount": 120, "localCurrency": "USD"}, {"chainId": "12977190872945940770", "amount": 160, "createdAt": "2019-01-10T09:30:23+00:00", "shoeSize": "7Y", "productId": null, "skuUuid": "0b784ce9-91eb-4369-b52f-69be4dc740f0", "state": "480", "customerId": null, "localAmount": 160, "localCurrency": "USD"}, {"chainId": "12977296500379266960", "amount": 199, "createdAt": "2019-01-09T21:15:09+00:00", "shoeSize": "6.5Y", "productId": null, "skuUuid": "c21e4715-7941-4bd8-9d08-a6f92b874393", "state": "480", "customerId": null, "localAmount": 199, "localCurrency": "USD"}, {"chainId": "12965772255978984514", "amount": 175, "createdAt": "2019-01-09T02:25:54+00:00", "shoeSize": "6.5Y", "productId": null, "skuUuid": "c21e4715-7941-4bd8-9d08-a6f92b874393", "state": "480", "customerId": null, "localAmount": 175, "localCurrency": "USD"}, {"chainId": "12974179195866315815", "amount": 120, "createdAt": "2019-01-07T17:16:40+00:00", "shoeSize": "5.5Y", "productId": null, "skuUuid": "a6e5bc60-b6c0-4e30-8c1d-82d30ca5810f", "state": "480", "customerId": null, "localAmount": 120, "localCurrency": "USD"}, {"chainId": "12958834504423318883", "amount": 171, "createdAt": "2019-01-07T06:24:55+00:00", "shoeSize": "6.5Y", "productId": null, "skuUuid": "c21e4715-7941-4bd8-9d08-a6f92b874393", "state": "480", "customerId": null, "localAmount": 171, "localCurrency": "USD"}, {"chainId": "12975368708480315306", "amount": 130, "createdAt": "2019-01-06T14:21:26+00:00", "shoeSize": "6.5Y", "productId": null, "skuUuid": "c21e4715-7941-4bd8-9d08-a6f92b874393", "state": "480", "customerId": null, "localAmount": 130, "localCurrency": "USD"}, {"chainId": "12971798964464614360", "amount": 164, "createdAt": "2019-01-04T01:30:04+00:00", "shoeSize": "7Y", "productId": null, "skuUuid": "0b784ce9-91eb-4369-b52f-69be4dc740f0", "state": "480", "customerId": null, "localAmount": 164, "localCurrency": "USD"}, {"chainId": "12972086350566890669", "amount": 105, "createdAt": "2019-01-03T03:58:02+00:00", "shoeSize": "5.5Y", "productId": null, "skuUuid": "a6e5bc60-b6c0-4e30-8c1d-82d30ca5810f", "state": "480", "customerId": null, "localAmount": 105, "localCurrency": "USD"}, {"chainId": "12959317457457669693", "amount": 175, "createdAt": "2019-01-01T20:25:05+00:00", "shoeSize": "6Y", "productId": null, "skuUuid": "552df53c-4258-4b16-9d41-ca2ba7089ebd", "state": "480", "customerId": null, "localAmount": 175, "localCurrency": "USD"}, {"chainId": "12969211696212080235", "amount": 150, "createdAt": "2018-12-30T01:03:49+00:00", "shoeSize": "5Y", "productId": null, "skuUuid": "7078d7db-d128-4103-89b5-7736af5b392e", "state": "480", "customerId": null, "localAmount": 150, "localCurrency": "USD"}, {"chainId": "12964854357421062675", "amount": 145, "createdAt": "2018-12-29T13:18:50+00:00", "shoeSize": "6.5Y", "productId": null, "skuUuid": "c21e4715-7941-4bd8-9d08-a6f92b874393", "state": "480", "customerId": null, "localAmount": 145, "localCurrency": "USD"}, {"chainId": "12961753108476888289", "amount": 170, "createdAt": "2018-12-29T04:00:22+00:00", "shoeSize": "7Y", "productId": null, "skuUuid": "0b784ce9-91eb-4369-b52f-69be4dc740f0", "state": "480", "customerId": null, "localAmount": 170, "localCurrency": "USD"}, {"chainId": "12969187030582927810", "amount": 141, "createdAt": "2018-12-29T01:39:33+00:00", "shoeSize": "7Y", "productId": null, "skuUuid": "0b784ce9-91eb-4369-b52f-69be4dc740f0", "state": "480", "customerId": null, "localAmount": 141, "localCurrency": "USD"}, {"chainId": "12962575472182441266", "amount": 160, "createdAt": "2018-12-27T22:47:15+00:00", "shoeSize": "5Y", "productId": null, "skuUuid": "7078d7db-d128-4103-89b5-7736af5b392e", "state": "480", "customerId": null, "localAmount": 160, "localCurrency": "USD"}, {"chainId": "12963341387095246436", "amount": 145, "createdAt": "2018-12-26T20:59:19+00:00", "shoeSize": "7Y", "productId": null, "skuUuid": "0b784ce9-91eb-4369-b52f-69be4dc740f0", "state": "480", "customerId": null, "localAmount": 145, "localCurrency": "USD"}, {"chainId": "12967144544739550886", "amount": 120, "createdAt": "2018-12-26T06:01:30+00:00", "shoeSize": "5.5Y", "productId": null, "skuUuid": "a6e5bc60-b6c0-4e30-8c1d-82d30ca5810f", "state": "480", "customerId": null, "localAmount": 120, "localCurrency": "USD"}, {"chainId": "12966116462492883819", "amount": 166, "createdAt": "2018-12-25T22:28:48+00:00", "shoeSize": "7Y", "productId": null, "skuUuid": "0b784ce9-91eb-4369-b52f-69be4dc740f0", "state": "480", "customerId": null, "localAmount": 166, "localCurrency": "USD"}, {"chainId": "12964854164439043786", "amount": 160, "createdAt": "2018-12-23T02:44:46+00:00", "shoeSize": "6Y", "productId": null, "skuUuid": "552df53c-4258-4b16-9d41-ca2ba7089ebd", "state": "480", "customerId": null, "localAmount": 160, "localCurrency": "USD"}, {"chainId": "12963117498552320420", "amount": 170, "createdAt": "2018-12-21T08:33:03+00:00", "shoeSize": "6.5Y", "productId": null, "skuUuid": "c21e4715-7941-4bd8-9d08-a6f92b874393", "state": "480", "customerId": null, "localAmount": 170, "localCurrency": "USD"}, {"chainId": "12960887067617603617", "amount": 169, "createdAt": "2018-12-21T02:25:10+00:00", "shoeSize": "7Y", "productId": null, "skuUuid": "0b784ce9-91eb-4369-b52f-69be4dc740f0", "state": "480", "customerId": null, "localAmount": 169, "localCurrency": "USD"}, {"chainId": "12959895058421316600", "amount": 156, "createdAt": "2018-12-20T22:42:44+00:00", "shoeSize": "6.5Y", "productId": null, "skuUuid": "c21e4715-7941-4bd8-9d08-a6f92b874393", "state": "480", "customerId": null, "localAmount": 156, "localCurrency": "USD"}, {"chainId": "12962506625728709994", "amount": 165, "createdAt": "2018-12-20T09:05:47+00:00", "shoeSize": "6Y", "productId": null, "skuUuid": "552df53c-4258-4b16-9d41-ca2ba7089ebd", "state": "480", "customerId": null, "localAmount": 165, "localCurrency": "USD"}, {"chainId": "12960920872615956429", "amount": 150, "createdAt": "2018-12-19T23:28:28+00:00", "shoeSize": "6.5Y", "productId": null, "skuUuid": "c21e4715-7941-4bd8-9d08-a6f92b874393", "state": "480", "customerId": null, "localAmount": 150, "localCurrency": "USD"}, {"chainId": "12961153951364896205", "amount": 149, "createdAt": "2018-12-19T22:11:22+00:00", "shoeSize": "6.5Y", "productId": null, "skuUuid": "c21e4715-7941-4bd8-9d08-a6f92b874393", "state": "480", "customerId": null, "localAmount": 149, "localCurrency": "USD"}, {"chainId": "12961871341840292816", "amount": 167, "createdAt": "2018-12-19T16:16:03+00:00", "shoeSize": "7Y", "productId": null, "skuUuid": "0b784ce9-91eb-4369-b52f-69be4dc740f0", "state": "480", "customerId": null, "localAmount": 167, "localCurrency": "USD"}, {"chainId": "12962340718931811961", "amount": 148, "createdAt": "2018-12-19T15:18:15+00:00", "shoeSize": "5.5Y", "productId": null, "skuUuid": "a6e5bc60-b6c0-4e30-8c1d-82d30ca5810f", "state": "480", "customerId": null, "localAmount": 148, "localCurrency": "USD"}, {"chainId": "12961919123891381277", "amount": 185, "createdAt": "2018-12-19T02:17:50+00:00", "shoeSize": "6Y", "productId": null, "skuUuid": "552df53c-4258-4b16-9d41-ca2ba7089ebd", "state": "480", "customerId": null, "localAmount": 185, "localCurrency": "USD"}, {"chainId": "12961796695004776729", "amount": 155, "createdAt": "2018-12-18T20:56:16+00:00", "shoeSize": "7Y", "productId": null, "skuUuid": "0b784ce9-91eb-4369-b52f-69be4dc740f0", "state": "480", "customerId": null, "localAmount": 155, "localCurrency": "USD"}, {"chainId": "12961501780927406726", "amount": 160, "createdAt": "2018-12-18T19:44:24+00:00", "shoeSize": "7Y", "productId": null, "skuUuid": "0b784ce9-91eb-4369-b52f-69be4dc740f0", "state": "480", "customerId": null, "localAmount": 160, "localCurrency": "USD"}, {"chainId": "12960503221820177962", "amount": 170, "createdAt": "2018-12-18T12:22:33+00:00", "shoeSize": "7Y", "productId": null, "skuUuid": "0b784ce9-91eb-4369-b52f-69be4dc740f0", "state": "480", "customerId": null, "localAmount": 170, "localCurrency": "USD"}, {"chainId": "12959741671673863181", "amount": 172, "createdAt": "2018-12-18T02:22:33+00:00", "shoeSize": "7Y", "productId": null, "skuUuid": "0b784ce9-91eb-4369-b52f-69be4dc740f0", "state": "480", "customerId": null, "localAmount": 172, "localCurrency": "USD"}, {"chainId": "12959694884095176472", "amount": 174, "createdAt": "2018-12-15T23:20:22+00:00", "shoeSize": "7Y", "productId": null, "skuUuid": "0b784ce9-91eb-4369-b52f-69be4dc740f0", "state": "480", "customerId": null, "localAmount": 174, "localCurrency": "USD"}, {"chainId": "12958819137763078200", "amount": 203, "createdAt": "2018-12-15T17:27:52+00:00", "shoeSize": "7Y", "productId": null, "skuUuid": "0b784ce9-91eb-4369-b52f-69be4dc740f0", "state": "480", "customerId": null, "localAmount": 203, "localCurrency": "USD"}, {"chainId": "12958784138550598227", "amount": 185, "createdAt": "2018-12-15T04:32:27+00:00", "shoeSize": "7Y", "productId": null, "skuUuid": "0b784ce9-91eb-4369-b52f-69be4dc740f0", "state": "480", "customerId": null, "localAmount": 185, "localCurrency": "USD"}, {"chainId": "12958942071480601624", "amount": 184, "createdAt": "2018-12-15T04:23:05+00:00", "shoeSize": "7Y", "productId": null, "skuUuid": "0b784ce9-91eb-4369-b52f-69be4dc740f0", "state": "480", "customerId": null, "localAmount": 184, "localCurrency": "USD"}, {"chainId": "12958781922112954198", "amount": 185, "createdAt": "2018-12-14T21:15:57+00:00", "shoeSize": "7Y", "productId": null, "skuUuid": "0b784ce9-91eb-4369-b52f-69be4dc740f0", "state": "480", "customerId": null, "localAmount": 185, "localCurrency": "USD"}, {"chainId": "12958850984734345283", "amount": 175, "createdAt": "2018-12-14T21:11:03+00:00", "shoeSize": "6.5Y", "productId": null, "skuUuid": "c21e4715-7941-4bd8-9d08-a6f92b874393", "state": "480", "customerId": null, "localAmount": 175, "localCurrency": "USD"}, {"chainId": "12958888401581398285", "amount": 145, "createdAt": "2018-12-14T20:38:32+00:00", "shoeSize": "5.5Y", "productId": null, "skuUuid": "a6e5bc60-b6c0-4e30-8c1d-82d30ca5810f", "state": "480", "customerId": null, "localAmount": 145, "localCurrency": "USD"}, {"chainId": "12958847580723144507", "amount": 150, "createdAt": "2018-12-14T19:16:57+00:00", "shoeSize": "6.5Y", "productId": null, "skuUuid": "c21e4715-7941-4bd8-9d08-a6f92b874393", "state": "480", "customerId": null, "localAmount": 150, "localCurrency": "USD"}, {"chainId": "12958822893425176176", "amount": 170, "createdAt": "2018-12-14T18:27:53+00:00", "shoeSize": "7Y", "productId": null, "skuUuid": "0b784ce9-91eb-4369-b52f-69be4dc740f0", "state": "480", "customerId": null, "localAmount": 170, "localCurrency": "USD"}, {"chainId": "12958787471495855084", "amount": 205, "createdAt": "2018-12-14T17:41:29+00:00", "shoeSize": "7Y", "productId": null, "skuUuid": "0b784ce9-91eb-4369-b52f-69be4dc740f0", "state": "480", "customerId": null, "localAmount": 205, "localCurrency": "USD"}, {"chainId": "12958782614341539050", "amount": 200, "createdAt": "2018-12-14T17:34:52+00:00", "shoeSize": "7Y", "productId": null, "skuUuid": "0b784ce9-91eb-4369-b52f-69be4dc740f0", "state": "480", "customerId": null, "localAmount": 200, "localCurrency": "USD"}, {"chainId": "12958789474121374672", "amount": 200, "createdAt": "2018-12-14T17:21:34+00:00", "shoeSize": "5.5Y", "productId": null, "skuUuid": "a6e5bc60-b6c0-4e30-8c1d-82d30ca5810f", "state": "480", "customerId": null, "localAmount": 200, "localCurrency": "USD"}]