[{"chainId": "12988151219990717168", "amount": 102, "createdAt": "2019-01-24T05:38:02+00:00", "shoeSize": "11", "productId": null, "skuUuid": "1795bb30-073a-45e2-9258-689c9d5d82fc", "state": "480", "customerId": null, "localAmount": 102, "localCurrency": "USD"}, {"chainId": "12977186353366935152", "amount": 95, "createdAt": "2019-01-23T03:40:01+00:00", "shoeSize": "13", "productId": null, "skuUuid": "ae388dab-08b1-4180-adba-023bd43c6857", "state": "480", "customerId": null, "localAmount": 95, "localCurrency": "USD"}, {"chainId": "12977186275306691017", "amount": 99, "createdAt": "2019-01-22T21:48:31+00:00", "shoeSize": "12", "productId": null, "skuUuid": "2fb604ed-0f55-4984-98d2-d8d3ebc0f7d6", "state": "480", "customerId": null, "localAmount": 99, "localCurrency": "USD"}, {"chainId": "12986692154718680094", "amount": 110, "createdAt": "2019-01-22T15:06:24+00:00", "shoeSize": "11", "productId": null, "skuUuid": "1795bb30-073a-45e2-9258-689c9d5d82fc", "state": "480", "customerId": null, "localAmount": 110, "localCurrency": "USD"}, {"chainId": "12983486490641028286", "amount": 100, "createdAt": "2019-01-22T06:15:01+00:00", "shoeSize": "11", "productId": null, "skuUuid": "1795bb30-073a-45e2-9258-689c9d5d82fc", "state": "480", "customerId": null, "localAmount": 100, "localCurrency": "USD"}, {"chainId": "12985788004895861040", "amount": 95, "createdAt": "2019-01-21T08:44:54+00:00", "shoeSize": "11", "productId": null, "skuUuid": "1795bb30-073a-45e2-9258-689c9d5d82fc", "state": "480", "customerId": null, "localAmount": 95, "localCurrency": "USD"}, {"chainId": "12985666963561345655", "amount": 121, "createdAt": "2019-01-20T19:22:20+00:00", "shoeSize": "9.5", "productId": null, "skuUuid": "66e006cc-f68a-44a0-b886-1a6f7ab5fba8", "state": "480", "customerId": null, "localAmount": 121, "localCurrency": "USD"}, {"chainId": "12981630403741823491", "amount": 178, "createdAt": "2019-01-20T14:14:52+00:00", "shoeSize": "8", "productId": null, "skuUuid": "583012a2-0400-4d3e-856c-9332f0aa3aa5", "state": "480", "customerId": null, "localAmount": 178, "localCurrency": "USD"}, {"chainId": "12985053258456758385", "amount": 108, "createdAt": "2019-01-19T23:03:02+00:00", "shoeSize": "10", "productId": null, "skuUuid": "dbaa590f-e78e-42c4-a7b0-abc6023a1298", "state": "480", "customerId": null, "localAmount": 108, "localCurrency": "USD"}, {"chainId": "12983486577058211353", "amount": 95, "createdAt": "2019-01-18T22:52:26+00:00", "shoeSize": "11", "productId": null, "skuUuid": "1795bb30-073a-45e2-9258-689c9d5d82fc", "state": "480", "customerId": null, "localAmount": 95, "localCurrency": "USD"}, {"chainId": "12982510941968939059", "amount": 210, "createdAt": "2019-01-18T08:07:38+00:00", "shoeSize": "7", "productId": null, "skuUuid": "5bdca7c0-3183-4b62-a986-577e81dbd662", "state": "480", "customerId": null, "localAmount": 210, "localCurrency": "USD"}, {"chainId": "12983503557528205787", "amount": 179, "createdAt": "2019-01-17T19:45:07+00:00", "shoeSize": "7.5", "productId": null, "skuUuid": "2aac59d7-55d9-4860-b626-644e38093b5d", "state": "480", "customerId": null, "localAmount": 179, "localCurrency": "USD"}, {"chainId": "12977646424818131915", "amount": 105, "createdAt": "2019-01-15T07:21:37+00:00", "shoeSize": "10.5", "productId": null, "skuUuid": "1d9e5746-a0d2-463c-bd92-d81c8b610e39", "state": "480", "customerId": null, "localAmount": 105, "localCurrency": "USD"}, {"chainId": "12959154573090093609", "amount": 125, "createdAt": "2019-01-15T05:46:29+00:00", "shoeSize": "11.5", "productId": null, "skuUuid": "70a47d4c-21ec-4a74-b9c2-b2d4fec053c3", "state": "480", "customerId": null, "localAmount": 125, "localCurrency": "USD"}, {"chainId": "12979851773798420573", "amount": 109, "createdAt": "2019-01-13T23:28:31+00:00", "shoeSize": "10", "productId": null, "skuUuid": "dbaa590f-e78e-42c4-a7b0-abc6023a1298", "state": "480", "customerId": null, "localAmount": 109, "localCurrency": "USD"}, {"chainId": "12969758526948416185", "amount": 163, "createdAt": "2019-01-13T23:27:27+00:00", "shoeSize": "9", "productId": null, "skuUuid": "ab565b96-4237-4c66-84f9-b436cbe2515c", "state": "480", "customerId": null, "localAmount": 163, "localCurrency": "USD"}, {"chainId": "12969758933339211541", "amount": 152, "createdAt": "2019-01-13T23:27:03+00:00", "shoeSize": "9.5", "productId": null, "skuUuid": "66e006cc-f68a-44a0-b886-1a6f7ab5fba8", "state": "480", "customerId": null, "localAmount": 152, "localCurrency": "USD"}, {"chainId": "12969758809575507396", "amount": 160, "createdAt": "2019-01-13T23:26:45+00:00", "shoeSize": "9.5", "productId": null, "skuUuid": "66e006cc-f68a-44a0-b886-1a6f7ab5fba8", "state": "480", "customerId": null, "localAmount": 160, "localCurrency": "USD"}, {"chainId": "12980674613454316762", "amount": 162, "createdAt": "2019-01-13T22:03:25+00:00", "shoeSize": "9.5", "productId": null, "skuUuid": "66e006cc-f68a-44a0-b886-1a6f7ab5fba8", "state": "480", "customerId": null, "localAmount": 162, "localCurrency": "USD"}, {"chainId": "12980672290569173480", "amount": 164, "createdAt": "2019-01-13T21:58:43+00:00", "shoeSize": "9", "productId": null, "skuUuid": "ab565b96-4237-4c66-84f9-b436cbe2515c", "state": "480", "customerId": null, "localAmount": 164, "localCurrency": "USD"}, {"chainId": "12979334450396903968", "amount": 70, "createdAt": "2019-01-12T01:40:41+00:00", "shoeSize": "13", "productId": null, "skuUuid": "ae388dab-08b1-4180-adba-023bd43c6857", "state": "480", "customerId": null, "localAmount": 70, "localCurrency": "USD"}, {"chainId": "12979334207930519336", "amount": 75, "createdAt": "2019-01-12T01:40:11+00:00", "shoeSize": "13", "productId": null, "skuUuid": "ae388dab-08b1-4180-adba-023bd43c6857", "state": "480", "customerId": null, "localAmount": 75, "localCurrency": "USD"}, {"chainId": "12979203370986687174", "amount": 100, "createdAt": "2019-01-11T23:40:48+00:00", "shoeSize": "13", "productId": null, "skuUuid": "ae388dab-08b1-4180-adba-023bd43c6857", "state": "480", "customerId": null, "localAmount": 100, "localCurrency": "USD"}, {"chainId": "12978539681718663191", "amount": 100, "createdAt": "2019-01-10T23:21:38+00:00", "shoeSize": "11", "productId": null, "skuUuid": "1795bb30-073a-45e2-9258-689c9d5d82fc", "state": "480", "customerId": null, "localAmount": 100, "localCurrency": "USD"}, {"chainId": "12970808981372299293", "amount": 140, "createdAt": "2019-01-10T02:30:40+00:00", "shoeSize": "10", "productId": null, "skuUuid": "dbaa590f-e78e-42c4-a7b0-abc6023a1298", "state": "480", "customerId": null, "localAmount": 140, "localCurrency": "USD"}, {"chainId": "12977017657423743939", "amount": 107, "createdAt": "2019-01-08T20:57:38+00:00", "shoeSize": "10", "productId": null, "skuUuid": "dbaa590f-e78e-42c4-a7b0-abc6023a1298", "state": "480", "customerId": null, "localAmount": 107, "localCurrency": "USD"}, {"chainId": "12976916245799093086", "amount": 170, "createdAt": "2019-01-08T17:36:07+00:00", "shoeSize": "8.5", "productId": null, "skuUuid": "8e05a552-92d7-47d7-b309-bb75e58fbe73", "state": "480", "customerId": null, "localAmount": 170, "localCurrency": "USD"}, {"chainId": "12944673384765185286", "amount": 177.7064, "createdAt": "2019-01-08T13:59:41+00:00", "shoeSize": "9.5", "productId": null, "skuUuid": "66e006cc-f68a-44a0-b886-1a6f7ab5fba8", "state": "480", "customerId": null, "localAmount": 178, "localCurrency": "USD"}, {"chainId": "12968310801490633600", "amount": 105, "createdAt": "2019-01-06T17:21:00+00:00", "shoeSize": "11", "productId": null, "skuUuid": "1795bb30-073a-45e2-9258-689c9d5d82fc", "state": "480", "customerId": null, "localAmount": 105, "localCurrency": "USD"}, {"chainId": "12961884563514509429", "amount": 164, "createdAt": "2019-01-02T12:00:04+00:00", "shoeSize": "9", "productId": null, "skuUuid": "ab565b96-4237-4c66-84f9-b436cbe2515c", "state": "480", "customerId": null, "localAmount": 164, "localCurrency": "USD"}, {"chainId": "12967569980948323731", "amount": 98, "createdAt": "2018-12-30T15:06:27+00:00", "shoeSize": "10", "productId": null, "skuUuid": "dbaa590f-e78e-42c4-a7b0-abc6023a1298", "state": "480", "customerId": null, "localAmount": 98, "localCurrency": "USD"}, {"chainId": "12969073239900566776", "amount": 160, "createdAt": "2018-12-28T21:53:32+00:00", "shoeSize": "9", "productId": null, "skuUuid": "ab565b96-4237-4c66-84f9-b436cbe2515c", "state": "480", "customerId": null, "localAmount": 160, "localCurrency": "USD"}, {"chainId": "12962070631535743507", "amount": 120, "createdAt": "2018-12-25T03:33:33+00:00", "shoeSize": "12", "productId": null, "skuUuid": "2fb604ed-0f55-4984-98d2-d8d3ebc0f7d6", "state": "480", "customerId": null, "localAmount": 120, "localCurrency": "USD"}, {"chainId": "12956199862919577538", "amount": 150, "createdAt": "2018-12-23T18:53:30+00:00", "shoeSize": "14", "productId": null, "skuUuid": "aef49eef-6596-427c-bc14-3e9b6b001195", "state": "480", "customerId": null, "localAmount": 150, "localCurrency": "USD"}, {"chainId": "12960490974457958230", "amount": 80, "createdAt": "2018-12-21T06:56:43+00:00", "shoeSize": "11", "productId": null, "skuUuid": "1795bb30-073a-45e2-9258-689c9d5d82fc", "state": "480", "customerId": null, "localAmount": 80, "localCurrency": "USD"}, {"chainId": "12963328230078319550", "amount": 151, "createdAt": "2018-12-21T02:59:29+00:00", "shoeSize": "9.5", "productId": null, "skuUuid": "66e006cc-f68a-44a0-b886-1a6f7ab5fba8", "state": "480", "customerId": null, "localAmount": 151, "localCurrency": "USD"}, {"chainId": "12962884632178661263", "amount": 140, "createdAt": "2018-12-20T14:35:57+00:00", "shoeSize": "10.5", "productId": null, "skuUuid": "1d9e5746-a0d2-463c-bd92-d81c8b610e39", "state": "480", "customerId": null, "localAmount": 140, "localCurrency": "USD"}, {"chainId": "12961500490979425809", "amount": 130, "createdAt": "2018-12-20T06:06:07+00:00", "shoeSize": "10", "productId": null, "skuUuid": "dbaa590f-e78e-42c4-a7b0-abc6023a1298", "state": "480", "customerId": null, "localAmount": 130, "localCurrency": "USD"}, {"chainId": "12962695071329714210", "amount": 171, "createdAt": "2018-12-20T02:41:16+00:00", "shoeSize": "8", "productId": null, "skuUuid": "583012a2-0400-4d3e-856c-9332f0aa3aa5", "state": "480", "customerId": null, "localAmount": 171, "localCurrency": "USD"}, {"chainId": "12962693310046445400", "amount": 180, "createdAt": "2018-12-20T02:37:42+00:00", "shoeSize": "8.5", "productId": null, "skuUuid": "8e05a552-92d7-47d7-b309-bb75e58fbe73", "state": "480", "customerId": null, "localAmount": 180, "localCurrency": "USD"}, {"chainId": "12962693029567715392", "amount": 156, "createdAt": "2018-12-20T02:37:12+00:00", "shoeSize": "9", "productId": null, "skuUuid": "ab565b96-4237-4c66-84f9-b436cbe2515c", "state": "480", "customerId": null, "localAmount": 156, "localCurrency": "USD"}, {"chainId": "12962654252540788782", "amount": 152, "createdAt": "2018-12-20T01:20:10+00:00", "shoeSize": "9.5", "productId": null, "skuUuid": "66e006cc-f68a-44a0-b886-1a6f7ab5fba8", "state": "480", "customerId": null, "localAmount": 152, "localCurrency": "USD"}, {"chainId": "12962370422106881394", "amount": 88, "createdAt": "2018-12-19T15:56:10+00:00", "shoeSize": "12", "productId": null, "skuUuid": "2fb604ed-0f55-4984-98d2-d8d3ebc0f7d6", "state": "480", "customerId": null, "localAmount": 88, "localCurrency": "USD"}, {"chainId": "12962071544527991937", "amount": 153, "createdAt": "2018-12-19T06:02:23+00:00", "shoeSize": "9.5", "productId": null, "skuUuid": "66e006cc-f68a-44a0-b886-1a6f7ab5fba8", "state": "480", "customerId": null, "localAmount": 153, "localCurrency": "USD"}, {"chainId": "12961063154948602747", "amount": 152, "createdAt": "2018-12-18T01:29:34+00:00", "shoeSize": "9.5", "productId": null, "skuUuid": "66e006cc-f68a-44a0-b886-1a6f7ab5fba8", "state": "480", "customerId": null, "localAmount": 152, "localCurrency": "USD"}, {"chainId": "12961062690924472755", "amount": 200, "createdAt": "2018-12-17T20:58:53+00:00", "shoeSize": "9", "productId": null, "skuUuid": "ab565b96-4237-4c66-84f9-b436cbe2515c", "state": "480", "customerId": null, "localAmount": 200, "localCurrency": "USD"}, {"chainId": "12961036007311037745", "amount": 156, "createdAt": "2018-12-17T19:45:01+00:00", "shoeSize": "9", "productId": null, "skuUuid": "ab565b96-4237-4c66-84f9-b436cbe2515c", "state": "480", "customerId": null, "localAmount": 156, "localCurrency": "USD"}, {"chainId": "12961035868455651218", "amount": 152, "createdAt": "2018-12-17T19:44:39+00:00", "shoeSize": "9.5", "productId": null, "skuUuid": "66e006cc-f68a-44a0-b886-1a6f7ab5fba8", "state": "480", "customerId": null, "localAmount": 152, "localCurrency": "USD"}, {"chainId": "12948060771815710708", "amount": 224, "createdAt": "2018-12-17T15:43:21+00:00", "shoeSize": "8", "productId": null, "skuUuid": "583012a2-0400-4d3e-856c-9332f0aa3aa5", "state": "480", "customerId": null, "localAmount": 224, "localCurrency": "USD"}, {"chainId": "12957414616842940258", "amount": 95, "createdAt": "2018-12-15T14:08:22+00:00", "shoeSize": "11", "productId": null, "skuUuid": "1795bb30-073a-45e2-9258-689c9d5d82fc", "state": "480", "customerId": null, "localAmount": 95, "localCurrency": "USD"}, {"chainId": "12950168516814959860", "amount": 170, "createdAt": "2018-12-15T10:54:40+00:00", "shoeSize": "9", "productId": null, "skuUuid": "ab565b96-4237-4c66-84f9-b436cbe2515c", "state": "480", "customerId": null, "localAmount": 170, "localCurrency": "USD"}, {"chainId": "12954461034503284577", "amount": 105, "createdAt": "2018-12-13T23:33:16+00:00", "shoeSize": "13", "productId": null, "skuUuid": "ae388dab-08b1-4180-adba-023bd43c6857", "state": "480", "customerId": null, "localAmount": 105, "localCurrency": "USD"}, {"chainId": "12957435193438128968", "amount": 95, "createdAt": "2018-12-13T18:53:03+00:00", "shoeSize": "10.5", "productId": null, "skuUuid": "1d9e5746-a0d2-463c-bd92-d81c8b610e39", "state": "480", "customerId": null, "localAmount": 95, "localCurrency": "USD"}, {"chainId": "12950426459740670356", "amount": 95, "createdAt": "2018-12-13T02:42:56+00:00", "shoeSize": "10.5", "productId": null, "skuUuid": "1d9e5746-a0d2-463c-bd92-d81c8b610e39", "state": "480", "customerId": null, "localAmount": 95, "localCurrency": "USD"}, {"chainId": "12957500698191544103", "amount": 90, "createdAt": "2018-12-12T22:40:53+00:00", "shoeSize": "10", "productId": null, "skuUuid": "dbaa590f-e78e-42c4-a7b0-abc6023a1298", "state": "480", "customerId": null, "localAmount": 90, "localCurrency": "USD"}, {"chainId": "12956063353455042444", "amount": 95, "createdAt": "2018-12-12T21:33:21+00:00", "shoeSize": "10", "productId": null, "skuUuid": "dbaa590f-e78e-42c4-a7b0-abc6023a1298", "state": "480", "customerId": null, "localAmount": 95, "localCurrency": "USD"}, {"chainId": "12949020110622450153", "amount": 170, "createdAt": "2018-12-12T17:16:06+00:00", "shoeSize": "8.5", "productId": null, "skuUuid": "8e05a552-92d7-47d7-b309-bb75e58fbe73", "state": "480", "customerId": null, "localAmount": 170, "localCurrency": "USD"}, {"chainId": "12957281923664237652", "amount": 120, "createdAt": "2018-12-12T15:26:14+00:00", "shoeSize": "12", "productId": null, "skuUuid": "2fb604ed-0f55-4984-98d2-d8d3ebc0f7d6", "state": "480", "customerId": null, "localAmount": 120, "localCurrency": "USD"}, {"chainId": "12956572609707408098", "amount": 148, "createdAt": "2018-12-11T15:57:50+00:00", "shoeSize": "9", "productId": null, "skuUuid": "ab565b96-4237-4c66-84f9-b436cbe2515c", "state": "480", "customerId": null, "localAmount": 148, "localCurrency": "USD"}, {"chainId": "12954450783328245197", "amount": 50, "createdAt": "2018-12-08T19:51:08+00:00", "shoeSize": "13", "productId": null, "skuUuid": "ae388dab-08b1-4180-adba-023bd43c6857", "state": "480", "customerId": null, "localAmount": 50, "localCurrency": "USD"}, {"chainId": "12954454334331024930", "amount": 151, "createdAt": "2018-12-08T17:48:19+00:00", "shoeSize": "7.5", "productId": null, "skuUuid": "2aac59d7-55d9-4860-b626-644e38093b5d", "state": "480", "customerId": null, "localAmount": 151, "localCurrency": "USD"}, {"chainId": "12950185030218725394", "amount": 82.7514, "createdAt": "2018-12-08T00:18:50+00:00", "shoeSize": "11", "productId": null, "skuUuid": "1795bb30-073a-45e2-9258-689c9d5d82fc", "state": "480", "customerId": null, "localAmount": 83, "localCurrency": "USD"}, {"chainId": "12951047000110196783", "amount": 170, "createdAt": "2018-12-07T15:26:35+00:00", "shoeSize": "9", "productId": null, "skuUuid": "ab565b96-4237-4c66-84f9-b436cbe2515c", "state": "480", "customerId": null, "localAmount": 170, "localCurrency": "USD"}, {"chainId": "12952950994370146033", "amount": 164, "createdAt": "2018-12-06T16:01:31+00:00", "shoeSize": "8.5", "productId": null, "skuUuid": "8e05a552-92d7-47d7-b309-bb75e58fbe73", "state": "480", "customerId": null, "localAmount": 164, "localCurrency": "USD"}, {"chainId": "12935713699617950911", "amount": 115, "createdAt": "2018-12-06T02:42:10+00:00", "shoeSize": "10", "productId": null, "skuUuid": "dbaa590f-e78e-42c4-a7b0-abc6023a1298", "state": "480", "customerId": null, "localAmount": 115, "localCurrency": "USD"}, {"chainId": "12951619569209918546", "amount": 90.8039, "createdAt": "2018-12-05T18:33:20+00:00", "shoeSize": "10.5", "productId": null, "skuUuid": "1d9e5746-a0d2-463c-bd92-d81c8b610e39", "state": "480", "customerId": null, "localAmount": 91, "localCurrency": "USD"}, {"chainId": "12949554011648342740", "amount": 169, "createdAt": "2018-12-05T11:49:10+00:00", "shoeSize": "9", "productId": null, "skuUuid": "ab565b96-4237-4c66-84f9-b436cbe2515c", "state": "480", "customerId": null, "localAmount": 169, "localCurrency": "USD"}, {"chainId": "12939305724228061141", "amount": 68, "createdAt": "2018-12-04T15:23:39+00:00", "shoeSize": "12", "productId": null, "skuUuid": "2fb604ed-0f55-4984-98d2-d8d3ebc0f7d6", "state": "480", "customerId": null, "localAmount": 68, "localCurrency": "USD"}, {"chainId": "12950903577944207145", "amount": 83, "createdAt": "2018-12-03T20:13:38+00:00", "shoeSize": "11.5", "productId": null, "skuUuid": "70a47d4c-21ec-4a74-b9c2-b2d4fec053c3", "state": "480", "customerId": null, "localAmount": 83, "localCurrency": "USD"}, {"chainId": "12945837397575910890", "amount": 85, "createdAt": "2018-12-03T04:05:51+00:00", "shoeSize": "10.5", "productId": null, "skuUuid": "1d9e5746-a0d2-463c-bd92-d81c8b610e39", "state": "480", "customerId": null, "localAmount": 85, "localCurrency": "USD"}, {"chainId": "12946437077031863417", "amount": 160, "createdAt": "2018-12-02T20:11:14+00:00", "shoeSize": "8.5", "productId": null, "skuUuid": "8e05a552-92d7-47d7-b309-bb75e58fbe73", "state": "480", "customerId": null, "localAmount": 160, "localCurrency": "USD"}, {"chainId": "12949554314407809912", "amount": 175, "createdAt": "2018-12-02T07:00:25+00:00", "shoeSize": "9.5", "productId": null, "skuUuid": "66e006cc-f68a-44a0-b886-1a6f7ab5fba8", "state": "480", "customerId": null, "localAmount": 175, "localCurrency": "USD"}, {"chainId": "12949020366159433862", "amount": 175, "createdAt": "2018-12-01T18:18:06+00:00", "shoeSize": "9", "productId": null, "skuUuid": "ab565b96-4237-4c66-84f9-b436cbe2515c", "state": "480", "customerId": null, "localAmount": 175, "localCurrency": "USD"}, {"chainId": "12948605162988923555", "amount": 134, "createdAt": "2018-11-30T16:07:07+00:00", "shoeSize": "9", "productId": null, "skuUuid": "ab565b96-4237-4c66-84f9-b436cbe2515c", "state": "480", "customerId": null, "localAmount": 134, "localCurrency": "USD"}, {"chainId": "12947311019207606106", "amount": 122, "createdAt": "2018-11-28T21:15:53+00:00", "shoeSize": "9", "productId": null, "skuUuid": "ab565b96-4237-4c66-84f9-b436cbe2515c", "state": "480", "customerId": null, "localAmount": 122, "localCurrency": "USD"}, {"chainId": "12946759310840046139", "amount": 151, "createdAt": "2018-11-28T14:46:28+00:00", "shoeSize": "8.5", "productId": null, "skuUuid": "8e05a552-92d7-47d7-b309-bb75e58fbe73", "state": "480", "customerId": null, "localAmount": 151, "localCurrency": "USD"}, {"chainId": "12934323064991694195", "amount": 85, "createdAt": "2018-11-27T16:41:10+00:00", "shoeSize": "10", "productId": null, "skuUuid": "dbaa590f-e78e-42c4-a7b0-abc6023a1298", "state": "480", "customerId": null, "localAmount": 85, "localCurrency": "USD"}, {"chainId": "12945959892334523980", "amount": 114, "createdAt": "2018-11-27T12:49:50+00:00", "shoeSize": "9.5", "productId": null, "skuUuid": "66e006cc-f68a-44a0-b886-1a6f7ab5fba8", "state": "480", "customerId": null, "localAmount": 114, "localCurrency": "USD"}, {"chainId": "12945787743736189230", "amount": 115, "createdAt": "2018-11-26T18:49:21+00:00", "shoeSize": "9", "productId": null, "skuUuid": "ab565b96-4237-4c66-84f9-b436cbe2515c", "state": "480", "customerId": null, "localAmount": 115, "localCurrency": "USD"}, {"chainId": "12922675179943305800", "amount": 132, "createdAt": "2018-11-25T16:34:07+00:00", "shoeSize": "12.5", "productId": null, "skuUuid": "cc834a78-195f-424f-b794-2d479f9adde9", "state": "480", "customerId": null, "localAmount": 132, "localCurrency": "USD"}, {"chainId": "12938211926861672279", "amount": 125, "createdAt": "2018-11-24T07:32:58+00:00", "shoeSize": "9", "productId": null, "skuUuid": "ab565b96-4237-4c66-84f9-b436cbe2515c", "state": "480", "customerId": null, "localAmount": 125, "localCurrency": "USD"}, {"chainId": "12938212220649076912", "amount": 90, "createdAt": "2018-11-24T02:27:17+00:00", "shoeSize": "10", "productId": null, "skuUuid": "dbaa590f-e78e-42c4-a7b0-abc6023a1298", "state": "480", "customerId": null, "localAmount": 90, "localCurrency": "USD"}, {"chainId": "12938579734478996303", "amount": 150, "createdAt": "2018-11-22T10:34:06+00:00", "shoeSize": "8.5", "productId": null, "skuUuid": "8e05a552-92d7-47d7-b309-bb75e58fbe73", "state": "480", "customerId": null, "localAmount": 150, "localCurrency": "USD"}, {"chainId": "12927962538559788205", "amount": 150, "createdAt": "2018-11-22T10:33:40+00:00", "shoeSize": "7.5", "productId": null, "skuUuid": "2aac59d7-55d9-4860-b626-644e38093b5d", "state": "480", "customerId": null, "localAmount": 150, "localCurrency": "USD"}, {"chainId": "12919718707384400481", "amount": 90, "createdAt": "2018-11-20T19:30:59+00:00", "shoeSize": "15", "productId": null, "skuUuid": "94e364d6-5d1c-46d5-919b-e25c40e4131d", "state": "480", "customerId": null, "localAmount": 90, "localCurrency": "USD"}, {"chainId": "12940692509388952956", "amount": 120, "createdAt": "2018-11-20T09:29:07+00:00", "shoeSize": "9.5", "productId": null, "skuUuid": "66e006cc-f68a-44a0-b886-1a6f7ab5fba8", "state": "480", "customerId": null, "localAmount": 120, "localCurrency": "USD"}, {"chainId": "12934380132024282525", "amount": 87.9995, "createdAt": "2018-11-19T17:38:55+00:00", "shoeSize": "11.5", "productId": null, "skuUuid": "70a47d4c-21ec-4a74-b9c2-b2d4fec053c3", "state": "480", "customerId": null, "localAmount": 88, "localCurrency": "USD"}, {"chainId": "12939305619526513210", "amount": 67, "createdAt": "2018-11-19T08:38:09+00:00", "shoeSize": "11", "productId": null, "skuUuid": "1795bb30-073a-45e2-9258-689c9d5d82fc", "state": "480", "customerId": null, "localAmount": 67, "localCurrency": "USD"}, {"chainId": "12939969327193138441", "amount": 73, "createdAt": "2018-11-18T22:01:38+00:00", "shoeSize": "10", "productId": null, "skuUuid": "dbaa590f-e78e-42c4-a7b0-abc6023a1298", "state": "480", "customerId": null, "localAmount": 73, "localCurrency": "USD"}, {"chainId": "12937976834686550230", "amount": 76, "createdAt": "2018-11-18T05:49:37+00:00", "shoeSize": "10", "productId": null, "skuUuid": "dbaa590f-e78e-42c4-a7b0-abc6023a1298", "state": "480", "customerId": null, "localAmount": 76, "localCurrency": "USD"}, {"chainId": "12938211532747919403", "amount": 138, "createdAt": "2018-11-18T05:42:25+00:00", "shoeSize": "8", "productId": null, "skuUuid": "583012a2-0400-4d3e-856c-9332f0aa3aa5", "state": "480", "customerId": null, "localAmount": 138, "localCurrency": "USD"}, {"chainId": "12938598167445766325", "amount": 73, "createdAt": "2018-11-18T00:49:07+00:00", "shoeSize": "10.5", "productId": null, "skuUuid": "1d9e5746-a0d2-463c-bd92-d81c8b610e39", "state": "480", "customerId": null, "localAmount": 73, "localCurrency": "USD"}, {"chainId": "12937977144597369241", "amount": 75, "createdAt": "2018-11-17T20:13:13+00:00", "shoeSize": "13", "productId": null, "skuUuid": "ae388dab-08b1-4180-adba-023bd43c6857", "state": "480", "customerId": null, "localAmount": 75, "localCurrency": "USD"}, {"chainId": "12937976401737247039", "amount": 72, "createdAt": "2018-11-17T19:48:08+00:00", "shoeSize": "10.5", "productId": null, "skuUuid": "1d9e5746-a0d2-463c-bd92-d81c8b610e39", "state": "480", "customerId": null, "localAmount": 72, "localCurrency": "USD"}, {"chainId": "12939174735279421025", "amount": 120, "createdAt": "2018-11-17T15:50:29+00:00", "shoeSize": "9.5", "productId": null, "skuUuid": "66e006cc-f68a-44a0-b886-1a6f7ab5fba8", "state": "480", "customerId": null, "localAmount": 120, "localCurrency": "USD"}, {"chainId": "12937799474186401703", "amount": 70, "createdAt": "2018-11-16T20:42:57+00:00", "shoeSize": "10.5", "productId": null, "skuUuid": "1d9e5746-a0d2-463c-bd92-d81c8b610e39", "state": "480", "customerId": null, "localAmount": 70, "localCurrency": "USD"}, {"chainId": "12937976944779065851", "amount": 64, "createdAt": "2018-11-16T08:08:19+00:00", "shoeSize": "11", "productId": null, "skuUuid": "1795bb30-073a-45e2-9258-689c9d5d82fc", "state": "480", "customerId": null, "localAmount": 64, "localCurrency": "USD"}, {"chainId": "12937852930278741301", "amount": 60, "createdAt": "2018-11-16T02:45:46+00:00", "shoeSize": "11", "productId": null, "skuUuid": "1795bb30-073a-45e2-9258-689c9d5d82fc", "state": "480", "customerId": null, "localAmount": 60, "localCurrency": "USD"}, {"chainId": "12937977600219290949", "amount": 101, "createdAt": "2018-11-16T00:11:59+00:00", "shoeSize": "9.5", "productId": null, "skuUuid": "66e006cc-f68a-44a0-b886-1a6f7ab5fba8", "state": "480", "customerId": null, "localAmount": 101, "localCurrency": "USD"}, {"chainId": "12937977235545728822", "amount": 106, "createdAt": "2018-11-16T00:11:19+00:00", "shoeSize": "9", "productId": null, "skuUuid": "ab565b96-4237-4c66-84f9-b436cbe2515c", "state": "480", "customerId": null, "localAmount": 106, "localCurrency": "USD"}, {"chainId": "12937976660358269558", "amount": 107, "createdAt": "2018-11-16T00:10:07+00:00", "shoeSize": "9", "productId": null, "skuUuid": "ab565b96-4237-4c66-84f9-b436cbe2515c", "state": "480", "customerId": null, "localAmount": 107, "localCurrency": "USD"}, {"chainId": "12937799781395765021", "amount": 75, "createdAt": "2018-11-15T21:37:37+00:00", "shoeSize": "11.5", "productId": null, "skuUuid": "70a47d4c-21ec-4a74-b9c2-b2d4fec053c3", "state": "480", "customerId": null, "localAmount": 75, "localCurrency": "USD"}, {"chainId": "12937851663452380562", "amount": 59, "createdAt": "2018-11-15T20:01:47+00:00", "shoeSize": "11", "productId": null, "skuUuid": "1795bb30-073a-45e2-9258-689c9d5d82fc", "state": "480", "customerId": null, "localAmount": 59, "localCurrency": "USD"}, {"chainId": "12937851337503781697", "amount": 65, "createdAt": "2018-11-15T20:01:08+00:00", "shoeSize": "10.5", "productId": null, "skuUuid": "1d9e5746-a0d2-463c-bd92-d81c8b610e39", "state": "480", "customerId": null, "localAmount": 65, "localCurrency": "USD"}, {"chainId": "12937846645110245163", "amount": 80, "createdAt": "2018-11-15T19:51:48+00:00", "shoeSize": "10", "productId": null, "skuUuid": "dbaa590f-e78e-42c4-a7b0-abc6023a1298", "state": "480", "customerId": null, "localAmount": 80, "localCurrency": "USD"}, {"chainId": "12935585186198191417", "amount": 130, "createdAt": "2018-11-12T16:58:41+00:00", "shoeSize": "8.5", "productId": null, "skuUuid": "8e05a552-92d7-47d7-b309-bb75e58fbe73", "state": "480", "customerId": null, "localAmount": 130, "localCurrency": "USD"}, {"chainId": "12931388058520686957", "amount": 145, "createdAt": "2018-11-12T07:55:29+00:00", "shoeSize": "9", "productId": null, "skuUuid": "ab565b96-4237-4c66-84f9-b436cbe2515c", "state": "480", "customerId": null, "localAmount": 145, "localCurrency": "USD"}, {"chainId": "12922664689879397892", "amount": 175, "createdAt": "2018-11-12T07:45:38+00:00", "shoeSize": "8.5", "productId": null, "skuUuid": "8e05a552-92d7-47d7-b309-bb75e58fbe73", "state": "480", "customerId": null, "localAmount": 175, "localCurrency": "USD"}, {"chainId": "12932045525317070309", "amount": 144, "createdAt": "2018-11-09T08:36:10+00:00", "shoeSize": "9", "productId": null, "skuUuid": "ab565b96-4237-4c66-84f9-b436cbe2515c", "state": "480", "customerId": null, "localAmount": 144, "localCurrency": "USD"}, {"chainId": "12834926612123531347", "amount": 140.1182, "createdAt": "2018-11-08T21:30:03+00:00", "shoeSize": "10.5", "productId": null, "skuUuid": "1d9e5746-a0d2-463c-bd92-d81c8b610e39", "state": "480", "customerId": null, "localAmount": 141, "localCurrency": "USD"}, {"chainId": "12926861361685931095", "amount": 90, "createdAt": "2018-11-08T15:35:49+00:00", "shoeSize": "13", "productId": null, "skuUuid": "ae388dab-08b1-4180-adba-023bd43c6857", "state": "480", "customerId": null, "localAmount": 90, "localCurrency": "USD"}, {"chainId": "12932090426734652450", "amount": 139, "createdAt": "2018-11-08T15:34:54+00:00", "shoeSize": "8.5", "productId": null, "skuUuid": "8e05a552-92d7-47d7-b309-bb75e58fbe73", "state": "480", "customerId": null, "localAmount": 139, "localCurrency": "USD"}, {"chainId": "12932328189854914007", "amount": 102, "createdAt": "2018-11-08T05:07:37+00:00", "shoeSize": "9.5", "productId": null, "skuUuid": "66e006cc-f68a-44a0-b886-1a6f7ab5fba8", "state": "480", "customerId": null, "localAmount": 102, "localCurrency": "USD"}, {"chainId": "12931272346612670581", "amount": 124, "createdAt": "2018-11-06T18:09:55+00:00", "shoeSize": "8.5", "productId": null, "skuUuid": "8e05a552-92d7-47d7-b309-bb75e58fbe73", "state": "480", "customerId": null, "localAmount": 124, "localCurrency": "USD"}, {"chainId": "12928367934347289922", "amount": 124, "createdAt": "2018-11-06T18:08:43+00:00", "shoeSize": "8.5", "productId": null, "skuUuid": "8e05a552-92d7-47d7-b309-bb75e58fbe73", "state": "480", "customerId": null, "localAmount": 124, "localCurrency": "USD"}, {"chainId": "12930681476052389167", "amount": 124, "createdAt": "2018-11-05T22:35:58+00:00", "shoeSize": "8.5", "productId": null, "skuUuid": "8e05a552-92d7-47d7-b309-bb75e58fbe73", "state": "480", "customerId": null, "localAmount": 124, "localCurrency": "USD"}, {"chainId": "12903585806327336260", "amount": 140, "createdAt": "2018-11-03T03:36:10+00:00", "shoeSize": "9.5", "productId": null, "skuUuid": "66e006cc-f68a-44a0-b886-1a6f7ab5fba8", "state": "480", "customerId": null, "localAmount": 140, "localCurrency": "USD"}, {"chainId": "12927599103799160557", "amount": 150, "createdAt": "2018-11-02T14:01:42+00:00", "shoeSize": "8", "productId": null, "skuUuid": "583012a2-0400-4d3e-856c-9332f0aa3aa5", "state": "480", "customerId": null, "localAmount": 150, "localCurrency": "USD"}, {"chainId": "12916755973187488590", "amount": 84, "createdAt": "2018-11-01T13:47:43+00:00", "shoeSize": "11", "productId": null, "skuUuid": "1795bb30-073a-45e2-9258-689c9d5d82fc", "state": "480", "customerId": null, "localAmount": 84, "localCurrency": "USD"}, {"chainId": "12926271871757261998", "amount": 88, "createdAt": "2018-11-01T03:27:44+00:00", "shoeSize": "10", "productId": null, "skuUuid": "dbaa590f-e78e-42c4-a7b0-abc6023a1298", "state": "480", "customerId": null, "localAmount": 88, "localCurrency": "USD"}, {"chainId": "12925590668838083716", "amount": 89, "createdAt": "2018-11-01T01:30:24+00:00", "shoeSize": "10", "productId": null, "skuUuid": "dbaa590f-e78e-42c4-a7b0-abc6023a1298", "state": "480", "customerId": null, "localAmount": 89, "localCurrency": "USD"}, {"chainId": "12912514340640557910", "amount": 124, "createdAt": "2018-11-01T00:50:35+00:00", "shoeSize": "8.5", "productId": null, "skuUuid": "8e05a552-92d7-47d7-b309-bb75e58fbe73", "state": "480", "customerId": null, "localAmount": 124, "localCurrency": "USD"}, {"chainId": "12926270990687305016", "amount": 107, "createdAt": "2018-10-31T21:42:10+00:00", "shoeSize": "9", "productId": null, "skuUuid": "ab565b96-4237-4c66-84f9-b436cbe2515c", "state": "480", "customerId": null, "localAmount": 107, "localCurrency": "USD"}, {"chainId": "12925669025347685966", "amount": 105, "createdAt": "2018-10-30T09:02:29+00:00", "shoeSize": "10", "productId": null, "skuUuid": "dbaa590f-e78e-42c4-a7b0-abc6023a1298", "state": "480", "customerId": null, "localAmount": 105, "localCurrency": "USD"}, {"chainId": "12924969345429791901", "amount": 90, "createdAt": "2018-10-29T21:59:50+00:00", "shoeSize": "10", "productId": null, "skuUuid": "dbaa590f-e78e-42c4-a7b0-abc6023a1298", "state": "480", "customerId": null, "localAmount": 90, "localCurrency": "USD"}, {"chainId": "12925587118646603243", "amount": 133, "createdAt": "2018-10-29T21:54:19+00:00", "shoeSize": "10.5", "productId": null, "skuUuid": "1d9e5746-a0d2-463c-bd92-d81c8b610e39", "state": "480", "customerId": null, "localAmount": 133, "localCurrency": "USD"}, {"chainId": "12920256756628949724", "amount": 110, "createdAt": "2018-10-26T13:33:04+00:00", "shoeSize": "9", "productId": null, "skuUuid": "ab565b96-4237-4c66-84f9-b436cbe2515c", "state": "480", "customerId": null, "localAmount": 110, "localCurrency": "USD"}, {"chainId": "12921209935546127498", "amount": 114, "createdAt": "2018-10-25T06:00:12+00:00", "shoeSize": "7", "productId": null, "skuUuid": "5bdca7c0-3183-4b62-a986-577e81dbd662", "state": "480", "customerId": null, "localAmount": 114, "localCurrency": "USD"}, {"chainId": "12887558370322122015", "amount": 125, "createdAt": "2018-10-22T10:28:13+00:00", "shoeSize": "10", "productId": null, "skuUuid": "dbaa590f-e78e-42c4-a7b0-abc6023a1298", "state": "480", "customerId": null, "localAmount": 125, "localCurrency": "USD"}, {"chainId": "12919141795018001308", "amount": 98, "createdAt": "2018-10-21T19:55:05+00:00", "shoeSize": "9", "productId": null, "skuUuid": "ab565b96-4237-4c66-84f9-b436cbe2515c", "state": "480", "customerId": null, "localAmount": 98, "localCurrency": "USD"}, {"chainId": "12901756866054744434", "amount": 89, "createdAt": "2018-10-21T07:28:51+00:00", "shoeSize": "10", "productId": null, "skuUuid": "dbaa590f-e78e-42c4-a7b0-abc6023a1298", "state": "480", "customerId": null, "localAmount": 89, "localCurrency": "USD"}, {"chainId": "12918932824493970880", "amount": 120, "createdAt": "2018-10-20T17:33:27+00:00", "shoeSize": "8", "productId": null, "skuUuid": "583012a2-0400-4d3e-856c-9332f0aa3aa5", "state": "480", "customerId": null, "localAmount": 120, "localCurrency": "USD"}, {"chainId": "12918837630110898004", "amount": 120, "createdAt": "2018-10-20T14:24:19+00:00", "shoeSize": "8", "productId": null, "skuUuid": "583012a2-0400-4d3e-856c-9332f0aa3aa5", "state": "480", "customerId": null, "localAmount": 120, "localCurrency": "USD"}, {"chainId": "12918837506669888678", "amount": 121, "createdAt": "2018-10-20T14:24:02+00:00", "shoeSize": "8", "productId": null, "skuUuid": "583012a2-0400-4d3e-856c-9332f0aa3aa5", "state": "480", "customerId": null, "localAmount": 121, "localCurrency": "USD"}, {"chainId": "12790261162173814326", "amount": 110, "createdAt": "2018-10-19T19:13:04+00:00", "shoeSize": "10.5", "productId": null, "skuUuid": "1d9e5746-a0d2-463c-bd92-d81c8b610e39", "state": "480", "customerId": null, "localAmount": 110, "localCurrency": "USD"}, {"chainId": "12916755796645288468", "amount": 75, "createdAt": "2018-10-19T12:08:48+00:00", "shoeSize": "11", "productId": null, "skuUuid": "1795bb30-073a-45e2-9258-689c9d5d82fc", "state": "480", "customerId": null, "localAmount": 75, "localCurrency": "USD"}, {"chainId": "12916285195625584565", "amount": 139, "createdAt": "2018-10-19T09:04:12+00:00", "shoeSize": "8", "productId": null, "skuUuid": "583012a2-0400-4d3e-856c-9332f0aa3aa5", "state": "480", "customerId": null, "localAmount": 139, "localCurrency": "USD"}, {"chainId": "12915526118456577247", "amount": 120, "createdAt": "2018-10-18T06:14:01+00:00", "shoeSize": "8", "productId": null, "skuUuid": "583012a2-0400-4d3e-856c-9332f0aa3aa5", "state": "480", "customerId": null, "localAmount": 120, "localCurrency": "USD"}, {"chainId": "12916755584483611623", "amount": 81, "createdAt": "2018-10-17T17:27:38+00:00", "shoeSize": "11", "productId": null, "skuUuid": "1795bb30-073a-45e2-9258-689c9d5d82fc", "state": "480", "customerId": null, "localAmount": 81, "localCurrency": "USD"}, {"chainId": "12916755375986123761", "amount": 95, "createdAt": "2018-10-17T17:27:15+00:00", "shoeSize": "9", "productId": null, "skuUuid": "ab565b96-4237-4c66-84f9-b436cbe2515c", "state": "480", "customerId": null, "localAmount": 95, "localCurrency": "USD"}, {"chainId": "12916755155963615146", "amount": 97, "createdAt": "2018-10-17T17:26:47+00:00", "shoeSize": "9", "productId": null, "skuUuid": "ab565b96-4237-4c66-84f9-b436cbe2515c", "state": "480", "customerId": null, "localAmount": 97, "localCurrency": "USD"}, {"chainId": "12916754982870365877", "amount": 105, "createdAt": "2018-10-17T17:26:28+00:00", "shoeSize": "8.5", "productId": null, "skuUuid": "8e05a552-92d7-47d7-b309-bb75e58fbe73", "state": "480", "customerId": null, "localAmount": 105, "localCurrency": "USD"}, {"chainId": "12916754839281454825", "amount": 107, "createdAt": "2018-10-17T17:26:08+00:00", "shoeSize": "8.5", "productId": null, "skuUuid": "8e05a552-92d7-47d7-b309-bb75e58fbe73", "state": "480", "customerId": null, "localAmount": 107, "localCurrency": "USD"}, {"chainId": "12916753114803110614", "amount": 107, "createdAt": "2018-10-17T17:22:43+00:00", "shoeSize": "8", "productId": null, "skuUuid": "583012a2-0400-4d3e-856c-9332f0aa3aa5", "state": "480", "customerId": null, "localAmount": 107, "localCurrency": "USD"}, {"chainId": "12914646155971184973", "amount": 90, "createdAt": "2018-10-17T16:51:49+00:00", "shoeSize": "11", "productId": null, "skuUuid": "1795bb30-073a-45e2-9258-689c9d5d82fc", "state": "480", "customerId": null, "localAmount": 90, "localCurrency": "USD"}, {"chainId": "12910331612589531011", "amount": 110, "createdAt": "2018-10-17T14:47:33+00:00", "shoeSize": "8", "productId": null, "skuUuid": "583012a2-0400-4d3e-856c-9332f0aa3aa5", "state": "480", "customerId": null, "localAmount": 110, "localCurrency": "USD"}, {"chainId": "12914645836128186557", "amount": 100, "createdAt": "2018-10-15T20:17:13+00:00", "shoeSize": "8.5", "productId": null, "skuUuid": "8e05a552-92d7-47d7-b309-bb75e58fbe73", "state": "480", "customerId": null, "localAmount": 100, "localCurrency": "USD"}, {"chainId": "12846671931509226738", "amount": 130, "createdAt": "2018-10-15T03:37:26+00:00", "shoeSize": "9.5", "productId": null, "skuUuid": "66e006cc-f68a-44a0-b886-1a6f7ab5fba8", "state": "480", "customerId": null, "localAmount": 130, "localCurrency": "USD"}, {"chainId": "12914646903611768487", "amount": 87, "createdAt": "2018-10-14T21:58:48+00:00", "shoeSize": "9.5", "productId": null, "skuUuid": "66e006cc-f68a-44a0-b886-1a6f7ab5fba8", "state": "480", "customerId": null, "localAmount": 87, "localCurrency": "USD"}, {"chainId": "12914645994219134258", "amount": 90, "createdAt": "2018-10-14T21:57:42+00:00", "shoeSize": "9", "productId": null, "skuUuid": "ab565b96-4237-4c66-84f9-b436cbe2515c", "state": "480", "customerId": null, "localAmount": 90, "localCurrency": "USD"}, {"chainId": "12905259176025847351", "amount": 99, "createdAt": "2018-10-14T21:27:22+00:00", "shoeSize": "14", "productId": null, "skuUuid": "aef49eef-6596-427c-bc14-3e9b6b001195", "state": "480", "customerId": null, "localAmount": 99, "localCurrency": "USD"}, {"chainId": "12914646576803616513", "amount": 87, "createdAt": "2018-10-14T19:37:25+00:00", "shoeSize": "9.5", "productId": null, "skuUuid": "66e006cc-f68a-44a0-b886-1a6f7ab5fba8", "state": "480", "customerId": null, "localAmount": 87, "localCurrency": "USD"}, {"chainId": "12912800739201147038", "amount": 88, "createdAt": "2018-10-13T03:54:12+00:00", "shoeSize": "9.5", "productId": null, "skuUuid": "66e006cc-f68a-44a0-b886-1a6f7ab5fba8", "state": "480", "customerId": null, "localAmount": 88, "localCurrency": "USD"}, {"chainId": "12907409079311911238", "amount": 100, "createdAt": "2018-10-13T00:33:49+00:00", "shoeSize": "10.5", "productId": null, "skuUuid": "1d9e5746-a0d2-463c-bd92-d81c8b610e39", "state": "480", "customerId": null, "localAmount": 100, "localCurrency": "USD"}, {"chainId": "12889474132218920559", "amount": 170, "createdAt": "2018-10-11T05:22:01+00:00", "shoeSize": "8.5", "productId": null, "skuUuid": "8e05a552-92d7-47d7-b309-bb75e58fbe73", "state": "480", "customerId": null, "localAmount": 170, "localCurrency": "USD"}, {"chainId": "12911780187810813220", "amount": 99, "createdAt": "2018-10-10T20:42:24+00:00", "shoeSize": "8.5", "productId": null, "skuUuid": "8e05a552-92d7-47d7-b309-bb75e58fbe73", "state": "480", "customerId": null, "localAmount": 99, "localCurrency": "USD"}, {"chainId": "12911594614455104754", "amount": 85, "createdAt": "2018-10-10T16:34:07+00:00", "shoeSize": "11", "productId": null, "skuUuid": "1795bb30-073a-45e2-9258-689c9d5d82fc", "state": "480", "customerId": null, "localAmount": 85, "localCurrency": "USD"}, {"chainId": "12911625475081732932", "amount": 86, "createdAt": "2018-10-10T15:35:01+00:00", "shoeSize": "11", "productId": null, "skuUuid": "1795bb30-073a-45e2-9258-689c9d5d82fc", "state": "480", "customerId": null, "localAmount": 86, "localCurrency": "USD"}, {"chainId": "12897456719802821245", "amount": 85, "createdAt": "2018-10-10T04:57:30+00:00", "shoeSize": "10", "productId": null, "skuUuid": "dbaa590f-e78e-42c4-a7b0-abc6023a1298", "state": "480", "customerId": null, "localAmount": 85, "localCurrency": "USD"}, {"chainId": "12907408933792134633", "amount": 130, "createdAt": "2018-10-07T19:03:20+00:00", "shoeSize": "12", "productId": null, "skuUuid": "2fb604ed-0f55-4984-98d2-d8d3ebc0f7d6", "state": "480", "customerId": null, "localAmount": 130, "localCurrency": "USD"}, {"chainId": "12908107164478231706", "amount": 135, "createdAt": "2018-10-07T02:53:59+00:00", "shoeSize": "8.5", "productId": null, "skuUuid": "8e05a552-92d7-47d7-b309-bb75e58fbe73", "state": "480", "customerId": null, "localAmount": 135, "localCurrency": "USD"}, {"chainId": "12906159855836925898", "amount": 90, "createdAt": "2018-10-03T02:35:50+00:00", "shoeSize": "11.5", "productId": null, "skuUuid": "70a47d4c-21ec-4a74-b9c2-b2d4fec053c3", "state": "480", "customerId": null, "localAmount": 90, "localCurrency": "USD"}, {"chainId": "12905259584484028922", "amount": 90, "createdAt": "2018-10-01T20:47:08+00:00", "shoeSize": "11", "productId": null, "skuUuid": "1795bb30-073a-45e2-9258-689c9d5d82fc", "state": "480", "customerId": null, "localAmount": 90, "localCurrency": "USD"}, {"chainId": "12904415731538952889", "amount": 100, "createdAt": "2018-09-30T16:50:33+00:00", "shoeSize": "8", "productId": null, "skuUuid": "583012a2-0400-4d3e-856c-9332f0aa3aa5", "state": "480", "customerId": null, "localAmount": 100, "localCurrency": "USD"}, {"chainId": "12903741770432784847", "amount": 110, "createdAt": "2018-09-29T18:31:30+00:00", "shoeSize": "9", "productId": null, "skuUuid": "ab565b96-4237-4c66-84f9-b436cbe2515c", "state": "480", "customerId": null, "localAmount": 110, "localCurrency": "USD"}, {"chainId": "12901553985903858721", "amount": 86, "createdAt": "2018-09-26T18:04:47+00:00", "shoeSize": "9", "productId": null, "skuUuid": "ab565b96-4237-4c66-84f9-b436cbe2515c", "state": "480", "customerId": null, "localAmount": 86, "localCurrency": "USD"}, {"chainId": "12901031851397883183", "amount": 120, "createdAt": "2018-09-26T04:10:47+00:00", "shoeSize": "8.5", "productId": null, "skuUuid": "8e05a552-92d7-47d7-b309-bb75e58fbe73", "state": "480", "customerId": null, "localAmount": 120, "localCurrency": "USD"}, {"chainId": "12890703958749177280", "amount": 100, "createdAt": "2018-09-25T16:38:50+00:00", "shoeSize": "9.5", "productId": null, "skuUuid": "66e006cc-f68a-44a0-b886-1a6f7ab5fba8", "state": "480", "customerId": null, "localAmount": 100, "localCurrency": "USD"}, {"chainId": "12807369845831165272", "amount": 100, "createdAt": "2018-09-22T00:22:46+00:00", "shoeSize": "15", "productId": null, "skuUuid": "94e364d6-5d1c-46d5-919b-e25c40e4131d", "state": "480", "customerId": null, "localAmount": 100, "localCurrency": "USD"}, {"chainId": "12808286837308612069", "amount": 85, "createdAt": "2018-09-20T01:42:56+00:00", "shoeSize": "10", "productId": null, "skuUuid": "dbaa590f-e78e-42c4-a7b0-abc6023a1298", "state": "480", "customerId": null, "localAmount": 85, "localCurrency": "USD"}, {"chainId": "12893528145534867720", "amount": 100, "createdAt": "2018-09-19T06:25:54+00:00", "shoeSize": "9.5", "productId": null, "skuUuid": "66e006cc-f68a-44a0-b886-1a6f7ab5fba8", "state": "480", "customerId": null, "localAmount": 100, "localCurrency": "USD"}, {"chainId": "12894927371234388267", "amount": 97, "createdAt": "2018-09-17T14:38:52+00:00", "shoeSize": "8", "productId": null, "skuUuid": "583012a2-0400-4d3e-856c-9332f0aa3aa5", "state": "480", "customerId": null, "localAmount": 97, "localCurrency": "USD"}, {"chainId": "12867633378433592742", "amount": 73, "createdAt": "2018-09-16T12:04:55+00:00", "shoeSize": "10", "productId": null, "skuUuid": "dbaa590f-e78e-42c4-a7b0-abc6023a1298", "state": "480", "customerId": null, "localAmount": 73, "localCurrency": "USD"}, {"chainId": "12885881928290817213", "amount": 90, "createdAt": "2018-09-14T18:24:37+00:00", "shoeSize": "12", "productId": null, "skuUuid": "2fb604ed-0f55-4984-98d2-d8d3ebc0f7d6", "state": "480", "customerId": null, "localAmount": 90, "localCurrency": "USD"}, {"chainId": "12892144153200420358", "amount": 98, "createdAt": "2018-09-13T18:31:01+00:00", "shoeSize": "8.5", "productId": null, "skuUuid": "8e05a552-92d7-47d7-b309-bb75e58fbe73", "state": "480", "customerId": null, "localAmount": 98, "localCurrency": "USD"}, {"chainId": "12889381393089792701", "amount": 64, "createdAt": "2018-09-09T23:00:00+00:00", "shoeSize": "10", "productId": null, "skuUuid": "dbaa590f-e78e-42c4-a7b0-abc6023a1298", "state": "480", "customerId": null, "localAmount": 64, "localCurrency": "USD"}, {"chainId": "12882849475889591655", "amount": 95, "createdAt": "2018-09-04T02:23:29+00:00", "shoeSize": "11", "productId": null, "skuUuid": "1795bb30-073a-45e2-9258-689c9d5d82fc", "state": "480", "customerId": null, "localAmount": 95, "localCurrency": "USD"}, {"chainId": "12881543374029952178", "amount": 105, "createdAt": "2018-08-30T15:45:21+00:00", "shoeSize": "11", "productId": null, "skuUuid": "1795bb30-073a-45e2-9258-689c9d5d82fc", "state": "480", "customerId": null, "localAmount": 105, "localCurrency": "USD"}, {"chainId": "12851403827701295009", "amount": 75, "createdAt": "2018-08-30T12:41:56+00:00", "shoeSize": "12", "productId": null, "skuUuid": "2fb604ed-0f55-4984-98d2-d8d3ebc0f7d6", "state": "480", "customerId": null, "localAmount": 75, "localCurrency": "USD"}, {"chainId": "12875040382027916073", "amount": 100, "createdAt": "2018-08-21T21:12:50+00:00", "shoeSize": "9", "productId": null, "skuUuid": "ab565b96-4237-4c66-84f9-b436cbe2515c", "state": "480", "customerId": null, "localAmount": 100, "localCurrency": "USD"}, {"chainId": "12874238712838596935", "amount": 95, "createdAt": "2018-08-20T01:42:08+00:00", "shoeSize": "8", "productId": null, "skuUuid": "583012a2-0400-4d3e-856c-9332f0aa3aa5", "state": "480", "customerId": null, "localAmount": 95, "localCurrency": "USD"}, {"chainId": "12869816784426235946", "amount": 89, "createdAt": "2018-08-18T17:28:20+00:00", "shoeSize": "13", "productId": null, "skuUuid": "ae388dab-08b1-4180-adba-023bd43c6857", "state": "480", "customerId": null, "localAmount": 89, "localCurrency": "USD"}, {"chainId": "12777187106088990865", "amount": 110, "createdAt": "2018-08-18T11:55:36+00:00", "shoeSize": "9", "productId": null, "skuUuid": "ab565b96-4237-4c66-84f9-b436cbe2515c", "state": "480", "customerId": null, "localAmount": 110, "localCurrency": "USD"}, {"chainId": "12841453053680164356", "amount": 100, "createdAt": "2018-08-17T09:20:53+00:00", "shoeSize": "9", "productId": null, "skuUuid": "ab565b96-4237-4c66-84f9-b436cbe2515c", "state": "480", "customerId": null, "localAmount": 100, "localCurrency": "USD"}, {"chainId": "12870858663992587698", "amount": 85, "createdAt": "2018-08-15T18:03:59+00:00", "shoeSize": "8", "productId": null, "skuUuid": "583012a2-0400-4d3e-856c-9332f0aa3aa5", "state": "480", "customerId": null, "localAmount": 85, "localCurrency": "USD"}, {"chainId": "12870858526093379485", "amount": 85, "createdAt": "2018-08-15T14:37:13+00:00", "shoeSize": "7.5", "productId": null, "skuUuid": "2aac59d7-55d9-4860-b626-644e38093b5d", "state": "480", "customerId": null, "localAmount": 85, "localCurrency": "USD"}, {"chainId": "12807367569029392422", "amount": 85, "createdAt": "2018-08-15T03:12:49+00:00", "shoeSize": "8", "productId": null, "skuUuid": "583012a2-0400-4d3e-856c-9332f0aa3aa5", "state": "480", "customerId": null, "localAmount": 85, "localCurrency": "USD"}, {"chainId": "12807367365236770585", "amount": 85, "createdAt": "2018-08-14T11:12:18+00:00", "shoeSize": "7.5", "productId": null, "skuUuid": "2aac59d7-55d9-4860-b626-644e38093b5d", "state": "480", "customerId": null, "localAmount": 85, "localCurrency": "USD"}, {"chainId": "12869816376539108004", "amount": 89, "createdAt": "2018-08-14T03:50:08+00:00", "shoeSize": "11.5", "productId": null, "skuUuid": "70a47d4c-21ec-4a74-b9c2-b2d4fec053c3", "state": "480", "customerId": null, "localAmount": 89, "localCurrency": "USD"}, {"chainId": "12812321028996737838", "amount": 95, "createdAt": "2018-08-13T21:56:57+00:00", "shoeSize": "11", "productId": null, "skuUuid": "1795bb30-073a-45e2-9258-689c9d5d82fc", "state": "480", "customerId": null, "localAmount": 95, "localCurrency": "USD"}, {"chainId": "12869110756889281272", "amount": 70, "createdAt": "2018-08-12T23:45:54+00:00", "shoeSize": "11", "productId": null, "skuUuid": "1795bb30-073a-45e2-9258-689c9d5d82fc", "state": "480", "customerId": null, "localAmount": 70, "localCurrency": "USD"}, {"chainId": "12861782701379311587", "amount": 77, "createdAt": "2018-08-10T20:43:11+00:00", "shoeSize": "10", "productId": null, "skuUuid": "dbaa590f-e78e-42c4-a7b0-abc6023a1298", "state": "480", "customerId": null, "localAmount": 77, "localCurrency": "USD"}, {"chainId": "12851403606527813587", "amount": 76, "createdAt": "2018-08-10T18:40:47+00:00", "shoeSize": "10", "productId": null, "skuUuid": "dbaa590f-e78e-42c4-a7b0-abc6023a1298", "state": "480", "customerId": null, "localAmount": 76, "localCurrency": "USD"}, {"chainId": "12851667949720051793", "amount": 76, "createdAt": "2018-08-09T16:21:39+00:00", "shoeSize": "11", "productId": null, "skuUuid": "1795bb30-073a-45e2-9258-689c9d5d82fc", "state": "480", "customerId": null, "localAmount": 76, "localCurrency": "USD"}, {"chainId": "12848881491295305790", "amount": 85, "createdAt": "2018-08-09T00:14:12+00:00", "shoeSize": "10.5", "productId": null, "skuUuid": "1d9e5746-a0d2-463c-bd92-d81c8b610e39", "state": "480", "customerId": null, "localAmount": 85, "localCurrency": "USD"}, {"chainId": "12864633548746435393", "amount": 63, "createdAt": "2018-08-08T19:47:00+00:00", "shoeSize": "10", "productId": null, "skuUuid": "dbaa590f-e78e-42c4-a7b0-abc6023a1298", "state": "480", "customerId": null, "localAmount": 63, "localCurrency": "USD"}, {"chainId": "12860931809106336642", "amount": 85, "createdAt": "2018-08-08T00:12:07+00:00", "shoeSize": "8", "productId": null, "skuUuid": "583012a2-0400-4d3e-856c-9332f0aa3aa5", "state": "480", "customerId": null, "localAmount": 85, "localCurrency": "USD"}, {"chainId": "12863988746250575527", "amount": 55, "createdAt": "2018-08-05T22:09:20+00:00", "shoeSize": "11", "productId": null, "skuUuid": "1795bb30-073a-45e2-9258-689c9d5d82fc", "state": "480", "customerId": null, "localAmount": 55, "localCurrency": "USD"}, {"chainId": "12863988527577925947", "amount": 55, "createdAt": "2018-08-05T22:08:57+00:00", "shoeSize": "8.5", "productId": null, "skuUuid": "8e05a552-92d7-47d7-b309-bb75e58fbe73", "state": "480", "customerId": null, "localAmount": 55, "localCurrency": "USD"}, {"chainId": "12863879125836878997", "amount": 75, "createdAt": "2018-08-05T21:09:12+00:00", "shoeSize": "11", "productId": null, "skuUuid": "1795bb30-073a-45e2-9258-689c9d5d82fc", "state": "480", "customerId": null, "localAmount": 75, "localCurrency": "USD"}, {"chainId": "12863874265715778821", "amount": 60, "createdAt": "2018-08-05T18:21:53+00:00", "shoeSize": "11", "productId": null, "skuUuid": "1795bb30-073a-45e2-9258-689c9d5d82fc", "state": "480", "customerId": null, "localAmount": 60, "localCurrency": "USD"}, {"chainId": "12863873828062707916", "amount": 61, "createdAt": "2018-08-05T18:21:39+00:00", "shoeSize": "11", "productId": null, "skuUuid": "1795bb30-073a-45e2-9258-689c9d5d82fc", "state": "480", "customerId": null, "localAmount": 61, "localCurrency": "USD"}, {"chainId": "12863874031649927757", "amount": 63, "createdAt": "2018-08-05T18:21:25+00:00", "shoeSize": "11", "productId": null, "skuUuid": "1795bb30-073a-45e2-9258-689c9d5d82fc", "state": "480", "customerId": null, "localAmount": 63, "localCurrency": "USD"}, {"chainId": "12863347920694865396", "amount": 60, "createdAt": "2018-08-05T00:56:08+00:00", "shoeSize": "10", "productId": null, "skuUuid": "dbaa590f-e78e-42c4-a7b0-abc6023a1298", "state": "480", "customerId": null, "localAmount": 60, "localCurrency": "USD"}, {"chainId": "12863347508100483597", "amount": 60, "createdAt": "2018-08-05T00:55:19+00:00", "shoeSize": "10.5", "productId": null, "skuUuid": "1d9e5746-a0d2-463c-bd92-d81c8b610e39", "state": "480", "customerId": null, "localAmount": 60, "localCurrency": "USD"}, {"chainId": "12863347247740790712", "amount": 60, "createdAt": "2018-08-05T00:54:47+00:00", "shoeSize": "11", "productId": null, "skuUuid": "1795bb30-073a-45e2-9258-689c9d5d82fc", "state": "480", "customerId": null, "localAmount": 60, "localCurrency": "USD"}, {"chainId": "12863347082921460916", "amount": 65, "createdAt": "2018-08-05T00:54:30+00:00", "shoeSize": "11", "productId": null, "skuUuid": "1795bb30-073a-45e2-9258-689c9d5d82fc", "state": "480", "customerId": null, "localAmount": 65, "localCurrency": "USD"}, {"chainId": "12863115400252860352", "amount": 70, "createdAt": "2018-08-04T17:14:11+00:00", "shoeSize": "9.5", "productId": null, "skuUuid": "66e006cc-f68a-44a0-b886-1a6f7ab5fba8", "state": "480", "customerId": null, "localAmount": 70, "localCurrency": "USD"}, {"chainId": "12863115089745849645", "amount": 72, "createdAt": "2018-08-04T17:13:33+00:00", "shoeSize": "12", "productId": null, "skuUuid": "2fb604ed-0f55-4984-98d2-d8d3ebc0f7d6", "state": "480", "customerId": null, "localAmount": 72, "localCurrency": "USD"}, {"chainId": "12863114815112932248", "amount": 75, "createdAt": "2018-08-04T17:13:06+00:00", "shoeSize": "9.5", "productId": null, "skuUuid": "66e006cc-f68a-44a0-b886-1a6f7ab5fba8", "state": "480", "customerId": null, "localAmount": 75, "localCurrency": "USD"}, {"chainId": "12863096512594396159", "amount": 73, "createdAt": "2018-08-04T17:12:10+00:00", "shoeSize": "12", "productId": null, "skuUuid": "2fb604ed-0f55-4984-98d2-d8d3ebc0f7d6", "state": "480", "customerId": null, "localAmount": 73, "localCurrency": "USD"}, {"chainId": "12709141212538593558", "amount": 70, "createdAt": "2018-07-29T15:16:09+00:00", "shoeSize": "8", "productId": null, "skuUuid": "583012a2-0400-4d3e-856c-9332f0aa3aa5", "state": "480", "customerId": null, "localAmount": 70, "localCurrency": "USD"}, {"chainId": "12831404194109641677", "amount": 75, "createdAt": "2018-07-17T21:30:39+00:00", "shoeSize": "10", "productId": null, "skuUuid": "dbaa590f-e78e-42c4-a7b0-abc6023a1298", "state": "480", "customerId": null, "localAmount": 75, "localCurrency": "USD"}, {"chainId": "12824112616698185633", "amount": 85, "createdAt": "2018-07-15T12:56:46+00:00", "shoeSize": "10.5", "productId": null, "skuUuid": "1d9e5746-a0d2-463c-bd92-d81c8b610e39", "state": "480", "customerId": null, "localAmount": 85, "localCurrency": "USD"}, {"chainId": "12847772509751375211", "amount": 67, "createdAt": "2018-07-14T13:10:35+00:00", "shoeSize": "10", "productId": null, "skuUuid": "dbaa590f-e78e-42c4-a7b0-abc6023a1298", "state": "480", "customerId": null, "localAmount": 67, "localCurrency": "USD"}, {"chainId": "12774650193566810193", "amount": 80, "createdAt": "2018-07-13T21:17:06+00:00", "shoeSize": "10.5", "productId": null, "skuUuid": "1d9e5746-a0d2-463c-bd92-d81c8b610e39", "state": "480", "customerId": null, "localAmount": 80, "localCurrency": "USD"}, {"chainId": "12818677030739077384", "amount": 85, "createdAt": "2018-07-07T05:50:05+00:00", "shoeSize": "9", "productId": null, "skuUuid": "ab565b96-4237-4c66-84f9-b436cbe2515c", "state": "480", "customerId": null, "localAmount": 85, "localCurrency": "USD"}, {"chainId": "12833419177743172634", "amount": 85, "createdAt": "2018-07-04T19:57:50+00:00", "shoeSize": "12", "productId": null, "skuUuid": "2fb604ed-0f55-4984-98d2-d8d3ebc0f7d6", "state": "480", "customerId": null, "localAmount": 85, "localCurrency": "USD"}, {"chainId": "12836633999302312938", "amount": 72, "createdAt": "2018-07-03T15:36:46+00:00", "shoeSize": "9.5", "productId": null, "skuUuid": "66e006cc-f68a-44a0-b886-1a6f7ab5fba8", "state": "480", "customerId": null, "localAmount": 72, "localCurrency": "USD"}, {"chainId": "12836633727144487125", "amount": 60, "createdAt": "2018-07-03T00:51:00+00:00", "shoeSize": "9.5", "productId": null, "skuUuid": "66e006cc-f68a-44a0-b886-1a6f7ab5fba8", "state": "480", "customerId": null, "localAmount": 60, "localCurrency": "USD"}, {"chainId": "12774649867215363512", "amount": 79, "createdAt": "2018-07-02T15:18:40+00:00", "shoeSize": "8", "productId": null, "skuUuid": "583012a2-0400-4d3e-856c-9332f0aa3aa5", "state": "480", "customerId": null, "localAmount": 79, "localCurrency": "USD"}, {"chainId": "12836634184245088472", "amount": 56, "createdAt": "2018-07-02T03:55:10+00:00", "shoeSize": "10", "productId": null, "skuUuid": "dbaa590f-e78e-42c4-a7b0-abc6023a1298", "state": "480", "customerId": null, "localAmount": 56, "localCurrency": "USD"}, {"chainId": "12775037818235096011", "amount": 95, "createdAt": "2018-06-24T23:37:30+00:00", "shoeSize": "9.5", "productId": null, "skuUuid": "66e006cc-f68a-44a0-b886-1a6f7ab5fba8", "state": "480", "customerId": null, "localAmount": 95, "localCurrency": "USD"}, {"chainId": "12819115323481136646", "amount": 84, "createdAt": "2018-06-24T17:15:52+00:00", "shoeSize": "13", "productId": null, "skuUuid": "ae388dab-08b1-4180-adba-023bd43c6857", "state": "480", "customerId": null, "localAmount": 84, "localCurrency": "USD"}, {"chainId": "12807369127505437501", "amount": 85, "createdAt": "2018-06-23T20:14:27+00:00", "shoeSize": "12", "productId": null, "skuUuid": "2fb604ed-0f55-4984-98d2-d8d3ebc0f7d6", "state": "480", "customerId": null, "localAmount": 85, "localCurrency": "USD"}, {"chainId": "12832616804313538937", "amount": 80, "createdAt": "2018-06-23T15:18:53+00:00", "shoeSize": "11", "productId": null, "skuUuid": "1795bb30-073a-45e2-9258-689c9d5d82fc", "state": "480", "customerId": null, "localAmount": 80, "localCurrency": "USD"}, {"chainId": "12831862649395150025", "amount": 82, "createdAt": "2018-06-22T14:20:33+00:00", "shoeSize": "8.5", "productId": null, "skuUuid": "8e05a552-92d7-47d7-b309-bb75e58fbe73", "state": "480", "customerId": null, "localAmount": 82, "localCurrency": "USD"}, {"chainId": "12815797191270146024", "amount": 75, "createdAt": "2018-06-22T13:52:26+00:00", "shoeSize": "8", "productId": null, "skuUuid": "583012a2-0400-4d3e-856c-9332f0aa3aa5", "state": "480", "customerId": null, "localAmount": 75, "localCurrency": "USD"}, {"chainId": "12807368574967926373", "amount": 85, "createdAt": "2018-06-20T22:51:35+00:00", "shoeSize": "9.5", "productId": null, "skuUuid": "66e006cc-f68a-44a0-b886-1a6f7ab5fba8", "state": "480", "customerId": null, "localAmount": 85, "localCurrency": "USD"}, {"chainId": "12829761365536220121", "amount": 68, "createdAt": "2018-06-20T02:46:05+00:00", "shoeSize": "10", "productId": null, "skuUuid": "dbaa590f-e78e-42c4-a7b0-abc6023a1298", "state": "480", "customerId": null, "localAmount": 68, "localCurrency": "USD"}, {"chainId": "12816775842032767805", "amount": 80, "createdAt": "2018-06-13T19:00:06+00:00", "shoeSize": "11", "productId": null, "skuUuid": "1795bb30-073a-45e2-9258-689c9d5d82fc", "state": "480", "customerId": null, "localAmount": 80, "localCurrency": "USD"}, {"chainId": "12821305980012662284", "amount": 84, "createdAt": "2018-06-12T16:17:19+00:00", "shoeSize": "12", "productId": null, "skuUuid": "2fb604ed-0f55-4984-98d2-d8d3ebc0f7d6", "state": "480", "customerId": null, "localAmount": 84, "localCurrency": "USD"}, {"chainId": "12745577050993198014", "amount": 80, "createdAt": "2018-06-12T01:45:22+00:00", "shoeSize": "9.5", "productId": null, "skuUuid": "66e006cc-f68a-44a0-b886-1a6f7ab5fba8", "state": "480", "customerId": null, "localAmount": 80, "localCurrency": "USD"}, {"chainId": "12822579636995307775", "amount": 65, "createdAt": "2018-06-09T18:56:55+00:00", "shoeSize": "10.5", "productId": null, "skuUuid": "1d9e5746-a0d2-463c-bd92-d81c8b610e39", "state": "480", "customerId": null, "localAmount": 65, "localCurrency": "USD"}, {"chainId": "12819115599988977369", "amount": 78, "createdAt": "2018-06-08T00:53:57+00:00", "shoeSize": "9.5", "productId": null, "skuUuid": "66e006cc-f68a-44a0-b886-1a6f7ab5fba8", "state": "480", "customerId": null, "localAmount": 78, "localCurrency": "USD"}, {"chainId": "12807307088508799379", "amount": 80, "createdAt": "2018-06-07T21:19:56+00:00", "shoeSize": "12", "productId": null, "skuUuid": "2fb604ed-0f55-4984-98d2-d8d3ebc0f7d6", "state": "480", "customerId": null, "localAmount": 80, "localCurrency": "USD"}, {"chainId": "12762674974679273834", "amount": 95, "createdAt": "2018-06-07T03:56:21+00:00", "shoeSize": "11.5", "productId": null, "skuUuid": "70a47d4c-21ec-4a74-b9c2-b2d4fec053c3", "state": "480", "customerId": null, "localAmount": 95, "localCurrency": "USD"}, {"chainId": "12807285514869696368", "amount": 80, "createdAt": "2018-06-06T22:08:36+00:00", "shoeSize": "8.5", "productId": null, "skuUuid": "8e05a552-92d7-47d7-b309-bb75e58fbe73", "state": "480", "customerId": null, "localAmount": 80, "localCurrency": "USD"}, {"chainId": "12775424162092228710", "amount": 63, "createdAt": "2018-06-04T22:35:48+00:00", "shoeSize": "8", "productId": null, "skuUuid": "583012a2-0400-4d3e-856c-9332f0aa3aa5", "state": "480", "customerId": null, "localAmount": 63, "localCurrency": "USD"}, {"chainId": "12815212259155852527", "amount": 70, "createdAt": "2018-06-04T02:24:19+00:00", "shoeSize": "11", "productId": null, "skuUuid": "1795bb30-073a-45e2-9258-689c9d5d82fc", "state": "480", "customerId": null, "localAmount": 70, "localCurrency": "USD"}, {"chainId": "12816104040138391896", "amount": 71, "createdAt": "2018-06-02T21:20:52+00:00", "shoeSize": "10", "productId": null, "skuUuid": "dbaa590f-e78e-42c4-a7b0-abc6023a1298", "state": "480", "customerId": null, "localAmount": 71, "localCurrency": "USD"}, {"chainId": "12807367747300222739", "amount": 85, "createdAt": "2018-06-01T12:52:16+00:00", "shoeSize": "9", "productId": null, "skuUuid": "ab565b96-4237-4c66-84f9-b436cbe2515c", "state": "480", "customerId": null, "localAmount": 85, "localCurrency": "USD"}, {"chainId": "12812416473123931556", "amount": 70, "createdAt": "2018-06-01T02:25:29+00:00", "shoeSize": "9", "productId": null, "skuUuid": "ab565b96-4237-4c66-84f9-b436cbe2515c", "state": "480", "customerId": null, "localAmount": 70, "localCurrency": "USD"}, {"chainId": "12815797316477099104", "amount": 72, "createdAt": "2018-05-31T20:29:57+00:00", "shoeSize": "10", "productId": null, "skuUuid": "dbaa590f-e78e-42c4-a7b0-abc6023a1298", "state": "480", "customerId": null, "localAmount": 72, "localCurrency": "USD"}, {"chainId": "12812416614502314059", "amount": 70, "createdAt": "2018-05-26T18:24:43+00:00", "shoeSize": "9.5", "productId": null, "skuUuid": "66e006cc-f68a-44a0-b886-1a6f7ab5fba8", "state": "480", "customerId": null, "localAmount": 70, "localCurrency": "USD"}, {"chainId": "12762674865138388256", "amount": 95, "createdAt": "2018-05-25T18:05:40+00:00", "shoeSize": "11", "productId": null, "skuUuid": "1795bb30-073a-45e2-9258-689c9d5d82fc", "state": "480", "customerId": null, "localAmount": 95, "localCurrency": "USD"}, {"chainId": "12809384632601317812", "amount": 69, "createdAt": "2018-05-24T18:13:21+00:00", "shoeSize": "10.5", "productId": null, "skuUuid": "1d9e5746-a0d2-463c-bd92-d81c8b610e39", "state": "480", "customerId": null, "localAmount": 69, "localCurrency": "USD"}, {"chainId": "12810794200923933539", "amount": 60, "createdAt": "2018-05-24T13:56:35+00:00", "shoeSize": "13", "productId": null, "skuUuid": "ae388dab-08b1-4180-adba-023bd43c6857", "state": "480", "customerId": null, "localAmount": 60, "localCurrency": "USD"}, {"chainId": "12810794416764475695", "amount": 60, "createdAt": "2018-05-24T13:36:31+00:00", "shoeSize": "8", "productId": null, "skuUuid": "583012a2-0400-4d3e-856c-9332f0aa3aa5", "state": "480", "customerId": null, "localAmount": 60, "localCurrency": "USD"}, {"chainId": "12810794044096599738", "amount": 60, "createdAt": "2018-05-24T12:40:58+00:00", "shoeSize": "10.5", "productId": null, "skuUuid": "1d9e5746-a0d2-463c-bd92-d81c8b610e39", "state": "480", "customerId": null, "localAmount": 60, "localCurrency": "USD"}, {"chainId": "12808956051680180616", "amount": 75, "createdAt": "2018-05-24T01:09:35+00:00", "shoeSize": "11", "productId": null, "skuUuid": "1795bb30-073a-45e2-9258-689c9d5d82fc", "state": "480", "customerId": null, "localAmount": 75, "localCurrency": "USD"}, {"chainId": "12808956376253099993", "amount": 75, "createdAt": "2018-05-23T23:31:51+00:00", "shoeSize": "9.5", "productId": null, "skuUuid": "66e006cc-f68a-44a0-b886-1a6f7ab5fba8", "state": "480", "customerId": null, "localAmount": 75, "localCurrency": "USD"}, {"chainId": "12810350430536776271", "amount": 60, "createdAt": "2018-05-23T21:59:37+00:00", "shoeSize": "11", "productId": null, "skuUuid": "1795bb30-073a-45e2-9258-689c9d5d82fc", "state": "480", "customerId": null, "localAmount": 60, "localCurrency": "USD"}, {"chainId": "12810349354515910830", "amount": 76, "createdAt": "2018-05-23T21:57:28+00:00", "shoeSize": "12", "productId": null, "skuUuid": "2fb604ed-0f55-4984-98d2-d8d3ebc0f7d6", "state": "480", "customerId": null, "localAmount": 76, "localCurrency": "USD"}, {"chainId": "12810349205541959245", "amount": 65, "createdAt": "2018-05-23T21:57:09+00:00", "shoeSize": "11", "productId": null, "skuUuid": "1795bb30-073a-45e2-9258-689c9d5d82fc", "state": "480", "customerId": null, "localAmount": 65, "localCurrency": "USD"}, {"chainId": "12808955793670326162", "amount": 70, "createdAt": "2018-05-21T23:48:43+00:00", "shoeSize": "10.5", "productId": null, "skuUuid": "1d9e5746-a0d2-463c-bd92-d81c8b610e39", "state": "480", "customerId": null, "localAmount": 70, "localCurrency": "USD"}, {"chainId": "12808955621562393911", "amount": 71, "createdAt": "2018-05-21T23:48:22+00:00", "shoeSize": "10.5", "productId": null, "skuUuid": "1d9e5746-a0d2-463c-bd92-d81c8b610e39", "state": "480", "customerId": null, "localAmount": 71, "localCurrency": "USD"}, {"chainId": "12808955257422224182", "amount": 80, "createdAt": "2018-05-21T23:47:38+00:00", "shoeSize": "10", "productId": null, "skuUuid": "dbaa590f-e78e-42c4-a7b0-abc6023a1298", "state": "480", "customerId": null, "localAmount": 80, "localCurrency": "USD"}, {"chainId": "12807368724146700467", "amount": 85, "createdAt": "2018-05-21T00:54:49+00:00", "shoeSize": "10", "productId": null, "skuUuid": "dbaa590f-e78e-42c4-a7b0-abc6023a1298", "state": "480", "customerId": null, "localAmount": 85, "localCurrency": "USD"}, {"chainId": "12807369548663227672", "amount": 85, "createdAt": "2018-05-20T17:11:41+00:00", "shoeSize": "13", "productId": null, "skuUuid": "ae388dab-08b1-4180-adba-023bd43c6857", "state": "480", "customerId": null, "localAmount": 85, "localCurrency": "USD"}, {"chainId": "12780529606568032368", "amount": 80, "createdAt": "2018-05-19T16:59:38+00:00", "shoeSize": "12", "productId": null, "skuUuid": "2fb604ed-0f55-4984-98d2-d8d3ebc0f7d6", "state": "480", "customerId": null, "localAmount": 80, "localCurrency": "USD"}, {"chainId": "12792169105805981086", "amount": 75, "createdAt": "2018-05-19T00:18:32+00:00", "shoeSize": "10", "productId": null, "skuUuid": "dbaa590f-e78e-42c4-a7b0-abc6023a1298", "state": "480", "customerId": null, "localAmount": 75, "localCurrency": "USD"}, {"chainId": "12745577194763593698", "amount": 79, "createdAt": "2018-05-16T00:26:10+00:00", "shoeSize": "10", "productId": null, "skuUuid": "dbaa590f-e78e-42c4-a7b0-abc6023a1298", "state": "480", "customerId": null, "localAmount": 79, "localCurrency": "USD"}, {"chainId": "12776966843827059256", "amount": 77, "createdAt": "2018-05-15T18:50:52+00:00", "shoeSize": "13", "productId": null, "skuUuid": "ae388dab-08b1-4180-adba-023bd43c6857", "state": "480", "customerId": null, "localAmount": 77, "localCurrency": "USD"}, {"chainId": "12799036365051798503", "amount": 63, "createdAt": "2018-05-13T22:15:54+00:00", "shoeSize": "15", "productId": null, "skuUuid": "94e364d6-5d1c-46d5-919b-e25c40e4131d", "state": "480", "customerId": null, "localAmount": 63, "localCurrency": "USD"}, {"chainId": "12798780735487139429", "amount": 75, "createdAt": "2018-05-12T08:55:03+00:00", "shoeSize": "11.5", "productId": null, "skuUuid": "70a47d4c-21ec-4a74-b9c2-b2d4fec053c3", "state": "480", "customerId": null, "localAmount": 75, "localCurrency": "USD"}, {"chainId": "12799297550968802718", "amount": 94, "createdAt": "2018-05-12T00:13:15+00:00", "shoeSize": "7.5", "productId": null, "skuUuid": "2aac59d7-55d9-4860-b626-644e38093b5d", "state": "480", "customerId": null, "localAmount": 94, "localCurrency": "USD"}, {"chainId": "12800996013700863632", "amount": 84, "createdAt": "2018-05-11T21:27:25+00:00", "shoeSize": "12", "productId": null, "skuUuid": "2fb604ed-0f55-4984-98d2-d8d3ebc0f7d6", "state": "480", "customerId": null, "localAmount": 84, "localCurrency": "USD"}, {"chainId": "12799297815630835180", "amount": 93, "createdAt": "2018-05-11T02:17:05+00:00", "shoeSize": "8.5", "productId": null, "skuUuid": "8e05a552-92d7-47d7-b309-bb75e58fbe73", "state": "480", "customerId": null, "localAmount": 93, "localCurrency": "USD"}, {"chainId": "12770358812286395978", "amount": 75, "createdAt": "2018-05-10T19:34:27+00:00", "shoeSize": "8.5", "productId": null, "skuUuid": "8e05a552-92d7-47d7-b309-bb75e58fbe73", "state": "480", "customerId": null, "localAmount": 75, "localCurrency": "USD"}, {"chainId": "12798780536478406317", "amount": 60, "createdAt": "2018-05-07T22:52:18+00:00", "shoeSize": "10", "productId": null, "skuUuid": "dbaa590f-e78e-42c4-a7b0-abc6023a1298", "state": "480", "customerId": null, "localAmount": 60, "localCurrency": "USD"}, {"chainId": "12798780142958842109", "amount": 70, "createdAt": "2018-05-07T22:51:29+00:00", "shoeSize": "8", "productId": null, "skuUuid": "583012a2-0400-4d3e-856c-9332f0aa3aa5", "state": "480", "customerId": null, "localAmount": 70, "localCurrency": "USD"}, {"chainId": "12798779989933589297", "amount": 65, "createdAt": "2018-05-07T22:51:12+00:00", "shoeSize": "10", "productId": null, "skuUuid": "dbaa590f-e78e-42c4-a7b0-abc6023a1298", "state": "480", "customerId": null, "localAmount": 65, "localCurrency": "USD"}, {"chainId": "12792169382001981780", "amount": 80, "createdAt": "2018-05-04T19:26:47+00:00", "shoeSize": "11", "productId": null, "skuUuid": "1795bb30-073a-45e2-9258-689c9d5d82fc", "state": "480", "customerId": null, "localAmount": 80, "localCurrency": "USD"}, {"chainId": "12794507150404187979", "amount": 77, "createdAt": "2018-05-02T01:21:51+00:00", "shoeSize": "12", "productId": null, "skuUuid": "2fb604ed-0f55-4984-98d2-d8d3ebc0f7d6", "state": "480", "customerId": null, "localAmount": 77, "localCurrency": "USD"}, {"chainId": "12780529502679489278", "amount": 90, "createdAt": "2018-04-18T23:18:31+00:00", "shoeSize": "11.5", "productId": null, "skuUuid": "70a47d4c-21ec-4a74-b9c2-b2d4fec053c3", "state": "480", "customerId": null, "localAmount": 90, "localCurrency": "USD"}, {"chainId": "12781500447537131853", "amount": 77, "createdAt": "2018-04-14T02:39:50+00:00", "shoeSize": "8", "productId": null, "skuUuid": "583012a2-0400-4d3e-856c-9332f0aa3aa5", "state": "480", "customerId": null, "localAmount": 77, "localCurrency": "USD"}, {"chainId": "12774650451021769418", "amount": 80, "createdAt": "2018-04-12T18:27:22+00:00", "shoeSize": "13", "productId": null, "skuUuid": "ae388dab-08b1-4180-adba-023bd43c6857", "state": "480", "customerId": null, "localAmount": 80, "localCurrency": "USD"}, {"chainId": "12778429084654686831", "amount": 80, "createdAt": "2018-04-09T20:57:36+00:00", "shoeSize": "9", "productId": null, "skuUuid": "ab565b96-4237-4c66-84f9-b436cbe2515c", "state": "480", "customerId": null, "localAmount": 80, "localCurrency": "USD"}, {"chainId": "12745577377495851402", "amount": 84, "createdAt": "2018-04-09T12:30:18+00:00", "shoeSize": "11.5", "productId": null, "skuUuid": "70a47d4c-21ec-4a74-b9c2-b2d4fec053c3", "state": "480", "customerId": null, "localAmount": 84, "localCurrency": "USD"}, {"chainId": "12776381450580840909", "amount": 89, "createdAt": "2018-04-07T16:05:23+00:00", "shoeSize": "10", "productId": null, "skuUuid": "dbaa590f-e78e-42c4-a7b0-abc6023a1298", "state": "480", "customerId": null, "localAmount": 89, "localCurrency": "USD"}, {"chainId": "12776381632059422653", "amount": 89, "createdAt": "2018-04-07T15:43:39+00:00", "shoeSize": "12", "productId": null, "skuUuid": "2fb604ed-0f55-4984-98d2-d8d3ebc0f7d6", "state": "480", "customerId": null, "localAmount": 89, "localCurrency": "USD"}, {"chainId": "12774650007324711041", "amount": 89, "createdAt": "2018-04-06T19:50:15+00:00", "shoeSize": "9", "productId": null, "skuUuid": "ab565b96-4237-4c66-84f9-b436cbe2515c", "state": "480", "customerId": null, "localAmount": 89, "localCurrency": "USD"}, {"chainId": "12775465321377282626", "amount": 70, "createdAt": "2018-04-05T18:49:05+00:00", "shoeSize": "12", "productId": null, "skuUuid": "2fb604ed-0f55-4984-98d2-d8d3ebc0f7d6", "state": "480", "customerId": null, "localAmount": 70, "localCurrency": "USD"}, {"chainId": "12775464721032918403", "amount": 85, "createdAt": "2018-04-05T18:47:56+00:00", "shoeSize": "8.5", "productId": null, "skuUuid": "8e05a552-92d7-47d7-b309-bb75e58fbe73", "state": "480", "customerId": null, "localAmount": 85, "localCurrency": "USD"}, {"chainId": "12762674572512603323", "amount": 95, "createdAt": "2018-04-05T04:38:20+00:00", "shoeSize": "9.5", "productId": null, "skuUuid": "66e006cc-f68a-44a0-b886-1a6f7ab5fba8", "state": "480", "customerId": null, "localAmount": 95, "localCurrency": "USD"}, {"chainId": "12765326342969115688", "amount": 90, "createdAt": "2018-04-04T12:56:50+00:00", "shoeSize": "12", "productId": null, "skuUuid": "2fb604ed-0f55-4984-98d2-d8d3ebc0f7d6", "state": "480", "customerId": null, "localAmount": 90, "localCurrency": "USD"}, {"chainId": "12745576849032406745", "amount": 92, "createdAt": "2018-04-03T23:38:10+00:00", "shoeSize": "8.5", "productId": null, "skuUuid": "8e05a552-92d7-47d7-b309-bb75e58fbe73", "state": "480", "customerId": null, "localAmount": 92, "localCurrency": "USD"}, {"chainId": "12733457988624853609", "amount": 80, "createdAt": "2018-04-03T14:27:36+00:00", "shoeSize": "8", "productId": null, "skuUuid": "583012a2-0400-4d3e-856c-9332f0aa3aa5", "state": "480", "customerId": null, "localAmount": 80, "localCurrency": "USD"}, {"chainId": "12733458084151133178", "amount": 90, "createdAt": "2018-04-02T15:27:44+00:00", "shoeSize": "8.5", "productId": null, "skuUuid": "8e05a552-92d7-47d7-b309-bb75e58fbe73", "state": "480", "customerId": null, "localAmount": 90, "localCurrency": "USD"}, {"chainId": "12770408895925077317", "amount": 76, "createdAt": "2018-03-29T19:22:54+00:00", "shoeSize": "10.5", "productId": null, "skuUuid": "1d9e5746-a0d2-463c-bd92-d81c8b610e39", "state": "480", "customerId": null, "localAmount": 76, "localCurrency": "USD"}, {"chainId": "12762674770105308896", "amount": 95, "createdAt": "2018-03-28T21:31:24+00:00", "shoeSize": "10.5", "productId": null, "skuUuid": "1d9e5746-a0d2-463c-bd92-d81c8b610e39", "state": "480", "customerId": null, "localAmount": 95, "localCurrency": "USD"}, {"chainId": "12738529610315299203", "amount": 90, "createdAt": "2018-03-28T17:44:00+00:00", "shoeSize": "9", "productId": null, "skuUuid": "ab565b96-4237-4c66-84f9-b436cbe2515c", "state": "480", "customerId": null, "localAmount": 90, "localCurrency": "USD"}, {"chainId": "12767788219247477582", "amount": 90, "createdAt": "2018-03-28T04:01:39+00:00", "shoeSize": "8", "productId": null, "skuUuid": "583012a2-0400-4d3e-856c-9332f0aa3aa5", "state": "480", "customerId": null, "localAmount": 90, "localCurrency": "USD"}, {"chainId": "12769105312848825048", "amount": 75, "createdAt": "2018-03-28T00:12:54+00:00", "shoeSize": "8.5", "productId": null, "skuUuid": "8e05a552-92d7-47d7-b309-bb75e58fbe73", "state": "480", "customerId": null, "localAmount": 75, "localCurrency": "USD"}, {"chainId": "12743196953440824119", "amount": 87, "createdAt": "2018-03-27T08:15:43+00:00", "shoeSize": "11", "productId": null, "skuUuid": "1795bb30-073a-45e2-9258-689c9d5d82fc", "state": "480", "customerId": null, "localAmount": 87, "localCurrency": "USD"}, {"chainId": "12762370192405650054", "amount": 90, "createdAt": "2018-03-27T01:45:01+00:00", "shoeSize": "8.5", "productId": null, "skuUuid": "8e05a552-92d7-47d7-b309-bb75e58fbe73", "state": "480", "customerId": null, "localAmount": 90, "localCurrency": "USD"}, {"chainId": "12723371646850028924", "amount": 90, "createdAt": "2018-03-26T11:23:00+00:00", "shoeSize": "10", "productId": null, "skuUuid": "dbaa590f-e78e-42c4-a7b0-abc6023a1298", "state": "480", "customerId": null, "localAmount": 90, "localCurrency": "USD"}, {"chainId": "12723371338598120140", "amount": 85, "createdAt": "2018-03-26T04:34:26+00:00", "shoeSize": "8", "productId": null, "skuUuid": "583012a2-0400-4d3e-856c-9332f0aa3aa5", "state": "480", "customerId": null, "localAmount": 85, "localCurrency": "USD"}, {"chainId": "12723372067856948291", "amount": 90, "createdAt": "2018-03-26T02:17:51+00:00", "shoeSize": "11.5", "productId": null, "skuUuid": "70a47d4c-21ec-4a74-b9c2-b2d4fec053c3", "state": "480", "customerId": null, "localAmount": 90, "localCurrency": "USD"}, {"chainId": "12765525774542635149", "amount": 88, "createdAt": "2018-03-25T17:37:27+00:00", "shoeSize": "9.5", "productId": null, "skuUuid": "66e006cc-f68a-44a0-b886-1a6f7ab5fba8", "state": "480", "customerId": null, "localAmount": 88, "localCurrency": "USD"}, {"chainId": "12765472463342673184", "amount": 70, "createdAt": "2018-03-22T23:55:06+00:00", "shoeSize": "11", "productId": null, "skuUuid": "1795bb30-073a-45e2-9258-689c9d5d82fc", "state": "480", "customerId": null, "localAmount": 70, "localCurrency": "USD"}, {"chainId": "12765472337206591136", "amount": 76, "createdAt": "2018-03-22T23:54:49+00:00", "shoeSize": "11.5", "productId": null, "skuUuid": "70a47d4c-21ec-4a74-b9c2-b2d4fec053c3", "state": "480", "customerId": null, "localAmount": 76, "localCurrency": "USD"}, {"chainId": "12765284275875522112", "amount": 80, "createdAt": "2018-03-22T17:41:10+00:00", "shoeSize": "11", "productId": null, "skuUuid": "1795bb30-073a-45e2-9258-689c9d5d82fc", "state": "480", "customerId": null, "localAmount": 80, "localCurrency": "USD"}, {"chainId": "12745576726862988207", "amount": 80, "createdAt": "2018-03-22T17:40:49+00:00", "shoeSize": "8", "productId": null, "skuUuid": "583012a2-0400-4d3e-856c-9332f0aa3aa5", "state": "480", "customerId": null, "localAmount": 80, "localCurrency": "USD"}, {"chainId": "12762674678796822236", "amount": 95, "createdAt": "2018-03-20T03:33:22+00:00", "shoeSize": "10", "productId": null, "skuUuid": "dbaa590f-e78e-42c4-a7b0-abc6023a1298", "state": "480", "customerId": null, "localAmount": 95, "localCurrency": "USD"}, {"chainId": "12745576601963120257", "amount": 98, "createdAt": "2018-03-16T01:31:57+00:00", "shoeSize": "10.5", "productId": null, "skuUuid": "1d9e5746-a0d2-463c-bd92-d81c8b610e39", "state": "480", "customerId": null, "localAmount": 98, "localCurrency": "USD"}, {"chainId": "12760395000619116316", "amount": 91, "createdAt": "2018-03-15T23:47:05+00:00", "shoeSize": "12", "productId": null, "skuUuid": "2fb604ed-0f55-4984-98d2-d8d3ebc0f7d6", "state": "480", "customerId": null, "localAmount": 91, "localCurrency": "USD"}, {"chainId": "12760394697801396146", "amount": 85, "createdAt": "2018-03-15T23:46:29+00:00", "shoeSize": "9.5", "productId": null, "skuUuid": "66e006cc-f68a-44a0-b886-1a6f7ab5fba8", "state": "480", "customerId": null, "localAmount": 85, "localCurrency": "USD"}, {"chainId": "12743873905364278478", "amount": 95, "createdAt": "2018-03-11T04:00:46+00:00", "shoeSize": "8.5", "productId": null, "skuUuid": "8e05a552-92d7-47d7-b309-bb75e58fbe73", "state": "480", "customerId": null, "localAmount": 95, "localCurrency": "USD"}, {"chainId": "12753952575600799430", "amount": 79, "createdAt": "2018-03-07T02:27:06+00:00", "shoeSize": "11", "productId": null, "skuUuid": "1795bb30-073a-45e2-9258-689c9d5d82fc", "state": "480", "customerId": null, "localAmount": 79, "localCurrency": "USD"}, {"chainId": "12753773213312488749", "amount": 80, "createdAt": "2018-03-06T20:30:47+00:00", "shoeSize": "9.5", "productId": null, "skuUuid": "66e006cc-f68a-44a0-b886-1a6f7ab5fba8", "state": "480", "customerId": null, "localAmount": 80, "localCurrency": "USD"}, {"chainId": "12753748904858675926", "amount": 80, "createdAt": "2018-03-06T19:42:28+00:00", "shoeSize": "9", "productId": null, "skuUuid": "ab565b96-4237-4c66-84f9-b436cbe2515c", "state": "480", "customerId": null, "localAmount": 80, "localCurrency": "USD"}, {"chainId": "12730871348451361475", "amount": 90, "createdAt": "2018-02-27T13:51:42+00:00", "shoeSize": "9.5", "productId": null, "skuUuid": "66e006cc-f68a-44a0-b886-1a6f7ab5fba8", "state": "480", "customerId": null, "localAmount": 90, "localCurrency": "USD"}, {"chainId": "12748193599110740407", "amount": 71, "createdAt": "2018-02-27T06:00:50+00:00", "shoeSize": "11", "productId": null, "skuUuid": "1795bb30-073a-45e2-9258-689c9d5d82fc", "state": "480", "customerId": null, "localAmount": 71, "localCurrency": "USD"}, {"chainId": "12733458586374850401", "amount": 92, "createdAt": "2018-02-27T04:03:16+00:00", "shoeSize": "12", "productId": null, "skuUuid": "2fb604ed-0f55-4984-98d2-d8d3ebc0f7d6", "state": "480", "customerId": null, "localAmount": 92, "localCurrency": "USD"}, {"chainId": "12745577582074317304", "amount": 90, "createdAt": "2018-02-27T00:57:17+00:00", "shoeSize": "13", "productId": null, "skuUuid": "ae388dab-08b1-4180-adba-023bd43c6857", "state": "480", "customerId": null, "localAmount": 90, "localCurrency": "USD"}, {"chainId": "12744278120412193898", "amount": 95, "createdAt": "2018-02-23T09:27:31+00:00", "shoeSize": "10.5", "productId": null, "skuUuid": "1d9e5746-a0d2-463c-bd92-d81c8b610e39", "state": "480", "customerId": null, "localAmount": 95, "localCurrency": "USD"}, {"chainId": "12738532868021791112", "amount": 82, "createdAt": "2018-02-22T16:38:36+00:00", "shoeSize": "11", "productId": null, "skuUuid": "1795bb30-073a-45e2-9258-689c9d5d82fc", "state": "480", "customerId": null, "localAmount": 82, "localCurrency": "USD"}, {"chainId": "12738532397191721721", "amount": 80, "createdAt": "2018-02-22T10:24:56+00:00", "shoeSize": "9.5", "productId": null, "skuUuid": "66e006cc-f68a-44a0-b886-1a6f7ab5fba8", "state": "480", "customerId": null, "localAmount": 80, "localCurrency": "USD"}, {"chainId": "12738532610128737582", "amount": 85, "createdAt": "2018-02-21T14:37:07+00:00", "shoeSize": "10", "productId": null, "skuUuid": "dbaa590f-e78e-42c4-a7b0-abc6023a1298", "state": "480", "customerId": null, "localAmount": 85, "localCurrency": "USD"}, {"chainId": "12723371870858827080", "amount": 90, "createdAt": "2018-02-21T10:25:01+00:00", "shoeSize": "10.5", "productId": null, "skuUuid": "1d9e5746-a0d2-463c-bd92-d81c8b610e39", "state": "480", "customerId": null, "localAmount": 90, "localCurrency": "USD"}, {"chainId": "12723372279425917664", "amount": 90, "createdAt": "2018-02-21T06:41:14+00:00", "shoeSize": "13", "productId": null, "skuUuid": "ae388dab-08b1-4180-adba-023bd43c6857", "state": "480", "customerId": null, "localAmount": 90, "localCurrency": "USD"}, {"chainId": "12739814170669096224", "amount": 80, "createdAt": "2018-02-21T02:30:06+00:00", "shoeSize": "9", "productId": null, "skuUuid": "ab565b96-4237-4c66-84f9-b436cbe2515c", "state": "480", "customerId": null, "localAmount": 80, "localCurrency": "USD"}, {"chainId": "12723371444592489238", "amount": 85, "createdAt": "2018-02-20T23:41:43+00:00", "shoeSize": "8.5", "productId": null, "skuUuid": "8e05a552-92d7-47d7-b309-bb75e58fbe73", "state": "480", "customerId": null, "localAmount": 85, "localCurrency": "USD"}, {"chainId": "12723371960760930608", "amount": 85, "createdAt": "2018-02-20T06:10:06+00:00", "shoeSize": "11", "productId": null, "skuUuid": "1795bb30-073a-45e2-9258-689c9d5d82fc", "state": "480", "customerId": null, "localAmount": 85, "localCurrency": "USD"}, {"chainId": "12739537307054388140", "amount": 82, "createdAt": "2018-02-19T17:26:59+00:00", "shoeSize": "11", "productId": null, "skuUuid": "1795bb30-073a-45e2-9258-689c9d5d82fc", "state": "480", "customerId": null, "localAmount": 82, "localCurrency": "USD"}, {"chainId": "12736368779677310555", "amount": 89, "createdAt": "2018-02-19T05:39:03+00:00", "shoeSize": "10.5", "productId": null, "skuUuid": "1d9e5746-a0d2-463c-bd92-d81c8b610e39", "state": "480", "customerId": null, "localAmount": 89, "localCurrency": "USD"}, {"chainId": "12739993399910089677", "amount": 85, "createdAt": "2018-02-17T19:55:41+00:00", "shoeSize": "12", "productId": null, "skuUuid": "2fb604ed-0f55-4984-98d2-d8d3ebc0f7d6", "state": "480", "customerId": null, "localAmount": 85, "localCurrency": "USD"}, {"chainId": "12723372407317403463", "amount": 95, "createdAt": "2018-02-16T23:29:30+00:00", "shoeSize": "14", "productId": null, "skuUuid": "aef49eef-6596-427c-bc14-3e9b6b001195", "state": "480", "customerId": null, "localAmount": 95, "localCurrency": "USD"}, {"chainId": "12739550269790200367", "amount": 73, "createdAt": "2018-02-15T16:04:52+00:00", "shoeSize": "11.5", "productId": null, "skuUuid": "70a47d4c-21ec-4a74-b9c2-b2d4fec053c3", "state": "480", "customerId": null, "localAmount": 73, "localCurrency": "USD"}, {"chainId": "12723372173709985655", "amount": 93, "createdAt": "2018-02-15T12:50:38+00:00", "shoeSize": "12", "productId": null, "skuUuid": "2fb604ed-0f55-4984-98d2-d8d3ebc0f7d6", "state": "480", "customerId": null, "localAmount": 93, "localCurrency": "USD"}, {"chainId": "12733458223587370438", "amount": 89, "createdAt": "2018-02-10T22:43:16+00:00", "shoeSize": "10", "productId": null, "skuUuid": "dbaa590f-e78e-42c4-a7b0-abc6023a1298", "state": "480", "customerId": null, "localAmount": 89, "localCurrency": "USD"}, {"chainId": "12733458301282485574", "amount": 89, "createdAt": "2018-02-10T20:08:07+00:00", "shoeSize": "10.5", "productId": null, "skuUuid": "1d9e5746-a0d2-463c-bd92-d81c8b610e39", "state": "480", "customerId": null, "localAmount": 89, "localCurrency": "USD"}, {"chainId": "12734876649325007948", "amount": 85, "createdAt": "2018-02-10T03:21:57+00:00", "shoeSize": "9", "productId": null, "skuUuid": "ab565b96-4237-4c66-84f9-b436cbe2515c", "state": "480", "customerId": null, "localAmount": 85, "localCurrency": "USD"}, {"chainId": "12734876928545999723", "amount": 75, "createdAt": "2018-02-08T18:47:13+00:00", "shoeSize": "10.5", "productId": null, "skuUuid": "1d9e5746-a0d2-463c-bd92-d81c8b610e39", "state": "480", "customerId": null, "localAmount": 75, "localCurrency": "USD"}, {"chainId": "12732311111084917026", "amount": 90, "createdAt": "2018-02-06T00:13:02+00:00", "shoeSize": "9", "productId": null, "skuUuid": "ab565b96-4237-4c66-84f9-b436cbe2515c", "state": "480", "customerId": null, "localAmount": 90, "localCurrency": "USD"}, {"chainId": "12723371551545631023", "amount": 85, "createdAt": "2018-02-05T05:28:22+00:00", "shoeSize": "9", "productId": null, "skuUuid": "ab565b96-4237-4c66-84f9-b436cbe2515c", "state": "480", "customerId": null, "localAmount": 85, "localCurrency": "USD"}, {"chainId": "12723371765616584381", "amount": 90, "createdAt": "2018-02-03T06:07:12+00:00", "shoeSize": "9.5", "productId": null, "skuUuid": "66e006cc-f68a-44a0-b886-1a6f7ab5fba8", "state": "480", "customerId": null, "localAmount": 90, "localCurrency": "USD"}]