[{"chainId": "12980754325111368839", "amount": 105, "createdAt": "2019-01-20T03:54:14+00:00", "shoeSize": "11.5", "productId": null, "skuUuid": "267364b2-0463-4a0e-aa72-23500c19c6d6", "state": "480", "customerId": null, "localAmount": 105, "localCurrency": "USD"}, {"chainId": "12980434801231020395", "amount": 128, "createdAt": "2019-01-13T15:05:28+00:00", "shoeSize": "9.5", "productId": null, "skuUuid": "eb71412a-e942-426c-bf9c-f81a1cbb2610", "state": "480", "customerId": null, "localAmount": 128, "localCurrency": "USD"}, {"chainId": "12934159077787691498", "amount": 147, "createdAt": "2019-01-12T04:36:51+00:00", "shoeSize": "9.5", "productId": null, "skuUuid": "eb71412a-e942-426c-bf9c-f81a1cbb2610", "state": "480", "customerId": null, "localAmount": 147, "localCurrency": "USD"}, {"chainId": "12971202805715369650", "amount": 95, "createdAt": "2018-12-31T20:24:33+00:00", "shoeSize": "11", "productId": null, "skuUuid": "d9953ecb-e0cb-455d-92cf-ac16aa2e695c", "state": "480", "customerId": null, "localAmount": 95, "localCurrency": "USD"}, {"chainId": "12964228689392046572", "amount": 113, "createdAt": "2018-12-29T01:08:08+00:00", "shoeSize": "10.5", "productId": null, "skuUuid": "325e22d8-c299-4020-9533-90a995ec45df", "state": "480", "customerId": null, "localAmount": 113, "localCurrency": "USD"}, {"chainId": "12934158592968154228", "amount": 138, "createdAt": "2018-12-27T16:31:15+00:00", "shoeSize": "7.5", "productId": null, "skuUuid": "62e7dd1d-e6f5-414c-88b1-26342b2364fa", "state": "480", "customerId": null, "localAmount": 138, "localCurrency": "USD"}, {"chainId": "12917045650875153935", "amount": 150, "createdAt": "2018-12-25T05:29:59+00:00", "shoeSize": "14", "productId": null, "skuUuid": "7c8c872f-1df2-4a86-8609-473d6e43eb24", "state": "480", "customerId": null, "localAmount": 150, "localCurrency": "USD"}, {"chainId": "12959647569772150272", "amount": 135, "createdAt": "2018-12-17T14:35:54+00:00", "shoeSize": "10.5", "productId": null, "skuUuid": "325e22d8-c299-4020-9533-90a995ec45df", "state": "480", "customerId": null, "localAmount": 135, "localCurrency": "USD"}, {"chainId": "12957492039211167867", "amount": 128, "createdAt": "2018-12-16T04:54:53+00:00", "shoeSize": "10", "productId": null, "skuUuid": "4416fa3c-5def-407f-bd18-ecd93fcac29d", "state": "480", "customerId": null, "localAmount": 128, "localCurrency": "USD"}, {"chainId": "12952975199482171045", "amount": 155, "createdAt": "2018-12-09T14:00:51+00:00", "shoeSize": "10", "productId": null, "skuUuid": "4416fa3c-5def-407f-bd18-ecd93fcac29d", "state": "480", "customerId": null, "localAmount": 155, "localCurrency": "USD"}, {"chainId": "12940810143241172134", "amount": 109, "createdAt": "2018-12-07T13:53:50+00:00", "shoeSize": "11", "productId": null, "skuUuid": "d9953ecb-e0cb-455d-92cf-ac16aa2e695c", "state": "480", "customerId": null, "localAmount": 109, "localCurrency": "USD"}, {"chainId": "12934159386989244519", "amount": 110, "createdAt": "2018-12-07T13:52:06+00:00", "shoeSize": "10.5", "productId": null, "skuUuid": "325e22d8-c299-4020-9533-90a995ec45df", "state": "480", "customerId": null, "localAmount": 110, "localCurrency": "USD"}, {"chainId": "12794803628914475515", "amount": 199, "createdAt": "2018-12-05T00:26:36+00:00", "shoeSize": "13", "productId": null, "skuUuid": "8013d1c8-341f-413f-9f24-2fe31c785857", "state": "480", "customerId": null, "localAmount": 199, "localCurrency": "USD"}, {"chainId": "12948583496703670294", "amount": 95, "createdAt": "2018-11-30T15:24:01+00:00", "shoeSize": "12", "productId": null, "skuUuid": "077e1ae0-1b7a-43f3-9edd-e899df050994", "state": "480", "customerId": null, "localAmount": 95, "localCurrency": "USD"}, {"chainId": "12948582529935683628", "amount": 100, "createdAt": "2018-11-30T15:22:07+00:00", "shoeSize": "12", "productId": null, "skuUuid": "077e1ae0-1b7a-43f3-9edd-e899df050994", "state": "480", "customerId": null, "localAmount": 100, "localCurrency": "USD"}, {"chainId": "12948582417145806694", "amount": 105, "createdAt": "2018-11-30T15:21:52+00:00", "shoeSize": "11", "productId": null, "skuUuid": "d9953ecb-e0cb-455d-92cf-ac16aa2e695c", "state": "480", "customerId": null, "localAmount": 105, "localCurrency": "USD"}, {"chainId": "12948582277849189177", "amount": 90, "createdAt": "2018-11-30T15:21:35+00:00", "shoeSize": "10.5", "productId": null, "skuUuid": "325e22d8-c299-4020-9533-90a995ec45df", "state": "480", "customerId": null, "localAmount": 90, "localCurrency": "USD"}, {"chainId": "12948582028349175735", "amount": 141, "createdAt": "2018-11-30T15:21:09+00:00", "shoeSize": "13", "productId": null, "skuUuid": "8013d1c8-341f-413f-9f24-2fe31c785857", "state": "480", "customerId": null, "localAmount": 141, "localCurrency": "USD"}, {"chainId": "12948135672276527913", "amount": 122, "createdAt": "2018-11-30T00:42:35+00:00", "shoeSize": "10.5", "productId": null, "skuUuid": "325e22d8-c299-4020-9533-90a995ec45df", "state": "480", "customerId": null, "localAmount": 122, "localCurrency": "USD"}, {"chainId": "12927623509322125797", "amount": 143, "createdAt": "2018-11-23T15:02:21+00:00", "shoeSize": "10.5", "productId": null, "skuUuid": "325e22d8-c299-4020-9533-90a995ec45df", "state": "480", "customerId": null, "localAmount": 143, "localCurrency": "USD"}, {"chainId": "12924767415802787172", "amount": 170, "createdAt": "2018-11-22T23:40:04+00:00", "shoeSize": "10", "productId": null, "skuUuid": "4416fa3c-5def-407f-bd18-ecd93fcac29d", "state": "480", "customerId": null, "localAmount": 170, "localCurrency": "USD"}, {"chainId": "12940635491324120607", "amount": 90, "createdAt": "2018-11-19T20:14:15+00:00", "shoeSize": "9", "productId": null, "skuUuid": "24adcc3b-c9a1-4f47-9eee-15ad4da3f471", "state": "480", "customerId": null, "localAmount": 90, "localCurrency": "USD"}, {"chainId": "12927617987719908633", "amount": 140, "createdAt": "2018-11-16T21:15:18+00:00", "shoeSize": "11.5", "productId": null, "skuUuid": "267364b2-0463-4a0e-aa72-23500c19c6d6", "state": "480", "customerId": null, "localAmount": 140, "localCurrency": "USD"}, {"chainId": "12932793443716739646", "amount": 119, "createdAt": "2018-11-15T09:03:54+00:00", "shoeSize": "10", "productId": null, "skuUuid": "4416fa3c-5def-407f-bd18-ecd93fcac29d", "state": "480", "customerId": null, "localAmount": 119, "localCurrency": "USD"}, {"chainId": "12935663951455234174", "amount": 85, "createdAt": "2018-11-12T19:35:13+00:00", "shoeSize": "8.5", "productId": null, "skuUuid": "1f1a86b5-1856-4925-9e9d-a51dc9f2f84b", "state": "480", "customerId": null, "localAmount": 85, "localCurrency": "USD"}, {"chainId": "12935663760005257785", "amount": 86, "createdAt": "2018-11-12T19:34:48+00:00", "shoeSize": "8.5", "productId": null, "skuUuid": "1f1a86b5-1856-4925-9e9d-a51dc9f2f84b", "state": "480", "customerId": null, "localAmount": 86, "localCurrency": "USD"}, {"chainId": "12931075374433707376", "amount": 126, "createdAt": "2018-11-06T14:50:47+00:00", "shoeSize": "10", "productId": null, "skuUuid": "4416fa3c-5def-407f-bd18-ecd93fcac29d", "state": "480", "customerId": null, "localAmount": 126, "localCurrency": "USD"}, {"chainId": "12927618312698746510", "amount": 100, "createdAt": "2018-11-06T05:23:37+00:00", "shoeSize": "12", "productId": null, "skuUuid": "077e1ae0-1b7a-43f3-9edd-e899df050994", "state": "480", "customerId": null, "localAmount": 100, "localCurrency": "USD"}, {"chainId": "12930675715435366590", "amount": 95, "createdAt": "2018-11-05T22:24:26+00:00", "shoeSize": "8.5", "productId": null, "skuUuid": "1f1a86b5-1856-4925-9e9d-a51dc9f2f84b", "state": "480", "customerId": null, "localAmount": 95, "localCurrency": "USD"}, {"chainId": "12929991398392728344", "amount": 120, "createdAt": "2018-11-05T09:43:20+00:00", "shoeSize": "11", "productId": null, "skuUuid": "d9953ecb-e0cb-455d-92cf-ac16aa2e695c", "state": "480", "customerId": null, "localAmount": 120, "localCurrency": "USD"}, {"chainId": "12929066621802296338", "amount": 126, "createdAt": "2018-11-04T23:24:55+00:00", "shoeSize": "11", "productId": null, "skuUuid": "d9953ecb-e0cb-455d-92cf-ac16aa2e695c", "state": "480", "customerId": null, "localAmount": 126, "localCurrency": "USD"}, {"chainId": "12928388144376808001", "amount": 140, "createdAt": "2018-11-02T18:39:27+00:00", "shoeSize": "9", "productId": null, "skuUuid": "24adcc3b-c9a1-4f47-9eee-15ad4da3f471", "state": "480", "customerId": null, "localAmount": 140, "localCurrency": "USD"}, {"chainId": "12928387908573356510", "amount": 160, "createdAt": "2018-11-02T18:39:00+00:00", "shoeSize": "10", "productId": null, "skuUuid": "4416fa3c-5def-407f-bd18-ecd93fcac29d", "state": "480", "customerId": null, "localAmount": 160, "localCurrency": "USD"}, {"chainId": "12927618164989831664", "amount": 121, "createdAt": "2018-11-02T03:05:15+00:00", "shoeSize": "11", "productId": null, "skuUuid": "d9953ecb-e0cb-455d-92cf-ac16aa2e695c", "state": "480", "customerId": null, "localAmount": 121, "localCurrency": "USD"}, {"chainId": "12927609654140253857", "amount": 145, "createdAt": "2018-11-01T16:52:44+00:00", "shoeSize": "11.5", "productId": null, "skuUuid": "267364b2-0463-4a0e-aa72-23500c19c6d6", "state": "480", "customerId": null, "localAmount": 145, "localCurrency": "USD"}, {"chainId": "12926791789392604095", "amount": 130, "createdAt": "2018-10-31T13:47:49+00:00", "shoeSize": "11", "productId": null, "skuUuid": "d9953ecb-e0cb-455d-92cf-ac16aa2e695c", "state": "480", "customerId": null, "localAmount": 130, "localCurrency": "USD"}, {"chainId": "12918799764242230327", "amount": 100, "createdAt": "2018-10-23T18:33:19+00:00", "shoeSize": "7.5", "productId": null, "skuUuid": "62e7dd1d-e6f5-414c-88b1-26342b2364fa", "state": "480", "customerId": null, "localAmount": 100, "localCurrency": "USD"}, {"chainId": "12920368042556965637", "amount": 190, "createdAt": "2018-10-22T21:53:43+00:00", "shoeSize": "10", "productId": null, "skuUuid": "4416fa3c-5def-407f-bd18-ecd93fcac29d", "state": "480", "customerId": null, "localAmount": 190, "localCurrency": "USD"}, {"chainId": "12799235174298937209", "amount": 200, "createdAt": "2018-10-19T16:00:22+00:00", "shoeSize": "10", "productId": null, "skuUuid": "4416fa3c-5def-407f-bd18-ecd93fcac29d", "state": "480", "customerId": null, "localAmount": 200, "localCurrency": "USD"}, {"chainId": "12898344978155389785", "amount": 95, "createdAt": "2018-10-15T21:53:46+00:00", "shoeSize": "8.5", "productId": null, "skuUuid": "1f1a86b5-1856-4925-9e9d-a51dc9f2f84b", "state": "480", "customerId": null, "localAmount": 95, "localCurrency": "USD"}, {"chainId": "12904340696064844699", "amount": 159, "createdAt": "2018-10-15T16:15:05+00:00", "shoeSize": "10", "productId": null, "skuUuid": "4416fa3c-5def-407f-bd18-ecd93fcac29d", "state": "480", "customerId": null, "localAmount": 159, "localCurrency": "USD"}, {"chainId": "12908282035543656786", "amount": 140, "createdAt": "2018-10-13T18:40:55+00:00", "shoeSize": "11.5", "productId": null, "skuUuid": "267364b2-0463-4a0e-aa72-23500c19c6d6", "state": "480", "customerId": null, "localAmount": 140, "localCurrency": "USD"}, {"chainId": "12908224570455328675", "amount": 135, "createdAt": "2018-10-11T03:34:09+00:00", "shoeSize": "9", "productId": null, "skuUuid": "24adcc3b-c9a1-4f47-9eee-15ad4da3f471", "state": "480", "customerId": null, "localAmount": 135, "localCurrency": "USD"}, {"chainId": "12890820309137226549", "amount": 140, "createdAt": "2018-10-02T03:03:44+00:00", "shoeSize": "9", "productId": null, "skuUuid": "24adcc3b-c9a1-4f47-9eee-15ad4da3f471", "state": "480", "customerId": null, "localAmount": 140, "localCurrency": "USD"}, {"chainId": "12902659588386170066", "amount": 95, "createdAt": "2018-09-28T16:49:16+00:00", "shoeSize": "9", "productId": null, "skuUuid": "24adcc3b-c9a1-4f47-9eee-15ad4da3f471", "state": "480", "customerId": null, "localAmount": 95, "localCurrency": "USD"}, {"chainId": "12890820104499978152", "amount": 140, "createdAt": "2018-09-23T18:16:34+00:00", "shoeSize": "8", "productId": null, "skuUuid": "e58daf02-138f-4cfb-adac-2b7cfce29809", "state": "480", "customerId": null, "localAmount": 140, "localCurrency": "USD"}, {"chainId": "12877708643672691670", "amount": 90, "createdAt": "2018-09-17T16:52:00+00:00", "shoeSize": "10.5", "productId": null, "skuUuid": "325e22d8-c299-4020-9533-90a995ec45df", "state": "480", "customerId": null, "localAmount": 90, "localCurrency": "USD"}, {"chainId": "12824319392633731050", "amount": 180, "createdAt": "2018-09-17T03:20:29+00:00", "shoeSize": "12.5", "productId": null, "skuUuid": "17857305-62c6-4dce-945b-1ea8fbdf84cc", "state": "480", "customerId": null, "localAmount": 180, "localCurrency": "USD"}, {"chainId": "12838209798784324342", "amount": 130, "createdAt": "2018-09-08T06:48:24+00:00", "shoeSize": "8", "productId": null, "skuUuid": "e58daf02-138f-4cfb-adac-2b7cfce29809", "state": "480", "customerId": null, "localAmount": 130, "localCurrency": "USD"}, {"chainId": "12880569240408334643", "amount": 145, "createdAt": "2018-08-28T19:11:52+00:00", "shoeSize": "13", "productId": null, "skuUuid": "8013d1c8-341f-413f-9f24-2fe31c785857", "state": "480", "customerId": null, "localAmount": 145, "localCurrency": "USD"}, {"chainId": "12874980979575345197", "amount": 88, "createdAt": "2018-08-27T13:18:59+00:00", "shoeSize": "11.5", "productId": null, "skuUuid": "267364b2-0463-4a0e-aa72-23500c19c6d6", "state": "480", "customerId": null, "localAmount": 88, "localCurrency": "USD"}, {"chainId": "12864854641823589674", "amount": 75, "createdAt": "2018-08-20T16:53:44+00:00", "shoeSize": "10.5", "productId": null, "skuUuid": "325e22d8-c299-4020-9533-90a995ec45df", "state": "480", "customerId": null, "localAmount": 75, "localCurrency": "USD"}, {"chainId": "12827326294785373569", "amount": 60, "createdAt": "2018-08-20T00:23:55+00:00", "shoeSize": "10", "productId": null, "skuUuid": "4416fa3c-5def-407f-bd18-ecd93fcac29d", "state": "480", "customerId": null, "localAmount": 60, "localCurrency": "USD"}, {"chainId": "12799985418205046949", "amount": 164, "createdAt": "2018-08-18T15:40:49+00:00", "shoeSize": "13", "productId": null, "skuUuid": "8013d1c8-341f-413f-9f24-2fe31c785857", "state": "480", "customerId": null, "localAmount": 164, "localCurrency": "USD"}, {"chainId": "12860329853763116900", "amount": 75, "createdAt": "2018-08-07T17:50:02+00:00", "shoeSize": "9", "productId": null, "skuUuid": "24adcc3b-c9a1-4f47-9eee-15ad4da3f471", "state": "480", "customerId": null, "localAmount": 75, "localCurrency": "USD"}, {"chainId": "12816912922994680471", "amount": 67, "createdAt": "2018-08-02T21:25:39+00:00", "shoeSize": "9", "productId": null, "skuUuid": "24adcc3b-c9a1-4f47-9eee-15ad4da3f471", "state": "480", "customerId": null, "localAmount": 67, "localCurrency": "USD"}, {"chainId": "12828586937500932646", "amount": 112, "createdAt": "2018-07-22T16:05:32+00:00", "shoeSize": "9.5", "productId": null, "skuUuid": "eb71412a-e942-426c-bf9c-f81a1cbb2610", "state": "480", "customerId": null, "localAmount": 112, "localCurrency": "USD"}, {"chainId": "12838075348703532622", "amount": 78, "createdAt": "2018-07-01T04:04:02+00:00", "shoeSize": "9", "productId": null, "skuUuid": "24adcc3b-c9a1-4f47-9eee-15ad4da3f471", "state": "480", "customerId": null, "localAmount": 78, "localCurrency": "USD"}, {"chainId": "12788488396048072846", "amount": 150, "createdAt": "2018-06-30T08:02:57+00:00", "shoeSize": "14", "productId": null, "skuUuid": "7c8c872f-1df2-4a86-8609-473d6e43eb24", "state": "480", "customerId": null, "localAmount": 150, "localCurrency": "USD"}, {"chainId": "12826833946863921293", "amount": 145, "createdAt": "2018-06-15T15:49:23+00:00", "shoeSize": "10.5", "productId": null, "skuUuid": "325e22d8-c299-4020-9533-90a995ec45df", "state": "480", "customerId": null, "localAmount": 145, "localCurrency": "USD"}, {"chainId": "12815610917645273198", "amount": 90, "createdAt": "2018-06-08T16:59:02+00:00", "shoeSize": "11", "productId": null, "skuUuid": "d9953ecb-e0cb-455d-92cf-ac16aa2e695c", "state": "480", "customerId": null, "localAmount": 90, "localCurrency": "USD"}, {"chainId": "12817734557230587653", "amount": 85, "createdAt": "2018-06-03T02:30:32+00:00", "shoeSize": "11", "productId": null, "skuUuid": "d9953ecb-e0cb-455d-92cf-ac16aa2e695c", "state": "480", "customerId": null, "localAmount": 85, "localCurrency": "USD"}, {"chainId": "12802526876881413272", "amount": 190, "createdAt": "2018-05-18T02:12:12+00:00", "shoeSize": "10.5", "productId": null, "skuUuid": "325e22d8-c299-4020-9533-90a995ec45df", "state": "480", "customerId": null, "localAmount": 190, "localCurrency": "USD"}, {"chainId": "12799235303225284800", "amount": 195, "createdAt": "2018-05-12T18:00:38+00:00", "shoeSize": "10.5", "productId": null, "skuUuid": "325e22d8-c299-4020-9533-90a995ec45df", "state": "480", "customerId": null, "localAmount": 195, "localCurrency": "USD"}, {"chainId": "12793153710447886371", "amount": 100, "createdAt": "2018-05-12T17:52:38+00:00", "shoeSize": "11", "productId": null, "skuUuid": "d9953ecb-e0cb-455d-92cf-ac16aa2e695c", "state": "480", "customerId": null, "localAmount": 100, "localCurrency": "USD"}, {"chainId": "12798212860925310675", "amount": 150, "createdAt": "2018-05-07T04:18:40+00:00", "shoeSize": "9.5", "productId": null, "skuUuid": "eb71412a-e942-426c-bf9c-f81a1cbb2610", "state": "480", "customerId": null, "localAmount": 150, "localCurrency": "USD"}, {"chainId": "12794209932695605044", "amount": 190, "createdAt": "2018-05-05T19:17:48+00:00", "shoeSize": "9.5", "productId": null, "skuUuid": "eb71412a-e942-426c-bf9c-f81a1cbb2610", "state": "480", "customerId": null, "localAmount": 190, "localCurrency": "USD"}, {"chainId": "12786677104504300496", "amount": 190, "createdAt": "2018-04-21T06:04:56+00:00", "shoeSize": "13", "productId": null, "skuUuid": "8013d1c8-341f-413f-9f24-2fe31c785857", "state": "480", "customerId": null, "localAmount": 190, "localCurrency": "USD"}, {"chainId": "12786270945150381819", "amount": 150, "createdAt": "2018-04-20T16:39:31+00:00", "shoeSize": "10", "productId": null, "skuUuid": "4416fa3c-5def-407f-bd18-ecd93fcac29d", "state": "480", "customerId": null, "localAmount": 150, "localCurrency": "USD"}, {"chainId": "12785480930350655847", "amount": 168, "createdAt": "2018-04-20T03:24:54+00:00", "shoeSize": "9.5", "productId": null, "skuUuid": "eb71412a-e942-426c-bf9c-f81a1cbb2610", "state": "480", "customerId": null, "localAmount": 168, "localCurrency": "USD"}, {"chainId": "12784850721940750655", "amount": 200, "createdAt": "2018-04-18T17:36:13+00:00", "shoeSize": "11.5", "productId": null, "skuUuid": "267364b2-0463-4a0e-aa72-23500c19c6d6", "state": "480", "customerId": null, "localAmount": 200, "localCurrency": "USD"}, {"chainId": "12780715901284069142", "amount": 135, "createdAt": "2018-04-13T01:14:12+00:00", "shoeSize": "10.5", "productId": null, "skuUuid": "325e22d8-c299-4020-9533-90a995ec45df", "state": "480", "customerId": null, "localAmount": 135, "localCurrency": "USD"}]