[{"chainId": "12987254979418039711", "amount": 115, "createdAt": "2019-01-24T03:58:38+00:00", "shoeSize": "6.5Y", "productId": null, "skuUuid": "b49d87e3-271b-4f93-abf1-79744e931c7d", "state": "480", "customerId": null, "localAmount": 115, "localCurrency": "USD"}, {"chainId": "12983334372224800553", "amount": 102, "createdAt": "2019-01-23T21:22:47+00:00", "shoeSize": "4.5Y", "productId": null, "skuUuid": "35a623d9-b878-4e84-a8d9-9f9b135a51a0", "state": "480", "customerId": null, "localAmount": 102, "localCurrency": "USD"}, {"chainId": "12977712223554573611", "amount": 72, "createdAt": "2019-01-23T15:22:48+00:00", "shoeSize": "5.5Y", "productId": null, "skuUuid": "d9d20709-e9e3-4c0a-8840-46c229526080", "state": "480", "customerId": null, "localAmount": 72, "localCurrency": "USD"}, {"chainId": "12987254584679090206", "amount": 115, "createdAt": "2019-01-23T01:09:43+00:00", "shoeSize": "4Y", "productId": null, "skuUuid": "a08a33fc-0083-4127-be07-2751c568a81e", "state": "480", "customerId": null, "localAmount": 115, "localCurrency": "USD"}, {"chainId": "12985173190167269717", "amount": 70, "createdAt": "2019-01-22T22:13:58+00:00", "shoeSize": "6Y", "productId": null, "skuUuid": "c7fc71c3-0c8d-4aeb-9903-72493270e36e", "state": "480", "customerId": null, "localAmount": 70, "localCurrency": "USD"}, {"chainId": "12987113920053467532", "amount": 108.0178, "createdAt": "2019-01-22T19:17:05+00:00", "shoeSize": "7Y", "productId": null, "skuUuid": "082a5210-6a6d-4e87-bb59-9440553a8c65", "state": "480", "customerId": null, "localAmount": 109, "localCurrency": "USD"}, {"chainId": "12987078933526361822", "amount": 90, "createdAt": "2019-01-22T18:07:39+00:00", "shoeSize": "6.5Y", "productId": null, "skuUuid": "b49d87e3-271b-4f93-abf1-79744e931c7d", "state": "480", "customerId": null, "localAmount": 90, "localCurrency": "USD"}, {"chainId": "12985071579245709942", "amount": 91, "createdAt": "2019-01-21T20:13:36+00:00", "shoeSize": "6.5Y", "productId": null, "skuUuid": "b49d87e3-271b-4f93-abf1-79744e931c7d", "state": "480", "customerId": null, "localAmount": 91, "localCurrency": "USD"}, {"chainId": "12984445368048221069", "amount": 65, "createdAt": "2019-01-21T19:24:33+00:00", "shoeSize": "6Y", "productId": null, "skuUuid": "c7fc71c3-0c8d-4aeb-9903-72493270e36e", "state": "480", "customerId": null, "localAmount": 65, "localCurrency": "USD"}, {"chainId": "12981254799986319361", "amount": 100, "createdAt": "2019-01-17T06:40:31+00:00", "shoeSize": "4.5Y", "productId": null, "skuUuid": "35a623d9-b878-4e84-a8d9-9f9b135a51a0", "state": "480", "customerId": null, "localAmount": 100, "localCurrency": "USD"}, {"chainId": "12971110089675165286", "amount": 97, "createdAt": "2019-01-16T18:55:33+00:00", "shoeSize": "6Y", "productId": null, "skuUuid": "c7fc71c3-0c8d-4aeb-9903-72493270e36e", "state": "480", "customerId": null, "localAmount": 97, "localCurrency": "USD"}, {"chainId": "12981947307618517852", "amount": 77, "createdAt": "2019-01-16T02:05:30+00:00", "shoeSize": "5Y", "productId": null, "skuUuid": "7e36b20a-8085-4b68-8299-f2acb82d3925", "state": "480", "customerId": null, "localAmount": 77, "localCurrency": "USD"}, {"chainId": "12977712150676861736", "amount": 77, "createdAt": "2019-01-15T13:02:14+00:00", "shoeSize": "5Y", "productId": null, "skuUuid": "7e36b20a-8085-4b68-8299-f2acb82d3925", "state": "480", "customerId": null, "localAmount": 77, "localCurrency": "USD"}, {"chainId": "12979133428627241019", "amount": 62, "createdAt": "2019-01-11T19:43:56+00:00", "shoeSize": "5Y", "productId": null, "skuUuid": "7e36b20a-8085-4b68-8299-f2acb82d3925", "state": "480", "customerId": null, "localAmount": 62, "localCurrency": "USD"}, {"chainId": "12979133554715382968", "amount": 62, "createdAt": "2019-01-11T19:43:12+00:00", "shoeSize": "6Y", "productId": null, "skuUuid": "c7fc71c3-0c8d-4aeb-9903-72493270e36e", "state": "480", "customerId": null, "localAmount": 62, "localCurrency": "USD"}, {"chainId": "12979150621767148485", "amount": 63, "createdAt": "2019-01-11T19:36:51+00:00", "shoeSize": "6Y", "productId": null, "skuUuid": "c7fc71c3-0c8d-4aeb-9903-72493270e36e", "state": "480", "customerId": null, "localAmount": 63, "localCurrency": "USD"}, {"chainId": "12977712369693525601", "amount": 63, "createdAt": "2019-01-11T19:35:05+00:00", "shoeSize": "6Y", "productId": null, "skuUuid": "c7fc71c3-0c8d-4aeb-9903-72493270e36e", "state": "480", "customerId": null, "localAmount": 63, "localCurrency": "USD"}, {"chainId": "12973674048230392671", "amount": 70, "createdAt": "2019-01-08T15:26:27+00:00", "shoeSize": "5.5Y", "productId": null, "skuUuid": "d9d20709-e9e3-4c0a-8840-46c229526080", "state": "480", "customerId": null, "localAmount": 70, "localCurrency": "USD"}, {"chainId": "12975864182142530057", "amount": 63, "createdAt": "2019-01-07T06:45:51+00:00", "shoeSize": "5Y", "productId": null, "skuUuid": "7e36b20a-8085-4b68-8299-f2acb82d3925", "state": "480", "customerId": null, "localAmount": 63, "localCurrency": "USD"}, {"chainId": "12967662993314589129", "amount": 82, "createdAt": "2019-01-06T23:14:01+00:00", "shoeSize": "5Y", "productId": null, "skuUuid": "7e36b20a-8085-4b68-8299-f2acb82d3925", "state": "480", "customerId": null, "localAmount": 82, "localCurrency": "USD"}, {"chainId": "12975598414142560283", "amount": 65, "createdAt": "2019-01-06T22:41:54+00:00", "shoeSize": "6Y", "productId": null, "skuUuid": "c7fc71c3-0c8d-4aeb-9903-72493270e36e", "state": "480", "customerId": null, "localAmount": 65, "localCurrency": "USD"}, {"chainId": "12975609128977487066", "amount": 63, "createdAt": "2019-01-06T22:41:19+00:00", "shoeSize": "5Y", "productId": null, "skuUuid": "7e36b20a-8085-4b68-8299-f2acb82d3925", "state": "480", "customerId": null, "localAmount": 63, "localCurrency": "USD"}, {"chainId": "12973673836244405251", "amount": 70, "createdAt": "2019-01-06T01:31:52+00:00", "shoeSize": "6Y", "productId": null, "skuUuid": "c7fc71c3-0c8d-4aeb-9903-72493270e36e", "state": "480", "customerId": null, "localAmount": 70, "localCurrency": "USD"}, {"chainId": "12973673757153417932", "amount": 72, "createdAt": "2019-01-05T19:15:53+00:00", "shoeSize": "5.5Y", "productId": null, "skuUuid": "d9d20709-e9e3-4c0a-8840-46c229526080", "state": "480", "customerId": null, "localAmount": 72, "localCurrency": "USD"}, {"chainId": "12974174355868376882", "amount": 92, "createdAt": "2019-01-04T22:48:29+00:00", "shoeSize": "7Y", "productId": null, "skuUuid": "082a5210-6a6d-4e87-bb59-9440553a8c65", "state": "480", "customerId": null, "localAmount": 92, "localCurrency": "USD"}, {"chainId": "12973302212827870960", "amount": 100, "createdAt": "2019-01-04T02:31:05+00:00", "shoeSize": "6Y", "productId": null, "skuUuid": "c7fc71c3-0c8d-4aeb-9903-72493270e36e", "state": "480", "customerId": null, "localAmount": 100, "localCurrency": "USD"}, {"chainId": "12973349800410911578", "amount": 70, "createdAt": "2019-01-04T02:10:24+00:00", "shoeSize": "5.5Y", "productId": null, "skuUuid": "d9d20709-e9e3-4c0a-8840-46c229526080", "state": "480", "customerId": null, "localAmount": 70, "localCurrency": "USD"}, {"chainId": "12973350037323818994", "amount": 70, "createdAt": "2019-01-04T02:10:10+00:00", "shoeSize": "6Y", "productId": null, "skuUuid": "c7fc71c3-0c8d-4aeb-9903-72493270e36e", "state": "480", "customerId": null, "localAmount": 70, "localCurrency": "USD"}, {"chainId": "12972915178207813647", "amount": 60, "createdAt": "2019-01-04T00:10:32+00:00", "shoeSize": "6Y", "productId": null, "skuUuid": "c7fc71c3-0c8d-4aeb-9903-72493270e36e", "state": "480", "customerId": null, "localAmount": 60, "localCurrency": "USD"}, {"chainId": "12972914823519505072", "amount": 60, "createdAt": "2019-01-04T00:10:16+00:00", "shoeSize": "5.5Y", "productId": null, "skuUuid": "d9d20709-e9e3-4c0a-8840-46c229526080", "state": "480", "customerId": null, "localAmount": 60, "localCurrency": "USD"}, {"chainId": "12972915577665554054", "amount": 75, "createdAt": "2019-01-03T22:45:08+00:00", "shoeSize": "6Y", "productId": null, "skuUuid": "c7fc71c3-0c8d-4aeb-9903-72493270e36e", "state": "480", "customerId": null, "localAmount": 75, "localCurrency": "USD"}, {"chainId": "12969803300436420938", "amount": 66, "createdAt": "2019-01-03T21:24:28+00:00", "shoeSize": "5Y", "productId": null, "skuUuid": "7e36b20a-8085-4b68-8299-f2acb82d3925", "state": "480", "customerId": null, "localAmount": 66, "localCurrency": "USD"}, {"chainId": "12973393455558780156", "amount": 60, "createdAt": "2019-01-03T20:57:00+00:00", "shoeSize": "5Y", "productId": null, "skuUuid": "7e36b20a-8085-4b68-8299-f2acb82d3925", "state": "480", "customerId": null, "localAmount": 60, "localCurrency": "USD"}, {"chainId": "12973320430830566580", "amount": 66, "createdAt": "2019-01-03T18:31:52+00:00", "shoeSize": "5Y", "productId": null, "skuUuid": "7e36b20a-8085-4b68-8299-f2acb82d3925", "state": "480", "customerId": null, "localAmount": 66, "localCurrency": "USD"}, {"chainId": "12971110358118365504", "amount": 99, "createdAt": "2019-01-02T23:42:45+00:00", "shoeSize": "5.5Y", "productId": null, "skuUuid": "d9d20709-e9e3-4c0a-8840-46c229526080", "state": "480", "customerId": null, "localAmount": 99, "localCurrency": "USD"}, {"chainId": "12950202398249594939", "amount": 120, "createdAt": "2018-12-30T05:00:17+00:00", "shoeSize": "6.5Y", "productId": null, "skuUuid": "b49d87e3-271b-4f93-abf1-79744e931c7d", "state": "480", "customerId": null, "localAmount": 120, "localCurrency": "USD"}, {"chainId": "12964573495000391961", "amount": 79, "createdAt": "2018-12-30T00:26:16+00:00", "shoeSize": "6Y", "productId": null, "skuUuid": "c7fc71c3-0c8d-4aeb-9903-72493270e36e", "state": "480", "customerId": null, "localAmount": 79, "localCurrency": "USD"}, {"chainId": "12964573343547345663", "amount": 79, "createdAt": "2018-12-27T15:03:49+00:00", "shoeSize": "6Y", "productId": null, "skuUuid": "c7fc71c3-0c8d-4aeb-9903-72493270e36e", "state": "480", "customerId": null, "localAmount": 79, "localCurrency": "USD"}, {"chainId": "12963866324002183478", "amount": 115, "createdAt": "2018-12-26T05:26:45+00:00", "shoeSize": "6.5Y", "productId": null, "skuUuid": "b49d87e3-271b-4f93-abf1-79744e931c7d", "state": "480", "customerId": null, "localAmount": 115, "localCurrency": "USD"}, {"chainId": "12964573057733168099", "amount": 70, "createdAt": "2018-12-23T08:15:10+00:00", "shoeSize": "6Y", "productId": null, "skuUuid": "c7fc71c3-0c8d-4aeb-9903-72493270e36e", "state": "480", "customerId": null, "localAmount": 70, "localCurrency": "USD"}, {"chainId": "12964641785197895022", "amount": 60, "createdAt": "2018-12-22T20:20:41+00:00", "shoeSize": "5.5Y", "productId": null, "skuUuid": "d9d20709-e9e3-4c0a-8840-46c229526080", "state": "480", "customerId": null, "localAmount": 60, "localCurrency": "USD"}, {"chainId": "12958812635288258157", "amount": 110, "createdAt": "2018-12-21T02:13:13+00:00", "shoeSize": "5.5Y", "productId": null, "skuUuid": "d9d20709-e9e3-4c0a-8840-46c229526080", "state": "480", "customerId": null, "localAmount": 110, "localCurrency": "USD"}, {"chainId": "12951894864560896224", "amount": 145, "createdAt": "2018-12-16T04:10:12+00:00", "shoeSize": "6Y", "productId": null, "skuUuid": "c7fc71c3-0c8d-4aeb-9903-72493270e36e", "state": "480", "customerId": null, "localAmount": 145, "localCurrency": "USD"}, {"chainId": "12958461763668153101", "amount": 120, "createdAt": "2018-12-14T21:43:16+00:00", "shoeSize": "6.5Y", "productId": null, "skuUuid": "b49d87e3-271b-4f93-abf1-79744e931c7d", "state": "480", "customerId": null, "localAmount": 120, "localCurrency": "USD"}, {"chainId": "12957488054715382764", "amount": 100, "createdAt": "2018-12-14T17:53:12+00:00", "shoeSize": "6Y", "productId": null, "skuUuid": "c7fc71c3-0c8d-4aeb-9903-72493270e36e", "state": "480", "customerId": null, "localAmount": 100, "localCurrency": "USD"}, {"chainId": "12952378030170069822", "amount": 101, "createdAt": "2018-12-06T18:46:41+00:00", "shoeSize": "6Y", "productId": null, "skuUuid": "c7fc71c3-0c8d-4aeb-9903-72493270e36e", "state": "480", "customerId": null, "localAmount": 101, "localCurrency": "USD"}, {"chainId": "12952854652274499418", "amount": 85, "createdAt": "2018-12-06T15:42:16+00:00", "shoeSize": "5.5Y", "productId": null, "skuUuid": "d9d20709-e9e3-4c0a-8840-46c229526080", "state": "480", "customerId": null, "localAmount": 85, "localCurrency": "USD"}, {"chainId": "12948316113617390133", "amount": 114, "createdAt": "2018-12-06T15:01:25+00:00", "shoeSize": "6Y", "productId": null, "skuUuid": "c7fc71c3-0c8d-4aeb-9903-72493270e36e", "state": "480", "customerId": null, "localAmount": 114, "localCurrency": "USD"}, {"chainId": "12950841032671494451", "amount": 60, "createdAt": "2018-12-03T18:09:20+00:00", "shoeSize": "5Y", "productId": null, "skuUuid": "7e36b20a-8085-4b68-8299-f2acb82d3925", "state": "480", "customerId": null, "localAmount": 60, "localCurrency": "USD"}, {"chainId": "12945288373476839169", "amount": 70, "createdAt": "2018-12-01T21:29:14+00:00", "shoeSize": "4Y", "productId": null, "skuUuid": "a08a33fc-0083-4127-be07-2751c568a81e", "state": "480", "customerId": null, "localAmount": 70, "localCurrency": "USD"}, {"chainId": "12903205008155328219", "amount": 71, "createdAt": "2018-11-29T23:10:04+00:00", "shoeSize": "5Y", "productId": null, "skuUuid": "7e36b20a-8085-4b68-8299-f2acb82d3925", "state": "480", "customerId": null, "localAmount": 71, "localCurrency": "USD"}, {"chainId": "12947440834207843077", "amount": 95, "createdAt": "2018-11-29T14:07:18+00:00", "shoeSize": "5.5Y", "productId": null, "skuUuid": "d9d20709-e9e3-4c0a-8840-46c229526080", "state": "480", "customerId": null, "localAmount": 95, "localCurrency": "USD"}, {"chainId": "12943903854824895709", "amount": 100, "createdAt": "2018-11-24T04:26:24+00:00", "shoeSize": "6Y", "productId": null, "skuUuid": "c7fc71c3-0c8d-4aeb-9903-72493270e36e", "state": "480", "customerId": null, "localAmount": 100, "localCurrency": "USD"}, {"chainId": "12926974822068436792", "amount": 82, "createdAt": "2018-11-19T21:38:57+00:00", "shoeSize": "5.5Y", "productId": null, "skuUuid": "d9d20709-e9e3-4c0a-8840-46c229526080", "state": "480", "customerId": null, "localAmount": 82, "localCurrency": "USD"}, {"chainId": "12937832680608983322", "amount": 89, "createdAt": "2018-11-18T03:42:19+00:00", "shoeSize": "4Y", "productId": null, "skuUuid": "a08a33fc-0083-4127-be07-2751c568a81e", "state": "480", "customerId": null, "localAmount": 89, "localCurrency": "USD"}, {"chainId": "12926973933406308113", "amount": 84, "createdAt": "2018-11-15T21:27:31+00:00", "shoeSize": "6.5Y", "productId": null, "skuUuid": "b49d87e3-271b-4f93-abf1-79744e931c7d", "state": "480", "customerId": null, "localAmount": 84, "localCurrency": "USD"}, {"chainId": "12933590646782143833", "amount": 85, "createdAt": "2018-11-15T16:57:08+00:00", "shoeSize": "4Y", "productId": null, "skuUuid": "a08a33fc-0083-4127-be07-2751c568a81e", "state": "480", "customerId": null, "localAmount": 85, "localCurrency": "USD"}, {"chainId": "12877747060268788267", "amount": 178, "createdAt": "2018-11-12T02:09:04+00:00", "shoeSize": "7Y", "productId": null, "skuUuid": "082a5210-6a6d-4e87-bb59-9440553a8c65", "state": "480", "customerId": null, "localAmount": 178, "localCurrency": "USD"}, {"chainId": "12926696791480108711", "amount": 70, "createdAt": "2018-11-09T21:56:38+00:00", "shoeSize": "3.5Y", "productId": null, "skuUuid": "1b9d8fed-2d0a-41db-9adc-413dced92953", "state": "480", "customerId": null, "localAmount": 70, "localCurrency": "USD"}, {"chainId": "12861188937699183984", "amount": 75, "createdAt": "2018-11-09T21:31:16+00:00", "shoeSize": "4Y", "productId": null, "skuUuid": "a08a33fc-0083-4127-be07-2751c568a81e", "state": "480", "customerId": null, "localAmount": 75, "localCurrency": "USD"}, {"chainId": "12911101406833610807", "amount": 90, "createdAt": "2018-11-08T05:59:50+00:00", "shoeSize": "6Y", "productId": null, "skuUuid": "c7fc71c3-0c8d-4aeb-9903-72493270e36e", "state": "480", "customerId": null, "localAmount": 90, "localCurrency": "USD"}, {"chainId": "12911101073949573162", "amount": 69, "createdAt": "2018-11-06T20:52:24+00:00", "shoeSize": "4.5Y", "productId": null, "skuUuid": "35a623d9-b878-4e84-a8d9-9f9b135a51a0", "state": "480", "customerId": null, "localAmount": 69, "localCurrency": "USD"}, {"chainId": "12819076477386911214", "amount": 70, "createdAt": "2018-11-03T23:42:26+00:00", "shoeSize": "6Y", "productId": null, "skuUuid": "c7fc71c3-0c8d-4aeb-9903-72493270e36e", "state": "480", "customerId": null, "localAmount": 70, "localCurrency": "USD"}, {"chainId": "12903223076028850469", "amount": 120, "createdAt": "2018-10-25T20:39:25+00:00", "shoeSize": "5.5Y", "productId": null, "skuUuid": "d9d20709-e9e3-4c0a-8840-46c229526080", "state": "480", "customerId": null, "localAmount": 120, "localCurrency": "USD"}, {"chainId": "12815592728306626005", "amount": 80, "createdAt": "2018-10-24T08:28:34+00:00", "shoeSize": "5Y", "productId": null, "skuUuid": "7e36b20a-8085-4b68-8299-f2acb82d3925", "state": "480", "customerId": null, "localAmount": 80, "localCurrency": "USD"}, {"chainId": "12913946055476452508", "amount": 125, "createdAt": "2018-10-21T23:12:31+00:00", "shoeSize": "7Y", "productId": null, "skuUuid": "082a5210-6a6d-4e87-bb59-9440553a8c65", "state": "480", "customerId": null, "localAmount": 125, "localCurrency": "USD"}, {"chainId": "12918642517242963406", "amount": 64, "createdAt": "2018-10-20T08:20:15+00:00", "shoeSize": "4Y", "productId": null, "skuUuid": "a08a33fc-0083-4127-be07-2751c568a81e", "state": "480", "customerId": null, "localAmount": 64, "localCurrency": "USD"}, {"chainId": "12917048102846485066", "amount": 70, "createdAt": "2018-10-18T03:08:51+00:00", "shoeSize": "7Y", "productId": null, "skuUuid": "082a5210-6a6d-4e87-bb59-9440553a8c65", "state": "480", "customerId": null, "localAmount": 70, "localCurrency": "USD"}, {"chainId": "12917047498494841583", "amount": 70, "createdAt": "2018-10-18T03:07:39+00:00", "shoeSize": "7Y", "productId": null, "skuUuid": "082a5210-6a6d-4e87-bb59-9440553a8c65", "state": "480", "customerId": null, "localAmount": 70, "localCurrency": "USD"}, {"chainId": "12911100872787429161", "amount": 74, "createdAt": "2018-10-15T07:01:52+00:00", "shoeSize": "4Y", "productId": null, "skuUuid": "a08a33fc-0083-4127-be07-2751c568a81e", "state": "480", "customerId": null, "localAmount": 74, "localCurrency": "USD"}, {"chainId": "12911101197288208799", "amount": 79, "createdAt": "2018-10-10T22:40:27+00:00", "shoeSize": "5Y", "productId": null, "skuUuid": "7e36b20a-8085-4b68-8299-f2acb82d3925", "state": "480", "customerId": null, "localAmount": 79, "localCurrency": "USD"}, {"chainId": "12911265842037519359", "amount": 70, "createdAt": "2018-10-10T03:40:31+00:00", "shoeSize": "7Y", "productId": null, "skuUuid": "082a5210-6a6d-4e87-bb59-9440553a8c65", "state": "480", "customerId": null, "localAmount": 70, "localCurrency": "USD"}, {"chainId": "12911265627746467361", "amount": 65, "createdAt": "2018-10-10T03:40:06+00:00", "shoeSize": "6.5Y", "productId": null, "skuUuid": "b49d87e3-271b-4f93-abf1-79744e931c7d", "state": "480", "customerId": null, "localAmount": 65, "localCurrency": "USD"}, {"chainId": "12904796903981199272", "amount": 95, "createdAt": "2018-10-09T18:10:08+00:00", "shoeSize": "5.5Y", "productId": null, "skuUuid": "d9d20709-e9e3-4c0a-8840-46c229526080", "state": "480", "customerId": null, "localAmount": 95, "localCurrency": "USD"}, {"chainId": "12745329631833845720", "amount": 55, "createdAt": "2018-10-04T15:01:39+00:00", "shoeSize": "6Y", "productId": null, "skuUuid": "c7fc71c3-0c8d-4aeb-9903-72493270e36e", "state": "480", "customerId": null, "localAmount": 55, "localCurrency": "USD"}, {"chainId": "12652346050931293267", "amount": 74, "createdAt": "2018-09-28T02:21:35+00:00", "shoeSize": "6.5Y", "productId": null, "skuUuid": "b49d87e3-271b-4f93-abf1-79744e931c7d", "state": "480", "customerId": null, "localAmount": 74, "localCurrency": "USD"}, {"chainId": "12899722830536094268", "amount": 70, "createdAt": "2018-09-26T23:50:58+00:00", "shoeSize": "6.5Y", "productId": null, "skuUuid": "b49d87e3-271b-4f93-abf1-79744e931c7d", "state": "480", "customerId": null, "localAmount": 70, "localCurrency": "USD"}, {"chainId": "12878023877130428217", "amount": 69, "createdAt": "2018-09-25T18:23:11+00:00", "shoeSize": "5Y", "productId": null, "skuUuid": "7e36b20a-8085-4b68-8299-f2acb82d3925", "state": "480", "customerId": null, "localAmount": 69, "localCurrency": "USD"}, {"chainId": "12886332044868908535", "amount": 100, "createdAt": "2018-09-25T01:51:17+00:00", "shoeSize": "7Y", "productId": null, "skuUuid": "082a5210-6a6d-4e87-bb59-9440553a8c65", "state": "480", "customerId": null, "localAmount": 100, "localCurrency": "USD"}, {"chainId": "12890279600534637790", "amount": 70, "createdAt": "2018-09-24T00:01:07+00:00", "shoeSize": "5.5Y", "productId": null, "skuUuid": "d9d20709-e9e3-4c0a-8840-46c229526080", "state": "480", "customerId": null, "localAmount": 70, "localCurrency": "USD"}, {"chainId": "12888855903901701859", "amount": 70, "createdAt": "2018-09-15T07:56:33+00:00", "shoeSize": "6.5Y", "productId": null, "skuUuid": "b49d87e3-271b-4f93-abf1-79744e931c7d", "state": "480", "customerId": null, "localAmount": 70, "localCurrency": "USD"}, {"chainId": "12870924245542309718", "amount": 85, "createdAt": "2018-09-10T21:07:15+00:00", "shoeSize": "5.5Y", "productId": null, "skuUuid": "d9d20709-e9e3-4c0a-8840-46c229526080", "state": "480", "customerId": null, "localAmount": 85, "localCurrency": "USD"}, {"chainId": "12883540352478829598", "amount": 42, "createdAt": "2018-09-01T21:34:54+00:00", "shoeSize": "5.5Y", "productId": null, "skuUuid": "d9d20709-e9e3-4c0a-8840-46c229526080", "state": "480", "customerId": null, "localAmount": 42, "localCurrency": "USD"}, {"chainId": "12878731217131008041", "amount": 50, "createdAt": "2018-08-26T19:52:37+00:00", "shoeSize": "5.5Y", "productId": null, "skuUuid": "d9d20709-e9e3-4c0a-8840-46c229526080", "state": "480", "customerId": null, "localAmount": 50, "localCurrency": "USD"}, {"chainId": "12864949325223931756", "amount": 79, "createdAt": "2018-08-23T04:28:01+00:00", "shoeSize": "6.5Y", "productId": null, "skuUuid": "b49d87e3-271b-4f93-abf1-79744e931c7d", "state": "480", "customerId": null, "localAmount": 79, "localCurrency": "USD"}, {"chainId": "12872026900059913059", "amount": 70, "createdAt": "2018-08-20T01:21:01+00:00", "shoeSize": "6.5Y", "productId": null, "skuUuid": "b49d87e3-271b-4f93-abf1-79744e931c7d", "state": "480", "customerId": null, "localAmount": 70, "localCurrency": "USD"}, {"chainId": "12868752534377043704", "amount": 50, "createdAt": "2018-08-19T02:28:27+00:00", "shoeSize": "4Y", "productId": null, "skuUuid": "a08a33fc-0083-4127-be07-2751c568a81e", "state": "480", "customerId": null, "localAmount": 50, "localCurrency": "USD"}, {"chainId": "12870924696820252455", "amount": 100, "createdAt": "2018-08-18T12:13:48+00:00", "shoeSize": "7Y", "productId": null, "skuUuid": "082a5210-6a6d-4e87-bb59-9440553a8c65", "state": "480", "customerId": null, "localAmount": 100, "localCurrency": "USD"}, {"chainId": "12867504940607030443", "amount": 80, "createdAt": "2018-08-14T14:22:51+00:00", "shoeSize": "4.5Y", "productId": null, "skuUuid": "35a623d9-b878-4e84-a8d9-9f9b135a51a0", "state": "480", "customerId": null, "localAmount": 80, "localCurrency": "USD"}, {"chainId": "12868755002228369799", "amount": 55, "createdAt": "2018-08-14T01:58:49+00:00", "shoeSize": "5.5Y", "productId": null, "skuUuid": "d9d20709-e9e3-4c0a-8840-46c229526080", "state": "480", "customerId": null, "localAmount": 55, "localCurrency": "USD"}, {"chainId": "12865493853737740369", "amount": 55, "createdAt": "2018-08-14T00:44:31+00:00", "shoeSize": "5.5Y", "productId": null, "skuUuid": "d9d20709-e9e3-4c0a-8840-46c229526080", "state": "480", "customerId": null, "localAmount": 55, "localCurrency": "USD"}, {"chainId": "12866701978836429979", "amount": 40, "createdAt": "2018-08-13T14:37:31+00:00", "shoeSize": "4.5Y", "productId": null, "skuUuid": "35a623d9-b878-4e84-a8d9-9f9b135a51a0", "state": "480", "customerId": null, "localAmount": 40, "localCurrency": "USD"}, {"chainId": "12836310496650318122", "amount": 53, "createdAt": "2018-08-11T18:45:37+00:00", "shoeSize": "5.5Y", "productId": null, "skuUuid": "d9d20709-e9e3-4c0a-8840-46c229526080", "state": "480", "customerId": null, "localAmount": 53, "localCurrency": "USD"}, {"chainId": "12815285555725684623", "amount": 120, "createdAt": "2018-08-10T03:11:25+00:00", "shoeSize": "7Y", "productId": null, "skuUuid": "082a5210-6a6d-4e87-bb59-9440553a8c65", "state": "480", "customerId": null, "localAmount": 120, "localCurrency": "USD"}, {"chainId": "12864094529233266333", "amount": 89, "createdAt": "2018-08-09T02:36:17+00:00", "shoeSize": "4.5Y", "productId": null, "skuUuid": "35a623d9-b878-4e84-a8d9-9f9b135a51a0", "state": "480", "customerId": null, "localAmount": 89, "localCurrency": "USD"}, {"chainId": "12864094697719883807", "amount": 78, "createdAt": "2018-08-08T18:34:28+00:00", "shoeSize": "6Y", "productId": null, "skuUuid": "c7fc71c3-0c8d-4aeb-9903-72493270e36e", "state": "480", "customerId": null, "localAmount": 78, "localCurrency": "USD"}, {"chainId": "12864094791407678172", "amount": 40, "createdAt": "2018-08-06T13:54:28+00:00", "shoeSize": "6.5Y", "productId": null, "skuUuid": "b49d87e3-271b-4f93-abf1-79744e931c7d", "state": "480", "customerId": null, "localAmount": 40, "localCurrency": "USD"}, {"chainId": "12864464281292093274", "amount": 48, "createdAt": "2018-08-06T13:54:12+00:00", "shoeSize": "6.5Y", "productId": null, "skuUuid": "b49d87e3-271b-4f93-abf1-79744e931c7d", "state": "480", "customerId": null, "localAmount": 48, "localCurrency": "USD"}, {"chainId": "12864463966513765102", "amount": 49, "createdAt": "2018-08-06T13:53:30+00:00", "shoeSize": "6.5Y", "productId": null, "skuUuid": "b49d87e3-271b-4f93-abf1-79744e931c7d", "state": "480", "customerId": null, "localAmount": 49, "localCurrency": "USD"}, {"chainId": "12864463586019177380", "amount": 40, "createdAt": "2018-08-06T13:52:46+00:00", "shoeSize": "6Y", "productId": null, "skuUuid": "c7fc71c3-0c8d-4aeb-9903-72493270e36e", "state": "480", "customerId": null, "localAmount": 40, "localCurrency": "USD"}, {"chainId": "12864463354009331365", "amount": 40, "createdAt": "2018-08-06T13:52:18+00:00", "shoeSize": "4.5Y", "productId": null, "skuUuid": "35a623d9-b878-4e84-a8d9-9f9b135a51a0", "state": "480", "customerId": null, "localAmount": 40, "localCurrency": "USD"}, {"chainId": "12864463183380664701", "amount": 41, "createdAt": "2018-08-06T13:51:59+00:00", "shoeSize": "4.5Y", "productId": null, "skuUuid": "35a623d9-b878-4e84-a8d9-9f9b135a51a0", "state": "480", "customerId": null, "localAmount": 41, "localCurrency": "USD"}, {"chainId": "12864463044271579709", "amount": 45, "createdAt": "2018-08-06T13:51:41+00:00", "shoeSize": "4.5Y", "productId": null, "skuUuid": "35a623d9-b878-4e84-a8d9-9f9b135a51a0", "state": "480", "customerId": null, "localAmount": 45, "localCurrency": "USD"}, {"chainId": "12860870320067584983", "amount": 55, "createdAt": "2018-08-05T17:04:40+00:00", "shoeSize": "5.5Y", "productId": null, "skuUuid": "d9d20709-e9e3-4c0a-8840-46c229526080", "state": "480", "customerId": null, "localAmount": 55, "localCurrency": "USD"}, {"chainId": "12861463706127210673", "amount": 60, "createdAt": "2018-08-02T15:14:41+00:00", "shoeSize": "6Y", "productId": null, "skuUuid": "c7fc71c3-0c8d-4aeb-9903-72493270e36e", "state": "480", "customerId": null, "localAmount": 60, "localCurrency": "USD"}, {"chainId": "12860685573449380649", "amount": 58, "createdAt": "2018-08-02T10:29:56+00:00", "shoeSize": "6.5Y", "productId": null, "skuUuid": "b49d87e3-271b-4f93-abf1-79744e931c7d", "state": "480", "customerId": null, "localAmount": 58, "localCurrency": "USD"}, {"chainId": "12860685390347713399", "amount": 60, "createdAt": "2018-08-02T10:29:34+00:00", "shoeSize": "6Y", "productId": null, "skuUuid": "c7fc71c3-0c8d-4aeb-9903-72493270e36e", "state": "480", "customerId": null, "localAmount": 60, "localCurrency": "USD"}, {"chainId": "12578457860621459239", "amount": 79, "createdAt": "2018-08-02T01:22:49+00:00", "shoeSize": "4Y", "productId": null, "skuUuid": "a08a33fc-0083-4127-be07-2751c568a81e", "state": "480", "customerId": null, "localAmount": 79, "localCurrency": "USD"}, {"chainId": "12860727451901978988", "amount": 65, "createdAt": "2018-08-01T14:08:33+00:00", "shoeSize": "5.5Y", "productId": null, "skuUuid": "d9d20709-e9e3-4c0a-8840-46c229526080", "state": "480", "customerId": null, "localAmount": 65, "localCurrency": "USD"}, {"chainId": "12819333446110447834", "amount": 65, "createdAt": "2018-07-27T06:18:22+00:00", "shoeSize": "6.5Y", "productId": null, "skuUuid": "b49d87e3-271b-4f93-abf1-79744e931c7d", "state": "480", "customerId": null, "localAmount": 65, "localCurrency": "USD"}, {"chainId": "12777872588739702125", "amount": 88, "createdAt": "2018-07-26T23:09:10+00:00", "shoeSize": "7Y", "productId": null, "skuUuid": "082a5210-6a6d-4e87-bb59-9440553a8c65", "state": "480", "customerId": null, "localAmount": 88, "localCurrency": "USD"}, {"chainId": "12737806461768519100", "amount": 79, "createdAt": "2018-07-26T19:55:48+00:00", "shoeSize": "5.5Y", "productId": null, "skuUuid": "d9d20709-e9e3-4c0a-8840-46c229526080", "state": "480", "customerId": null, "localAmount": 79, "localCurrency": "USD"}, {"chainId": "12851476382305762896", "amount": 60, "createdAt": "2018-07-19T15:49:30+00:00", "shoeSize": "7Y", "productId": null, "skuUuid": "082a5210-6a6d-4e87-bb59-9440553a8c65", "state": "480", "customerId": null, "localAmount": 60, "localCurrency": "USD"}, {"chainId": "12851473440690906704", "amount": 65, "createdAt": "2018-07-19T15:43:40+00:00", "shoeSize": "7Y", "productId": null, "skuUuid": "082a5210-6a6d-4e87-bb59-9440553a8c65", "state": "480", "customerId": null, "localAmount": 65, "localCurrency": "USD"}, {"chainId": "12848036212614430041", "amount": 66, "createdAt": "2018-07-14T21:54:30+00:00", "shoeSize": "7Y", "productId": null, "skuUuid": "082a5210-6a6d-4e87-bb59-9440553a8c65", "state": "480", "customerId": null, "localAmount": 66, "localCurrency": "USD"}, {"chainId": "12786495452632908205", "amount": 79, "createdAt": "2018-07-03T13:01:38+00:00", "shoeSize": "4.5Y", "productId": null, "skuUuid": "35a623d9-b878-4e84-a8d9-9f9b135a51a0", "state": "480", "customerId": null, "localAmount": 79, "localCurrency": "USD"}, {"chainId": "12806537355683411573", "amount": 70, "createdAt": "2018-07-01T01:21:17+00:00", "shoeSize": "5Y", "productId": null, "skuUuid": "7e36b20a-8085-4b68-8299-f2acb82d3925", "state": "480", "customerId": null, "localAmount": 70, "localCurrency": "USD"}, {"chainId": "12745332920142507631", "amount": 65, "createdAt": "2018-06-28T15:44:21+00:00", "shoeSize": "5.5Y", "productId": null, "skuUuid": "d9d20709-e9e3-4c0a-8840-46c229526080", "state": "480", "customerId": null, "localAmount": 65, "localCurrency": "USD"}, {"chainId": "12821894411382366500", "amount": 60, "createdAt": "2018-06-08T20:15:25+00:00", "shoeSize": "6Y", "productId": null, "skuUuid": "c7fc71c3-0c8d-4aeb-9903-72493270e36e", "state": "480", "customerId": null, "localAmount": 60, "localCurrency": "USD"}, {"chainId": "12814628205808033529", "amount": 50, "createdAt": "2018-05-29T19:39:12+00:00", "shoeSize": "5.5Y", "productId": null, "skuUuid": "d9d20709-e9e3-4c0a-8840-46c229526080", "state": "480", "customerId": null, "localAmount": 50, "localCurrency": "USD"}, {"chainId": "12808892140245864333", "amount": 50, "createdAt": "2018-05-23T15:50:52+00:00", "shoeSize": "6.5Y", "productId": null, "skuUuid": "b49d87e3-271b-4f93-abf1-79744e931c7d", "state": "480", "customerId": null, "localAmount": 50, "localCurrency": "USD"}, {"chainId": "12786348304100091660", "amount": 63, "createdAt": "2018-05-17T21:34:09+00:00", "shoeSize": "5Y", "productId": null, "skuUuid": "7e36b20a-8085-4b68-8299-f2acb82d3925", "state": "480", "customerId": null, "localAmount": 63, "localCurrency": "USD"}, {"chainId": "12787765498872461157", "amount": 46, "createdAt": "2018-05-14T04:00:47+00:00", "shoeSize": "4Y", "productId": null, "skuUuid": "a08a33fc-0083-4127-be07-2751c568a81e", "state": "480", "customerId": null, "localAmount": 46, "localCurrency": "USD"}, {"chainId": "12784268784002958374", "amount": 90, "createdAt": "2018-04-23T00:50:33+00:00", "shoeSize": "7Y", "productId": null, "skuUuid": "082a5210-6a6d-4e87-bb59-9440553a8c65", "state": "480", "customerId": null, "localAmount": 90, "localCurrency": "USD"}, {"chainId": "12784086080436966877", "amount": 40, "createdAt": "2018-04-17T16:17:01+00:00", "shoeSize": "7Y", "productId": null, "skuUuid": "082a5210-6a6d-4e87-bb59-9440553a8c65", "state": "480", "customerId": null, "localAmount": 40, "localCurrency": "USD"}, {"chainId": "12783575746203067937", "amount": 56, "createdAt": "2018-04-16T23:23:04+00:00", "shoeSize": "6Y", "productId": null, "skuUuid": "c7fc71c3-0c8d-4aeb-9903-72493270e36e", "state": "480", "customerId": null, "localAmount": 56, "localCurrency": "USD"}, {"chainId": "12783574826949733813", "amount": 58, "createdAt": "2018-04-16T23:21:14+00:00", "shoeSize": "6Y", "productId": null, "skuUuid": "c7fc71c3-0c8d-4aeb-9903-72493270e36e", "state": "480", "customerId": null, "localAmount": 58, "localCurrency": "USD"}, {"chainId": "12768914962137966658", "amount": 89, "createdAt": "2018-04-14T18:18:22+00:00", "shoeSize": "7Y", "productId": null, "skuUuid": "082a5210-6a6d-4e87-bb59-9440553a8c65", "state": "480", "customerId": null, "localAmount": 89, "localCurrency": "USD"}, {"chainId": "12774103092930266088", "amount": 103, "createdAt": "2018-04-03T23:52:04+00:00", "shoeSize": "5Y", "productId": null, "skuUuid": "7e36b20a-8085-4b68-8299-f2acb82d3925", "state": "480", "customerId": null, "localAmount": 103, "localCurrency": "USD"}, {"chainId": "12767972121684925624", "amount": 76, "createdAt": "2018-03-30T23:46:07+00:00", "shoeSize": "6Y", "productId": null, "skuUuid": "c7fc71c3-0c8d-4aeb-9903-72493270e36e", "state": "480", "customerId": null, "localAmount": 76, "localCurrency": "USD"}, {"chainId": "12768285247237779886", "amount": 66, "createdAt": "2018-03-26T21:03:34+00:00", "shoeSize": "6.5Y", "productId": null, "skuUuid": "b49d87e3-271b-4f93-abf1-79744e931c7d", "state": "480", "customerId": null, "localAmount": 66, "localCurrency": "USD"}, {"chainId": "12745332734837038817", "amount": 76, "createdAt": "2018-03-26T08:06:16+00:00", "shoeSize": "6Y", "productId": null, "skuUuid": "c7fc71c3-0c8d-4aeb-9903-72493270e36e", "state": "480", "customerId": null, "localAmount": 76, "localCurrency": "USD"}, {"chainId": "12764820090031892717", "amount": 74, "createdAt": "2018-03-23T12:05:57+00:00", "shoeSize": "6.5Y", "productId": null, "skuUuid": "b49d87e3-271b-4f93-abf1-79744e931c7d", "state": "480", "customerId": null, "localAmount": 74, "localCurrency": "USD"}, {"chainId": "12745332534908315175", "amount": 82, "createdAt": "2018-03-22T02:15:57+00:00", "shoeSize": "6.5Y", "productId": null, "skuUuid": "b49d87e3-271b-4f93-abf1-79744e931c7d", "state": "480", "customerId": null, "localAmount": 82, "localCurrency": "USD"}, {"chainId": "12764108926337603472", "amount": 65, "createdAt": "2018-03-21T02:46:05+00:00", "shoeSize": "6.5Y", "productId": null, "skuUuid": "b49d87e3-271b-4f93-abf1-79744e931c7d", "state": "480", "customerId": null, "localAmount": 65, "localCurrency": "USD"}, {"chainId": "12746352027935866620", "amount": 74, "createdAt": "2018-03-11T20:40:07+00:00", "shoeSize": "7Y", "productId": null, "skuUuid": "082a5210-6a6d-4e87-bb59-9440553a8c65", "state": "480", "customerId": null, "localAmount": 74, "localCurrency": "USD"}, {"chainId": "12751721963401775319", "amount": 40, "createdAt": "2018-03-11T14:36:48+00:00", "shoeSize": "7Y", "productId": null, "skuUuid": "082a5210-6a6d-4e87-bb59-9440553a8c65", "state": "480", "customerId": null, "localAmount": 40, "localCurrency": "USD"}, {"chainId": "12748629966630695539", "amount": 48, "createdAt": "2018-02-27T18:12:03+00:00", "shoeSize": "6Y", "productId": null, "skuUuid": "c7fc71c3-0c8d-4aeb-9903-72493270e36e", "state": "480", "customerId": null, "localAmount": 48, "localCurrency": "USD"}, {"chainId": "12745332316930364959", "amount": 87, "createdAt": "2018-02-24T14:42:31+00:00", "shoeSize": "7Y", "productId": null, "skuUuid": "082a5210-6a6d-4e87-bb59-9440553a8c65", "state": "480", "customerId": null, "localAmount": 87, "localCurrency": "USD"}, {"chainId": "12739408538150916272", "amount": 60, "createdAt": "2018-02-15T00:50:43+00:00", "shoeSize": "5.5Y", "productId": null, "skuUuid": "d9d20709-e9e3-4c0a-8840-46c229526080", "state": "480", "customerId": null, "localAmount": 60, "localCurrency": "USD"}, {"chainId": "12652345757618399665", "amount": 109, "createdAt": "2018-02-12T00:40:57+00:00", "shoeSize": "5.5Y", "productId": null, "skuUuid": "d9d20709-e9e3-4c0a-8840-46c229526080", "state": "480", "customerId": null, "localAmount": 109, "localCurrency": "USD"}, {"chainId": "12734340948264161266", "amount": 50, "createdAt": "2018-02-08T09:13:17+00:00", "shoeSize": "5.5Y", "productId": null, "skuUuid": "d9d20709-e9e3-4c0a-8840-46c229526080", "state": "480", "customerId": null, "localAmount": 50, "localCurrency": "USD"}, {"chainId": "12731123971058554067", "amount": 35, "createdAt": "2018-02-07T22:03:40+00:00", "shoeSize": "4.5Y", "productId": null, "skuUuid": "35a623d9-b878-4e84-a8d9-9f9b135a51a0", "state": "480", "customerId": null, "localAmount": 35, "localCurrency": "USD"}, {"chainId": "12652345946642699076", "amount": 104, "createdAt": "2018-02-02T00:45:32+00:00", "shoeSize": "6Y", "productId": null, "skuUuid": "c7fc71c3-0c8d-4aeb-9903-72493270e36e", "state": "480", "customerId": null, "localAmount": 104, "localCurrency": "USD"}, {"chainId": "12728329340873791071", "amount": 45, "createdAt": "2018-01-30T17:58:19+00:00", "shoeSize": "4.5Y", "productId": null, "skuUuid": "35a623d9-b878-4e84-a8d9-9f9b135a51a0", "state": "480", "customerId": null, "localAmount": 45, "localCurrency": "USD"}, {"chainId": "12652346130744559575", "amount": 105, "createdAt": "2017-12-28T14:11:18+00:00", "shoeSize": "7Y", "productId": null, "skuUuid": "082a5210-6a6d-4e87-bb59-9440553a8c65", "state": "480", "customerId": null, "localAmount": 105, "localCurrency": "USD"}, {"chainId": "12661177049434217099", "amount": 55, "createdAt": "2017-12-14T16:44:52+00:00", "shoeSize": "5Y", "productId": null, "skuUuid": "7e36b20a-8085-4b68-8299-f2acb82d3925", "state": "480", "customerId": null, "localAmount": 55, "localCurrency": "USD"}, {"chainId": "12678909162334006503", "amount": 25, "createdAt": "2017-11-24T19:07:15+00:00", "shoeSize": "6.5Y", "productId": null, "skuUuid": "b49d87e3-271b-4f93-abf1-79744e931c7d", "state": "480", "customerId": null, "localAmount": 25, "localCurrency": "USD"}, {"chainId": "12677892192974370829", "amount": 55, "createdAt": "2017-11-22T03:54:26+00:00", "shoeSize": "5Y", "productId": null, "skuUuid": "7e36b20a-8085-4b68-8299-f2acb82d3925", "state": "480", "customerId": null, "localAmount": 55, "localCurrency": "USD"}, {"chainId": "12578458633401359359", "amount": 125, "createdAt": "2017-09-20T12:13:02+00:00", "shoeSize": "6Y", "productId": null, "skuUuid": "c7fc71c3-0c8d-4aeb-9903-72493270e36e", "state": "480", "customerId": null, "localAmount": 125, "localCurrency": "USD"}, {"chainId": "12509635919635208636", "amount": 60, "createdAt": "2017-06-01T23:44:15+00:00", "shoeSize": "6Y", "productId": null, "skuUuid": "c7fc71c3-0c8d-4aeb-9903-72493270e36e", "state": "480", "customerId": null, "localAmount": 60, "localCurrency": "USD"}, {"chainId": "12509636087547082883", "amount": 60, "createdAt": "2017-05-29T17:50:33+00:00", "shoeSize": "6Y", "productId": null, "skuUuid": "c7fc71c3-0c8d-4aeb-9903-72493270e36e", "state": "480", "customerId": null, "localAmount": 60, "localCurrency": "USD"}]