[{"chainId": "12983390817673107574", "amount": 83, "createdAt": "2019-01-23T21:04:10+00:00", "shoeSize": "4.5Y", "productId": null, "skuUuid": "6e92badb-e58b-440c-9f4c-b9004bafc1ec", "state": "480", "customerId": null, "localAmount": 83, "localCurrency": "USD"}, {"chainId": "12979266891530627384", "amount": 69, "createdAt": "2019-01-23T20:55:15+00:00", "shoeSize": "6.5Y", "productId": null, "skuUuid": "a7acba13-c4a5-4531-9e96-c07f538d5f44", "state": "480", "customerId": null, "localAmount": 69, "localCurrency": "USD"}, {"chainId": "12987793497523279633", "amount": 40, "createdAt": "2019-01-23T17:47:16+00:00", "shoeSize": "5.5Y", "productId": null, "skuUuid": "de371011-159e-42e8-ad8e-3c8fccb71c5a", "state": "480", "customerId": null, "localAmount": 40, "localCurrency": "USD"}, {"chainId": "12983390750576646005", "amount": 83, "createdAt": "2019-01-21T21:08:56+00:00", "shoeSize": "4Y", "productId": null, "skuUuid": "80d82dc1-2cdd-423f-b487-5e00fc9680f6", "state": "480", "customerId": null, "localAmount": 83, "localCurrency": "USD"}, {"chainId": "12984000532925680418", "amount": 75, "createdAt": "2019-01-21T21:08:12+00:00", "shoeSize": "7Y", "productId": null, "skuUuid": "c87c4cf6-556f-4e5b-8bd6-850326c97787", "state": "480", "customerId": null, "localAmount": 75, "localCurrency": "USD"}, {"chainId": "12983999867239381639", "amount": 75, "createdAt": "2019-01-19T06:45:39+00:00", "shoeSize": "7Y", "productId": null, "skuUuid": "c87c4cf6-556f-4e5b-8bd6-850326c97787", "state": "480", "customerId": null, "localAmount": 75, "localCurrency": "USD"}, {"chainId": "12984432811621456482", "amount": 55, "createdAt": "2019-01-19T05:58:11+00:00", "shoeSize": "4.5Y", "productId": null, "skuUuid": "6e92badb-e58b-440c-9f4c-b9004bafc1ec", "state": "480", "customerId": null, "localAmount": 55, "localCurrency": "USD"}, {"chainId": "12983390950345540474", "amount": 83, "createdAt": "2019-01-19T02:36:01+00:00", "shoeSize": "5.5Y", "productId": null, "skuUuid": "de371011-159e-42e8-ad8e-3c8fccb71c5a", "state": "480", "customerId": null, "localAmount": 83, "localCurrency": "USD"}, {"chainId": "12983391129833228327", "amount": 83, "createdAt": "2019-01-18T11:42:52+00:00", "shoeSize": "7Y", "productId": null, "skuUuid": "c87c4cf6-556f-4e5b-8bd6-850326c97787", "state": "480", "customerId": null, "localAmount": 83, "localCurrency": "USD"}, {"chainId": "12983537968778431465", "amount": 70, "createdAt": "2019-01-18T11:32:17+00:00", "shoeSize": "7Y", "productId": null, "skuUuid": "c87c4cf6-556f-4e5b-8bd6-850326c97787", "state": "480", "customerId": null, "localAmount": 70, "localCurrency": "USD"}, {"chainId": "12952495467511212294", "amount": 76, "createdAt": "2019-01-17T20:51:38+00:00", "shoeSize": "7Y", "productId": null, "skuUuid": "c87c4cf6-556f-4e5b-8bd6-850326c97787", "state": "480", "customerId": null, "localAmount": 76, "localCurrency": "USD"}, {"chainId": "12952495582686479843", "amount": 61, "createdAt": "2019-01-17T20:51:12+00:00", "shoeSize": "6.5Y", "productId": null, "skuUuid": "a7acba13-c4a5-4531-9e96-c07f538d5f44", "state": "480", "customerId": null, "localAmount": 61, "localCurrency": "USD"}, {"chainId": "12983536453759926962", "amount": 70, "createdAt": "2019-01-17T20:49:18+00:00", "shoeSize": "5.5Y", "productId": null, "skuUuid": "de371011-159e-42e8-ad8e-3c8fccb71c5a", "state": "480", "customerId": null, "localAmount": 70, "localCurrency": "USD"}, {"chainId": "12976329413430491758", "amount": 85, "createdAt": "2019-01-17T02:07:31+00:00", "shoeSize": "4.5Y", "productId": null, "skuUuid": "6e92badb-e58b-440c-9f4c-b9004bafc1ec", "state": "480", "customerId": null, "localAmount": 85, "localCurrency": "USD"}, {"chainId": "12976329530355293099", "amount": 85, "createdAt": "2019-01-16T19:31:50+00:00", "shoeSize": "7Y", "productId": null, "skuUuid": "c87c4cf6-556f-4e5b-8bd6-850326c97787", "state": "480", "customerId": null, "localAmount": 85, "localCurrency": "USD"}, {"chainId": "12966240399117902976", "amount": 110, "createdAt": "2019-01-15T23:55:41+00:00", "shoeSize": "3.5Y", "productId": null, "skuUuid": "659b5795-baee-4d69-aca6-b27bcd9a9c84", "state": "480", "customerId": null, "localAmount": 110, "localCurrency": "USD"}, {"chainId": "12976329535876921744", "amount": 85, "createdAt": "2019-01-15T23:54:51+00:00", "shoeSize": "7Y", "productId": null, "skuUuid": "c87c4cf6-556f-4e5b-8bd6-850326c97787", "state": "480", "customerId": null, "localAmount": 85, "localCurrency": "USD"}, {"chainId": "12976329400009746379", "amount": 85, "createdAt": "2019-01-15T23:16:13+00:00", "shoeSize": "4Y", "productId": null, "skuUuid": "80d82dc1-2cdd-423f-b487-5e00fc9680f6", "state": "480", "customerId": null, "localAmount": 85, "localCurrency": "USD"}, {"chainId": "12976329448354480675", "amount": 85, "createdAt": "2019-01-12T03:04:34+00:00", "shoeSize": "5.5Y", "productId": null, "skuUuid": "de371011-159e-42e8-ad8e-3c8fccb71c5a", "state": "480", "customerId": null, "localAmount": 85, "localCurrency": "USD"}, {"chainId": "12978969121980002764", "amount": 79, "createdAt": "2019-01-11T16:28:07+00:00", "shoeSize": "6.5Y", "productId": null, "skuUuid": "a7acba13-c4a5-4531-9e96-c07f538d5f44", "state": "480", "customerId": null, "localAmount": 79, "localCurrency": "USD"}, {"chainId": "12976329518483322171", "amount": 79, "createdAt": "2019-01-10T06:36:48+00:00", "shoeSize": "6.5Y", "productId": null, "skuUuid": "a7acba13-c4a5-4531-9e96-c07f538d5f44", "state": "480", "customerId": null, "localAmount": 79, "localCurrency": "USD"}, {"chainId": "12977648323937354707", "amount": 78, "createdAt": "2019-01-09T17:50:42+00:00", "shoeSize": "7Y", "productId": null, "skuUuid": "c87c4cf6-556f-4e5b-8bd6-850326c97787", "state": "480", "customerId": null, "localAmount": 78, "localCurrency": "USD"}, {"chainId": "12977648116220434266", "amount": 79, "createdAt": "2019-01-09T17:50:13+00:00", "shoeSize": "6Y", "productId": null, "skuUuid": "5ce2ca10-8759-43e5-8cbb-69e8425bdf9c", "state": "480", "customerId": null, "localAmount": 79, "localCurrency": "USD"}, {"chainId": "12951736637216915188", "amount": 79, "createdAt": "2019-01-09T17:49:48+00:00", "shoeSize": "7Y", "productId": null, "skuUuid": "c87c4cf6-556f-4e5b-8bd6-850326c97787", "state": "480", "customerId": null, "localAmount": 79, "localCurrency": "USD"}, {"chainId": "12976329500223109211", "amount": 83, "createdAt": "2019-01-07T23:07:36+00:00", "shoeSize": "6.5Y", "productId": null, "skuUuid": "a7acba13-c4a5-4531-9e96-c07f538d5f44", "state": "480", "customerId": null, "localAmount": 83, "localCurrency": "USD"}, {"chainId": "12951062382014667946", "amount": 81, "createdAt": "2019-01-07T05:41:37+00:00", "shoeSize": "6Y", "productId": null, "skuUuid": "5ce2ca10-8759-43e5-8cbb-69e8425bdf9c", "state": "480", "customerId": null, "localAmount": 81, "localCurrency": "USD"}, {"chainId": "12974286522912388817", "amount": 88, "createdAt": "2019-01-07T02:06:17+00:00", "shoeSize": "7Y", "productId": null, "skuUuid": "c87c4cf6-556f-4e5b-8bd6-850326c97787", "state": "480", "customerId": null, "localAmount": 88, "localCurrency": "USD"}, {"chainId": "12971414807094949712", "amount": 87, "createdAt": "2019-01-05T04:27:08+00:00", "shoeSize": "5Y", "productId": null, "skuUuid": "e7961489-fe78-420a-bfd5-ec2b0d5e6812", "state": "480", "customerId": null, "localAmount": 87, "localCurrency": "USD"}, {"chainId": "12969877808715579336", "amount": 82, "createdAt": "2019-01-05T02:18:30+00:00", "shoeSize": "7Y", "productId": null, "skuUuid": "c87c4cf6-556f-4e5b-8bd6-850326c97787", "state": "480", "customerId": null, "localAmount": 82, "localCurrency": "USD"}, {"chainId": "12973891581592342904", "amount": 88, "createdAt": "2019-01-05T00:46:07+00:00", "shoeSize": "7Y", "productId": null, "skuUuid": "c87c4cf6-556f-4e5b-8bd6-850326c97787", "state": "480", "customerId": null, "localAmount": 88, "localCurrency": "USD"}, {"chainId": "12973588712461227855", "amount": 89, "createdAt": "2019-01-04T20:40:36+00:00", "shoeSize": "4.5Y", "productId": null, "skuUuid": "6e92badb-e58b-440c-9f4c-b9004bafc1ec", "state": "480", "customerId": null, "localAmount": 89, "localCurrency": "USD"}, {"chainId": "12969649351981741066", "amount": 80, "createdAt": "2019-01-04T16:25:36+00:00", "shoeSize": "6Y", "productId": null, "skuUuid": "5ce2ca10-8759-43e5-8cbb-69e8425bdf9c", "state": "480", "customerId": null, "localAmount": 80, "localCurrency": "USD"}, {"chainId": "12973887776577372033", "amount": 87, "createdAt": "2019-01-04T13:19:06+00:00", "shoeSize": "7Y", "productId": null, "skuUuid": "c87c4cf6-556f-4e5b-8bd6-850326c97787", "state": "480", "customerId": null, "localAmount": 87, "localCurrency": "USD"}, {"chainId": "12971781259117909418", "amount": 88, "createdAt": "2019-01-04T00:11:50+00:00", "shoeSize": "7Y", "productId": null, "skuUuid": "c87c4cf6-556f-4e5b-8bd6-850326c97787", "state": "480", "customerId": null, "localAmount": 88, "localCurrency": "USD"}, {"chainId": "12969107116733239859", "amount": 85, "createdAt": "2019-01-03T19:48:12+00:00", "shoeSize": "7Y", "productId": null, "skuUuid": "c87c4cf6-556f-4e5b-8bd6-850326c97787", "state": "480", "customerId": null, "localAmount": 85, "localCurrency": "USD"}, {"chainId": "12969877400416637546", "amount": 91, "createdAt": "2019-01-02T16:22:47+00:00", "shoeSize": "5.5Y", "productId": null, "skuUuid": "de371011-159e-42e8-ad8e-3c8fccb71c5a", "state": "480", "customerId": null, "localAmount": 91, "localCurrency": "USD"}, {"chainId": "12970422746148471862", "amount": 89, "createdAt": "2018-12-31T22:34:33+00:00", "shoeSize": "7Y", "productId": null, "skuUuid": "c87c4cf6-556f-4e5b-8bd6-850326c97787", "state": "480", "customerId": null, "localAmount": 89, "localCurrency": "USD"}, {"chainId": "12969679176454641571", "amount": 89, "createdAt": "2018-12-31T02:04:14+00:00", "shoeSize": "6.5Y", "productId": null, "skuUuid": "a7acba13-c4a5-4531-9e96-c07f538d5f44", "state": "480", "customerId": null, "localAmount": 89, "localCurrency": "USD"}, {"chainId": "12969649621955394318", "amount": 89, "createdAt": "2018-12-30T18:22:11+00:00", "shoeSize": "7Y", "productId": null, "skuUuid": "c87c4cf6-556f-4e5b-8bd6-850326c97787", "state": "480", "customerId": null, "localAmount": 89, "localCurrency": "USD"}, {"chainId": "12951062921045743326", "amount": 89, "createdAt": "2018-12-30T05:30:15+00:00", "shoeSize": "4Y", "productId": null, "skuUuid": "80d82dc1-2cdd-423f-b487-5e00fc9680f6", "state": "480", "customerId": null, "localAmount": 89, "localCurrency": "USD"}, {"chainId": "12951737142007400154", "amount": 84, "createdAt": "2018-12-30T00:20:04+00:00", "shoeSize": "6.5Y", "productId": null, "skuUuid": "a7acba13-c4a5-4531-9e96-c07f538d5f44", "state": "480", "customerId": null, "localAmount": 84, "localCurrency": "USD"}, {"chainId": "12969649506819954720", "amount": 89, "createdAt": "2018-12-29T17:54:05+00:00", "shoeSize": "6.5Y", "productId": null, "skuUuid": "a7acba13-c4a5-4531-9e96-c07f538d5f44", "state": "480", "customerId": null, "localAmount": 89, "localCurrency": "USD"}, {"chainId": "12968362729050670211", "amount": 90, "createdAt": "2018-12-27T23:54:34+00:00", "shoeSize": "5.5Y", "productId": null, "skuUuid": "de371011-159e-42e8-ad8e-3c8fccb71c5a", "state": "480", "customerId": null, "localAmount": 90, "localCurrency": "USD"}, {"chainId": "12965457603697511765", "amount": 90, "createdAt": "2018-12-27T20:23:31+00:00", "shoeSize": "5.5Y", "productId": null, "skuUuid": "de371011-159e-42e8-ad8e-3c8fccb71c5a", "state": "480", "customerId": null, "localAmount": 90, "localCurrency": "USD"}, {"chainId": "12964791670205997491", "amount": 95, "createdAt": "2018-12-27T15:55:08+00:00", "shoeSize": "6.5Y", "productId": null, "skuUuid": "a7acba13-c4a5-4531-9e96-c07f538d5f44", "state": "480", "customerId": null, "localAmount": 95, "localCurrency": "USD"}, {"chainId": "12945899046717284720", "amount": 88, "createdAt": "2018-12-27T02:43:32+00:00", "shoeSize": "5.5Y", "productId": null, "skuUuid": "de371011-159e-42e8-ad8e-3c8fccb71c5a", "state": "480", "customerId": null, "localAmount": 88, "localCurrency": "USD"}, {"chainId": "12967764485952724806", "amount": 40, "createdAt": "2018-12-27T02:33:12+00:00", "shoeSize": "5Y", "productId": null, "skuUuid": "e7961489-fe78-420a-bfd5-ec2b0d5e6812", "state": "480", "customerId": null, "localAmount": 40, "localCurrency": "USD"}, {"chainId": "12964793405519542342", "amount": 95, "createdAt": "2018-12-27T00:03:57+00:00", "shoeSize": "7Y", "productId": null, "skuUuid": "c87c4cf6-556f-4e5b-8bd6-850326c97787", "state": "480", "customerId": null, "localAmount": 95, "localCurrency": "USD"}, {"chainId": "12965457821052140371", "amount": 90, "createdAt": "2018-12-26T20:37:38+00:00", "shoeSize": "6.5Y", "productId": null, "skuUuid": "a7acba13-c4a5-4531-9e96-c07f538d5f44", "state": "480", "customerId": null, "localAmount": 90, "localCurrency": "USD"}, {"chainId": "12963899788104467388", "amount": 90, "createdAt": "2018-12-26T06:49:55+00:00", "shoeSize": "7Y", "productId": null, "skuUuid": "c87c4cf6-556f-4e5b-8bd6-850326c97787", "state": "480", "customerId": null, "localAmount": 90, "localCurrency": "USD"}, {"chainId": "12966240078640438895", "amount": 88, "createdAt": "2018-12-25T20:00:22+00:00", "shoeSize": "4.5Y", "productId": null, "skuUuid": "6e92badb-e58b-440c-9f4c-b9004bafc1ec", "state": "480", "customerId": null, "localAmount": 88, "localCurrency": "USD"}, {"chainId": "12959478451017888046", "amount": 85, "createdAt": "2018-12-25T06:52:53+00:00", "shoeSize": "7Y", "productId": null, "skuUuid": "c87c4cf6-556f-4e5b-8bd6-850326c97787", "state": "480", "customerId": null, "localAmount": 85, "localCurrency": "USD"}, {"chainId": "12959479804939887194", "amount": 89, "createdAt": "2018-12-25T05:54:26+00:00", "shoeSize": "6.5Y", "productId": null, "skuUuid": "a7acba13-c4a5-4531-9e96-c07f538d5f44", "state": "480", "customerId": null, "localAmount": 89, "localCurrency": "USD"}, {"chainId": "12966237959857857726", "amount": 82, "createdAt": "2018-12-25T00:00:18+00:00", "shoeSize": "6Y", "productId": null, "skuUuid": "5ce2ca10-8759-43e5-8cbb-69e8425bdf9c", "state": "480", "customerId": null, "localAmount": 82, "localCurrency": "USD"}, {"chainId": "12965457678799502081", "amount": 83, "createdAt": "2018-12-24T19:56:46+00:00", "shoeSize": "5.5Y", "productId": null, "skuUuid": "de371011-159e-42e8-ad8e-3c8fccb71c5a", "state": "480", "customerId": null, "localAmount": 83, "localCurrency": "USD"}, {"chainId": "12965457894078622401", "amount": 85, "createdAt": "2018-12-23T22:57:37+00:00", "shoeSize": "7Y", "productId": null, "skuUuid": "c87c4cf6-556f-4e5b-8bd6-850326c97787", "state": "480", "customerId": null, "localAmount": 85, "localCurrency": "USD"}, {"chainId": "12965457460177978819", "amount": 83, "createdAt": "2018-12-23T22:09:35+00:00", "shoeSize": "5Y", "productId": null, "skuUuid": "e7961489-fe78-420a-bfd5-ec2b0d5e6812", "state": "480", "customerId": null, "localAmount": 83, "localCurrency": "USD"}, {"chainId": "12959646832790314201", "amount": 90, "createdAt": "2018-12-23T02:56:03+00:00", "shoeSize": "4.5Y", "productId": null, "skuUuid": "6e92badb-e58b-440c-9f4c-b9004bafc1ec", "state": "480", "customerId": null, "localAmount": 90, "localCurrency": "USD"}, {"chainId": "12963777985691916267", "amount": 82, "createdAt": "2018-12-22T13:24:19+00:00", "shoeSize": "7Y", "productId": null, "skuUuid": "c87c4cf6-556f-4e5b-8bd6-850326c97787", "state": "480", "customerId": null, "localAmount": 82, "localCurrency": "USD"}, {"chainId": "12960580498694937606", "amount": 84, "createdAt": "2018-12-22T01:04:39+00:00", "shoeSize": "5.5Y", "productId": null, "skuUuid": "de371011-159e-42e8-ad8e-3c8fccb71c5a", "state": "480", "customerId": null, "localAmount": 84, "localCurrency": "USD"}, {"chainId": "12959480488542622588", "amount": 83, "createdAt": "2018-12-21T17:16:57+00:00", "shoeSize": "5.5Y", "productId": null, "skuUuid": "de371011-159e-42e8-ad8e-3c8fccb71c5a", "state": "480", "customerId": null, "localAmount": 83, "localCurrency": "USD"}, {"chainId": "12962667442494873403", "amount": 84, "createdAt": "2018-12-20T21:02:43+00:00", "shoeSize": "6Y", "productId": null, "skuUuid": "5ce2ca10-8759-43e5-8cbb-69e8425bdf9c", "state": "480", "customerId": null, "localAmount": 84, "localCurrency": "USD"}, {"chainId": "12962667510431706432", "amount": 90, "createdAt": "2018-12-20T04:23:27+00:00", "shoeSize": "7Y", "productId": null, "skuUuid": "c87c4cf6-556f-4e5b-8bd6-850326c97787", "state": "480", "customerId": null, "localAmount": 90, "localCurrency": "USD"}, {"chainId": "12959477942001078159", "amount": 87, "createdAt": "2018-12-19T22:39:47+00:00", "shoeSize": "6Y", "productId": null, "skuUuid": "5ce2ca10-8759-43e5-8cbb-69e8425bdf9c", "state": "480", "customerId": null, "localAmount": 87, "localCurrency": "USD"}, {"chainId": "12960935868970329816", "amount": 83, "createdAt": "2018-12-19T13:31:19+00:00", "shoeSize": "6Y", "productId": null, "skuUuid": "5ce2ca10-8759-43e5-8cbb-69e8425bdf9c", "state": "480", "customerId": null, "localAmount": 83, "localCurrency": "USD"}, {"chainId": "12961209242780441964", "amount": 80, "createdAt": "2018-12-19T13:18:02+00:00", "shoeSize": "6Y", "productId": null, "skuUuid": "5ce2ca10-8759-43e5-8cbb-69e8425bdf9c", "state": "480", "customerId": null, "localAmount": 80, "localCurrency": "USD"}, {"chainId": "12959646498062192227", "amount": 90, "createdAt": "2018-12-19T05:25:04+00:00", "shoeSize": "6.5Y", "productId": null, "skuUuid": "a7acba13-c4a5-4531-9e96-c07f538d5f44", "state": "480", "customerId": null, "localAmount": 90, "localCurrency": "USD"}, {"chainId": "12961170572612008954", "amount": 100, "createdAt": "2018-12-19T03:57:15+00:00", "shoeSize": "7Y", "productId": null, "skuUuid": "c87c4cf6-556f-4e5b-8bd6-850326c97787", "state": "480", "customerId": null, "localAmount": 100, "localCurrency": "USD"}, {"chainId": "12961187768925090902", "amount": 88, "createdAt": "2018-12-19T02:58:57+00:00", "shoeSize": "6.5Y", "productId": null, "skuUuid": "a7acba13-c4a5-4531-9e96-c07f538d5f44", "state": "480", "customerId": null, "localAmount": 88, "localCurrency": "USD"}, {"chainId": "12961158408383440882", "amount": 83, "createdAt": "2018-12-18T19:54:18+00:00", "shoeSize": "5Y", "productId": null, "skuUuid": "e7961489-fe78-420a-bfd5-ec2b0d5e6812", "state": "480", "customerId": null, "localAmount": 83, "localCurrency": "USD"}, {"chainId": "12961170330198280247", "amount": 88, "createdAt": "2018-12-18T00:44:32+00:00", "shoeSize": "6.5Y", "productId": null, "skuUuid": "a7acba13-c4a5-4531-9e96-c07f538d5f44", "state": "480", "customerId": null, "localAmount": 88, "localCurrency": "USD"}, {"chainId": "12960935776331314674", "amount": 83, "createdAt": "2018-12-17T23:53:28+00:00", "shoeSize": "7Y", "productId": null, "skuUuid": "c87c4cf6-556f-4e5b-8bd6-850326c97787", "state": "480", "customerId": null, "localAmount": 83, "localCurrency": "USD"}, {"chainId": "12958158151748869334", "amount": 89, "createdAt": "2018-12-17T23:52:05+00:00", "shoeSize": "6.5Y", "productId": null, "skuUuid": "a7acba13-c4a5-4531-9e96-c07f538d5f44", "state": "480", "customerId": null, "localAmount": 89, "localCurrency": "USD"}, {"chainId": "12959646764471821348", "amount": 90, "createdAt": "2018-12-17T22:08:51+00:00", "shoeSize": "5Y", "productId": null, "skuUuid": "e7961489-fe78-420a-bfd5-ec2b0d5e6812", "state": "480", "customerId": null, "localAmount": 90, "localCurrency": "USD"}, {"chainId": "12959646589559946477", "amount": 86, "createdAt": "2018-12-17T13:53:17+00:00", "shoeSize": "6Y", "productId": null, "skuUuid": "5ce2ca10-8759-43e5-8cbb-69e8425bdf9c", "state": "480", "customerId": null, "localAmount": 86, "localCurrency": "USD"}, {"chainId": "12959479070837203398", "amount": 101, "createdAt": "2018-12-17T00:17:51+00:00", "shoeSize": "7Y", "productId": null, "skuUuid": "c87c4cf6-556f-4e5b-8bd6-850326c97787", "state": "480", "customerId": null, "localAmount": 101, "localCurrency": "USD"}, {"chainId": "12959481093794037542", "amount": 79, "createdAt": "2018-12-16T17:50:42+00:00", "shoeSize": "4Y", "productId": null, "skuUuid": "80d82dc1-2cdd-423f-b487-5e00fc9680f6", "state": "480", "customerId": null, "localAmount": 79, "localCurrency": "USD"}, {"chainId": "12959646413387468729", "amount": 90, "createdAt": "2018-12-16T02:31:05+00:00", "shoeSize": "7Y", "productId": null, "skuUuid": "c87c4cf6-556f-4e5b-8bd6-850326c97787", "state": "480", "customerId": null, "localAmount": 90, "localCurrency": "USD"}, {"chainId": "12959660185211621520", "amount": 58, "createdAt": "2018-12-15T22:11:24+00:00", "shoeSize": "6.5Y", "productId": null, "skuUuid": "a7acba13-c4a5-4531-9e96-c07f538d5f44", "state": "480", "customerId": null, "localAmount": 58, "localCurrency": "USD"}, {"chainId": "12959480613696011702", "amount": 84, "createdAt": "2018-12-15T20:23:25+00:00", "shoeSize": "5.5Y", "productId": null, "skuUuid": "de371011-159e-42e8-ad8e-3c8fccb71c5a", "state": "480", "customerId": null, "localAmount": 84, "localCurrency": "USD"}, {"chainId": "12956185478482602310", "amount": 85, "createdAt": "2018-12-15T00:34:40+00:00", "shoeSize": "6Y", "productId": null, "skuUuid": "5ce2ca10-8759-43e5-8cbb-69e8425bdf9c", "state": "480", "customerId": null, "localAmount": 85, "localCurrency": "USD"}, {"chainId": "12956185435631748062", "amount": 85, "createdAt": "2018-12-14T20:57:57+00:00", "shoeSize": "5Y", "productId": null, "skuUuid": "e7961489-fe78-420a-bfd5-ec2b0d5e6812", "state": "480", "customerId": null, "localAmount": 85, "localCurrency": "USD"}, {"chainId": "12950024069226841104", "amount": 79, "createdAt": "2018-12-14T15:58:49+00:00", "shoeSize": "4Y", "productId": null, "skuUuid": "80d82dc1-2cdd-423f-b487-5e00fc9680f6", "state": "480", "customerId": null, "localAmount": 79, "localCurrency": "USD"}, {"chainId": "12956185450140681111", "amount": 83, "createdAt": "2018-12-14T11:18:48+00:00", "shoeSize": "5.5Y", "productId": null, "skuUuid": "de371011-159e-42e8-ad8e-3c8fccb71c5a", "state": "480", "customerId": null, "localAmount": 83, "localCurrency": "USD"}, {"chainId": "12958218613587213095", "amount": 83, "createdAt": "2018-12-14T09:06:53+00:00", "shoeSize": "5Y", "productId": null, "skuUuid": "e7961489-fe78-420a-bfd5-ec2b0d5e6812", "state": "480", "customerId": null, "localAmount": 83, "localCurrency": "USD"}, {"chainId": "12958218856318882986", "amount": 83, "createdAt": "2018-12-14T03:04:42+00:00", "shoeSize": "7Y", "productId": null, "skuUuid": "c87c4cf6-556f-4e5b-8bd6-850326c97787", "state": "480", "customerId": null, "localAmount": 83, "localCurrency": "USD"}, {"chainId": "12958218735484665275", "amount": 83, "createdAt": "2018-12-14T01:16:38+00:00", "shoeSize": "6Y", "productId": null, "skuUuid": "5ce2ca10-8759-43e5-8cbb-69e8425bdf9c", "state": "480", "customerId": null, "localAmount": 83, "localCurrency": "USD"}, {"chainId": "12958218793950247130", "amount": 83, "createdAt": "2018-12-13T22:37:40+00:00", "shoeSize": "6.5Y", "productId": null, "skuUuid": "a7acba13-c4a5-4531-9e96-c07f538d5f44", "state": "480", "customerId": null, "localAmount": 83, "localCurrency": "USD"}, {"chainId": "12955056897931002147", "amount": 84, "createdAt": "2018-12-13T21:04:36+00:00", "shoeSize": "6Y", "productId": null, "skuUuid": "5ce2ca10-8759-43e5-8cbb-69e8425bdf9c", "state": "480", "customerId": null, "localAmount": 84, "localCurrency": "USD"}, {"chainId": "12951101465699591781", "amount": 99, "createdAt": "2018-12-13T20:25:59+00:00", "shoeSize": "6.5Y", "productId": null, "skuUuid": "a7acba13-c4a5-4531-9e96-c07f538d5f44", "state": "480", "customerId": null, "localAmount": 99, "localCurrency": "USD"}, {"chainId": "12955203878999250908", "amount": 98, "createdAt": "2018-12-13T20:24:37+00:00", "shoeSize": "6.5Y", "productId": null, "skuUuid": "a7acba13-c4a5-4531-9e96-c07f538d5f44", "state": "480", "customerId": null, "localAmount": 98, "localCurrency": "USD"}, {"chainId": "12956185440049045279", "amount": 85, "createdAt": "2018-12-13T20:19:55+00:00", "shoeSize": "5Y", "productId": null, "skuUuid": "e7961489-fe78-420a-bfd5-ec2b0d5e6812", "state": "480", "customerId": null, "localAmount": 85, "localCurrency": "USD"}, {"chainId": "12951062668448961721", "amount": 84, "createdAt": "2018-12-13T18:39:35+00:00", "shoeSize": "5Y", "productId": null, "skuUuid": "e7961489-fe78-420a-bfd5-ec2b0d5e6812", "state": "480", "customerId": null, "localAmount": 84, "localCurrency": "USD"}, {"chainId": "12956185468534699009", "amount": 85, "createdAt": "2018-12-12T22:33:12+00:00", "shoeSize": "6Y", "productId": null, "skuUuid": "5ce2ca10-8759-43e5-8cbb-69e8425bdf9c", "state": "480", "customerId": null, "localAmount": 85, "localCurrency": "USD"}, {"chainId": "12951063054318965740", "amount": 85, "createdAt": "2018-12-12T00:49:55+00:00", "shoeSize": "4.5Y", "productId": null, "skuUuid": "6e92badb-e58b-440c-9f4c-b9004bafc1ec", "state": "480", "customerId": null, "localAmount": 85, "localCurrency": "USD"}, {"chainId": "12956185424641300447", "amount": 80, "createdAt": "2018-12-12T00:48:28+00:00", "shoeSize": "4.5Y", "productId": null, "skuUuid": "6e92badb-e58b-440c-9f4c-b9004bafc1ec", "state": "480", "customerId": null, "localAmount": 80, "localCurrency": "USD"}, {"chainId": "12956185464360656778", "amount": 85, "createdAt": "2018-12-12T00:04:37+00:00", "shoeSize": "6Y", "productId": null, "skuUuid": "5ce2ca10-8759-43e5-8cbb-69e8425bdf9c", "state": "480", "customerId": null, "localAmount": 85, "localCurrency": "USD"}, {"chainId": "12956185454309418396", "amount": 85, "createdAt": "2018-12-11T23:58:43+00:00", "shoeSize": "6Y", "productId": null, "skuUuid": "5ce2ca10-8759-43e5-8cbb-69e8425bdf9c", "state": "480", "customerId": null, "localAmount": 85, "localCurrency": "USD"}, {"chainId": "12956185492956503062", "amount": 85, "createdAt": "2018-12-11T19:30:46+00:00", "shoeSize": "7Y", "productId": null, "skuUuid": "c87c4cf6-556f-4e5b-8bd6-850326c97787", "state": "480", "customerId": null, "localAmount": 85, "localCurrency": "USD"}, {"chainId": "12956185496855166933", "amount": 85, "createdAt": "2018-12-11T17:52:04+00:00", "shoeSize": "7Y", "productId": null, "skuUuid": "c87c4cf6-556f-4e5b-8bd6-850326c97787", "state": "480", "customerId": null, "localAmount": 85, "localCurrency": "USD"}, {"chainId": "12956185482567723312", "amount": 85, "createdAt": "2018-12-11T15:33:07+00:00", "shoeSize": "7Y", "productId": null, "skuUuid": "c87c4cf6-556f-4e5b-8bd6-850326c97787", "state": "480", "customerId": null, "localAmount": 85, "localCurrency": "USD"}, {"chainId": "12956185420904674287", "amount": 80, "createdAt": "2018-12-11T03:43:27+00:00", "shoeSize": "4Y", "productId": null, "skuUuid": "80d82dc1-2cdd-423f-b487-5e00fc9680f6", "state": "480", "customerId": null, "localAmount": 80, "localCurrency": "USD"}, {"chainId": "12951062532946964826", "amount": 84, "createdAt": "2018-12-10T22:39:52+00:00", "shoeSize": "5.5Y", "productId": null, "skuUuid": "de371011-159e-42e8-ad8e-3c8fccb71c5a", "state": "480", "customerId": null, "localAmount": 84, "localCurrency": "USD"}, {"chainId": "12950024301523568129", "amount": 81, "createdAt": "2018-12-10T22:39:18+00:00", "shoeSize": "5Y", "productId": null, "skuUuid": "e7961489-fe78-420a-bfd5-ec2b0d5e6812", "state": "480", "customerId": null, "localAmount": 81, "localCurrency": "USD"}, {"chainId": "12952532915661604990", "amount": 82, "createdAt": "2018-12-10T22:39:04+00:00", "shoeSize": "6Y", "productId": null, "skuUuid": "5ce2ca10-8759-43e5-8cbb-69e8425bdf9c", "state": "480", "customerId": null, "localAmount": 82, "localCurrency": "USD"}, {"chainId": "12955387324531254084", "amount": 90, "createdAt": "2018-12-10T22:38:52+00:00", "shoeSize": "7Y", "productId": null, "skuUuid": "c87c4cf6-556f-4e5b-8bd6-850326c97787", "state": "480", "customerId": null, "localAmount": 90, "localCurrency": "USD"}, {"chainId": "12952533036501825438", "amount": 82, "createdAt": "2018-12-10T22:38:41+00:00", "shoeSize": "6Y", "productId": null, "skuUuid": "5ce2ca10-8759-43e5-8cbb-69e8425bdf9c", "state": "480", "customerId": null, "localAmount": 82, "localCurrency": "USD"}, {"chainId": "12955200977954222188", "amount": 84, "createdAt": "2018-12-10T22:38:29+00:00", "shoeSize": "7Y", "productId": null, "skuUuid": "c87c4cf6-556f-4e5b-8bd6-850326c97787", "state": "480", "customerId": null, "localAmount": 84, "localCurrency": "USD"}, {"chainId": "12953909977279388585", "amount": 82, "createdAt": "2018-12-10T22:04:36+00:00", "shoeSize": "7Y", "productId": null, "skuUuid": "c87c4cf6-556f-4e5b-8bd6-850326c97787", "state": "480", "customerId": null, "localAmount": 82, "localCurrency": "USD"}, {"chainId": "12955181196638728636", "amount": 81, "createdAt": "2018-12-10T20:56:49+00:00", "shoeSize": "6Y", "productId": null, "skuUuid": "5ce2ca10-8759-43e5-8cbb-69e8425bdf9c", "state": "480", "customerId": null, "localAmount": 81, "localCurrency": "USD"}, {"chainId": "12953910101610205559", "amount": 82, "createdAt": "2018-12-10T18:15:17+00:00", "shoeSize": "7Y", "productId": null, "skuUuid": "c87c4cf6-556f-4e5b-8bd6-850326c97787", "state": "480", "customerId": null, "localAmount": 82, "localCurrency": "USD"}, {"chainId": "12952338705517011497", "amount": 83, "createdAt": "2018-12-10T04:25:53+00:00", "shoeSize": "5.5Y", "productId": null, "skuUuid": "de371011-159e-42e8-ad8e-3c8fccb71c5a", "state": "480", "customerId": null, "localAmount": 83, "localCurrency": "USD"}, {"chainId": "12952532565315914027", "amount": 82, "createdAt": "2018-12-10T03:48:11+00:00", "shoeSize": "5.5Y", "productId": null, "skuUuid": "de371011-159e-42e8-ad8e-3c8fccb71c5a", "state": "480", "customerId": null, "localAmount": 82, "localCurrency": "USD"}, {"chainId": "12953909874316286867", "amount": 85, "createdAt": "2018-12-09T13:07:18+00:00", "shoeSize": "7Y", "productId": null, "skuUuid": "c87c4cf6-556f-4e5b-8bd6-850326c97787", "state": "480", "customerId": null, "localAmount": 85, "localCurrency": "USD"}, {"chainId": "12953909809289252684", "amount": 85, "createdAt": "2018-12-08T22:30:12+00:00", "shoeSize": "7Y", "productId": null, "skuUuid": "c87c4cf6-556f-4e5b-8bd6-850326c97787", "state": "480", "customerId": null, "localAmount": 85, "localCurrency": "USD"}, {"chainId": "12951011963792466127", "amount": 83, "createdAt": "2018-12-08T22:10:38+00:00", "shoeSize": "6.5Y", "productId": null, "skuUuid": "a7acba13-c4a5-4531-9e96-c07f538d5f44", "state": "480", "customerId": null, "localAmount": 83, "localCurrency": "USD"}, {"chainId": "12954534460255871012", "amount": 80, "createdAt": "2018-12-08T20:33:30+00:00", "shoeSize": "5Y", "productId": null, "skuUuid": "e7961489-fe78-420a-bfd5-ec2b0d5e6812", "state": "480", "customerId": null, "localAmount": 80, "localCurrency": "USD"}, {"chainId": "12953911097895256999", "amount": 82, "createdAt": "2018-12-08T18:59:30+00:00", "shoeSize": "6.5Y", "productId": null, "skuUuid": "a7acba13-c4a5-4531-9e96-c07f538d5f44", "state": "480", "customerId": null, "localAmount": 82, "localCurrency": "USD"}, {"chainId": "12952533587864084470", "amount": 82, "createdAt": "2018-12-08T17:52:42+00:00", "shoeSize": "6.5Y", "productId": null, "skuUuid": "a7acba13-c4a5-4531-9e96-c07f538d5f44", "state": "480", "customerId": null, "localAmount": 82, "localCurrency": "USD"}, {"chainId": "12946524786881663468", "amount": 81, "createdAt": "2018-12-08T16:24:29+00:00", "shoeSize": "6Y", "productId": null, "skuUuid": "5ce2ca10-8759-43e5-8cbb-69e8425bdf9c", "state": "480", "customerId": null, "localAmount": 81, "localCurrency": "USD"}, {"chainId": "12953909721116080209", "amount": 85, "createdAt": "2018-12-08T15:48:03+00:00", "shoeSize": "7Y", "productId": null, "skuUuid": "c87c4cf6-556f-4e5b-8bd6-850326c97787", "state": "480", "customerId": null, "localAmount": 85, "localCurrency": "USD"}, {"chainId": "12946524374625574257", "amount": 84, "createdAt": "2018-12-08T15:30:23+00:00", "shoeSize": "4.5Y", "productId": null, "skuUuid": "6e92badb-e58b-440c-9f4c-b9004bafc1ec", "state": "480", "customerId": null, "localAmount": 84, "localCurrency": "USD"}, {"chainId": "12952534230209516305", "amount": 85, "createdAt": "2018-12-08T07:07:26+00:00", "shoeSize": "7Y", "productId": null, "skuUuid": "c87c4cf6-556f-4e5b-8bd6-850326c97787", "state": "480", "customerId": null, "localAmount": 85, "localCurrency": "USD"}, {"chainId": "12952534301535226946", "amount": 85, "createdAt": "2018-12-08T02:13:48+00:00", "shoeSize": "7Y", "productId": null, "skuUuid": "c87c4cf6-556f-4e5b-8bd6-850326c97787", "state": "480", "customerId": null, "localAmount": 85, "localCurrency": "USD"}, {"chainId": "12952534175872251201", "amount": 90, "createdAt": "2018-12-07T20:08:27+00:00", "shoeSize": "7Y", "productId": null, "skuUuid": "c87c4cf6-556f-4e5b-8bd6-850326c97787", "state": "480", "customerId": null, "localAmount": 90, "localCurrency": "USD"}, {"chainId": "12952531856280398256", "amount": 82, "createdAt": "2018-12-07T17:54:32+00:00", "shoeSize": "4.5Y", "productId": null, "skuUuid": "6e92badb-e58b-440c-9f4c-b9004bafc1ec", "state": "480", "customerId": null, "localAmount": 82, "localCurrency": "USD"}, {"chainId": "12953310702100321618", "amount": 87, "createdAt": "2018-12-07T17:38:35+00:00", "shoeSize": "7Y", "productId": null, "skuUuid": "c87c4cf6-556f-4e5b-8bd6-850326c97787", "state": "480", "customerId": null, "localAmount": 87, "localCurrency": "USD"}, {"chainId": "12952532974810921594", "amount": 82, "createdAt": "2018-12-07T17:21:14+00:00", "shoeSize": "6Y", "productId": null, "skuUuid": "5ce2ca10-8759-43e5-8cbb-69e8425bdf9c", "state": "480", "customerId": null, "localAmount": 82, "localCurrency": "USD"}, {"chainId": "12953149617448204877", "amount": 86, "createdAt": "2018-12-07T16:12:10+00:00", "shoeSize": "7Y", "productId": null, "skuUuid": "c87c4cf6-556f-4e5b-8bd6-850326c97787", "state": "480", "customerId": null, "localAmount": 86, "localCurrency": "USD"}, {"chainId": "12952533647297145313", "amount": 82, "createdAt": "2018-12-07T12:43:22+00:00", "shoeSize": "6.5Y", "productId": null, "skuUuid": "a7acba13-c4a5-4531-9e96-c07f538d5f44", "state": "480", "customerId": null, "localAmount": 82, "localCurrency": "USD"}, {"chainId": "12952532504218912869", "amount": 82, "createdAt": "2018-12-07T12:42:26+00:00", "shoeSize": "5.5Y", "productId": null, "skuUuid": "de371011-159e-42e8-ad8e-3c8fccb71c5a", "state": "480", "customerId": null, "localAmount": 82, "localCurrency": "USD"}, {"chainId": "12952533705183389026", "amount": 82, "createdAt": "2018-12-07T04:39:49+00:00", "shoeSize": "6.5Y", "productId": null, "skuUuid": "a7acba13-c4a5-4531-9e96-c07f538d5f44", "state": "480", "customerId": null, "localAmount": 82, "localCurrency": "USD"}, {"chainId": "12951062033918671198", "amount": 87, "createdAt": "2018-12-07T03:35:32+00:00", "shoeSize": "7Y", "productId": null, "skuUuid": "c87c4cf6-556f-4e5b-8bd6-850326c97787", "state": "480", "customerId": null, "localAmount": 87, "localCurrency": "USD"}, {"chainId": "12953104828264335807", "amount": 75, "createdAt": "2018-12-06T21:07:07+00:00", "shoeSize": "5Y", "productId": null, "skuUuid": "e7961489-fe78-420a-bfd5-ec2b0d5e6812", "state": "480", "customerId": null, "localAmount": 75, "localCurrency": "USD"}, {"chainId": "12952532444030250082", "amount": 82, "createdAt": "2018-12-06T15:24:21+00:00", "shoeSize": "5.5Y", "productId": null, "skuUuid": "de371011-159e-42e8-ad8e-3c8fccb71c5a", "state": "480", "customerId": null, "localAmount": 82, "localCurrency": "USD"}, {"chainId": "12952532376084414801", "amount": 82, "createdAt": "2018-12-06T04:24:59+00:00", "shoeSize": "5.5Y", "productId": null, "skuUuid": "de371011-159e-42e8-ad8e-3c8fccb71c5a", "state": "480", "customerId": null, "localAmount": 82, "localCurrency": "USD"}, {"chainId": "12952533764940990697", "amount": 84, "createdAt": "2018-12-06T03:36:23+00:00", "shoeSize": "6.5Y", "productId": null, "skuUuid": "a7acba13-c4a5-4531-9e96-c07f538d5f44", "state": "480", "customerId": null, "localAmount": 84, "localCurrency": "USD"}, {"chainId": "12952542429567008732", "amount": 85, "createdAt": "2018-12-06T02:29:41+00:00", "shoeSize": "7Y", "productId": null, "skuUuid": "c87c4cf6-556f-4e5b-8bd6-850326c97787", "state": "480", "customerId": null, "localAmount": 85, "localCurrency": "USD"}, {"chainId": "12951011025122274686", "amount": 82, "createdAt": "2018-12-06T02:25:26+00:00", "shoeSize": "5.5Y", "productId": null, "skuUuid": "de371011-159e-42e8-ad8e-3c8fccb71c5a", "state": "480", "customerId": null, "localAmount": 82, "localCurrency": "USD"}, {"chainId": "12952533982862212072", "amount": 88, "createdAt": "2018-12-06T02:12:56+00:00", "shoeSize": "7Y", "productId": null, "skuUuid": "c87c4cf6-556f-4e5b-8bd6-850326c97787", "state": "480", "customerId": null, "localAmount": 88, "localCurrency": "USD"}, {"chainId": "12952533209651890213", "amount": 90, "createdAt": "2018-12-06T02:11:24+00:00", "shoeSize": "6.5Y", "productId": null, "skuUuid": "a7acba13-c4a5-4531-9e96-c07f538d5f44", "state": "480", "customerId": null, "localAmount": 90, "localCurrency": "USD"}, {"chainId": "12951466980019073061", "amount": 104, "createdAt": "2018-12-05T00:56:39+00:00", "shoeSize": "6.5Y", "productId": null, "skuUuid": "a7acba13-c4a5-4531-9e96-c07f538d5f44", "state": "480", "customerId": null, "localAmount": 104, "localCurrency": "USD"}, {"chainId": "12951468119227335762", "amount": 115, "createdAt": "2018-12-04T23:25:35+00:00", "shoeSize": "7Y", "productId": null, "skuUuid": "c87c4cf6-556f-4e5b-8bd6-850326c97787", "state": "480", "customerId": null, "localAmount": 115, "localCurrency": "USD"}, {"chainId": "12951674634870568892", "amount": 100, "createdAt": "2018-12-04T21:45:33+00:00", "shoeSize": "7Y", "productId": null, "skuUuid": "c87c4cf6-556f-4e5b-8bd6-850326c97787", "state": "480", "customerId": null, "localAmount": 100, "localCurrency": "USD"}, {"chainId": "12950123023164937528", "amount": 90, "createdAt": "2018-12-04T18:16:04+00:00", "shoeSize": "4.5Y", "productId": null, "skuUuid": "6e92badb-e58b-440c-9f4c-b9004bafc1ec", "state": "480", "customerId": null, "localAmount": 90, "localCurrency": "USD"}, {"chainId": "12951010266053280345", "amount": 120, "createdAt": "2018-12-04T08:14:03+00:00", "shoeSize": "7Y", "productId": null, "skuUuid": "c87c4cf6-556f-4e5b-8bd6-850326c97787", "state": "480", "customerId": null, "localAmount": 120, "localCurrency": "USD"}, {"chainId": "12951062254447770456", "amount": 118, "createdAt": "2018-12-04T02:43:14+00:00", "shoeSize": "6.5Y", "productId": null, "skuUuid": "a7acba13-c4a5-4531-9e96-c07f538d5f44", "state": "480", "customerId": null, "localAmount": 118, "localCurrency": "USD"}, {"chainId": "12950024653048715313", "amount": 98, "createdAt": "2018-12-03T12:35:53+00:00", "shoeSize": "6.5Y", "productId": null, "skuUuid": "a7acba13-c4a5-4531-9e96-c07f538d5f44", "state": "480", "customerId": null, "localAmount": 98, "localCurrency": "USD"}, {"chainId": "12950388784896207714", "amount": 99, "createdAt": "2018-12-03T05:14:28+00:00", "shoeSize": "5.5Y", "productId": null, "skuUuid": "de371011-159e-42e8-ad8e-3c8fccb71c5a", "state": "480", "customerId": null, "localAmount": 99, "localCurrency": "USD"}, {"chainId": "12950174456985598853", "amount": 98, "createdAt": "2018-12-03T04:39:16+00:00", "shoeSize": "7Y", "productId": null, "skuUuid": "c87c4cf6-556f-4e5b-8bd6-850326c97787", "state": "480", "customerId": null, "localAmount": 98, "localCurrency": "USD"}, {"chainId": "12950024757961536099", "amount": 97, "createdAt": "2018-12-03T04:01:41+00:00", "shoeSize": "7Y", "productId": null, "skuUuid": "c87c4cf6-556f-4e5b-8bd6-850326c97787", "state": "480", "customerId": null, "localAmount": 97, "localCurrency": "USD"}, {"chainId": "12950024545791029716", "amount": 100, "createdAt": "2018-12-02T23:00:39+00:00", "shoeSize": "6Y", "productId": null, "skuUuid": "5ce2ca10-8759-43e5-8cbb-69e8425bdf9c", "state": "480", "customerId": null, "localAmount": 100, "localCurrency": "USD"}, {"chainId": "12949288221161563995", "amount": 90, "createdAt": "2018-12-02T20:50:36+00:00", "shoeSize": "7Y", "productId": null, "skuUuid": "c87c4cf6-556f-4e5b-8bd6-850326c97787", "state": "480", "customerId": null, "localAmount": 90, "localCurrency": "USD"}, {"chainId": "12950024400712382265", "amount": 99, "createdAt": "2018-12-02T20:02:46+00:00", "shoeSize": "5.5Y", "productId": null, "skuUuid": "de371011-159e-42e8-ad8e-3c8fccb71c5a", "state": "480", "customerId": null, "localAmount": 99, "localCurrency": "USD"}, {"chainId": "12950024200285189758", "amount": 103, "createdAt": "2018-12-02T18:19:49+00:00", "shoeSize": "4.5Y", "productId": null, "skuUuid": "6e92badb-e58b-440c-9f4c-b9004bafc1ec", "state": "480", "customerId": null, "localAmount": 103, "localCurrency": "USD"}, {"chainId": "12949695083120297985", "amount": 85, "createdAt": "2018-12-02T04:12:34+00:00", "shoeSize": "5Y", "productId": null, "skuUuid": "e7961489-fe78-420a-bfd5-ec2b0d5e6812", "state": "480", "customerId": null, "localAmount": 85, "localCurrency": "USD"}, {"chainId": "12949692494073755108", "amount": 85, "createdAt": "2018-12-02T04:07:23+00:00", "shoeSize": "6.5Y", "productId": null, "skuUuid": "a7acba13-c4a5-4531-9e96-c07f538d5f44", "state": "480", "customerId": null, "localAmount": 85, "localCurrency": "USD"}, {"chainId": "12949372376492803679", "amount": 99, "createdAt": "2018-12-02T03:50:02+00:00", "shoeSize": "6.5Y", "productId": null, "skuUuid": "a7acba13-c4a5-4531-9e96-c07f538d5f44", "state": "480", "customerId": null, "localAmount": 99, "localCurrency": "USD"}, {"chainId": "12949507117231717917", "amount": 100, "createdAt": "2018-12-02T02:31:29+00:00", "shoeSize": "7Y", "productId": null, "skuUuid": "c87c4cf6-556f-4e5b-8bd6-850326c97787", "state": "480", "customerId": null, "localAmount": 100, "localCurrency": "USD"}, {"chainId": "12945898915014958361", "amount": 99, "createdAt": "2018-12-02T02:29:25+00:00", "shoeSize": "4.5Y", "productId": null, "skuUuid": "6e92badb-e58b-440c-9f4c-b9004bafc1ec", "state": "480", "customerId": null, "localAmount": 99, "localCurrency": "USD"}, {"chainId": "12949503877209853921", "amount": 100, "createdAt": "2018-12-01T21:52:38+00:00", "shoeSize": "7Y", "productId": null, "skuUuid": "c87c4cf6-556f-4e5b-8bd6-850326c97787", "state": "480", "customerId": null, "localAmount": 100, "localCurrency": "USD"}, {"chainId": "12949401737448452096", "amount": 100, "createdAt": "2018-12-01T21:19:51+00:00", "shoeSize": "7Y", "productId": null, "skuUuid": "c87c4cf6-556f-4e5b-8bd6-850326c97787", "state": "480", "customerId": null, "localAmount": 100, "localCurrency": "USD"}, {"chainId": "12949098032679739931", "amount": 99, "createdAt": "2018-12-01T20:23:55+00:00", "shoeSize": "6Y", "productId": null, "skuUuid": "5ce2ca10-8759-43e5-8cbb-69e8425bdf9c", "state": "480", "customerId": null, "localAmount": 99, "localCurrency": "USD"}, {"chainId": "12949402118028537042", "amount": 98, "createdAt": "2018-12-01T19:02:10+00:00", "shoeSize": "6.5Y", "productId": null, "skuUuid": "a7acba13-c4a5-4531-9e96-c07f538d5f44", "state": "480", "customerId": null, "localAmount": 98, "localCurrency": "USD"}, {"chainId": "12949372225820071176", "amount": 99, "createdAt": "2018-12-01T18:57:52+00:00", "shoeSize": "6Y", "productId": null, "skuUuid": "5ce2ca10-8759-43e5-8cbb-69e8425bdf9c", "state": "480", "customerId": null, "localAmount": 99, "localCurrency": "USD"}, {"chainId": "12949402238846580227", "amount": 98, "createdAt": "2018-12-01T18:55:30+00:00", "shoeSize": "7Y", "productId": null, "skuUuid": "c87c4cf6-556f-4e5b-8bd6-850326c97787", "state": "480", "customerId": null, "localAmount": 98, "localCurrency": "USD"}, {"chainId": "12949401950060091411", "amount": 95, "createdAt": "2018-12-01T18:30:07+00:00", "shoeSize": "5Y", "productId": null, "skuUuid": "e7961489-fe78-420a-bfd5-ec2b0d5e6812", "state": "480", "customerId": null, "localAmount": 95, "localCurrency": "USD"}, {"chainId": "12949372544209046451", "amount": 115, "createdAt": "2018-12-01T18:00:04+00:00", "shoeSize": "7Y", "productId": null, "skuUuid": "c87c4cf6-556f-4e5b-8bd6-850326c97787", "state": "480", "customerId": null, "localAmount": 115, "localCurrency": "USD"}, {"chainId": "12948834733522550657", "amount": 102, "createdAt": "2018-12-01T16:52:17+00:00", "shoeSize": "6.5Y", "productId": null, "skuUuid": "a7acba13-c4a5-4531-9e96-c07f538d5f44", "state": "480", "customerId": null, "localAmount": 102, "localCurrency": "USD"}, {"chainId": "12948728581213477147", "amount": 104, "createdAt": "2018-12-01T15:10:42+00:00", "shoeSize": "6.5Y", "productId": null, "skuUuid": "a7acba13-c4a5-4531-9e96-c07f538d5f44", "state": "480", "customerId": null, "localAmount": 104, "localCurrency": "USD"}, {"chainId": "12946524001088822553", "amount": 106, "createdAt": "2018-12-01T15:04:41+00:00", "shoeSize": "4Y", "productId": null, "skuUuid": "80d82dc1-2cdd-423f-b487-5e00fc9680f6", "state": "480", "customerId": null, "localAmount": 106, "localCurrency": "USD"}, {"chainId": "12948728766412854226", "amount": 110, "createdAt": "2018-12-01T14:59:53+00:00", "shoeSize": "7Y", "productId": null, "skuUuid": "c87c4cf6-556f-4e5b-8bd6-850326c97787", "state": "480", "customerId": null, "localAmount": 110, "localCurrency": "USD"}, {"chainId": "12948728505856254661", "amount": 105, "createdAt": "2018-12-01T08:17:00+00:00", "shoeSize": "6Y", "productId": null, "skuUuid": "5ce2ca10-8759-43e5-8cbb-69e8425bdf9c", "state": "480", "customerId": null, "localAmount": 105, "localCurrency": "USD"}, {"chainId": "12948728686605124656", "amount": 107, "createdAt": "2018-11-30T23:16:10+00:00", "shoeSize": "6.5Y", "productId": null, "skuUuid": "a7acba13-c4a5-4531-9e96-c07f538d5f44", "state": "480", "customerId": null, "localAmount": 107, "localCurrency": "USD"}, {"chainId": "12948751455617950981", "amount": 100, "createdAt": "2018-11-30T20:57:43+00:00", "shoeSize": "5.5Y", "productId": null, "skuUuid": "de371011-159e-42e8-ad8e-3c8fccb71c5a", "state": "480", "customerId": null, "localAmount": 100, "localCurrency": "USD"}, {"chainId": "12948728230882570209", "amount": 120, "createdAt": "2018-11-30T20:11:34+00:00", "shoeSize": "7Y", "productId": null, "skuUuid": "c87c4cf6-556f-4e5b-8bd6-850326c97787", "state": "480", "customerId": null, "localAmount": 120, "localCurrency": "USD"}, {"chainId": "12946524569105273333", "amount": 105, "createdAt": "2018-11-30T13:53:23+00:00", "shoeSize": "5.5Y", "productId": null, "skuUuid": "de371011-159e-42e8-ad8e-3c8fccb71c5a", "state": "480", "customerId": null, "localAmount": 105, "localCurrency": "USD"}, {"chainId": "12945899211456263914", "amount": 109, "createdAt": "2018-11-30T09:06:22+00:00", "shoeSize": "6.5Y", "productId": null, "skuUuid": "a7acba13-c4a5-4531-9e96-c07f538d5f44", "state": "480", "customerId": null, "localAmount": 109, "localCurrency": "USD"}, {"chainId": "12947375008513867131", "amount": 114, "createdAt": "2018-11-29T11:19:24+00:00", "shoeSize": "7Y", "productId": null, "skuUuid": "c87c4cf6-556f-4e5b-8bd6-850326c97787", "state": "480", "customerId": null, "localAmount": 114, "localCurrency": "USD"}, {"chainId": "12947449112650125759", "amount": 108, "createdAt": "2018-11-29T10:45:37+00:00", "shoeSize": "6.5Y", "productId": null, "skuUuid": "a7acba13-c4a5-4531-9e96-c07f538d5f44", "state": "480", "customerId": null, "localAmount": 108, "localCurrency": "USD"}, {"chainId": "12946524963423150074", "amount": 110, "createdAt": "2018-11-28T22:55:51+00:00", "shoeSize": "7Y", "productId": null, "skuUuid": "c87c4cf6-556f-4e5b-8bd6-850326c97787", "state": "480", "customerId": null, "localAmount": 110, "localCurrency": "USD"}, {"chainId": "12945899294957930761", "amount": 109, "createdAt": "2018-11-28T20:29:16+00:00", "shoeSize": "7Y", "productId": null, "skuUuid": "c87c4cf6-556f-4e5b-8bd6-850326c97787", "state": "480", "customerId": null, "localAmount": 109, "localCurrency": "USD"}, {"chainId": "12946524660215592280", "amount": 117, "createdAt": "2018-11-27T19:13:28+00:00", "shoeSize": "7Y", "productId": null, "skuUuid": "c87c4cf6-556f-4e5b-8bd6-850326c97787", "state": "480", "customerId": null, "localAmount": 117, "localCurrency": "USD"}, {"chainId": "12946524113688524960", "amount": 125, "createdAt": "2018-11-27T19:12:23+00:00", "shoeSize": "5Y", "productId": null, "skuUuid": "e7961489-fe78-420a-bfd5-ec2b0d5e6812", "state": "480", "customerId": null, "localAmount": 125, "localCurrency": "USD"}]