[{"chainId": "12898581047569975227", "amount": 252, "createdAt": "2018-09-22T15:38:05+00:00", "shoeSize": "6Y", "productId": null, "skuUuid": "e1cf00c6-a49a-4f00-a2cb-2412a20c2710", "state": "480", "customerId": null, "localAmount": 252, "localCurrency": "USD"}, {"chainId": "12898577465011726869", "amount": 265, "createdAt": "2018-09-22T15:34:37+00:00", "shoeSize": "7Y", "productId": null, "skuUuid": "d7cbca27-51a7-48fb-818d-ae3767c37db0", "state": "480", "customerId": null, "localAmount": 265, "localCurrency": "USD"}, {"chainId": "12898576792652962827", "amount": 260, "createdAt": "2018-09-22T15:29:37+00:00", "shoeSize": "6.5Y", "productId": null, "skuUuid": "5ab181f2-f11e-4b07-96fd-2c07fdf683eb", "state": "480", "customerId": null, "localAmount": 260, "localCurrency": "USD"}, {"chainId": "12898574061109773626", "amount": 280, "createdAt": "2018-09-22T15:24:16+00:00", "shoeSize": "6Y", "productId": null, "skuUuid": "e1cf00c6-a49a-4f00-a2cb-2412a20c2710", "state": "480", "customerId": null, "localAmount": 280, "localCurrency": "USD"}, {"chainId": "12898558784657138447", "amount": 275, "createdAt": "2018-09-22T15:18:23+00:00", "shoeSize": "6.5Y", "productId": null, "skuUuid": "5ab181f2-f11e-4b07-96fd-2c07fdf683eb", "state": "480", "customerId": null, "localAmount": 275, "localCurrency": "USD"}, {"chainId": "12898569216129882582", "amount": 310, "createdAt": "2018-09-22T15:15:53+00:00", "shoeSize": "4.5Y", "productId": null, "skuUuid": "2eb69146-fdab-4a85-b4c8-65fcf741c300", "state": "480", "customerId": null, "localAmount": 310, "localCurrency": "USD"}, {"chainId": "12898562464952952633", "amount": 317, "createdAt": "2018-09-22T15:14:13+00:00", "shoeSize": "4.5Y", "productId": null, "skuUuid": "2eb69146-fdab-4a85-b4c8-65fcf741c300", "state": "480", "customerId": null, "localAmount": 317, "localCurrency": "USD"}, {"chainId": "12898541678173341174", "amount": 319, "createdAt": "2018-09-22T15:09:39+00:00", "shoeSize": "4Y", "productId": null, "skuUuid": "8c804c38-59f7-4b7c-b16e-1d873a4aabb1", "state": "480", "customerId": null, "localAmount": 319, "localCurrency": "USD"}, {"chainId": "12898536443888779418", "amount": 315, "createdAt": "2018-09-22T15:08:24+00:00", "shoeSize": "4.5Y", "productId": null, "skuUuid": "2eb69146-fdab-4a85-b4c8-65fcf741c300", "state": "480", "customerId": null, "localAmount": 315, "localCurrency": "USD"}, {"chainId": "12898565070715170282", "amount": 250, "createdAt": "2018-09-22T15:07:21+00:00", "shoeSize": "6.5Y", "productId": null, "skuUuid": "5ab181f2-f11e-4b07-96fd-2c07fdf683eb", "state": "480", "customerId": null, "localAmount": 250, "localCurrency": "USD"}, {"chainId": "12898564578757947945", "amount": 249, "createdAt": "2018-09-22T15:06:52+00:00", "shoeSize": "6.5Y", "productId": null, "skuUuid": "5ab181f2-f11e-4b07-96fd-2c07fdf683eb", "state": "480", "customerId": null, "localAmount": 249, "localCurrency": "USD"}, {"chainId": "12898562843090848092", "amount": 250, "createdAt": "2018-09-22T15:05:11+00:00", "shoeSize": "6.5Y", "productId": null, "skuUuid": "5ab181f2-f11e-4b07-96fd-2c07fdf683eb", "state": "480", "customerId": null, "localAmount": 250, "localCurrency": "USD"}, {"chainId": "12898559983258396461", "amount": 300, "createdAt": "2018-09-22T15:03:18+00:00", "shoeSize": "5.5Y", "productId": null, "skuUuid": "be941b75-9f0c-4b08-9401-ada6ce99b0ce", "state": "480", "customerId": null, "localAmount": 300, "localCurrency": "USD"}, {"chainId": "12898548936981808280", "amount": 250, "createdAt": "2018-09-22T14:58:16+00:00", "shoeSize": "6.5Y", "productId": null, "skuUuid": "5ab181f2-f11e-4b07-96fd-2c07fdf683eb", "state": "480", "customerId": null, "localAmount": 250, "localCurrency": "USD"}, {"chainId": "12898560974930679952", "amount": 310, "createdAt": "2018-09-22T14:58:16+00:00", "shoeSize": "5Y", "productId": null, "skuUuid": "72bdf1dd-c2bc-45a3-931e-8720a9de5c63", "state": "480", "customerId": null, "localAmount": 310, "localCurrency": "USD"}, {"chainId": "12898542188329682108", "amount": 260, "createdAt": "2018-09-22T14:57:07+00:00", "shoeSize": "7Y", "productId": null, "skuUuid": "d7cbca27-51a7-48fb-818d-ae3767c37db0", "state": "480", "customerId": null, "localAmount": 260, "localCurrency": "USD"}, {"chainId": "12898556295602436326", "amount": 240, "createdAt": "2018-09-22T14:54:56+00:00", "shoeSize": "7Y", "productId": null, "skuUuid": "d7cbca27-51a7-48fb-818d-ae3767c37db0", "state": "480", "customerId": null, "localAmount": 240, "localCurrency": "USD"}, {"chainId": "12898552803244804180", "amount": 325, "createdAt": "2018-09-22T14:53:27+00:00", "shoeSize": "4.5Y", "productId": null, "skuUuid": "2eb69146-fdab-4a85-b4c8-65fcf741c300", "state": "480", "customerId": null, "localAmount": 325, "localCurrency": "USD"}, {"chainId": "12898551657083839438", "amount": 240, "createdAt": "2018-09-22T14:50:52+00:00", "shoeSize": "6.5Y", "productId": null, "skuUuid": "5ab181f2-f11e-4b07-96fd-2c07fdf683eb", "state": "480", "customerId": null, "localAmount": 240, "localCurrency": "USD"}, {"chainId": "12898556924943701290", "amount": 285, "createdAt": "2018-09-22T14:50:09+00:00", "shoeSize": "4Y", "productId": null, "skuUuid": "8c804c38-59f7-4b7c-b16e-1d873a4aabb1", "state": "480", "customerId": null, "localAmount": 285, "localCurrency": "USD"}, {"chainId": "12898549794070039735", "amount": 239, "createdAt": "2018-09-22T14:50:01+00:00", "shoeSize": "6.5Y", "productId": null, "skuUuid": "5ab181f2-f11e-4b07-96fd-2c07fdf683eb", "state": "480", "customerId": null, "localAmount": 239, "localCurrency": "USD"}, {"chainId": "12898550041902019867", "amount": 300, "createdAt": "2018-09-22T14:45:21+00:00", "shoeSize": "5.5Y", "productId": null, "skuUuid": "be941b75-9f0c-4b08-9401-ada6ce99b0ce", "state": "480", "customerId": null, "localAmount": 300, "localCurrency": "USD"}, {"chainId": "12898553871851380485", "amount": 238, "createdAt": "2018-09-22T14:45:03+00:00", "shoeSize": "6.5Y", "productId": null, "skuUuid": "5ab181f2-f11e-4b07-96fd-2c07fdf683eb", "state": "480", "customerId": null, "localAmount": 238, "localCurrency": "USD"}, {"chainId": "12898553944984811802", "amount": 257, "createdAt": "2018-09-22T14:44:47+00:00", "shoeSize": "7Y", "productId": null, "skuUuid": "d7cbca27-51a7-48fb-818d-ae3767c37db0", "state": "480", "customerId": null, "localAmount": 257, "localCurrency": "USD"}, {"chainId": "12898539895178037497", "amount": 258, "createdAt": "2018-09-22T14:44:01+00:00", "shoeSize": "7Y", "productId": null, "skuUuid": "d7cbca27-51a7-48fb-818d-ae3767c37db0", "state": "480", "customerId": null, "localAmount": 258, "localCurrency": "USD"}, {"chainId": "12898552814828580138", "amount": 230, "createdAt": "2018-09-22T14:41:58+00:00", "shoeSize": "6.5Y", "productId": null, "skuUuid": "5ab181f2-f11e-4b07-96fd-2c07fdf683eb", "state": "480", "customerId": null, "localAmount": 230, "localCurrency": "USD"}, {"chainId": "12898547793581176237", "amount": 285, "createdAt": "2018-09-22T14:41:51+00:00", "shoeSize": "4Y", "productId": null, "skuUuid": "8c804c38-59f7-4b7c-b16e-1d873a4aabb1", "state": "480", "customerId": null, "localAmount": 285, "localCurrency": "USD"}, {"chainId": "12898552367256194642", "amount": 245, "createdAt": "2018-09-22T14:41:10+00:00", "shoeSize": "7Y", "productId": null, "skuUuid": "d7cbca27-51a7-48fb-818d-ae3767c37db0", "state": "480", "customerId": null, "localAmount": 245, "localCurrency": "USD"}, {"chainId": "12898551566239867538", "amount": 279, "createdAt": "2018-09-22T14:39:36+00:00", "shoeSize": "4Y", "productId": null, "skuUuid": "8c804c38-59f7-4b7c-b16e-1d873a4aabb1", "state": "480", "customerId": null, "localAmount": 279, "localCurrency": "USD"}, {"chainId": "12898548272621257249", "amount": 300, "createdAt": "2018-09-22T14:38:54+00:00", "shoeSize": "4.5Y", "productId": null, "skuUuid": "2eb69146-fdab-4a85-b4c8-65fcf741c300", "state": "480", "customerId": null, "localAmount": 300, "localCurrency": "USD"}, {"chainId": "12898550211065821326", "amount": 240, "createdAt": "2018-09-22T14:38:45+00:00", "shoeSize": "6.5Y", "productId": null, "skuUuid": "5ab181f2-f11e-4b07-96fd-2c07fdf683eb", "state": "480", "customerId": null, "localAmount": 240, "localCurrency": "USD"}, {"chainId": "12898550290078657790", "amount": 255, "createdAt": "2018-09-22T14:38:40+00:00", "shoeSize": "7Y", "productId": null, "skuUuid": "d7cbca27-51a7-48fb-818d-ae3767c37db0", "state": "480", "customerId": null, "localAmount": 255, "localCurrency": "USD"}, {"chainId": "12898549949584917219", "amount": 250, "createdAt": "2018-09-22T14:38:11+00:00", "shoeSize": "7Y", "productId": null, "skuUuid": "d7cbca27-51a7-48fb-818d-ae3767c37db0", "state": "480", "customerId": null, "localAmount": 250, "localCurrency": "USD"}, {"chainId": "12898546346510442525", "amount": 298, "createdAt": "2018-09-22T14:37:46+00:00", "shoeSize": "4.5Y", "productId": null, "skuUuid": "2eb69146-fdab-4a85-b4c8-65fcf741c300", "state": "480", "customerId": null, "localAmount": 298, "localCurrency": "USD"}, {"chainId": "12898549341906450317", "amount": 297, "createdAt": "2018-09-22T14:36:31+00:00", "shoeSize": "4.5Y", "productId": null, "skuUuid": "2eb69146-fdab-4a85-b4c8-65fcf741c300", "state": "480", "customerId": null, "localAmount": 297, "localCurrency": "USD"}, {"chainId": "12898547371488350671", "amount": 337, "createdAt": "2018-09-22T14:34:15+00:00", "shoeSize": "5Y", "productId": null, "skuUuid": "72bdf1dd-c2bc-45a3-931e-8720a9de5c63", "state": "480", "customerId": null, "localAmount": 337, "localCurrency": "USD"}, {"chainId": "12898548085611675561", "amount": 244, "createdAt": "2018-09-22T14:32:37+00:00", "shoeSize": "7Y", "productId": null, "skuUuid": "d7cbca27-51a7-48fb-818d-ae3767c37db0", "state": "480", "customerId": null, "localAmount": 244, "localCurrency": "USD"}, {"chainId": "12898546522592558812", "amount": 294, "createdAt": "2018-09-22T14:32:36+00:00", "shoeSize": "4.5Y", "productId": null, "skuUuid": "2eb69146-fdab-4a85-b4c8-65fcf741c300", "state": "480", "customerId": null, "localAmount": 294, "localCurrency": "USD"}, {"chainId": "12898544798536201770", "amount": 255, "createdAt": "2018-09-22T14:32:27+00:00", "shoeSize": "7Y", "productId": null, "skuUuid": "d7cbca27-51a7-48fb-818d-ae3767c37db0", "state": "480", "customerId": null, "localAmount": 255, "localCurrency": "USD"}, {"chainId": "12898545888014920035", "amount": 243, "createdAt": "2018-09-22T14:28:37+00:00", "shoeSize": "7Y", "productId": null, "skuUuid": "d7cbca27-51a7-48fb-818d-ae3767c37db0", "state": "480", "customerId": null, "localAmount": 243, "localCurrency": "USD"}, {"chainId": "12898540044688770609", "amount": 220, "createdAt": "2018-09-22T14:23:23+00:00", "shoeSize": "6.5Y", "productId": null, "skuUuid": "5ab181f2-f11e-4b07-96fd-2c07fdf683eb", "state": "480", "customerId": null, "localAmount": 220, "localCurrency": "USD"}, {"chainId": "12898542973085876872", "amount": 240, "createdAt": "2018-09-22T14:22:35+00:00", "shoeSize": "7Y", "productId": null, "skuUuid": "d7cbca27-51a7-48fb-818d-ae3767c37db0", "state": "480", "customerId": null, "localAmount": 240, "localCurrency": "USD"}, {"chainId": "12898542997378607449", "amount": 240, "createdAt": "2018-09-22T14:22:28+00:00", "shoeSize": "6.5Y", "productId": null, "skuUuid": "5ab181f2-f11e-4b07-96fd-2c07fdf683eb", "state": "480", "customerId": null, "localAmount": 240, "localCurrency": "USD"}, {"chainId": "12898542753520736061", "amount": 240, "createdAt": "2018-09-22T14:22:01+00:00", "shoeSize": "6.5Y", "productId": null, "skuUuid": "5ab181f2-f11e-4b07-96fd-2c07fdf683eb", "state": "480", "customerId": null, "localAmount": 240, "localCurrency": "USD"}, {"chainId": "12898542761668369216", "amount": 240, "createdAt": "2018-09-22T14:22:00+00:00", "shoeSize": "7Y", "productId": null, "skuUuid": "d7cbca27-51a7-48fb-818d-ae3767c37db0", "state": "480", "customerId": null, "localAmount": 240, "localCurrency": "USD"}, {"chainId": "12898542155231649751", "amount": 241, "createdAt": "2018-09-22T14:21:39+00:00", "shoeSize": "6.5Y", "productId": null, "skuUuid": "5ab181f2-f11e-4b07-96fd-2c07fdf683eb", "state": "480", "customerId": null, "localAmount": 241, "localCurrency": "USD"}, {"chainId": "12898541895474214963", "amount": 244, "createdAt": "2018-09-22T14:21:12+00:00", "shoeSize": "6.5Y", "productId": null, "skuUuid": "5ab181f2-f11e-4b07-96fd-2c07fdf683eb", "state": "480", "customerId": null, "localAmount": 244, "localCurrency": "USD"}, {"chainId": "12898542241000390801", "amount": 290, "createdAt": "2018-09-22T14:20:58+00:00", "shoeSize": "4.5Y", "productId": null, "skuUuid": "2eb69146-fdab-4a85-b4c8-65fcf741c300", "state": "480", "customerId": null, "localAmount": 290, "localCurrency": "USD"}, {"chainId": "12898541740809078486", "amount": 250, "createdAt": "2018-09-22T14:20:41+00:00", "shoeSize": "6Y", "productId": null, "skuUuid": "e1cf00c6-a49a-4f00-a2cb-2412a20c2710", "state": "480", "customerId": null, "localAmount": 250, "localCurrency": "USD"}, {"chainId": "12898540880656769277", "amount": 285, "createdAt": "2018-09-22T14:19:25+00:00", "shoeSize": "4.5Y", "productId": null, "skuUuid": "2eb69146-fdab-4a85-b4c8-65fcf741c300", "state": "480", "customerId": null, "localAmount": 285, "localCurrency": "USD"}, {"chainId": "12898540242602446660", "amount": 280, "createdAt": "2018-09-22T14:18:50+00:00", "shoeSize": "4.5Y", "productId": null, "skuUuid": "2eb69146-fdab-4a85-b4c8-65fcf741c300", "state": "480", "customerId": null, "localAmount": 280, "localCurrency": "USD"}, {"chainId": "12898539833828207873", "amount": 261, "createdAt": "2018-09-22T14:17:36+00:00", "shoeSize": "6.5Y", "productId": null, "skuUuid": "5ab181f2-f11e-4b07-96fd-2c07fdf683eb", "state": "480", "customerId": null, "localAmount": 261, "localCurrency": "USD"}, {"chainId": "12898540414817065659", "amount": 250, "createdAt": "2018-09-22T14:17:22+00:00", "shoeSize": "6Y", "productId": null, "skuUuid": "e1cf00c6-a49a-4f00-a2cb-2412a20c2710", "state": "480", "customerId": null, "localAmount": 250, "localCurrency": "USD"}, {"chainId": "12898534442243223840", "amount": 290, "createdAt": "2018-09-22T14:17:13+00:00", "shoeSize": "4.5Y", "productId": null, "skuUuid": "2eb69146-fdab-4a85-b4c8-65fcf741c300", "state": "480", "customerId": null, "localAmount": 290, "localCurrency": "USD"}, {"chainId": "12898540267068576451", "amount": 250, "createdAt": "2018-09-22T14:17:11+00:00", "shoeSize": "7Y", "productId": null, "skuUuid": "d7cbca27-51a7-48fb-818d-ae3767c37db0", "state": "480", "customerId": null, "localAmount": 250, "localCurrency": "USD"}, {"chainId": "12898536669290423413", "amount": 280, "createdAt": "2018-09-22T14:17:11+00:00", "shoeSize": "6.5Y", "productId": null, "skuUuid": "5ab181f2-f11e-4b07-96fd-2c07fdf683eb", "state": "480", "customerId": null, "localAmount": 280, "localCurrency": "USD"}, {"chainId": "12898539655449625574", "amount": 260, "createdAt": "2018-09-22T14:16:18+00:00", "shoeSize": "7Y", "productId": null, "skuUuid": "d7cbca27-51a7-48fb-818d-ae3767c37db0", "state": "480", "customerId": null, "localAmount": 260, "localCurrency": "USD"}, {"chainId": "12898537541610788796", "amount": 250, "createdAt": "2018-09-22T14:16:13+00:00", "shoeSize": "7Y", "productId": null, "skuUuid": "d7cbca27-51a7-48fb-818d-ae3767c37db0", "state": "480", "customerId": null, "localAmount": 250, "localCurrency": "USD"}, {"chainId": "12898539481522361352", "amount": 260, "createdAt": "2018-09-22T14:15:29+00:00", "shoeSize": "6Y", "productId": null, "skuUuid": "e1cf00c6-a49a-4f00-a2cb-2412a20c2710", "state": "480", "customerId": null, "localAmount": 260, "localCurrency": "USD"}, {"chainId": "12898539097615200619", "amount": 262, "createdAt": "2018-09-22T14:14:45+00:00", "shoeSize": "7Y", "productId": null, "skuUuid": "d7cbca27-51a7-48fb-818d-ae3767c37db0", "state": "480", "customerId": null, "localAmount": 262, "localCurrency": "USD"}, {"chainId": "12898537820287522784", "amount": 280, "createdAt": "2018-09-22T14:13:45+00:00", "shoeSize": "7Y", "productId": null, "skuUuid": "d7cbca27-51a7-48fb-818d-ae3767c37db0", "state": "480", "customerId": null, "localAmount": 280, "localCurrency": "USD"}, {"chainId": "12898537677927945739", "amount": 290, "createdAt": "2018-09-22T14:11:56+00:00", "shoeSize": "6.5Y", "productId": null, "skuUuid": "5ab181f2-f11e-4b07-96fd-2c07fdf683eb", "state": "480", "customerId": null, "localAmount": 290, "localCurrency": "USD"}, {"chainId": "12898534735989624409", "amount": 320, "createdAt": "2018-09-22T14:11:23+00:00", "shoeSize": "4.5Y", "productId": null, "skuUuid": "2eb69146-fdab-4a85-b4c8-65fcf741c300", "state": "480", "customerId": null, "localAmount": 320, "localCurrency": "USD"}, {"chainId": "12898536984971412494", "amount": 270, "createdAt": "2018-09-22T14:10:31+00:00", "shoeSize": "6Y", "productId": null, "skuUuid": "e1cf00c6-a49a-4f00-a2cb-2412a20c2710", "state": "480", "customerId": null, "localAmount": 270, "localCurrency": "USD"}, {"chainId": "12898536652508075377", "amount": 274, "createdAt": "2018-09-22T14:09:51+00:00", "shoeSize": "6Y", "productId": null, "skuUuid": "e1cf00c6-a49a-4f00-a2cb-2412a20c2710", "state": "480", "customerId": null, "localAmount": 274, "localCurrency": "USD"}, {"chainId": "12898536118514420231", "amount": 320, "createdAt": "2018-09-22T14:08:48+00:00", "shoeSize": "5Y", "productId": null, "skuUuid": "72bdf1dd-c2bc-45a3-931e-8720a9de5c63", "state": "480", "customerId": null, "localAmount": 320, "localCurrency": "USD"}, {"chainId": "12898535423781075255", "amount": 270, "createdAt": "2018-09-22T14:08:47+00:00", "shoeSize": "4Y", "productId": null, "skuUuid": "8c804c38-59f7-4b7c-b16e-1d873a4aabb1", "state": "480", "customerId": null, "localAmount": 270, "localCurrency": "USD"}, {"chainId": "12898535944774329909", "amount": 287, "createdAt": "2018-09-22T14:08:27+00:00", "shoeSize": "4Y", "productId": null, "skuUuid": "8c804c38-59f7-4b7c-b16e-1d873a4aabb1", "state": "480", "customerId": null, "localAmount": 287, "localCurrency": "USD"}, {"chainId": "12898535415231381801", "amount": 310, "createdAt": "2018-09-22T14:07:24+00:00", "shoeSize": "4Y", "productId": null, "skuUuid": "8c804c38-59f7-4b7c-b16e-1d873a4aabb1", "state": "480", "customerId": null, "localAmount": 310, "localCurrency": "USD"}, {"chainId": "12898528676268313804", "amount": 302, "createdAt": "2018-09-22T14:05:31+00:00", "shoeSize": "6Y", "productId": null, "skuUuid": "e1cf00c6-a49a-4f00-a2cb-2412a20c2710", "state": "480", "customerId": null, "localAmount": 302, "localCurrency": "USD"}, {"chainId": "12898534008852916339", "amount": 330, "createdAt": "2018-09-22T14:04:37+00:00", "shoeSize": "4.5Y", "productId": null, "skuUuid": "2eb69146-fdab-4a85-b4c8-65fcf741c300", "state": "480", "customerId": null, "localAmount": 330, "localCurrency": "USD"}, {"chainId": "12898531764281544189", "amount": 320, "createdAt": "2018-09-22T14:00:09+00:00", "shoeSize": "7Y", "productId": null, "skuUuid": "d7cbca27-51a7-48fb-818d-ae3767c37db0", "state": "480", "customerId": null, "localAmount": 320, "localCurrency": "USD"}, {"chainId": "12898531282964984870", "amount": 335, "createdAt": "2018-09-22T13:59:12+00:00", "shoeSize": "4.5Y", "productId": null, "skuUuid": "2eb69146-fdab-4a85-b4c8-65fcf741c300", "state": "480", "customerId": null, "localAmount": 335, "localCurrency": "USD"}, {"chainId": "12898524323536063558", "amount": 261, "createdAt": "2018-09-22T13:45:23+00:00", "shoeSize": "7Y", "productId": null, "skuUuid": "d7cbca27-51a7-48fb-818d-ae3767c37db0", "state": "480", "customerId": null, "localAmount": 261, "localCurrency": "USD"}, {"chainId": "12898516690064913282", "amount": 300, "createdAt": "2018-09-22T13:31:11+00:00", "shoeSize": "6.5Y", "productId": null, "skuUuid": "5ab181f2-f11e-4b07-96fd-2c07fdf683eb", "state": "480", "customerId": null, "localAmount": 300, "localCurrency": "USD"}, {"chainId": "12898498568158056990", "amount": 355, "createdAt": "2018-09-22T12:54:17+00:00", "shoeSize": "5Y", "productId": null, "skuUuid": "72bdf1dd-c2bc-45a3-931e-8720a9de5c63", "state": "480", "customerId": null, "localAmount": 355, "localCurrency": "USD"}, {"chainId": "12898497977944369658", "amount": 322, "createdAt": "2018-09-22T12:53:02+00:00", "shoeSize": "4Y", "productId": null, "skuUuid": "8c804c38-59f7-4b7c-b16e-1d873a4aabb1", "state": "480", "customerId": null, "localAmount": 322, "localCurrency": "USD"}, {"chainId": "12898497388855794436", "amount": 310, "createdAt": "2018-09-22T12:51:59+00:00", "shoeSize": "6Y", "productId": null, "skuUuid": "e1cf00c6-a49a-4f00-a2cb-2412a20c2710", "state": "480", "customerId": null, "localAmount": 310, "localCurrency": "USD"}, {"chainId": "12898493431518257410", "amount": 302, "createdAt": "2018-09-22T12:45:24+00:00", "shoeSize": "5.5Y", "productId": null, "skuUuid": "be941b75-9f0c-4b08-9401-ada6ce99b0ce", "state": "480", "customerId": null, "localAmount": 302, "localCurrency": "USD"}, {"chainId": "12898490391846775617", "amount": 313, "createdAt": "2018-09-22T12:37:59+00:00", "shoeSize": "5Y", "productId": null, "skuUuid": "72bdf1dd-c2bc-45a3-931e-8720a9de5c63", "state": "480", "customerId": null, "localAmount": 313, "localCurrency": "USD"}, {"chainId": "12898489054342454492", "amount": 302, "createdAt": "2018-09-22T12:35:18+00:00", "shoeSize": "5.5Y", "productId": null, "skuUuid": "be941b75-9f0c-4b08-9401-ada6ce99b0ce", "state": "480", "customerId": null, "localAmount": 302, "localCurrency": "USD"}, {"chainId": "12898485745928923975", "amount": 304, "createdAt": "2018-09-22T12:28:43+00:00", "shoeSize": "5.5Y", "productId": null, "skuUuid": "be941b75-9f0c-4b08-9401-ada6ce99b0ce", "state": "480", "customerId": null, "localAmount": 304, "localCurrency": "USD"}, {"chainId": "12898485482477248045", "amount": 341, "createdAt": "2018-09-22T12:28:14+00:00", "shoeSize": "5Y", "productId": null, "skuUuid": "72bdf1dd-c2bc-45a3-931e-8720a9de5c63", "state": "480", "customerId": null, "localAmount": 341, "localCurrency": "USD"}, {"chainId": "12898479312729261744", "amount": 345, "createdAt": "2018-09-22T12:15:57+00:00", "shoeSize": "5Y", "productId": null, "skuUuid": "72bdf1dd-c2bc-45a3-931e-8720a9de5c63", "state": "480", "customerId": null, "localAmount": 345, "localCurrency": "USD"}, {"chainId": "12898478462316867052", "amount": 322, "createdAt": "2018-09-22T12:14:15+00:00", "shoeSize": "5.5Y", "productId": null, "skuUuid": "be941b75-9f0c-4b08-9401-ada6ce99b0ce", "state": "480", "customerId": null, "localAmount": 322, "localCurrency": "USD"}, {"chainId": "12898472811235873332", "amount": 335, "createdAt": "2018-09-22T12:03:03+00:00", "shoeSize": "4.5Y", "productId": null, "skuUuid": "2eb69146-fdab-4a85-b4c8-65fcf741c300", "state": "480", "customerId": null, "localAmount": 335, "localCurrency": "USD"}, {"chainId": "12898457249909375533", "amount": 290, "createdAt": "2018-09-22T11:32:07+00:00", "shoeSize": "7Y", "productId": null, "skuUuid": "d7cbca27-51a7-48fb-818d-ae3767c37db0", "state": "480", "customerId": null, "localAmount": 290, "localCurrency": "USD"}, {"chainId": "12898429381629221638", "amount": 340, "createdAt": "2018-09-22T10:36:46+00:00", "shoeSize": "4.5Y", "productId": null, "skuUuid": "2eb69146-fdab-4a85-b4c8-65fcf741c300", "state": "480", "customerId": null, "localAmount": 340, "localCurrency": "USD"}, {"chainId": "12898244557747658988", "amount": 340, "createdAt": "2018-09-22T10:21:36+00:00", "shoeSize": "6Y", "productId": null, "skuUuid": "e1cf00c6-a49a-4f00-a2cb-2412a20c2710", "state": "480", "customerId": null, "localAmount": 340, "localCurrency": "USD"}, {"chainId": "12898247542534898916", "amount": 340, "createdAt": "2018-09-22T09:42:19+00:00", "shoeSize": "6.5Y", "productId": null, "skuUuid": "5ab181f2-f11e-4b07-96fd-2c07fdf683eb", "state": "480", "customerId": null, "localAmount": 340, "localCurrency": "USD"}, {"chainId": "12898070770607953957", "amount": 360, "createdAt": "2018-09-22T08:46:17+00:00", "shoeSize": "4Y", "productId": null, "skuUuid": "8c804c38-59f7-4b7c-b16e-1d873a4aabb1", "state": "480", "customerId": null, "localAmount": 360, "localCurrency": "USD"}, {"chainId": "12898241318063404163", "amount": 335, "createdAt": "2018-09-22T08:43:07+00:00", "shoeSize": "6Y", "productId": null, "skuUuid": "e1cf00c6-a49a-4f00-a2cb-2412a20c2710", "state": "480", "customerId": null, "localAmount": 335, "localCurrency": "USD"}, {"chainId": "12898365096727006699", "amount": 350, "createdAt": "2018-09-22T08:29:09+00:00", "shoeSize": "5Y", "productId": null, "skuUuid": "72bdf1dd-c2bc-45a3-931e-8720a9de5c63", "state": "480", "customerId": null, "localAmount": 350, "localCurrency": "USD"}, {"chainId": "12898311480807702421", "amount": 330, "createdAt": "2018-09-22T06:42:29+00:00", "shoeSize": "5.5Y", "productId": null, "skuUuid": "be941b75-9f0c-4b08-9401-ada6ce99b0ce", "state": "480", "customerId": null, "localAmount": 330, "localCurrency": "USD"}, {"chainId": "12898311051941590119", "amount": 335, "createdAt": "2018-09-22T06:41:43+00:00", "shoeSize": "5.5Y", "productId": null, "skuUuid": "be941b75-9f0c-4b08-9401-ada6ce99b0ce", "state": "480", "customerId": null, "localAmount": 335, "localCurrency": "USD"}, {"chainId": "12898148653243371440", "amount": 400, "createdAt": "2018-09-22T06:09:20+00:00", "shoeSize": "4.5Y", "productId": null, "skuUuid": "2eb69146-fdab-4a85-b4c8-65fcf741c300", "state": "480", "customerId": null, "localAmount": 400, "localCurrency": "USD"}, {"chainId": "12898211657169025594", "amount": 334, "createdAt": "2018-09-22T04:21:55+00:00", "shoeSize": "6Y", "productId": null, "skuUuid": "e1cf00c6-a49a-4f00-a2cb-2412a20c2710", "state": "480", "customerId": null, "localAmount": 334, "localCurrency": "USD"}, {"chainId": "12898237683542545490", "amount": 333, "createdAt": "2018-09-22T04:20:13+00:00", "shoeSize": "6Y", "productId": null, "skuUuid": "e1cf00c6-a49a-4f00-a2cb-2412a20c2710", "state": "480", "customerId": null, "localAmount": 333, "localCurrency": "USD"}, {"chainId": "12898220497188967213", "amount": 380, "createdAt": "2018-09-22T04:20:01+00:00", "shoeSize": "7Y", "productId": null, "skuUuid": "d7cbca27-51a7-48fb-818d-ae3767c37db0", "state": "480", "customerId": null, "localAmount": 380, "localCurrency": "USD"}, {"chainId": "12898089393685575317", "amount": 350, "createdAt": "2018-09-22T04:19:27+00:00", "shoeSize": "5Y", "productId": null, "skuUuid": "72bdf1dd-c2bc-45a3-931e-8720a9de5c63", "state": "480", "customerId": null, "localAmount": 350, "localCurrency": "USD"}, {"chainId": "12898084270487513097", "amount": 324, "createdAt": "2018-09-22T03:40:06+00:00", "shoeSize": "7Y", "productId": null, "skuUuid": "d7cbca27-51a7-48fb-818d-ae3767c37db0", "state": "480", "customerId": null, "localAmount": 324, "localCurrency": "USD"}, {"chainId": "12898165389431544750", "amount": 320, "createdAt": "2018-09-22T03:33:59+00:00", "shoeSize": "7Y", "productId": null, "skuUuid": "d7cbca27-51a7-48fb-818d-ae3767c37db0", "state": "480", "customerId": null, "localAmount": 320, "localCurrency": "USD"}, {"chainId": "12898211212428042389", "amount": 345, "createdAt": "2018-09-22T03:23:16+00:00", "shoeSize": "5Y", "productId": null, "skuUuid": "72bdf1dd-c2bc-45a3-931e-8720a9de5c63", "state": "480", "customerId": null, "localAmount": 345, "localCurrency": "USD"}, {"chainId": "12898202597647380002", "amount": 325, "createdAt": "2018-09-22T03:14:57+00:00", "shoeSize": "5.5Y", "productId": null, "skuUuid": "be941b75-9f0c-4b08-9401-ada6ce99b0ce", "state": "480", "customerId": null, "localAmount": 325, "localCurrency": "USD"}, {"chainId": "12898083508932696747", "amount": 370, "createdAt": "2018-09-22T01:43:25+00:00", "shoeSize": "5.5Y", "productId": null, "skuUuid": "be941b75-9f0c-4b08-9401-ada6ce99b0ce", "state": "480", "customerId": null, "localAmount": 370, "localCurrency": "USD"}, {"chainId": "12898111849358186454", "amount": 330, "createdAt": "2018-09-22T00:28:41+00:00", "shoeSize": "5.5Y", "productId": null, "skuUuid": "be941b75-9f0c-4b08-9401-ada6ce99b0ce", "state": "480", "customerId": null, "localAmount": 330, "localCurrency": "USD"}, {"chainId": "12898083067277277653", "amount": 330, "createdAt": "2018-09-22T00:12:08+00:00", "shoeSize": "4Y", "productId": null, "skuUuid": "8c804c38-59f7-4b7c-b16e-1d873a4aabb1", "state": "480", "customerId": null, "localAmount": 330, "localCurrency": "USD"}, {"chainId": "12898105574673738814", "amount": 320, "createdAt": "2018-09-22T00:00:49+00:00", "shoeSize": "6Y", "productId": null, "skuUuid": "e1cf00c6-a49a-4f00-a2cb-2412a20c2710", "state": "480", "customerId": null, "localAmount": 320, "localCurrency": "USD"}, {"chainId": "12898093066571335867", "amount": 330, "createdAt": "2018-09-21T23:28:35+00:00", "shoeSize": "5Y", "productId": null, "skuUuid": "72bdf1dd-c2bc-45a3-931e-8720a9de5c63", "state": "480", "customerId": null, "localAmount": 330, "localCurrency": "USD"}, {"chainId": "12898084082638578130", "amount": 280, "createdAt": "2018-09-21T23:10:44+00:00", "shoeSize": "6.5Y", "productId": null, "skuUuid": "5ab181f2-f11e-4b07-96fd-2c07fdf683eb", "state": "480", "customerId": null, "localAmount": 280, "localCurrency": "USD"}, {"chainId": "12898077948643949745", "amount": 360, "createdAt": "2018-09-21T23:05:59+00:00", "shoeSize": "5.5Y", "productId": null, "skuUuid": "be941b75-9f0c-4b08-9401-ada6ce99b0ce", "state": "480", "customerId": null, "localAmount": 360, "localCurrency": "USD"}, {"chainId": "12898070605437037408", "amount": 360, "createdAt": "2018-09-21T23:04:22+00:00", "shoeSize": "5.5Y", "productId": null, "skuUuid": "be941b75-9f0c-4b08-9401-ada6ce99b0ce", "state": "480", "customerId": null, "localAmount": 360, "localCurrency": "USD"}, {"chainId": "12897503263323627044", "amount": 310, "createdAt": "2018-09-21T23:01:29+00:00", "shoeSize": "6Y", "productId": null, "skuUuid": "e1cf00c6-a49a-4f00-a2cb-2412a20c2710", "state": "480", "customerId": null, "localAmount": 310, "localCurrency": "USD"}, {"chainId": "12897979744763332871", "amount": 340, "createdAt": "2018-09-21T23:01:16+00:00", "shoeSize": "4Y", "productId": null, "skuUuid": "8c804c38-59f7-4b7c-b16e-1d873a4aabb1", "state": "480", "customerId": null, "localAmount": 340, "localCurrency": "USD"}, {"chainId": "12898077329475982341", "amount": 340, "createdAt": "2018-09-21T22:57:17+00:00", "shoeSize": "5Y", "productId": null, "skuUuid": "72bdf1dd-c2bc-45a3-931e-8720a9de5c63", "state": "480", "customerId": null, "localAmount": 340, "localCurrency": "USD"}, {"chainId": "12897933380598275910", "amount": 309, "createdAt": "2018-09-21T22:55:27+00:00", "shoeSize": "6Y", "productId": null, "skuUuid": "e1cf00c6-a49a-4f00-a2cb-2412a20c2710", "state": "480", "customerId": null, "localAmount": 309, "localCurrency": "USD"}, {"chainId": "12898070293634210886", "amount": 349, "createdAt": "2018-09-21T22:54:55+00:00", "shoeSize": "5Y", "productId": null, "skuUuid": "72bdf1dd-c2bc-45a3-931e-8720a9de5c63", "state": "480", "customerId": null, "localAmount": 349, "localCurrency": "USD"}, {"chainId": "12897933573554711465", "amount": 324, "createdAt": "2018-09-21T22:36:10+00:00", "shoeSize": "4.5Y", "productId": null, "skuUuid": "2eb69146-fdab-4a85-b4c8-65fcf741c300", "state": "480", "customerId": null, "localAmount": 324, "localCurrency": "USD"}, {"chainId": "12898036962839501346", "amount": 305, "createdAt": "2018-09-21T22:35:44+00:00", "shoeSize": "4Y", "productId": null, "skuUuid": "8c804c38-59f7-4b7c-b16e-1d873a4aabb1", "state": "480", "customerId": null, "localAmount": 305, "localCurrency": "USD"}, {"chainId": "12898061197039842987", "amount": 305, "createdAt": "2018-09-21T22:25:59+00:00", "shoeSize": "6Y", "productId": null, "skuUuid": "e1cf00c6-a49a-4f00-a2cb-2412a20c2710", "state": "480", "customerId": null, "localAmount": 305, "localCurrency": "USD"}, {"chainId": "12898037234094319399", "amount": 320, "createdAt": "2018-09-21T22:25:09+00:00", "shoeSize": "4.5Y", "productId": null, "skuUuid": "2eb69146-fdab-4a85-b4c8-65fcf741c300", "state": "480", "customerId": null, "localAmount": 320, "localCurrency": "USD"}, {"chainId": "12897961004840913353", "amount": 320, "createdAt": "2018-09-21T22:24:33+00:00", "shoeSize": "5.5Y", "productId": null, "skuUuid": "be941b75-9f0c-4b08-9401-ada6ce99b0ce", "state": "480", "customerId": null, "localAmount": 320, "localCurrency": "USD"}, {"chainId": "12898046313949656691", "amount": 305, "createdAt": "2018-09-21T22:14:42+00:00", "shoeSize": "5.5Y", "productId": null, "skuUuid": "be941b75-9f0c-4b08-9401-ada6ce99b0ce", "state": "480", "customerId": null, "localAmount": 305, "localCurrency": "USD"}, {"chainId": "12898044704632405541", "amount": 265, "createdAt": "2018-09-21T21:52:26+00:00", "shoeSize": "7Y", "productId": null, "skuUuid": "d7cbca27-51a7-48fb-818d-ae3767c37db0", "state": "480", "customerId": null, "localAmount": 265, "localCurrency": "USD"}, {"chainId": "12897961283447785656", "amount": 309, "createdAt": "2018-09-21T21:04:47+00:00", "shoeSize": "5.5Y", "productId": null, "skuUuid": "be941b75-9f0c-4b08-9401-ada6ce99b0ce", "state": "480", "customerId": null, "localAmount": 309, "localCurrency": "USD"}, {"chainId": "12898015708764248038", "amount": 314, "createdAt": "2018-09-21T20:54:51+00:00", "shoeSize": "5Y", "productId": null, "skuUuid": "72bdf1dd-c2bc-45a3-931e-8720a9de5c63", "state": "480", "customerId": null, "localAmount": 314, "localCurrency": "USD"}, {"chainId": "12897884296484207151", "amount": 288, "createdAt": "2018-09-21T19:42:13+00:00", "shoeSize": "6.5Y", "productId": null, "skuUuid": "5ab181f2-f11e-4b07-96fd-2c07fdf683eb", "state": "480", "customerId": null, "localAmount": 288, "localCurrency": "USD"}, {"chainId": "12897962582839148043", "amount": 313, "createdAt": "2018-09-21T19:09:18+00:00", "shoeSize": "5Y", "productId": null, "skuUuid": "72bdf1dd-c2bc-45a3-931e-8720a9de5c63", "state": "480", "customerId": null, "localAmount": 313, "localCurrency": "USD"}, {"chainId": "12897928396000239507", "amount": 271, "createdAt": "2018-09-21T18:07:27+00:00", "shoeSize": "7Y", "productId": null, "skuUuid": "d7cbca27-51a7-48fb-818d-ae3767c37db0", "state": "480", "customerId": null, "localAmount": 271, "localCurrency": "USD"}, {"chainId": "12897925325354168797", "amount": 320, "createdAt": "2018-09-21T17:55:18+00:00", "shoeSize": "5Y", "productId": null, "skuUuid": "72bdf1dd-c2bc-45a3-931e-8720a9de5c63", "state": "480", "customerId": null, "localAmount": 320, "localCurrency": "USD"}, {"chainId": "12897925019402801317", "amount": 326, "createdAt": "2018-09-21T17:54:39+00:00", "shoeSize": "5Y", "productId": null, "skuUuid": "72bdf1dd-c2bc-45a3-931e-8720a9de5c63", "state": "480", "customerId": null, "localAmount": 326, "localCurrency": "USD"}, {"chainId": "12897503629616345969", "amount": 320, "createdAt": "2018-09-21T04:23:15+00:00", "shoeSize": "5.5Y", "productId": null, "skuUuid": "be941b75-9f0c-4b08-9401-ada6ce99b0ce", "state": "480", "customerId": null, "localAmount": 320, "localCurrency": "USD"}, {"chainId": "12897494824226651393", "amount": 305, "createdAt": "2018-09-21T03:39:59+00:00", "shoeSize": "4Y", "productId": null, "skuUuid": "8c804c38-59f7-4b7c-b16e-1d873a4aabb1", "state": "480", "customerId": null, "localAmount": 305, "localCurrency": "USD"}, {"chainId": "12897454011611799867", "amount": 318, "createdAt": "2018-09-21T02:18:57+00:00", "shoeSize": "5Y", "productId": null, "skuUuid": "72bdf1dd-c2bc-45a3-931e-8720a9de5c63", "state": "480", "customerId": null, "localAmount": 318, "localCurrency": "USD"}, {"chainId": "12896788675302259143", "amount": 335, "createdAt": "2018-09-21T00:02:14+00:00", "shoeSize": "7Y", "productId": null, "skuUuid": "d7cbca27-51a7-48fb-818d-ae3767c37db0", "state": "480", "customerId": null, "localAmount": 335, "localCurrency": "USD"}, {"chainId": "12897237930662564733", "amount": 321, "createdAt": "2018-09-20T19:09:38+00:00", "shoeSize": "5.5Y", "productId": null, "skuUuid": "be941b75-9f0c-4b08-9401-ada6ce99b0ce", "state": "480", "customerId": null, "localAmount": 321, "localCurrency": "USD"}, {"chainId": "12897237515983931526", "amount": 322, "createdAt": "2018-09-20T19:08:45+00:00", "shoeSize": "4.5Y", "productId": null, "skuUuid": "2eb69146-fdab-4a85-b4c8-65fcf741c300", "state": "480", "customerId": null, "localAmount": 322, "localCurrency": "USD"}, {"chainId": "12897209337944986020", "amount": 326, "createdAt": "2018-09-20T18:12:46+00:00", "shoeSize": "5.5Y", "productId": null, "skuUuid": "be941b75-9f0c-4b08-9401-ada6ce99b0ce", "state": "480", "customerId": null, "localAmount": 326, "localCurrency": "USD"}, {"chainId": "12897132356341950401", "amount": 365, "createdAt": "2018-09-20T15:39:49+00:00", "shoeSize": "5Y", "productId": null, "skuUuid": "72bdf1dd-c2bc-45a3-931e-8720a9de5c63", "state": "480", "customerId": null, "localAmount": 365, "localCurrency": "USD"}, {"chainId": "12897028502038650601", "amount": 303, "createdAt": "2018-09-20T12:13:27+00:00", "shoeSize": "4Y", "productId": null, "skuUuid": "8c804c38-59f7-4b7c-b16e-1d873a4aabb1", "state": "480", "customerId": null, "localAmount": 303, "localCurrency": "USD"}, {"chainId": "12896993123257479050", "amount": 321, "createdAt": "2018-09-20T11:03:10+00:00", "shoeSize": "4.5Y", "productId": null, "skuUuid": "2eb69146-fdab-4a85-b4c8-65fcf741c300", "state": "480", "customerId": null, "localAmount": 321, "localCurrency": "USD"}, {"chainId": "12896801295009038208", "amount": 321, "createdAt": "2018-09-20T04:42:03+00:00", "shoeSize": "4Y", "productId": null, "skuUuid": "8c804c38-59f7-4b7c-b16e-1d873a4aabb1", "state": "480", "customerId": null, "localAmount": 321, "localCurrency": "USD"}, {"chainId": "12896306982951062920", "amount": 320, "createdAt": "2018-09-19T14:14:05+00:00", "shoeSize": "4Y", "productId": null, "skuUuid": "8c804c38-59f7-4b7c-b16e-1d873a4aabb1", "state": "480", "customerId": null, "localAmount": 320, "localCurrency": "USD"}, {"chainId": "12896307429341364826", "amount": 310, "createdAt": "2018-09-19T12:20:48+00:00", "shoeSize": "5Y", "productId": null, "skuUuid": "72bdf1dd-c2bc-45a3-931e-8720a9de5c63", "state": "480", "customerId": null, "localAmount": 310, "localCurrency": "USD"}, {"chainId": "12896307161219366065", "amount": 310, "createdAt": "2018-09-19T12:20:16+00:00", "shoeSize": "5Y", "productId": null, "skuUuid": "72bdf1dd-c2bc-45a3-931e-8720a9de5c63", "state": "480", "customerId": null, "localAmount": 310, "localCurrency": "USD"}, {"chainId": "12896068017139127788", "amount": 301, "createdAt": "2018-09-19T04:25:13+00:00", "shoeSize": "5.5Y", "productId": null, "skuUuid": "be941b75-9f0c-4b08-9401-ada6ce99b0ce", "state": "480", "customerId": null, "localAmount": 301, "localCurrency": "USD"}]