[{"chainId": "12783011257994928032", "amount": 227, "createdAt": "2019-01-24T02:29:46+00:00", "shoeSize": "10", "productId": null, "skuUuid": "cd6eba06-7e6f-4969-a721-8b29feeb77e7", "state": "480", "customerId": null, "localAmount": 227, "localCurrency": "USD"}, {"chainId": "12946524657650594727", "amount": 150, "createdAt": "2019-01-12T01:15:55+00:00", "shoeSize": "9", "productId": null, "skuUuid": "e4a8eeaf-da95-4bce-98cc-f5239a75c90a", "state": "480", "customerId": null, "localAmount": 150, "localCurrency": "USD"}, {"chainId": "12961120923654511506", "amount": 170, "createdAt": "2018-12-17T22:33:49+00:00", "shoeSize": "10", "productId": null, "skuUuid": "cd6eba06-7e6f-4969-a721-8b29feeb77e7", "state": "480", "customerId": null, "localAmount": 170, "localCurrency": "USD"}, {"chainId": "12864134379371771319", "amount": 285, "createdAt": "2018-11-18T22:10:37+00:00", "shoeSize": "12", "productId": null, "skuUuid": "f8110afb-5e28-47cf-8e78-7aed6614c2a6", "state": "480", "customerId": null, "localAmount": 285, "localCurrency": "USD"}, {"chainId": "12901819216188387355", "amount": 123, "createdAt": "2018-10-09T16:37:57+00:00", "shoeSize": "10.5", "productId": null, "skuUuid": "40c3e9c1-10f4-4287-b932-e04e204900b3", "state": "480", "customerId": null, "localAmount": 123, "localCurrency": "USD"}, {"chainId": "12902705952856159782", "amount": 230, "createdAt": "2018-09-28T08:13:38+00:00", "shoeSize": "10", "productId": null, "skuUuid": "cd6eba06-7e6f-4969-a721-8b29feeb77e7", "state": "480", "customerId": null, "localAmount": 230, "localCurrency": "USD"}, {"chainId": "12888860162457033152", "amount": 150, "createdAt": "2018-09-09T16:25:04+00:00", "shoeSize": "10.5", "productId": null, "skuUuid": "40c3e9c1-10f4-4287-b932-e04e204900b3", "state": "480", "customerId": null, "localAmount": 150, "localCurrency": "USD"}, {"chainId": "12779927029495937409", "amount": 163, "createdAt": "2018-08-13T16:41:58+00:00", "shoeSize": "11", "productId": null, "skuUuid": "14c7db36-a64c-4558-80be-168afbc1c7d8", "state": "480", "customerId": null, "localAmount": 163, "localCurrency": "USD"}, {"chainId": "12855772216384755089", "amount": 200, "createdAt": "2018-07-25T14:04:40+00:00", "shoeSize": "10.5", "productId": null, "skuUuid": "40c3e9c1-10f4-4287-b932-e04e204900b3", "state": "480", "customerId": null, "localAmount": 200, "localCurrency": "USD"}, {"chainId": "12776073906438061746", "amount": 240, "createdAt": "2018-07-24T12:41:11+00:00", "shoeSize": "10", "productId": null, "skuUuid": "cd6eba06-7e6f-4969-a721-8b29feeb77e7", "state": "480", "customerId": null, "localAmount": 240, "localCurrency": "USD"}, {"chainId": "12845484414073060558", "amount": 240, "createdAt": "2018-07-14T22:29:10+00:00", "shoeSize": "10", "productId": null, "skuUuid": "cd6eba06-7e6f-4969-a721-8b29feeb77e7", "state": "480", "customerId": null, "localAmount": 240, "localCurrency": "USD"}, {"chainId": "12782903871709250833", "amount": 220, "createdAt": "2018-05-13T04:21:17+00:00", "shoeSize": "8.5", "productId": null, "skuUuid": "2fc4c0d6-49a2-4272-ad28-263f8e168c68", "state": "480", "customerId": null, "localAmount": 220, "localCurrency": "USD"}, {"chainId": "12784884916353996513", "amount": 175, "createdAt": "2018-04-23T05:37:35+00:00", "shoeSize": "8.5", "productId": null, "skuUuid": "2fc4c0d6-49a2-4272-ad28-263f8e168c68", "state": "480", "customerId": null, "localAmount": 175, "localCurrency": "USD"}]