[{"chainId": "12987160586268797484", "amount": 65, "createdAt": "2019-01-24T04:26:46+00:00", "shoeSize": "10", "productId": null, "skuUuid": "c619a87e-04a3-40c6-a3da-2366e5526d5e", "state": "480", "customerId": null, "localAmount": 65, "localCurrency": "USD"}, {"chainId": "12979087446723816718", "amount": 100, "createdAt": "2019-01-23T23:42:33+00:00", "shoeSize": "13", "productId": null, "skuUuid": "aa608503-d6e4-488f-8692-4fb8cb90531d", "state": "480", "customerId": null, "localAmount": 100, "localCurrency": "USD"}, {"chainId": "12987160275000328166", "amount": 65, "createdAt": "2019-01-22T22:47:12+00:00", "shoeSize": "10", "productId": null, "skuUuid": "c619a87e-04a3-40c6-a3da-2366e5526d5e", "state": "480", "customerId": null, "localAmount": 65, "localCurrency": "USD"}, {"chainId": "12982891026939974194", "amount": 80, "createdAt": "2019-01-22T16:50:03+00:00", "shoeSize": "12", "productId": null, "skuUuid": "634eb805-8ddd-4185-80c5-eb3d00f65ba0", "state": "480", "customerId": null, "localAmount": 80, "localCurrency": "USD"}, {"chainId": "12983791092042548641", "amount": 60, "createdAt": "2019-01-18T17:37:16+00:00", "shoeSize": "9", "productId": null, "skuUuid": "38f03c02-8b04-4009-b14b-f93943a1f07a", "state": "480", "customerId": null, "localAmount": 60, "localCurrency": "USD"}, {"chainId": "12979086708532633830", "amount": 60, "createdAt": "2019-01-18T03:14:58+00:00", "shoeSize": "9", "productId": null, "skuUuid": "38f03c02-8b04-4009-b14b-f93943a1f07a", "state": "480", "customerId": null, "localAmount": 60, "localCurrency": "USD"}, {"chainId": "12983539629024215995", "amount": 55, "createdAt": "2019-01-17T23:50:08+00:00", "shoeSize": "11", "productId": null, "skuUuid": "5357ed08-e2ea-4ffb-b3bd-41ff3cb55c3c", "state": "480", "customerId": null, "localAmount": 55, "localCurrency": "USD"}, {"chainId": "12979087714223079350", "amount": 60, "createdAt": "2019-01-17T04:28:13+00:00", "shoeSize": "10", "productId": null, "skuUuid": "c619a87e-04a3-40c6-a3da-2366e5526d5e", "state": "480", "customerId": null, "localAmount": 60, "localCurrency": "USD"}, {"chainId": "12982889338930482225", "amount": 56, "createdAt": "2019-01-16T23:23:35+00:00", "shoeSize": "11", "productId": null, "skuUuid": "5357ed08-e2ea-4ffb-b3bd-41ff3cb55c3c", "state": "480", "customerId": null, "localAmount": 56, "localCurrency": "USD"}, {"chainId": "12979086428144710556", "amount": 60, "createdAt": "2019-01-16T16:00:53+00:00", "shoeSize": "9", "productId": null, "skuUuid": "38f03c02-8b04-4009-b14b-f93943a1f07a", "state": "480", "customerId": null, "localAmount": 60, "localCurrency": "USD"}, {"chainId": "12982002650505256996", "amount": 80, "createdAt": "2019-01-15T20:32:00+00:00", "shoeSize": "12", "productId": null, "skuUuid": "634eb805-8ddd-4185-80c5-eb3d00f65ba0", "state": "480", "customerId": null, "localAmount": 80, "localCurrency": "USD"}, {"chainId": "12979086876957368568", "amount": 60, "createdAt": "2019-01-15T04:13:08+00:00", "shoeSize": "9.5", "productId": null, "skuUuid": "07ff6bb9-7e17-4bd3-811d-2a3879301ee1", "state": "480", "customerId": null, "localAmount": 60, "localCurrency": "USD"}, {"chainId": "12978783323062044832", "amount": 60, "createdAt": "2019-01-14T16:24:53+00:00", "shoeSize": "10", "productId": null, "skuUuid": "c619a87e-04a3-40c6-a3da-2366e5526d5e", "state": "480", "customerId": null, "localAmount": 60, "localCurrency": "USD"}, {"chainId": "12979087125513688224", "amount": 75, "createdAt": "2019-01-13T21:27:03+00:00", "shoeSize": "12", "productId": null, "skuUuid": "634eb805-8ddd-4185-80c5-eb3d00f65ba0", "state": "480", "customerId": null, "localAmount": 75, "localCurrency": "USD"}, {"chainId": "12978783235347799928", "amount": 60, "createdAt": "2019-01-13T20:49:19+00:00", "shoeSize": "10", "productId": null, "skuUuid": "c619a87e-04a3-40c6-a3da-2366e5526d5e", "state": "480", "customerId": null, "localAmount": 60, "localCurrency": "USD"}, {"chainId": "12979087836132202372", "amount": 80.2867, "createdAt": "2019-01-13T10:45:37+00:00", "shoeSize": "13", "productId": null, "skuUuid": "aa608503-d6e4-488f-8692-4fb8cb90531d", "state": "480", "customerId": null, "localAmount": 81, "localCurrency": "USD"}, {"chainId": "12979088179741452202", "amount": 75, "createdAt": "2019-01-13T03:59:15+00:00", "shoeSize": "10.5", "productId": null, "skuUuid": "1e05e70d-6d33-4525-8fd5-417a85b14808", "state": "480", "customerId": null, "localAmount": 75, "localCurrency": "USD"}, {"chainId": "12979087977646417567", "amount": 75, "createdAt": "2019-01-12T04:37:39+00:00", "shoeSize": "10.5", "productId": null, "skuUuid": "1e05e70d-6d33-4525-8fd5-417a85b14808", "state": "480", "customerId": null, "localAmount": 75, "localCurrency": "USD"}, {"chainId": "12979087011401694666", "amount": 75, "createdAt": "2019-01-11T17:41:47+00:00", "shoeSize": "11", "productId": null, "skuUuid": "5357ed08-e2ea-4ffb-b3bd-41ff3cb55c3c", "state": "480", "customerId": null, "localAmount": 75, "localCurrency": "USD"}, {"chainId": "12979088066872501626", "amount": 60, "createdAt": "2019-01-11T17:31:10+00:00", "shoeSize": "10.5", "productId": null, "skuUuid": "1e05e70d-6d33-4525-8fd5-417a85b14808", "state": "480", "customerId": null, "localAmount": 60, "localCurrency": "USD"}, {"chainId": "12979087275051905604", "amount": 85, "createdAt": "2019-01-11T17:29:34+00:00", "shoeSize": "13", "productId": null, "skuUuid": "aa608503-d6e4-488f-8692-4fb8cb90531d", "state": "480", "customerId": null, "localAmount": 85, "localCurrency": "USD"}, {"chainId": "12961588343844343985", "amount": 185, "createdAt": "2019-01-08T16:01:48+00:00", "shoeSize": "10.5", "productId": null, "skuUuid": "1e05e70d-6d33-4525-8fd5-417a85b14808", "state": "480", "customerId": null, "localAmount": 185, "localCurrency": "USD"}, {"chainId": "12962502511505367470", "amount": 65, "createdAt": "2019-01-08T01:44:28+00:00", "shoeSize": "10.5", "productId": null, "skuUuid": "1e05e70d-6d33-4525-8fd5-417a85b14808", "state": "480", "customerId": null, "localAmount": 65, "localCurrency": "USD"}, {"chainId": "12974221269126566934", "amount": 65, "createdAt": "2019-01-06T22:04:35+00:00", "shoeSize": "11", "productId": null, "skuUuid": "5357ed08-e2ea-4ffb-b3bd-41ff3cb55c3c", "state": "480", "customerId": null, "localAmount": 65, "localCurrency": "USD"}, {"chainId": "12962502487636902388", "amount": 65, "createdAt": "2019-01-06T21:45:01+00:00", "shoeSize": "10.5", "productId": null, "skuUuid": "1e05e70d-6d33-4525-8fd5-417a85b14808", "state": "480", "customerId": null, "localAmount": 65, "localCurrency": "USD"}, {"chainId": "12962502328215261817", "amount": 65, "createdAt": "2019-01-06T17:31:10+00:00", "shoeSize": "10", "productId": null, "skuUuid": "c619a87e-04a3-40c6-a3da-2366e5526d5e", "state": "480", "customerId": null, "localAmount": 65, "localCurrency": "USD"}, {"chainId": "12973329188759699866", "amount": 55, "createdAt": "2019-01-06T00:49:46+00:00", "shoeSize": "10", "productId": null, "skuUuid": "c619a87e-04a3-40c6-a3da-2366e5526d5e", "state": "480", "customerId": null, "localAmount": 55, "localCurrency": "USD"}, {"chainId": "12955163705374163951", "amount": 140, "createdAt": "2019-01-05T15:14:14+00:00", "shoeSize": "12.5", "productId": null, "skuUuid": "6aa01b8e-f550-4960-8161-a5acda946990", "state": "480", "customerId": null, "localAmount": 140, "localCurrency": "USD"}, {"chainId": "12962502376164324549", "amount": 55, "createdAt": "2019-01-05T01:56:56+00:00", "shoeSize": "10", "productId": null, "skuUuid": "c619a87e-04a3-40c6-a3da-2366e5526d5e", "state": "480", "customerId": null, "localAmount": 55, "localCurrency": "USD"}, {"chainId": "12973328883263542857", "amount": 55, "createdAt": "2019-01-05T01:52:13+00:00", "shoeSize": "9", "productId": null, "skuUuid": "38f03c02-8b04-4009-b14b-f93943a1f07a", "state": "480", "customerId": null, "localAmount": 55, "localCurrency": "USD"}, {"chainId": "12974221372927973318", "amount": 85, "createdAt": "2019-01-05T01:09:22+00:00", "shoeSize": "13", "productId": null, "skuUuid": "aa608503-d6e4-488f-8692-4fb8cb90531d", "state": "480", "customerId": null, "localAmount": 85, "localCurrency": "USD"}, {"chainId": "12962502495944296540", "amount": 55, "createdAt": "2019-01-05T00:21:17+00:00", "shoeSize": "10.5", "productId": null, "skuUuid": "1e05e70d-6d33-4525-8fd5-417a85b14808", "state": "480", "customerId": null, "localAmount": 55, "localCurrency": "USD"}, {"chainId": "12973329073369117273", "amount": 55, "createdAt": "2019-01-04T01:36:10+00:00", "shoeSize": "9.5", "productId": null, "skuUuid": "07ff6bb9-7e17-4bd3-811d-2a3879301ee1", "state": "480", "customerId": null, "localAmount": 55, "localCurrency": "USD"}, {"chainId": "12962502224569435854", "amount": 55, "createdAt": "2019-01-03T23:38:10+00:00", "shoeSize": "9", "productId": null, "skuUuid": "38f03c02-8b04-4009-b14b-f93943a1f07a", "state": "480", "customerId": null, "localAmount": 55, "localCurrency": "USD"}, {"chainId": "12962502264542653602", "amount": 55, "createdAt": "2019-01-03T22:38:14+00:00", "shoeSize": "9.5", "productId": null, "skuUuid": "07ff6bb9-7e17-4bd3-811d-2a3879301ee1", "state": "480", "customerId": null, "localAmount": 55, "localCurrency": "USD"}, {"chainId": "12962502453662415660", "amount": 55, "createdAt": "2019-01-03T02:29:39+00:00", "shoeSize": "10.5", "productId": null, "skuUuid": "1e05e70d-6d33-4525-8fd5-417a85b14808", "state": "480", "customerId": null, "localAmount": 55, "localCurrency": "USD"}, {"chainId": "12962502383790790143", "amount": 55, "createdAt": "2019-01-02T08:01:19+00:00", "shoeSize": "10", "productId": null, "skuUuid": "c619a87e-04a3-40c6-a3da-2366e5526d5e", "state": "480", "customerId": null, "localAmount": 55, "localCurrency": "USD"}, {"chainId": "12962502257072900375", "amount": 55, "createdAt": "2019-01-02T03:32:57+00:00", "shoeSize": "9.5", "productId": null, "skuUuid": "07ff6bb9-7e17-4bd3-811d-2a3879301ee1", "state": "480", "customerId": null, "localAmount": 55, "localCurrency": "USD"}, {"chainId": "12962502438661575304", "amount": 65, "createdAt": "2019-01-02T01:09:04+00:00", "shoeSize": "10.5", "productId": null, "skuUuid": "1e05e70d-6d33-4525-8fd5-417a85b14808", "state": "480", "customerId": null, "localAmount": 65, "localCurrency": "USD"}, {"chainId": "12962502422789232373", "amount": 65, "createdAt": "2019-01-01T22:09:36+00:00", "shoeSize": "10.5", "productId": null, "skuUuid": "1e05e70d-6d33-4525-8fd5-417a85b14808", "state": "480", "customerId": null, "localAmount": 65, "localCurrency": "USD"}, {"chainId": "12962502311495691432", "amount": 65, "createdAt": "2019-01-01T19:49:01+00:00", "shoeSize": "10", "productId": null, "skuUuid": "c619a87e-04a3-40c6-a3da-2366e5526d5e", "state": "480", "customerId": null, "localAmount": 65, "localCurrency": "USD"}, {"chainId": "12962502590380853090", "amount": 65, "createdAt": "2019-01-01T03:16:51+00:00", "shoeSize": "11", "productId": null, "skuUuid": "5357ed08-e2ea-4ffb-b3bd-41ff3cb55c3c", "state": "480", "customerId": null, "localAmount": 65, "localCurrency": "USD"}, {"chainId": "12962502344207190139", "amount": 55, "createdAt": "2018-12-30T22:44:58+00:00", "shoeSize": "10", "productId": null, "skuUuid": "c619a87e-04a3-40c6-a3da-2366e5526d5e", "state": "480", "customerId": null, "localAmount": 55, "localCurrency": "USD"}, {"chainId": "12962502614001565960", "amount": 85, "createdAt": "2018-12-30T03:34:08+00:00", "shoeSize": "12", "productId": null, "skuUuid": "634eb805-8ddd-4185-80c5-eb3d00f65ba0", "state": "480", "customerId": null, "localAmount": 85, "localCurrency": "USD"}, {"chainId": "12962502399097589161", "amount": 65, "createdAt": "2018-12-30T01:01:29+00:00", "shoeSize": "10.5", "productId": null, "skuUuid": "1e05e70d-6d33-4525-8fd5-417a85b14808", "state": "480", "customerId": null, "localAmount": 65, "localCurrency": "USD"}, {"chainId": "12962502415172568664", "amount": 55, "createdAt": "2018-12-29T06:58:14+00:00", "shoeSize": "10.5", "productId": null, "skuUuid": "1e05e70d-6d33-4525-8fd5-417a85b14808", "state": "480", "customerId": null, "localAmount": 55, "localCurrency": "USD"}, {"chainId": "12962502461450512593", "amount": 55, "createdAt": "2018-12-29T04:41:54+00:00", "shoeSize": "10.5", "productId": null, "skuUuid": "1e05e70d-6d33-4525-8fd5-417a85b14808", "state": "480", "customerId": null, "localAmount": 55, "localCurrency": "USD"}, {"chainId": "12969223261348248037", "amount": 65, "createdAt": "2018-12-29T04:34:58+00:00", "shoeSize": "13", "productId": null, "skuUuid": "aa608503-d6e4-488f-8692-4fb8cb90531d", "state": "480", "customerId": null, "localAmount": 65, "localCurrency": "USD"}, {"chainId": "12969223139368314135", "amount": 61, "createdAt": "2018-12-29T02:51:17+00:00", "shoeSize": "12", "productId": null, "skuUuid": "634eb805-8ddd-4185-80c5-eb3d00f65ba0", "state": "480", "customerId": null, "localAmount": 61, "localCurrency": "USD"}, {"chainId": "12969223008785222670", "amount": 55, "createdAt": "2018-12-29T02:51:03+00:00", "shoeSize": "11", "productId": null, "skuUuid": "5357ed08-e2ea-4ffb-b3bd-41ff3cb55c3c", "state": "480", "customerId": null, "localAmount": 55, "localCurrency": "USD"}, {"chainId": "12969111630060720185", "amount": 55, "createdAt": "2018-12-28T23:09:44+00:00", "shoeSize": "10", "productId": null, "skuUuid": "c619a87e-04a3-40c6-a3da-2366e5526d5e", "state": "480", "customerId": null, "localAmount": 55, "localCurrency": "USD"}, {"chainId": "12962502295190883559", "amount": 55, "createdAt": "2018-12-28T23:09:28+00:00", "shoeSize": "9.5", "productId": null, "skuUuid": "07ff6bb9-7e17-4bd3-811d-2a3879301ee1", "state": "480", "customerId": null, "localAmount": 55, "localCurrency": "USD"}, {"chainId": "12969111406000055154", "amount": 56, "createdAt": "2018-12-28T23:09:18+00:00", "shoeSize": "11", "productId": null, "skuUuid": "5357ed08-e2ea-4ffb-b3bd-41ff3cb55c3c", "state": "480", "customerId": null, "localAmount": 56, "localCurrency": "USD"}, {"chainId": "12962502479195768650", "amount": 55, "createdAt": "2018-12-28T23:08:14+00:00", "shoeSize": "10.5", "productId": null, "skuUuid": "1e05e70d-6d33-4525-8fd5-417a85b14808", "state": "480", "customerId": null, "localAmount": 55, "localCurrency": "USD"}, {"chainId": "12962502241337183789", "amount": 55, "createdAt": "2018-12-28T23:07:29+00:00", "shoeSize": "9", "productId": null, "skuUuid": "38f03c02-8b04-4009-b14b-f93943a1f07a", "state": "480", "customerId": null, "localAmount": 55, "localCurrency": "USD"}, {"chainId": "12962502583014290624", "amount": 65.3584, "createdAt": "2018-12-28T17:00:14+00:00", "shoeSize": "11", "productId": null, "skuUuid": "5357ed08-e2ea-4ffb-b3bd-41ff3cb55c3c", "state": "480", "customerId": null, "localAmount": 66, "localCurrency": "USD"}, {"chainId": "12962502279438189489", "amount": 55, "createdAt": "2018-12-28T02:27:42+00:00", "shoeSize": "9.5", "productId": null, "skuUuid": "07ff6bb9-7e17-4bd3-811d-2a3879301ee1", "state": "480", "customerId": null, "localAmount": 55, "localCurrency": "USD"}, {"chainId": "12962502575511833740", "amount": 65.7695, "createdAt": "2018-12-27T02:14:06+00:00", "shoeSize": "11", "productId": null, "skuUuid": "5357ed08-e2ea-4ffb-b3bd-41ff3cb55c3c", "state": "480", "customerId": null, "localAmount": 66, "localCurrency": "USD"}, {"chainId": "12962502567952869596", "amount": 65.7695, "createdAt": "2018-12-27T02:02:11+00:00", "shoeSize": "11", "productId": null, "skuUuid": "5357ed08-e2ea-4ffb-b3bd-41ff3cb55c3c", "state": "480", "customerId": null, "localAmount": 66, "localCurrency": "USD"}, {"chainId": "12962502272063100810", "amount": 54, "createdAt": "2018-12-26T17:40:03+00:00", "shoeSize": "9.5", "productId": null, "skuUuid": "07ff6bb9-7e17-4bd3-811d-2a3879301ee1", "state": "480", "customerId": null, "localAmount": 54, "localCurrency": "USD"}, {"chainId": "12962502536398107398", "amount": 65, "createdAt": "2018-12-26T16:46:50+00:00", "shoeSize": "11", "productId": null, "skuUuid": "5357ed08-e2ea-4ffb-b3bd-41ff3cb55c3c", "state": "480", "customerId": null, "localAmount": 65, "localCurrency": "USD"}, {"chainId": "12962502470530127150", "amount": 55, "createdAt": "2018-12-26T06:20:20+00:00", "shoeSize": "10.5", "productId": null, "skuUuid": "1e05e70d-6d33-4525-8fd5-417a85b14808", "state": "480", "customerId": null, "localAmount": 55, "localCurrency": "USD"}, {"chainId": "12962502606083487631", "amount": 65, "createdAt": "2018-12-26T05:41:42+00:00", "shoeSize": "12", "productId": null, "skuUuid": "634eb805-8ddd-4185-80c5-eb3d00f65ba0", "state": "480", "customerId": null, "localAmount": 65, "localCurrency": "USD"}, {"chainId": "12962502232505678093", "amount": 55, "createdAt": "2018-12-25T17:28:06+00:00", "shoeSize": "9", "productId": null, "skuUuid": "38f03c02-8b04-4009-b14b-f93943a1f07a", "state": "480", "customerId": null, "localAmount": 55, "localCurrency": "USD"}, {"chainId": "12962502406576143289", "amount": 55, "createdAt": "2018-12-25T04:00:00+00:00", "shoeSize": "10.5", "productId": null, "skuUuid": "1e05e70d-6d33-4525-8fd5-417a85b14808", "state": "480", "customerId": null, "localAmount": 55, "localCurrency": "USD"}, {"chainId": "12962502367484164692", "amount": 55, "createdAt": "2018-12-25T02:25:34+00:00", "shoeSize": "10", "productId": null, "skuUuid": "c619a87e-04a3-40c6-a3da-2366e5526d5e", "state": "480", "customerId": null, "localAmount": 55, "localCurrency": "USD"}, {"chainId": "12962502559664896681", "amount": 55, "createdAt": "2018-12-25T02:06:52+00:00", "shoeSize": "11", "productId": null, "skuUuid": "5357ed08-e2ea-4ffb-b3bd-41ff3cb55c3c", "state": "480", "customerId": null, "localAmount": 55, "localCurrency": "USD"}, {"chainId": "12962502551883630439", "amount": 55, "createdAt": "2018-12-23T20:53:39+00:00", "shoeSize": "11", "productId": null, "skuUuid": "5357ed08-e2ea-4ffb-b3bd-41ff3cb55c3c", "state": "480", "customerId": null, "localAmount": 55, "localCurrency": "USD"}, {"chainId": "12962502359702782387", "amount": 55, "createdAt": "2018-12-23T17:59:08+00:00", "shoeSize": "10", "productId": null, "skuUuid": "c619a87e-04a3-40c6-a3da-2366e5526d5e", "state": "480", "customerId": null, "localAmount": 55, "localCurrency": "USD"}, {"chainId": "12962502597510965454", "amount": 85, "createdAt": "2018-12-23T15:10:30+00:00", "shoeSize": "12", "productId": null, "skuUuid": "634eb805-8ddd-4185-80c5-eb3d00f65ba0", "state": "480", "customerId": null, "localAmount": 85, "localCurrency": "USD"}, {"chainId": "12962502629224178201", "amount": 55, "createdAt": "2018-12-23T06:42:38+00:00", "shoeSize": "12", "productId": null, "skuUuid": "634eb805-8ddd-4185-80c5-eb3d00f65ba0", "state": "480", "customerId": null, "localAmount": 55, "localCurrency": "USD"}, {"chainId": "12964792692705416499", "amount": 53, "createdAt": "2018-12-23T03:58:08+00:00", "shoeSize": "9.5", "productId": null, "skuUuid": "07ff6bb9-7e17-4bd3-811d-2a3879301ee1", "state": "480", "customerId": null, "localAmount": 53, "localCurrency": "USD"}, {"chainId": "12962502446251331837", "amount": 55, "createdAt": "2018-12-23T00:19:32+00:00", "shoeSize": "10.5", "productId": null, "skuUuid": "1e05e70d-6d33-4525-8fd5-417a85b14808", "state": "480", "customerId": null, "localAmount": 55, "localCurrency": "USD"}, {"chainId": "12962502519735598321", "amount": 65, "createdAt": "2018-12-22T23:20:37+00:00", "shoeSize": "11", "productId": null, "skuUuid": "5357ed08-e2ea-4ffb-b3bd-41ff3cb55c3c", "state": "480", "customerId": null, "localAmount": 65, "localCurrency": "USD"}, {"chainId": "12962502544007256781", "amount": 55, "createdAt": "2018-12-22T23:09:03+00:00", "shoeSize": "11", "productId": null, "skuUuid": "5357ed08-e2ea-4ffb-b3bd-41ff3cb55c3c", "state": "480", "customerId": null, "localAmount": 55, "localCurrency": "USD"}, {"chainId": "12962502503952691947", "amount": 55, "createdAt": "2018-12-22T23:06:38+00:00", "shoeSize": "10.5", "productId": null, "skuUuid": "1e05e70d-6d33-4525-8fd5-417a85b14808", "state": "480", "customerId": null, "localAmount": 55, "localCurrency": "USD"}, {"chainId": "12962502528506534619", "amount": 55, "createdAt": "2018-12-22T23:05:33+00:00", "shoeSize": "11", "productId": null, "skuUuid": "5357ed08-e2ea-4ffb-b3bd-41ff3cb55c3c", "state": "480", "customerId": null, "localAmount": 55, "localCurrency": "USD"}, {"chainId": "12962502249015566021", "amount": 55, "createdAt": "2018-12-22T22:23:30+00:00", "shoeSize": "9.5", "productId": null, "skuUuid": "07ff6bb9-7e17-4bd3-811d-2a3879301ee1", "state": "480", "customerId": null, "localAmount": 55, "localCurrency": "USD"}, {"chainId": "12962502286877393366", "amount": 55, "createdAt": "2018-12-22T22:22:22+00:00", "shoeSize": "9.5", "productId": null, "skuUuid": "07ff6bb9-7e17-4bd3-811d-2a3879301ee1", "state": "480", "customerId": null, "localAmount": 55, "localCurrency": "USD"}, {"chainId": "12962502351687107612", "amount": 55, "createdAt": "2018-12-22T22:21:45+00:00", "shoeSize": "10", "productId": null, "skuUuid": "c619a87e-04a3-40c6-a3da-2366e5526d5e", "state": "480", "customerId": null, "localAmount": 55, "localCurrency": "USD"}, {"chainId": "12962502303347104051", "amount": 55, "createdAt": "2018-12-22T22:21:21+00:00", "shoeSize": "9.5", "productId": null, "skuUuid": "07ff6bb9-7e17-4bd3-811d-2a3879301ee1", "state": "480", "customerId": null, "localAmount": 55, "localCurrency": "USD"}, {"chainId": "12962502207135209472", "amount": 60, "createdAt": "2018-12-22T21:10:26+00:00", "shoeSize": "9", "productId": null, "skuUuid": "38f03c02-8b04-4009-b14b-f93943a1f07a", "state": "480", "customerId": null, "localAmount": 60, "localCurrency": "USD"}, {"chainId": "12962502336328744141", "amount": 61, "createdAt": "2018-12-22T21:09:35+00:00", "shoeSize": "10", "productId": null, "skuUuid": "c619a87e-04a3-40c6-a3da-2366e5526d5e", "state": "480", "customerId": null, "localAmount": 61, "localCurrency": "USD"}, {"chainId": "12962502622044238960", "amount": 55, "createdAt": "2018-12-22T18:57:32+00:00", "shoeSize": "12", "productId": null, "skuUuid": "634eb805-8ddd-4185-80c5-eb3d00f65ba0", "state": "480", "customerId": null, "localAmount": 55, "localCurrency": "USD"}, {"chainId": "12962502391230536745", "amount": 65, "createdAt": "2018-12-22T08:41:52+00:00", "shoeSize": "10.5", "productId": null, "skuUuid": "1e05e70d-6d33-4525-8fd5-417a85b14808", "state": "480", "customerId": null, "localAmount": 65, "localCurrency": "USD"}, {"chainId": "12962502320093975642", "amount": 55, "createdAt": "2018-12-20T04:35:26+00:00", "shoeSize": "10", "productId": null, "skuUuid": "c619a87e-04a3-40c6-a3da-2366e5526d5e", "state": "480", "customerId": null, "localAmount": 55, "localCurrency": "USD"}, {"chainId": "12962502637388359232", "amount": 90, "createdAt": "2018-12-20T02:21:31+00:00", "shoeSize": "13", "productId": null, "skuUuid": "aa608503-d6e4-488f-8692-4fb8cb90531d", "state": "480", "customerId": null, "localAmount": 90, "localCurrency": "USD"}, {"chainId": "12957614131018563601", "amount": 90, "createdAt": "2018-12-16T23:31:12+00:00", "shoeSize": "12", "productId": null, "skuUuid": "634eb805-8ddd-4185-80c5-eb3d00f65ba0", "state": "480", "customerId": null, "localAmount": 90, "localCurrency": "USD"}, {"chainId": "12768178536003685282", "amount": 124, "createdAt": "2018-12-08T21:03:20+00:00", "shoeSize": "9.5", "productId": null, "skuUuid": "07ff6bb9-7e17-4bd3-811d-2a3879301ee1", "state": "480", "customerId": null, "localAmount": 124, "localCurrency": "USD"}, {"chainId": "12798775429497903640", "amount": 120, "createdAt": "2018-12-03T01:37:10+00:00", "shoeSize": "10.5", "productId": null, "skuUuid": "1e05e70d-6d33-4525-8fd5-417a85b14808", "state": "480", "customerId": null, "localAmount": 120, "localCurrency": "USD"}, {"chainId": "12798775207347233449", "amount": 145, "createdAt": "2018-11-30T18:08:55+00:00", "shoeSize": "10", "productId": null, "skuUuid": "c619a87e-04a3-40c6-a3da-2366e5526d5e", "state": "480", "customerId": null, "localAmount": 145, "localCurrency": "USD"}, {"chainId": "12869071057497873983", "amount": 125, "createdAt": "2018-11-27T21:06:08+00:00", "shoeSize": "8", "productId": null, "skuUuid": "99752811-1a63-4dd2-b841-96ef875d5842", "state": "480", "customerId": null, "localAmount": 125, "localCurrency": "USD"}, {"chainId": "12908255376090884867", "amount": 135, "createdAt": "2018-10-29T01:08:56+00:00", "shoeSize": "13", "productId": null, "skuUuid": "aa608503-d6e4-488f-8692-4fb8cb90531d", "state": "480", "customerId": null, "localAmount": 135, "localCurrency": "USD"}, {"chainId": "12814709739738105030", "amount": 114, "createdAt": "2018-10-23T00:14:08+00:00", "shoeSize": "11", "productId": null, "skuUuid": "5357ed08-e2ea-4ffb-b3bd-41ff3cb55c3c", "state": "480", "customerId": null, "localAmount": 114, "localCurrency": "USD"}, {"chainId": "12895041744367998161", "amount": 125, "createdAt": "2018-09-27T18:40:14+00:00", "shoeSize": "9.5", "productId": null, "skuUuid": "07ff6bb9-7e17-4bd3-811d-2a3879301ee1", "state": "480", "customerId": null, "localAmount": 125, "localCurrency": "USD"}, {"chainId": "12878330633660568493", "amount": 125, "createdAt": "2018-09-26T17:12:14+00:00", "shoeSize": "9", "productId": null, "skuUuid": "38f03c02-8b04-4009-b14b-f93943a1f07a", "state": "480", "customerId": null, "localAmount": 125, "localCurrency": "USD"}, {"chainId": "12895041634810469787", "amount": 124, "createdAt": "2018-09-24T22:38:29+00:00", "shoeSize": "9", "productId": null, "skuUuid": "38f03c02-8b04-4009-b14b-f93943a1f07a", "state": "480", "customerId": null, "localAmount": 124, "localCurrency": "USD"}, {"chainId": "12849494426112856003", "amount": 125, "createdAt": "2018-09-24T22:35:31+00:00", "shoeSize": "8.5", "productId": null, "skuUuid": "7cc4fbae-307b-4651-b5bf-839ec1d6feca", "state": "480", "customerId": null, "localAmount": 125, "localCurrency": "USD"}, {"chainId": "12849541123261885473", "amount": 195, "createdAt": "2018-09-18T19:56:17+00:00", "shoeSize": "12", "productId": null, "skuUuid": "634eb805-8ddd-4185-80c5-eb3d00f65ba0", "state": "480", "customerId": null, "localAmount": 195, "localCurrency": "USD"}, {"chainId": "12878540741947101481", "amount": 125, "createdAt": "2018-09-14T23:13:58+00:00", "shoeSize": "9.5", "productId": null, "skuUuid": "07ff6bb9-7e17-4bd3-811d-2a3879301ee1", "state": "480", "customerId": null, "localAmount": 125, "localCurrency": "USD"}, {"chainId": "12865515133924722622", "amount": 165, "createdAt": "2018-09-11T13:58:33+00:00", "shoeSize": "10.5", "productId": null, "skuUuid": "1e05e70d-6d33-4525-8fd5-417a85b14808", "state": "480", "customerId": null, "localAmount": 165, "localCurrency": "USD"}, {"chainId": "12842195017461739874", "amount": 125, "createdAt": "2018-09-08T01:48:35+00:00", "shoeSize": "7", "productId": null, "skuUuid": "d05f4d74-90f5-42a6-bc2d-8e9e6f358d44", "state": "480", "customerId": null, "localAmount": 125, "localCurrency": "USD"}, {"chainId": "12879917991822464892", "amount": 140, "createdAt": "2018-09-06T20:13:34+00:00", "shoeSize": "10", "productId": null, "skuUuid": "c619a87e-04a3-40c6-a3da-2366e5526d5e", "state": "480", "customerId": null, "localAmount": 140, "localCurrency": "USD"}, {"chainId": "12874128487221874138", "amount": 125, "createdAt": "2018-08-27T21:05:48+00:00", "shoeSize": "10", "productId": null, "skuUuid": "c619a87e-04a3-40c6-a3da-2366e5526d5e", "state": "480", "customerId": null, "localAmount": 125, "localCurrency": "USD"}, {"chainId": "12874894141411771137", "amount": 139, "createdAt": "2018-08-27T04:20:26+00:00", "shoeSize": "12", "productId": null, "skuUuid": "634eb805-8ddd-4185-80c5-eb3d00f65ba0", "state": "480", "customerId": null, "localAmount": 139, "localCurrency": "USD"}, {"chainId": "12810554289353993811", "amount": 115, "createdAt": "2018-08-25T16:50:52+00:00", "shoeSize": "9", "productId": null, "skuUuid": "38f03c02-8b04-4009-b14b-f93943a1f07a", "state": "480", "customerId": null, "localAmount": 115, "localCurrency": "USD"}, {"chainId": "12810554528659648123", "amount": 120, "createdAt": "2018-08-19T21:23:32+00:00", "shoeSize": "10", "productId": null, "skuUuid": "c619a87e-04a3-40c6-a3da-2366e5526d5e", "state": "480", "customerId": null, "localAmount": 120, "localCurrency": "USD"}, {"chainId": "12869957425902537715", "amount": 140, "createdAt": "2018-08-16T17:13:44+00:00", "shoeSize": "11.5", "productId": null, "skuUuid": "a4d46a18-b021-474f-b0c7-907f3ab8af98", "state": "480", "customerId": null, "localAmount": 140, "localCurrency": "USD"}, {"chainId": "12868182877019278628", "amount": 130, "createdAt": "2018-08-15T05:02:43+00:00", "shoeSize": "9.5", "productId": null, "skuUuid": "07ff6bb9-7e17-4bd3-811d-2a3879301ee1", "state": "480", "customerId": null, "localAmount": 130, "localCurrency": "USD"}, {"chainId": "12852451633021950240", "amount": 135, "createdAt": "2018-08-14T01:29:22+00:00", "shoeSize": "15", "productId": null, "skuUuid": "324c689c-7f4e-4daa-9979-10d545183029", "state": "480", "customerId": null, "localAmount": 135, "localCurrency": "USD"}, {"chainId": "12869714588440682327", "amount": 145, "createdAt": "2018-08-13T19:45:34+00:00", "shoeSize": "11.5", "productId": null, "skuUuid": "a4d46a18-b021-474f-b0c7-907f3ab8af98", "state": "480", "customerId": null, "localAmount": 145, "localCurrency": "USD"}, {"chainId": "12868182979836740008", "amount": 130, "createdAt": "2018-08-13T13:37:41+00:00", "shoeSize": "11", "productId": null, "skuUuid": "5357ed08-e2ea-4ffb-b3bd-41ff3cb55c3c", "state": "480", "customerId": null, "localAmount": 130, "localCurrency": "USD"}, {"chainId": "12867460801988746435", "amount": 120, "createdAt": "2018-08-12T22:08:39+00:00", "shoeSize": "8", "productId": null, "skuUuid": "99752811-1a63-4dd2-b841-96ef875d5842", "state": "480", "customerId": null, "localAmount": 120, "localCurrency": "USD"}, {"chainId": "12862804252485052225", "amount": 135, "createdAt": "2018-08-11T16:32:33+00:00", "shoeSize": "11", "productId": null, "skuUuid": "5357ed08-e2ea-4ffb-b3bd-41ff3cb55c3c", "state": "480", "customerId": null, "localAmount": 135, "localCurrency": "USD"}, {"chainId": "12810554422754790754", "amount": 119, "createdAt": "2018-08-11T15:04:43+00:00", "shoeSize": "9.5", "productId": null, "skuUuid": "07ff6bb9-7e17-4bd3-811d-2a3879301ee1", "state": "480", "customerId": null, "localAmount": 119, "localCurrency": "USD"}, {"chainId": "12819627174364750198", "amount": 120, "createdAt": "2018-08-10T16:57:54+00:00", "shoeSize": "8", "productId": null, "skuUuid": "99752811-1a63-4dd2-b841-96ef875d5842", "state": "480", "customerId": null, "localAmount": 120, "localCurrency": "USD"}, {"chainId": "12851987110804709264", "amount": 125, "createdAt": "2018-08-08T05:21:17+00:00", "shoeSize": "13", "productId": null, "skuUuid": "aa608503-d6e4-488f-8692-4fb8cb90531d", "state": "480", "customerId": null, "localAmount": 125, "localCurrency": "USD"}, {"chainId": "12796418619129099238", "amount": 200, "createdAt": "2018-08-07T14:46:53+00:00", "shoeSize": "10.5", "productId": null, "skuUuid": "1e05e70d-6d33-4525-8fd5-417a85b14808", "state": "480", "customerId": null, "localAmount": 200, "localCurrency": "USD"}, {"chainId": "12845292323143404090", "amount": 120, "createdAt": "2018-08-07T13:16:24+00:00", "shoeSize": "10.5", "productId": null, "skuUuid": "1e05e70d-6d33-4525-8fd5-417a85b14808", "state": "480", "customerId": null, "localAmount": 120, "localCurrency": "USD"}, {"chainId": "12810554737255796720", "amount": 119, "createdAt": "2018-08-04T06:34:06+00:00", "shoeSize": "11", "productId": null, "skuUuid": "5357ed08-e2ea-4ffb-b3bd-41ff3cb55c3c", "state": "480", "customerId": null, "localAmount": 119, "localCurrency": "USD"}, {"chainId": "12862087552208841606", "amount": 119, "createdAt": "2018-08-03T18:11:24+00:00", "shoeSize": "10.5", "productId": null, "skuUuid": "1e05e70d-6d33-4525-8fd5-417a85b14808", "state": "480", "customerId": null, "localAmount": 119, "localCurrency": "USD"}, {"chainId": "12844564734956315030", "amount": 119, "createdAt": "2018-08-03T06:29:50+00:00", "shoeSize": "10.5", "productId": null, "skuUuid": "1e05e70d-6d33-4525-8fd5-417a85b14808", "state": "480", "customerId": null, "localAmount": 119, "localCurrency": "USD"}, {"chainId": "12849328105228082560", "amount": 125, "createdAt": "2018-07-29T18:21:16+00:00", "shoeSize": "14", "productId": null, "skuUuid": "d9dfc41b-6827-4226-8f79-0392012e06aa", "state": "480", "customerId": null, "localAmount": 125, "localCurrency": "USD"}, {"chainId": "12853834490663151452", "amount": 110, "createdAt": "2018-07-22T21:54:41+00:00", "shoeSize": "13", "productId": null, "skuUuid": "aa608503-d6e4-488f-8692-4fb8cb90531d", "state": "480", "customerId": null, "localAmount": 110, "localCurrency": "USD"}, {"chainId": "12850366611725828419", "amount": 125, "createdAt": "2018-07-20T08:41:04+00:00", "shoeSize": "13", "productId": null, "skuUuid": "aa608503-d6e4-488f-8692-4fb8cb90531d", "state": "480", "customerId": null, "localAmount": 125, "localCurrency": "USD"}, {"chainId": "12810555074147361947", "amount": 110, "createdAt": "2018-07-18T02:07:36+00:00", "shoeSize": "13", "productId": null, "skuUuid": "aa608503-d6e4-488f-8692-4fb8cb90531d", "state": "480", "customerId": null, "localAmount": 110, "localCurrency": "USD"}, {"chainId": "12800845370562408667", "amount": 125, "createdAt": "2018-07-16T15:37:21+00:00", "shoeSize": "12", "productId": null, "skuUuid": "634eb805-8ddd-4185-80c5-eb3d00f65ba0", "state": "480", "customerId": null, "localAmount": 125, "localCurrency": "USD"}, {"chainId": "12821995529723495298", "amount": 140, "createdAt": "2018-07-16T01:51:12+00:00", "shoeSize": "14", "productId": null, "skuUuid": "d9dfc41b-6827-4226-8f79-0392012e06aa", "state": "480", "customerId": null, "localAmount": 140, "localCurrency": "USD"}, {"chainId": "12845292426847590366", "amount": 120, "createdAt": "2018-07-14T23:53:20+00:00", "shoeSize": "12", "productId": null, "skuUuid": "634eb805-8ddd-4185-80c5-eb3d00f65ba0", "state": "480", "customerId": null, "localAmount": 120, "localCurrency": "USD"}, {"chainId": "12821995658265318097", "amount": 145, "createdAt": "2018-07-11T18:16:06+00:00", "shoeSize": "15", "productId": null, "skuUuid": "324c689c-7f4e-4daa-9979-10d545183029", "state": "480", "customerId": null, "localAmount": 145, "localCurrency": "USD"}, {"chainId": "12825410948764540956", "amount": 130, "createdAt": "2018-07-10T03:37:31+00:00", "shoeSize": "12", "productId": null, "skuUuid": "634eb805-8ddd-4185-80c5-eb3d00f65ba0", "state": "480", "customerId": null, "localAmount": 130, "localCurrency": "USD"}, {"chainId": "12826469438642253445", "amount": 125, "createdAt": "2018-07-10T02:15:58+00:00", "shoeSize": "10.5", "productId": null, "skuUuid": "1e05e70d-6d33-4525-8fd5-417a85b14808", "state": "480", "customerId": null, "localAmount": 125, "localCurrency": "USD"}, {"chainId": "12810554838674094898", "amount": 130, "createdAt": "2018-07-08T05:54:57+00:00", "shoeSize": "11.5", "productId": null, "skuUuid": "a4d46a18-b021-474f-b0c7-907f3ab8af98", "state": "480", "customerId": null, "localAmount": 130, "localCurrency": "USD"}, {"chainId": "12810554187365814909", "amount": 130, "createdAt": "2018-07-06T22:16:09+00:00", "shoeSize": "8.5", "productId": null, "skuUuid": "7cc4fbae-307b-4651-b5bf-839ec1d6feca", "state": "480", "customerId": null, "localAmount": 130, "localCurrency": "USD"}, {"chainId": "12829205189006226845", "amount": 105, "createdAt": "2018-06-18T22:20:37+00:00", "shoeSize": "12", "productId": null, "skuUuid": "634eb805-8ddd-4185-80c5-eb3d00f65ba0", "state": "480", "customerId": null, "localAmount": 105, "localCurrency": "USD"}, {"chainId": "12823963120164000158", "amount": 130, "createdAt": "2018-06-14T22:56:14+00:00", "shoeSize": "10.5", "productId": null, "skuUuid": "1e05e70d-6d33-4525-8fd5-417a85b14808", "state": "480", "customerId": null, "localAmount": 130, "localCurrency": "USD"}, {"chainId": "12810554944735765767", "amount": 135, "createdAt": "2018-06-13T16:20:26+00:00", "shoeSize": "12", "productId": null, "skuUuid": "634eb805-8ddd-4185-80c5-eb3d00f65ba0", "state": "480", "customerId": null, "localAmount": 135, "localCurrency": "USD"}, {"chainId": "12810554633182902241", "amount": 130, "createdAt": "2018-06-11T16:36:26+00:00", "shoeSize": "10.5", "productId": null, "skuUuid": "1e05e70d-6d33-4525-8fd5-417a85b14808", "state": "480", "customerId": null, "localAmount": 130, "localCurrency": "USD"}, {"chainId": "12810554061868655789", "amount": 145, "createdAt": "2018-06-05T15:59:44+00:00", "shoeSize": "8", "productId": null, "skuUuid": "99752811-1a63-4dd2-b841-96ef875d5842", "state": "480", "customerId": null, "localAmount": 145, "localCurrency": "USD"}, {"chainId": "12785143028836521125", "amount": 105, "createdAt": "2018-05-30T16:14:53+00:00", "shoeSize": "13", "productId": null, "skuUuid": "aa608503-d6e4-488f-8692-4fb8cb90531d", "state": "480", "customerId": null, "localAmount": 105, "localCurrency": "USD"}, {"chainId": "12801348206553977605", "amount": 125, "createdAt": "2018-05-11T11:53:46+00:00", "shoeSize": "11", "productId": null, "skuUuid": "5357ed08-e2ea-4ffb-b3bd-41ff3cb55c3c", "state": "480", "customerId": null, "localAmount": 125, "localCurrency": "USD"}, {"chainId": "12783306076154452277", "amount": 149, "createdAt": "2018-05-08T22:33:34+00:00", "shoeSize": "13", "productId": null, "skuUuid": "aa608503-d6e4-488f-8692-4fb8cb90531d", "state": "480", "customerId": null, "localAmount": 149, "localCurrency": "USD"}, {"chainId": "12799362943878842011", "amount": 170, "createdAt": "2018-05-08T18:10:20+00:00", "shoeSize": "15", "productId": null, "skuUuid": "324c689c-7f4e-4daa-9979-10d545183029", "state": "480", "customerId": null, "localAmount": 170, "localCurrency": "USD"}, {"chainId": "12790522724812068117", "amount": 175, "createdAt": "2018-05-04T10:31:02+00:00", "shoeSize": "14", "productId": null, "skuUuid": "d9dfc41b-6827-4226-8f79-0392012e06aa", "state": "480", "customerId": null, "localAmount": 175, "localCurrency": "USD"}, {"chainId": "12795792426972744318", "amount": 140, "createdAt": "2018-05-03T19:55:27+00:00", "shoeSize": "11", "productId": null, "skuUuid": "5357ed08-e2ea-4ffb-b3bd-41ff3cb55c3c", "state": "480", "customerId": null, "localAmount": 140, "localCurrency": "USD"}, {"chainId": "12794364398793965543", "amount": 135, "createdAt": "2018-05-01T20:38:14+00:00", "shoeSize": "9.5", "productId": null, "skuUuid": "07ff6bb9-7e17-4bd3-811d-2a3879301ee1", "state": "480", "customerId": null, "localAmount": 135, "localCurrency": "USD"}, {"chainId": "12792466341188837357", "amount": 275, "createdAt": "2018-04-29T05:47:05+00:00", "shoeSize": "10", "productId": null, "skuUuid": "c619a87e-04a3-40c6-a3da-2366e5526d5e", "state": "480", "customerId": null, "localAmount": 275, "localCurrency": "USD"}, {"chainId": "12791514291485154027", "amount": 155, "createdAt": "2018-04-27T22:15:34+00:00", "shoeSize": "14", "productId": null, "skuUuid": "d9dfc41b-6827-4226-8f79-0392012e06aa", "state": "480", "customerId": null, "localAmount": 155, "localCurrency": "USD"}, {"chainId": "12783305808920798360", "amount": 200, "createdAt": "2018-04-25T18:57:49+00:00", "shoeSize": "11", "productId": null, "skuUuid": "5357ed08-e2ea-4ffb-b3bd-41ff3cb55c3c", "state": "480", "customerId": null, "localAmount": 200, "localCurrency": "USD"}, {"chainId": "12779844480687788188", "amount": 225, "createdAt": "2018-04-24T15:36:00+00:00", "shoeSize": "10.5", "productId": null, "skuUuid": "1e05e70d-6d33-4525-8fd5-417a85b14808", "state": "480", "customerId": null, "localAmount": 225, "localCurrency": "USD"}, {"chainId": "12783305952325993799", "amount": 200, "createdAt": "2018-04-23T15:01:29+00:00", "shoeSize": "12", "productId": null, "skuUuid": "634eb805-8ddd-4185-80c5-eb3d00f65ba0", "state": "480", "customerId": null, "localAmount": 200, "localCurrency": "USD"}, {"chainId": "12784073218122839191", "amount": 200, "createdAt": "2018-04-21T02:00:46+00:00", "shoeSize": "10", "productId": null, "skuUuid": "c619a87e-04a3-40c6-a3da-2366e5526d5e", "state": "480", "customerId": null, "localAmount": 200, "localCurrency": "USD"}, {"chainId": "12772685498536565652", "amount": 140, "createdAt": "2018-04-20T00:48:13+00:00", "shoeSize": "11", "productId": null, "skuUuid": "5357ed08-e2ea-4ffb-b3bd-41ff3cb55c3c", "state": "480", "customerId": null, "localAmount": 140, "localCurrency": "USD"}, {"chainId": "12772685335919181700", "amount": 130, "createdAt": "2018-04-19T21:14:23+00:00", "shoeSize": "11", "productId": null, "skuUuid": "5357ed08-e2ea-4ffb-b3bd-41ff3cb55c3c", "state": "480", "customerId": null, "localAmount": 130, "localCurrency": "USD"}, {"chainId": "12780066390849948511", "amount": 150, "createdAt": "2018-04-19T01:37:48+00:00", "shoeSize": "13", "productId": null, "skuUuid": "aa608503-d6e4-488f-8692-4fb8cb90531d", "state": "480", "customerId": null, "localAmount": 150, "localCurrency": "USD"}, {"chainId": "12768429875046851856", "amount": 164, "createdAt": "2018-04-18T20:37:19+00:00", "shoeSize": "12", "productId": null, "skuUuid": "634eb805-8ddd-4185-80c5-eb3d00f65ba0", "state": "480", "customerId": null, "localAmount": 164, "localCurrency": "USD"}, {"chainId": "12783361683613748525", "amount": 155, "createdAt": "2018-04-17T00:05:00+00:00", "shoeSize": "12", "productId": null, "skuUuid": "634eb805-8ddd-4185-80c5-eb3d00f65ba0", "state": "480", "customerId": null, "localAmount": 155, "localCurrency": "USD"}, {"chainId": "12780066213830576128", "amount": 168, "createdAt": "2018-04-16T20:38:31+00:00", "shoeSize": "10", "productId": null, "skuUuid": "c619a87e-04a3-40c6-a3da-2366e5526d5e", "state": "480", "customerId": null, "localAmount": 168, "localCurrency": "USD"}, {"chainId": "12783294389959239737", "amount": 172, "createdAt": "2018-04-16T14:04:05+00:00", "shoeSize": "10", "productId": null, "skuUuid": "c619a87e-04a3-40c6-a3da-2366e5526d5e", "state": "480", "customerId": null, "localAmount": 172, "localCurrency": "USD"}, {"chainId": "12765459908939158191", "amount": 180, "createdAt": "2018-04-13T22:24:41+00:00", "shoeSize": "10.5", "productId": null, "skuUuid": "1e05e70d-6d33-4525-8fd5-417a85b14808", "state": "480", "customerId": null, "localAmount": 180, "localCurrency": "USD"}, {"chainId": "12780795028029900190", "amount": 125, "createdAt": "2018-04-13T03:18:16+00:00", "shoeSize": "11", "productId": null, "skuUuid": "5357ed08-e2ea-4ffb-b3bd-41ff3cb55c3c", "state": "480", "customerId": null, "localAmount": 125, "localCurrency": "USD"}, {"chainId": "12780794030954375918", "amount": 172, "createdAt": "2018-04-13T03:16:19+00:00", "shoeSize": "10", "productId": null, "skuUuid": "c619a87e-04a3-40c6-a3da-2366e5526d5e", "state": "480", "customerId": null, "localAmount": 172, "localCurrency": "USD"}, {"chainId": "12768926714373364810", "amount": 155, "createdAt": "2018-04-12T16:43:31+00:00", "shoeSize": "11", "productId": null, "skuUuid": "5357ed08-e2ea-4ffb-b3bd-41ff3cb55c3c", "state": "480", "customerId": null, "localAmount": 155, "localCurrency": "USD"}, {"chainId": "12775797699716416920", "amount": 175, "createdAt": "2018-04-11T03:13:24+00:00", "shoeSize": "8.5", "productId": null, "skuUuid": "7cc4fbae-307b-4651-b5bf-839ec1d6feca", "state": "480", "customerId": null, "localAmount": 175, "localCurrency": "USD"}, {"chainId": "12775768439886973856", "amount": 200, "createdAt": "2018-04-10T23:15:26+00:00", "shoeSize": "14", "productId": null, "skuUuid": "d9dfc41b-6827-4226-8f79-0392012e06aa", "state": "480", "customerId": null, "localAmount": 200, "localCurrency": "USD"}, {"chainId": "12777574992843813103", "amount": 160, "createdAt": "2018-04-10T20:57:19+00:00", "shoeSize": "13", "productId": null, "skuUuid": "aa608503-d6e4-488f-8692-4fb8cb90531d", "state": "480", "customerId": null, "localAmount": 160, "localCurrency": "USD"}, {"chainId": "12777574781744864763", "amount": 161, "createdAt": "2018-04-10T20:56:58+00:00", "shoeSize": "13", "productId": null, "skuUuid": "aa608503-d6e4-488f-8692-4fb8cb90531d", "state": "480", "customerId": null, "localAmount": 161, "localCurrency": "USD"}, {"chainId": "12773518284726719196", "amount": 157, "createdAt": "2018-04-10T15:07:12+00:00", "shoeSize": "9.5", "productId": null, "skuUuid": "07ff6bb9-7e17-4bd3-811d-2a3879301ee1", "state": "480", "customerId": null, "localAmount": 157, "localCurrency": "USD"}, {"chainId": "12775405783101240361", "amount": 170, "createdAt": "2018-04-06T16:31:35+00:00", "shoeSize": "14", "productId": null, "skuUuid": "d9dfc41b-6827-4226-8f79-0392012e06aa", "state": "480", "customerId": null, "localAmount": 170, "localCurrency": "USD"}, {"chainId": "12773390411352156660", "amount": 200, "createdAt": "2018-04-05T22:28:36+00:00", "shoeSize": "13", "productId": null, "skuUuid": "aa608503-d6e4-488f-8692-4fb8cb90531d", "state": "480", "customerId": null, "localAmount": 200, "localCurrency": "USD"}, {"chainId": "12771056859573011659", "amount": 171, "createdAt": "2018-04-04T23:12:21+00:00", "shoeSize": "14", "productId": null, "skuUuid": "d9dfc41b-6827-4226-8f79-0392012e06aa", "state": "480", "customerId": null, "localAmount": 171, "localCurrency": "USD"}, {"chainId": "12771236034932495615", "amount": 145, "createdAt": "2018-04-04T02:15:46+00:00", "shoeSize": "10", "productId": null, "skuUuid": "c619a87e-04a3-40c6-a3da-2366e5526d5e", "state": "480", "customerId": null, "localAmount": 145, "localCurrency": "USD"}, {"chainId": "12773439960148885790", "amount": 155, "createdAt": "2018-04-03T21:35:18+00:00", "shoeSize": "12", "productId": null, "skuUuid": "634eb805-8ddd-4185-80c5-eb3d00f65ba0", "state": "480", "customerId": null, "localAmount": 155, "localCurrency": "USD"}, {"chainId": "12772685620383818503", "amount": 166, "createdAt": "2018-04-02T02:35:55+00:00", "shoeSize": "11", "productId": null, "skuUuid": "5357ed08-e2ea-4ffb-b3bd-41ff3cb55c3c", "state": "480", "customerId": null, "localAmount": 166, "localCurrency": "USD"}, {"chainId": "12771964683640833565", "amount": 200, "createdAt": "2018-04-01T10:29:00+00:00", "shoeSize": "13", "productId": null, "skuUuid": "aa608503-d6e4-488f-8692-4fb8cb90531d", "state": "480", "customerId": null, "localAmount": 200, "localCurrency": "USD"}, {"chainId": "12763963161732758350", "amount": 164, "createdAt": "2018-03-31T17:31:27+00:00", "shoeSize": "12", "productId": null, "skuUuid": "634eb805-8ddd-4185-80c5-eb3d00f65ba0", "state": "480", "customerId": null, "localAmount": 164, "localCurrency": "USD"}, {"chainId": "12771488204026864418", "amount": 290, "createdAt": "2018-03-31T07:07:21+00:00", "shoeSize": "10.5", "productId": null, "skuUuid": "1e05e70d-6d33-4525-8fd5-417a85b14808", "state": "480", "customerId": null, "localAmount": 290, "localCurrency": "USD"}, {"chainId": "12766187753993111390", "amount": 295, "createdAt": "2018-03-31T02:50:57+00:00", "shoeSize": "10.5", "productId": null, "skuUuid": "1e05e70d-6d33-4525-8fd5-417a85b14808", "state": "480", "customerId": null, "localAmount": 295, "localCurrency": "USD"}, {"chainId": "12771021894458613405", "amount": 200, "createdAt": "2018-03-30T19:03:36+00:00", "shoeSize": "13", "productId": null, "skuUuid": "aa608503-d6e4-488f-8692-4fb8cb90531d", "state": "480", "customerId": null, "localAmount": 200, "localCurrency": "USD"}, {"chainId": "12766005281498935415", "amount": 175, "createdAt": "2018-03-30T01:14:15+00:00", "shoeSize": "13", "productId": null, "skuUuid": "aa608503-d6e4-488f-8692-4fb8cb90531d", "state": "480", "customerId": null, "localAmount": 175, "localCurrency": "USD"}, {"chainId": "12763986673165580710", "amount": 185, "createdAt": "2018-03-26T23:32:54+00:00", "shoeSize": "10", "productId": null, "skuUuid": "c619a87e-04a3-40c6-a3da-2366e5526d5e", "state": "480", "customerId": null, "localAmount": 185, "localCurrency": "USD"}, {"chainId": "12766887758722804865", "amount": 175, "createdAt": "2018-03-25T08:27:30+00:00", "shoeSize": "12", "productId": null, "skuUuid": "634eb805-8ddd-4185-80c5-eb3d00f65ba0", "state": "480", "customerId": null, "localAmount": 175, "localCurrency": "USD"}, {"chainId": "12765177021859922958", "amount": 178, "createdAt": "2018-03-22T14:59:49+00:00", "shoeSize": "10", "productId": null, "skuUuid": "c619a87e-04a3-40c6-a3da-2366e5526d5e", "state": "480", "customerId": null, "localAmount": 178, "localCurrency": "USD"}, {"chainId": "12763965839578305046", "amount": 200, "createdAt": "2018-03-20T22:01:41+00:00", "shoeSize": "10", "productId": null, "skuUuid": "c619a87e-04a3-40c6-a3da-2366e5526d5e", "state": "480", "customerId": null, "localAmount": 200, "localCurrency": "USD"}]