[{"chainId": "12985046235633562848", "amount": 180, "createdAt": "2019-01-24T19:54:14+00:00", "shoeSize": "8", "productId": null, "skuUuid": "83385bf2-7de1-4bfc-8d9e-057435d0336c", "state": "480", "customerId": null, "localAmount": 180, "localCurrency": "USD"}, {"chainId": "12960754886196059281", "amount": 217, "createdAt": "2019-01-23T22:49:12+00:00", "shoeSize": "10", "productId": null, "skuUuid": "e9ae64a9-7960-4a25-89c8-f5a6e07611f0", "state": "480", "customerId": null, "localAmount": 217, "localCurrency": "USD"}, {"chainId": "12987936876289252660", "amount": 169, "createdAt": "2019-01-23T22:32:09+00:00", "shoeSize": "9.5", "productId": null, "skuUuid": "6953ad70-b53f-4559-9840-56039f3638da", "state": "480", "customerId": null, "localAmount": 169, "localCurrency": "USD"}, {"chainId": "12981416534367863590", "amount": 170, "createdAt": "2019-01-23T22:13:44+00:00", "shoeSize": "9.5", "productId": null, "skuUuid": "6953ad70-b53f-4559-9840-56039f3638da", "state": "480", "customerId": null, "localAmount": 170, "localCurrency": "USD"}, {"chainId": "12973571029748533145", "amount": 165, "createdAt": "2019-01-18T14:24:31+00:00", "shoeSize": "9", "productId": null, "skuUuid": "192a1ebb-644e-40a6-8298-95bd69377501", "state": "480", "customerId": null, "localAmount": 165, "localCurrency": "USD"}, {"chainId": "12945663374673961232", "amount": 190, "createdAt": "2019-01-13T00:52:30+00:00", "shoeSize": "14", "productId": null, "skuUuid": "5e3223ed-f167-4c2b-ba20-0df66e8ae26a", "state": "480", "customerId": null, "localAmount": 190, "localCurrency": "USD"}, {"chainId": "12968184426198346342", "amount": 140, "createdAt": "2019-01-07T18:24:40+00:00", "shoeSize": "9.5", "productId": null, "skuUuid": "6953ad70-b53f-4559-9840-56039f3638da", "state": "480", "customerId": null, "localAmount": 140, "localCurrency": "USD"}, {"chainId": "12975028536791247186", "amount": 230, "createdAt": "2019-01-06T03:05:34+00:00", "shoeSize": "10.5", "productId": null, "skuUuid": "83c436e4-e294-4ed2-ac56-e5bfe16b108f", "state": "480", "customerId": null, "localAmount": 230, "localCurrency": "USD"}, {"chainId": "12968495639970046362", "amount": 235, "createdAt": "2018-12-28T02:46:09+00:00", "shoeSize": "10.5", "productId": null, "skuUuid": "83c436e4-e294-4ed2-ac56-e5bfe16b108f", "state": "480", "customerId": null, "localAmount": 235, "localCurrency": "USD"}, {"chainId": "12945672240290804036", "amount": 275, "createdAt": "2018-12-27T16:49:05+00:00", "shoeSize": "11.5", "productId": null, "skuUuid": "3ebc4c45-3c69-40b3-a157-a1fee39617b5", "state": "480", "customerId": null, "localAmount": 275, "localCurrency": "USD"}, {"chainId": "12967619715910382041", "amount": 127, "createdAt": "2018-12-26T21:45:35+00:00", "shoeSize": "9.5", "productId": null, "skuUuid": "6953ad70-b53f-4559-9840-56039f3638da", "state": "480", "customerId": null, "localAmount": 127, "localCurrency": "USD"}, {"chainId": "12946094610433689012", "amount": 244, "createdAt": "2018-12-25T21:32:23+00:00", "shoeSize": "9", "productId": null, "skuUuid": "192a1ebb-644e-40a6-8298-95bd69377501", "state": "480", "customerId": null, "localAmount": 244, "localCurrency": "USD"}, {"chainId": "12936773863855494957", "amount": 150, "createdAt": "2018-12-22T06:42:27+00:00", "shoeSize": "9", "productId": null, "skuUuid": "192a1ebb-644e-40a6-8298-95bd69377501", "state": "480", "customerId": null, "localAmount": 150, "localCurrency": "USD"}, {"chainId": "12963010561346401179", "amount": 121, "createdAt": "2018-12-20T13:08:05+00:00", "shoeSize": "10", "productId": null, "skuUuid": "e9ae64a9-7960-4a25-89c8-f5a6e07611f0", "state": "480", "customerId": null, "localAmount": 121, "localCurrency": "USD"}, {"chainId": "12949367382443784723", "amount": 289, "createdAt": "2018-12-17T03:37:09+00:00", "shoeSize": "12", "productId": null, "skuUuid": "1006f819-4814-4fc4-b1a6-c4f9f6383b18", "state": "480", "customerId": null, "localAmount": 289, "localCurrency": "USD"}, {"chainId": "12940222512826923930", "amount": 210, "createdAt": "2018-12-15T23:14:41+00:00", "shoeSize": "10.5", "productId": null, "skuUuid": "83c436e4-e294-4ed2-ac56-e5bfe16b108f", "state": "480", "customerId": null, "localAmount": 210, "localCurrency": "USD"}, {"chainId": "12911916206872704706", "amount": 250, "createdAt": "2018-12-15T01:49:41+00:00", "shoeSize": "10", "productId": null, "skuUuid": "e9ae64a9-7960-4a25-89c8-f5a6e07611f0", "state": "480", "customerId": null, "localAmount": 250, "localCurrency": "USD"}, {"chainId": "12945849839311464667", "amount": 200, "createdAt": "2018-12-02T18:20:06+00:00", "shoeSize": "11", "productId": null, "skuUuid": "ef61700a-9a8f-4ac5-a09e-98b6602ae51a", "state": "480", "customerId": null, "localAmount": 200, "localCurrency": "USD"}, {"chainId": "12907297952438812341", "amount": 239, "createdAt": "2018-11-29T21:31:56+00:00", "shoeSize": "10", "productId": null, "skuUuid": "e9ae64a9-7960-4a25-89c8-f5a6e07611f0", "state": "480", "customerId": null, "localAmount": 239, "localCurrency": "USD"}, {"chainId": "12573307317244743579", "amount": 225, "createdAt": "2018-11-26T05:22:14+00:00", "shoeSize": "11.5", "productId": null, "skuUuid": "3ebc4c45-3c69-40b3-a157-a1fee39617b5", "state": "480", "customerId": null, "localAmount": 225, "localCurrency": "USD"}, {"chainId": "12834973171674062048", "amount": 220, "createdAt": "2018-11-25T06:27:49+00:00", "shoeSize": "11", "productId": null, "skuUuid": "ef61700a-9a8f-4ac5-a09e-98b6602ae51a", "state": "480", "customerId": null, "localAmount": 220, "localCurrency": "USD"}, {"chainId": "12884975624462773788", "amount": 239, "createdAt": "2018-11-23T10:36:49+00:00", "shoeSize": "13", "productId": null, "skuUuid": "7536e967-5c94-48ea-b8e1-e923170aa039", "state": "480", "customerId": null, "localAmount": 239, "localCurrency": "USD"}, {"chainId": "12939611643195817764", "amount": 221, "createdAt": "2018-11-20T22:18:01+00:00", "shoeSize": "9", "productId": null, "skuUuid": "192a1ebb-644e-40a6-8298-95bd69377501", "state": "480", "customerId": null, "localAmount": 221, "localCurrency": "USD"}, {"chainId": "12940689060132224273", "amount": 130, "createdAt": "2018-11-19T19:37:26+00:00", "shoeSize": "10", "productId": null, "skuUuid": "e9ae64a9-7960-4a25-89c8-f5a6e07611f0", "state": "480", "customerId": null, "localAmount": 130, "localCurrency": "USD"}, {"chainId": "12922524088184481060", "amount": 210, "createdAt": "2018-11-15T17:31:56+00:00", "shoeSize": "8", "productId": null, "skuUuid": "83385bf2-7de1-4bfc-8d9e-057435d0336c", "state": "480", "customerId": null, "localAmount": 210, "localCurrency": "USD"}, {"chainId": "12544964595269823181", "amount": 325, "createdAt": "2018-11-15T03:04:24+00:00", "shoeSize": "12", "productId": null, "skuUuid": "1006f819-4814-4fc4-b1a6-c4f9f6383b18", "state": "480", "customerId": null, "localAmount": 325, "localCurrency": "USD"}, {"chainId": "12856300600018074065", "amount": 208, "createdAt": "2018-11-08T19:11:51+00:00", "shoeSize": "8", "productId": null, "skuUuid": "83385bf2-7de1-4bfc-8d9e-057435d0336c", "state": "480", "customerId": null, "localAmount": 208, "localCurrency": "USD"}, {"chainId": "12926863215766940395", "amount": 160, "createdAt": "2018-11-02T16:44:13+00:00", "shoeSize": "8", "productId": null, "skuUuid": "83385bf2-7de1-4bfc-8d9e-057435d0336c", "state": "480", "customerId": null, "localAmount": 160, "localCurrency": "USD"}, {"chainId": "12926581028619369483", "amount": 171, "createdAt": "2018-10-31T19:21:06+00:00", "shoeSize": "8.5", "productId": null, "skuUuid": "280b89d5-b4fc-455b-8fde-691b46ab8694", "state": "480", "customerId": null, "localAmount": 171, "localCurrency": "USD"}, {"chainId": "12921358642133323407", "amount": 100, "createdAt": "2018-10-28T23:45:53+00:00", "shoeSize": "9.5", "productId": null, "skuUuid": "6953ad70-b53f-4559-9840-56039f3638da", "state": "480", "customerId": null, "localAmount": 100, "localCurrency": "USD"}, {"chainId": "12915273136345029067", "amount": 148, "createdAt": "2018-10-16T03:44:01+00:00", "shoeSize": "10", "productId": null, "skuUuid": "e9ae64a9-7960-4a25-89c8-f5a6e07611f0", "state": "480", "customerId": null, "localAmount": 148, "localCurrency": "USD"}, {"chainId": "12903493418140594021", "amount": 195, "createdAt": "2018-10-10T07:15:53+00:00", "shoeSize": "11", "productId": null, "skuUuid": "ef61700a-9a8f-4ac5-a09e-98b6602ae51a", "state": "480", "customerId": null, "localAmount": 195, "localCurrency": "USD"}, {"chainId": "12911216956103931318", "amount": 169, "createdAt": "2018-10-10T02:03:21+00:00", "shoeSize": "11", "productId": null, "skuUuid": "ef61700a-9a8f-4ac5-a09e-98b6602ae51a", "state": "480", "customerId": null, "localAmount": 169, "localCurrency": "USD"}, {"chainId": "12910570999897400694", "amount": 170, "createdAt": "2018-10-09T04:39:57+00:00", "shoeSize": "11", "productId": null, "skuUuid": "ef61700a-9a8f-4ac5-a09e-98b6602ae51a", "state": "480", "customerId": null, "localAmount": 170, "localCurrency": "USD"}, {"chainId": "12893006095841269522", "amount": 175, "createdAt": "2018-09-25T17:26:40+00:00", "shoeSize": "9", "productId": null, "skuUuid": "192a1ebb-644e-40a6-8298-95bd69377501", "state": "480", "customerId": null, "localAmount": 175, "localCurrency": "USD"}, {"chainId": "12873712718752709283", "amount": 173, "createdAt": "2018-09-21T22:16:34+00:00", "shoeSize": "9", "productId": null, "skuUuid": "192a1ebb-644e-40a6-8298-95bd69377501", "state": "480", "customerId": null, "localAmount": 173, "localCurrency": "USD"}, {"chainId": "12848690762146514851", "amount": 189, "createdAt": "2018-09-04T02:32:32+00:00", "shoeSize": "11.5", "productId": null, "skuUuid": "3ebc4c45-3c69-40b3-a157-a1fee39617b5", "state": "480", "customerId": null, "localAmount": 189, "localCurrency": "USD"}, {"chainId": "12876239639870547259", "amount": 159, "createdAt": "2018-09-03T05:56:29+00:00", "shoeSize": "11", "productId": null, "skuUuid": "ef61700a-9a8f-4ac5-a09e-98b6602ae51a", "state": "480", "customerId": null, "localAmount": 159, "localCurrency": "USD"}, {"chainId": "12879740847510817003", "amount": 110, "createdAt": "2018-08-27T16:32:59+00:00", "shoeSize": "9", "productId": null, "skuUuid": "192a1ebb-644e-40a6-8298-95bd69377501", "state": "480", "customerId": null, "localAmount": 110, "localCurrency": "USD"}, {"chainId": "12857728808246790034", "amount": 220, "createdAt": "2018-08-23T19:25:54+00:00", "shoeSize": "13", "productId": null, "skuUuid": "7536e967-5c94-48ea-b8e1-e923170aa039", "state": "480", "customerId": null, "localAmount": 220, "localCurrency": "USD"}, {"chainId": "12856548770495831316", "amount": 190, "createdAt": "2018-08-19T03:37:11+00:00", "shoeSize": "14", "productId": null, "skuUuid": "5e3223ed-f167-4c2b-ba20-0df66e8ae26a", "state": "480", "customerId": null, "localAmount": 190, "localCurrency": "USD"}, {"chainId": "12868303365325772637", "amount": 120, "createdAt": "2018-08-11T22:05:51+00:00", "shoeSize": "9.5", "productId": null, "skuUuid": "6953ad70-b53f-4559-9840-56039f3638da", "state": "480", "customerId": null, "localAmount": 120, "localCurrency": "USD"}, {"chainId": "12557551178972515790", "amount": 199, "createdAt": "2018-08-10T23:44:25+00:00", "shoeSize": "9.5", "productId": null, "skuUuid": "6953ad70-b53f-4559-9840-56039f3638da", "state": "480", "customerId": null, "localAmount": 199, "localCurrency": "USD"}, {"chainId": "12746592702550890496", "amount": 175, "createdAt": "2018-08-02T23:35:10+00:00", "shoeSize": "10.5", "productId": null, "skuUuid": "83c436e4-e294-4ed2-ac56-e5bfe16b108f", "state": "480", "customerId": null, "localAmount": 175, "localCurrency": "USD"}, {"chainId": "12810386318188541612", "amount": 180, "createdAt": "2018-08-01T19:02:45+00:00", "shoeSize": "9.5", "productId": null, "skuUuid": "6953ad70-b53f-4559-9840-56039f3638da", "state": "480", "customerId": null, "localAmount": 180, "localCurrency": "USD"}, {"chainId": "12772118396806620330", "amount": 230, "createdAt": "2018-07-24T16:34:03+00:00", "shoeSize": "10", "productId": null, "skuUuid": "e9ae64a9-7960-4a25-89c8-f5a6e07611f0", "state": "480", "customerId": null, "localAmount": 230, "localCurrency": "USD"}, {"chainId": "12830705483574968020", "amount": 150, "createdAt": "2018-07-23T01:00:51+00:00", "shoeSize": "10.5", "productId": null, "skuUuid": "83c436e4-e294-4ed2-ac56-e5bfe16b108f", "state": "480", "customerId": null, "localAmount": 150, "localCurrency": "USD"}, {"chainId": "12847392061727673874", "amount": 150, "createdAt": "2018-07-20T22:42:01+00:00", "shoeSize": "15", "productId": null, "skuUuid": "a8d95312-b513-4b0c-9bb9-e4bd70a75b6b", "state": "480", "customerId": null, "localAmount": 150, "localCurrency": "USD"}, {"chainId": "12525959553544098221", "amount": 160, "createdAt": "2018-07-18T14:02:51+00:00", "shoeSize": "9.5", "productId": null, "skuUuid": "6953ad70-b53f-4559-9840-56039f3638da", "state": "480", "customerId": null, "localAmount": 160, "localCurrency": "USD"}, {"chainId": "12830011411747174836", "amount": 228, "createdAt": "2018-07-17T14:43:47+00:00", "shoeSize": "12", "productId": null, "skuUuid": "1006f819-4814-4fc4-b1a6-c4f9f6383b18", "state": "480", "customerId": null, "localAmount": 228, "localCurrency": "USD"}, {"chainId": "12804476194956950021", "amount": 211, "createdAt": "2018-07-16T00:30:28+00:00", "shoeSize": "13", "productId": null, "skuUuid": "7536e967-5c94-48ea-b8e1-e923170aa039", "state": "480", "customerId": null, "localAmount": 211, "localCurrency": "USD"}, {"chainId": "12768260548687059982", "amount": 200, "createdAt": "2018-07-09T21:27:02+00:00", "shoeSize": "10", "productId": null, "skuUuid": "e9ae64a9-7960-4a25-89c8-f5a6e07611f0", "state": "480", "customerId": null, "localAmount": 200, "localCurrency": "USD"}, {"chainId": "12724223991841765930", "amount": 220, "createdAt": "2018-07-03T15:58:03+00:00", "shoeSize": "9", "productId": null, "skuUuid": "192a1ebb-644e-40a6-8298-95bd69377501", "state": "480", "customerId": null, "localAmount": 220, "localCurrency": "USD"}, {"chainId": "12836311051380160448", "amount": 170, "createdAt": "2018-06-30T15:19:44+00:00", "shoeSize": "10.5", "productId": null, "skuUuid": "83c436e4-e294-4ed2-ac56-e5bfe16b108f", "state": "480", "customerId": null, "localAmount": 170, "localCurrency": "USD"}, {"chainId": "12805466497113284716", "amount": 135, "createdAt": "2018-06-27T14:33:04+00:00", "shoeSize": "9.5", "productId": null, "skuUuid": "6953ad70-b53f-4559-9840-56039f3638da", "state": "480", "customerId": null, "localAmount": 135, "localCurrency": "USD"}, {"chainId": "12795281558589956940", "amount": 165, "createdAt": "2018-06-26T01:55:49+00:00", "shoeSize": "9", "productId": null, "skuUuid": "192a1ebb-644e-40a6-8298-95bd69377501", "state": "480", "customerId": null, "localAmount": 165, "localCurrency": "USD"}, {"chainId": "12782718930169335026", "amount": 143, "createdAt": "2018-06-23T01:46:39+00:00", "shoeSize": "8", "productId": null, "skuUuid": "83385bf2-7de1-4bfc-8d9e-057435d0336c", "state": "480", "customerId": null, "localAmount": 143, "localCurrency": "USD"}, {"chainId": "12571274061474323775", "amount": 150, "createdAt": "2018-06-21T00:09:34+00:00", "shoeSize": "10.5", "productId": null, "skuUuid": "83c436e4-e294-4ed2-ac56-e5bfe16b108f", "state": "480", "customerId": null, "localAmount": 150, "localCurrency": "USD"}, {"chainId": "12829953150162599893", "amount": 199, "createdAt": "2018-06-20T17:01:44+00:00", "shoeSize": "11", "productId": null, "skuUuid": "ef61700a-9a8f-4ac5-a09e-98b6602ae51a", "state": "480", "customerId": null, "localAmount": 199, "localCurrency": "USD"}, {"chainId": "12816819790435140596", "amount": 100, "createdAt": "2018-06-19T16:02:23+00:00", "shoeSize": "9", "productId": null, "skuUuid": "192a1ebb-644e-40a6-8298-95bd69377501", "state": "480", "customerId": null, "localAmount": 100, "localCurrency": "USD"}, {"chainId": "12803577838178696385", "amount": 127, "createdAt": "2018-06-08T03:10:01+00:00", "shoeSize": "9.5", "productId": null, "skuUuid": "6953ad70-b53f-4559-9840-56039f3638da", "state": "480", "customerId": null, "localAmount": 127, "localCurrency": "USD"}, {"chainId": "12797009260377393702", "amount": 190, "createdAt": "2018-05-10T01:07:59+00:00", "shoeSize": "10.5", "productId": null, "skuUuid": "83c436e4-e294-4ed2-ac56-e5bfe16b108f", "state": "480", "customerId": null, "localAmount": 190, "localCurrency": "USD"}, {"chainId": "12764492916343617490", "amount": 106, "createdAt": "2018-04-17T20:51:58+00:00", "shoeSize": "11", "productId": null, "skuUuid": "ef61700a-9a8f-4ac5-a09e-98b6602ae51a", "state": "480", "customerId": null, "localAmount": 106, "localCurrency": "USD"}, {"chainId": "12751625925681064977", "amount": 151, "createdAt": "2018-04-09T17:44:24+00:00", "shoeSize": "13", "productId": null, "skuUuid": "7536e967-5c94-48ea-b8e1-e923170aa039", "state": "480", "customerId": null, "localAmount": 151, "localCurrency": "USD"}, {"chainId": "12752523502064975033", "amount": 100, "createdAt": "2018-03-05T06:38:14+00:00", "shoeSize": "11", "productId": null, "skuUuid": "ef61700a-9a8f-4ac5-a09e-98b6602ae51a", "state": "480", "customerId": null, "localAmount": 100, "localCurrency": "USD"}, {"chainId": "12749581566070644133", "amount": 199, "createdAt": "2018-03-03T18:12:29+00:00", "shoeSize": "8", "productId": null, "skuUuid": "83385bf2-7de1-4bfc-8d9e-057435d0336c", "state": "480", "customerId": null, "localAmount": 199, "localCurrency": "USD"}, {"chainId": "12737992686673249005", "amount": 160, "createdAt": "2018-02-18T21:38:20+00:00", "shoeSize": "11", "productId": null, "skuUuid": "ef61700a-9a8f-4ac5-a09e-98b6602ae51a", "state": "480", "customerId": null, "localAmount": 160, "localCurrency": "USD"}, {"chainId": "12581544888875077167", "amount": 160, "createdAt": "2018-01-26T04:25:58+00:00", "shoeSize": "10", "productId": null, "skuUuid": "e9ae64a9-7960-4a25-89c8-f5a6e07611f0", "state": "480", "customerId": null, "localAmount": 160, "localCurrency": "USD"}, {"chainId": "12710602543390100890", "amount": 318, "createdAt": "2018-01-13T05:49:50+00:00", "shoeSize": "11.5", "productId": null, "skuUuid": "3ebc4c45-3c69-40b3-a157-a1fee39617b5", "state": "480", "customerId": null, "localAmount": 318, "localCurrency": "USD"}, {"chainId": "12627384516428382521", "amount": 240, "createdAt": "2017-12-15T14:38:41+00:00", "shoeSize": "11", "productId": null, "skuUuid": "ef61700a-9a8f-4ac5-a09e-98b6602ae51a", "state": "480", "customerId": null, "localAmount": 240, "localCurrency": "USD"}, {"chainId": "12418392314527519789", "amount": 230, "createdAt": "2017-10-29T23:29:09+00:00", "shoeSize": "11", "productId": null, "skuUuid": "ef61700a-9a8f-4ac5-a09e-98b6602ae51a", "state": "480", "customerId": null, "localAmount": 230, "localCurrency": "USD"}, {"chainId": "12655537193985589023", "amount": 250, "createdAt": "2017-10-21T17:20:50+00:00", "shoeSize": "10", "productId": null, "skuUuid": "e9ae64a9-7960-4a25-89c8-f5a6e07611f0", "state": "480", "customerId": null, "localAmount": 250, "localCurrency": "USD"}, {"chainId": "12643111349320794591", "amount": 241, "createdAt": "2017-10-04T06:38:38+00:00", "shoeSize": "10", "productId": null, "skuUuid": "e9ae64a9-7960-4a25-89c8-f5a6e07611f0", "state": "480", "customerId": null, "localAmount": 241, "localCurrency": "USD"}, {"chainId": "12638752056806997900", "amount": 250, "createdAt": "2017-09-28T04:28:18+00:00", "shoeSize": "10", "productId": null, "skuUuid": "e9ae64a9-7960-4a25-89c8-f5a6e07611f0", "state": "480", "customerId": null, "localAmount": 250, "localCurrency": "USD"}, {"chainId": "12635358800563055959", "amount": 225, "createdAt": "2017-09-23T15:15:32+00:00", "shoeSize": "10.5", "productId": null, "skuUuid": "83c436e4-e294-4ed2-ac56-e5bfe16b108f", "state": "480", "customerId": null, "localAmount": 225, "localCurrency": "USD"}, {"chainId": "12633669588686214592", "amount": 250, "createdAt": "2017-09-21T08:12:23+00:00", "shoeSize": "10", "productId": null, "skuUuid": "e9ae64a9-7960-4a25-89c8-f5a6e07611f0", "state": "480", "customerId": null, "localAmount": 250, "localCurrency": "USD"}, {"chainId": "12633669588772489365", "amount": 250, "createdAt": "2017-09-21T07:32:36+00:00", "shoeSize": "10", "productId": null, "skuUuid": "e9ae64a9-7960-4a25-89c8-f5a6e07611f0", "state": "480", "customerId": null, "localAmount": 250, "localCurrency": "USD"}, {"chainId": "12633669590263214508", "amount": 225, "createdAt": "2017-09-21T05:58:42+00:00", "shoeSize": "10.5", "productId": null, "skuUuid": "83c436e4-e294-4ed2-ac56-e5bfe16b108f", "state": "480", "customerId": null, "localAmount": 225, "localCurrency": "USD"}, {"chainId": "12624244815813466836", "amount": 250, "createdAt": "2017-09-08T06:32:35+00:00", "shoeSize": "11", "productId": null, "skuUuid": "ef61700a-9a8f-4ac5-a09e-98b6602ae51a", "state": "480", "customerId": null, "localAmount": 250, "localCurrency": "USD"}, {"chainId": "12623035882617498521", "amount": 225, "createdAt": "2017-09-06T20:45:54+00:00", "shoeSize": "9", "productId": null, "skuUuid": "192a1ebb-644e-40a6-8298-95bd69377501", "state": "480", "customerId": null, "localAmount": 225, "localCurrency": "USD"}, {"chainId": "12602738878287629190", "amount": 275, "createdAt": "2017-08-09T14:15:07+00:00", "shoeSize": "8.5", "productId": null, "skuUuid": "280b89d5-b4fc-455b-8fde-691b46ab8694", "state": "480", "customerId": null, "localAmount": 275, "localCurrency": "USD"}, {"chainId": "12587397083319246856", "amount": 250, "createdAt": "2017-07-19T19:30:45+00:00", "shoeSize": "9", "productId": null, "skuUuid": "192a1ebb-644e-40a6-8298-95bd69377501", "state": "480", "customerId": null, "localAmount": 250, "localCurrency": "USD"}, {"chainId": "12539429963535191972", "amount": 275, "createdAt": "2017-05-17T00:07:29+00:00", "shoeSize": "10", "productId": null, "skuUuid": "e9ae64a9-7960-4a25-89c8-f5a6e07611f0", "state": "480", "customerId": null, "localAmount": 275, "localCurrency": "USD"}, {"chainId": "12501148462405560929", "amount": 250, "createdAt": "2017-03-22T09:35:20+00:00", "shoeSize": "11", "productId": null, "skuUuid": "ef61700a-9a8f-4ac5-a09e-98b6602ae51a", "state": "480", "customerId": null, "localAmount": 250, "localCurrency": "USD"}]