[{"chainId": "12947971325493686068", "amount": 185, "createdAt": "2019-01-12T21:29:49+00:00", "shoeSize": "10", "productId": null, "skuUuid": "ea83e3cb-fcba-4604-95df-429bc399a59e", "state": "480", "customerId": null, "localAmount": 185, "localCurrency": "USD"}, {"chainId": "12917675833477921812", "amount": 160, "createdAt": "2018-12-21T23:46:59+00:00", "shoeSize": "12", "productId": null, "skuUuid": "56ea09b9-3564-4a18-909a-a3b4126c9b3a", "state": "480", "customerId": null, "localAmount": 160, "localCurrency": "USD"}, {"chainId": "12948580906649339775", "amount": 95, "createdAt": "2018-12-08T12:56:35+00:00", "shoeSize": "9.5", "productId": null, "skuUuid": "cd811cc0-5e9f-4d60-8f79-d5b836bad4d8", "state": "480", "customerId": null, "localAmount": 95, "localCurrency": "USD"}, {"chainId": "12895945595202392983", "amount": 200, "createdAt": "2018-11-27T04:39:03+00:00", "shoeSize": "10.5", "productId": null, "skuUuid": "56e86f0f-caf9-477c-9523-809d33efd567", "state": "480", "customerId": null, "localAmount": 200, "localCurrency": "USD"}, {"chainId": "12944264224481509468", "amount": 111, "createdAt": "2018-11-25T22:06:22+00:00", "shoeSize": "10", "productId": null, "skuUuid": "ea83e3cb-fcba-4604-95df-429bc399a59e", "state": "480", "customerId": null, "localAmount": 111, "localCurrency": "USD"}, {"chainId": "12937834854861135785", "amount": 108.3569, "createdAt": "2018-11-15T21:02:47+00:00", "shoeSize": "10", "productId": null, "skuUuid": "ea83e3cb-fcba-4604-95df-429bc399a59e", "state": "480", "customerId": null, "localAmount": 109, "localCurrency": "USD"}, {"chainId": "12905890848979803110", "amount": 185, "createdAt": "2018-11-08T21:50:27+00:00", "shoeSize": "13", "productId": null, "skuUuid": "b06b4a9d-01a9-4e28-b746-3d568f494d48", "state": "480", "customerId": null, "localAmount": 185, "localCurrency": "USD"}, {"chainId": "12925669131540149952", "amount": 140, "createdAt": "2018-11-07T00:10:13+00:00", "shoeSize": "9", "productId": null, "skuUuid": "2e5d74dd-955f-4a8b-a7de-7b6830cc6e64", "state": "480", "customerId": null, "localAmount": 140, "localCurrency": "USD"}, {"chainId": "12905806879643482025", "amount": 150, "createdAt": "2018-10-04T15:17:51+00:00", "shoeSize": "14", "productId": null, "skuUuid": "407eaee2-d023-4917-8d41-6a12314a98a6", "state": "480", "customerId": null, "localAmount": 150, "localCurrency": "USD"}, {"chainId": "12904513459627705437", "amount": 150, "createdAt": "2018-09-30T20:04:46+00:00", "shoeSize": "11", "productId": null, "skuUuid": "0445ee6f-971d-4c3a-846f-5e431c30aeb6", "state": "480", "customerId": null, "localAmount": 150, "localCurrency": "USD"}, {"chainId": "12889087357783752294", "amount": 150, "createdAt": "2018-09-09T13:15:48+00:00", "shoeSize": "10.5", "productId": null, "skuUuid": "56e86f0f-caf9-477c-9523-809d33efd567", "state": "480", "customerId": null, "localAmount": 150, "localCurrency": "USD"}, {"chainId": "12825794612724868385", "amount": 150, "createdAt": "2018-06-18T14:20:09+00:00", "shoeSize": "14", "productId": null, "skuUuid": "407eaee2-d023-4917-8d41-6a12314a98a6", "state": "480", "customerId": null, "localAmount": 150, "localCurrency": "USD"}, {"chainId": "12819022688464430558", "amount": 120, "createdAt": "2018-06-04T21:09:49+00:00", "shoeSize": "11", "productId": null, "skuUuid": "0445ee6f-971d-4c3a-846f-5e431c30aeb6", "state": "480", "customerId": null, "localAmount": 120, "localCurrency": "USD"}, {"chainId": "12800955837073876401", "amount": 100, "createdAt": "2018-05-14T18:10:33+00:00", "shoeSize": "10.5", "productId": null, "skuUuid": "56e86f0f-caf9-477c-9523-809d33efd567", "state": "480", "customerId": null, "localAmount": 100, "localCurrency": "USD"}, {"chainId": "12730139381522224679", "amount": 90, "createdAt": "2018-02-23T03:08:22+00:00", "shoeSize": "11", "productId": null, "skuUuid": "0445ee6f-971d-4c3a-846f-5e431c30aeb6", "state": "480", "customerId": null, "localAmount": 90, "localCurrency": "USD"}, {"chainId": "12743837328587105605", "amount": 141, "createdAt": "2018-02-22T13:56:31+00:00", "shoeSize": "9.5", "productId": null, "skuUuid": "cd811cc0-5e9f-4d60-8f79-d5b836bad4d8", "state": "480", "customerId": null, "localAmount": 141, "localCurrency": "USD"}, {"chainId": "12734410067933015912", "amount": 110, "createdAt": "2018-02-08T04:39:49+00:00", "shoeSize": "11.5", "productId": null, "skuUuid": "f0257669-09df-4116-ba4c-454c55a0284d", "state": "480", "customerId": null, "localAmount": 110, "localCurrency": "USD"}, {"chainId": "12724255266851575697", "amount": 100, "createdAt": "2018-01-29T19:51:01+00:00", "shoeSize": "12", "productId": null, "skuUuid": "56ea09b9-3564-4a18-909a-a3b4126c9b3a", "state": "480", "customerId": null, "localAmount": 100, "localCurrency": "USD"}, {"chainId": "12663389590389292120", "amount": 94, "createdAt": "2018-01-05T19:11:05+00:00", "shoeSize": "10", "productId": null, "skuUuid": "ea83e3cb-fcba-4604-95df-429bc399a59e", "state": "480", "customerId": null, "localAmount": 94, "localCurrency": "USD"}, {"chainId": "12706011585878013117", "amount": 94, "createdAt": "2017-12-30T12:28:36+00:00", "shoeSize": "14", "productId": null, "skuUuid": "407eaee2-d023-4917-8d41-6a12314a98a6", "state": "480", "customerId": null, "localAmount": 94, "localCurrency": "USD"}, {"chainId": "12649375342619443994", "amount": 94, "createdAt": "2017-12-28T23:52:28+00:00", "shoeSize": "14", "productId": null, "skuUuid": "407eaee2-d023-4917-8d41-6a12314a98a6", "state": "480", "customerId": null, "localAmount": 94, "localCurrency": "USD"}, {"chainId": "12664718285922815749", "amount": 85, "createdAt": "2017-12-23T15:24:45+00:00", "shoeSize": "10", "productId": null, "skuUuid": "ea83e3cb-fcba-4604-95df-429bc399a59e", "state": "480", "customerId": null, "localAmount": 85, "localCurrency": "USD"}, {"chainId": "12691280035740895481", "amount": 175, "createdAt": "2017-12-10T03:07:55+00:00", "shoeSize": "9", "productId": null, "skuUuid": "2e5d74dd-955f-4a8b-a7de-7b6830cc6e64", "state": "480", "customerId": null, "localAmount": 175, "localCurrency": "USD"}, {"chainId": "12682952081168028971", "amount": 200, "createdAt": "2017-11-29T04:16:40+00:00", "shoeSize": "11", "productId": null, "skuUuid": "0445ee6f-971d-4c3a-846f-5e431c30aeb6", "state": "480", "customerId": null, "localAmount": 200, "localCurrency": "USD"}, {"chainId": "12663752152873902515", "amount": 103, "createdAt": "2017-11-27T03:58:26+00:00", "shoeSize": "9.5", "productId": null, "skuUuid": "cd811cc0-5e9f-4d60-8f79-d5b836bad4d8", "state": "480", "customerId": null, "localAmount": 103, "localCurrency": "USD"}, {"chainId": "12626174913801977412", "amount": 103, "createdAt": "2017-11-12T18:35:51+00:00", "shoeSize": "8.5", "productId": null, "skuUuid": "7e048cf6-56aa-4378-a839-73530d883177", "state": "480", "customerId": null, "localAmount": 103, "localCurrency": "USD"}, {"chainId": "12572049048580969997", "amount": 103, "createdAt": "2017-11-11T14:19:33+00:00", "shoeSize": "14", "productId": null, "skuUuid": "407eaee2-d023-4917-8d41-6a12314a98a6", "state": "480", "customerId": null, "localAmount": 103, "localCurrency": "USD"}, {"chainId": "12654933730554291590", "amount": 103, "createdAt": "2017-11-02T04:54:18+00:00", "shoeSize": "8", "productId": null, "skuUuid": "4f50071e-fd04-4c62-9aa0-e649d353b19c", "state": "480", "customerId": null, "localAmount": 103, "localCurrency": "USD"}, {"chainId": "12654933728439492480", "amount": 103, "createdAt": "2017-11-01T20:02:36+00:00", "shoeSize": "10", "productId": null, "skuUuid": "ea83e3cb-fcba-4604-95df-429bc399a59e", "state": "480", "customerId": null, "localAmount": 103, "localCurrency": "USD"}, {"chainId": "12645511352301457822", "amount": 103, "createdAt": "2017-11-01T19:45:46+00:00", "shoeSize": "9.5", "productId": null, "skuUuid": "cd811cc0-5e9f-4d60-8f79-d5b836bad4d8", "state": "480", "customerId": null, "localAmount": 103, "localCurrency": "USD"}, {"chainId": "12654933732658999385", "amount": 103, "createdAt": "2017-10-24T01:52:52+00:00", "shoeSize": "8.5", "productId": null, "skuUuid": "7e048cf6-56aa-4378-a839-73530d883177", "state": "480", "customerId": null, "localAmount": 103, "localCurrency": "USD"}, {"chainId": "12621826178457002991", "amount": 84, "createdAt": "2017-10-20T19:29:41+00:00", "shoeSize": "8.5", "productId": null, "skuUuid": "7e048cf6-56aa-4378-a839-73530d883177", "state": "480", "customerId": null, "localAmount": 84, "localCurrency": "USD"}, {"chainId": "12626174912093523657", "amount": 84, "createdAt": "2017-10-20T04:59:06+00:00", "shoeSize": "8", "productId": null, "skuUuid": "4f50071e-fd04-4c62-9aa0-e649d353b19c", "state": "480", "customerId": null, "localAmount": 84, "localCurrency": "USD"}, {"chainId": "12639233091745570709", "amount": 103, "createdAt": "2017-10-19T10:22:29+00:00", "shoeSize": "11.5", "productId": null, "skuUuid": "f0257669-09df-4116-ba4c-454c55a0284d", "state": "480", "customerId": null, "localAmount": 103, "localCurrency": "USD"}, {"chainId": "12626900370465848096", "amount": 103, "createdAt": "2017-10-17T06:34:07+00:00", "shoeSize": "10", "productId": null, "skuUuid": "ea83e3cb-fcba-4604-95df-429bc399a59e", "state": "480", "customerId": null, "localAmount": 103, "localCurrency": "USD"}, {"chainId": "12621826174573262452", "amount": 103, "createdAt": "2017-10-13T02:10:46+00:00", "shoeSize": "14", "productId": null, "skuUuid": "407eaee2-d023-4917-8d41-6a12314a98a6", "state": "480", "customerId": null, "localAmount": 103, "localCurrency": "USD"}, {"chainId": "12621826176727525608", "amount": 103, "createdAt": "2017-10-09T22:29:47+00:00", "shoeSize": "8", "productId": null, "skuUuid": "4f50071e-fd04-4c62-9aa0-e649d353b19c", "state": "480", "customerId": null, "localAmount": 103, "localCurrency": "USD"}, {"chainId": "12626417093356980560", "amount": 103, "createdAt": "2017-09-29T06:48:50+00:00", "shoeSize": "11.5", "productId": null, "skuUuid": "f0257669-09df-4116-ba4c-454c55a0284d", "state": "480", "customerId": null, "localAmount": 103, "localCurrency": "USD"}, {"chainId": "12621826180229570787", "amount": 103, "createdAt": "2017-09-25T06:47:48+00:00", "shoeSize": "9", "productId": null, "skuUuid": "2e5d74dd-955f-4a8b-a7de-7b6830cc6e64", "state": "480", "customerId": null, "localAmount": 103, "localCurrency": "USD"}, {"chainId": "12630524735723556309", "amount": 103, "createdAt": "2017-09-20T00:16:47+00:00", "shoeSize": "10.5", "productId": null, "skuUuid": "56e86f0f-caf9-477c-9523-809d33efd567", "state": "480", "customerId": null, "localAmount": 103, "localCurrency": "USD"}, {"chainId": "12631249746041277392", "amount": 103, "createdAt": "2017-09-18T21:19:08+00:00", "shoeSize": "12", "productId": null, "skuUuid": "56ea09b9-3564-4a18-909a-a3b4126c9b3a", "state": "480", "customerId": null, "localAmount": 103, "localCurrency": "USD"}, {"chainId": "12626417095458875564", "amount": 103, "createdAt": "2017-09-18T02:26:40+00:00", "shoeSize": "12", "productId": null, "skuUuid": "56ea09b9-3564-4a18-909a-a3b4126c9b3a", "state": "480", "customerId": null, "localAmount": 103, "localCurrency": "USD"}, {"chainId": "12621826172625168541", "amount": 103, "createdAt": "2017-09-16T17:10:15+00:00", "shoeSize": "10.5", "productId": null, "skuUuid": "56e86f0f-caf9-477c-9523-809d33efd567", "state": "480", "customerId": null, "localAmount": 103, "localCurrency": "USD"}, {"chainId": "12626900373097284038", "amount": 103, "createdAt": "2017-09-13T14:55:27+00:00", "shoeSize": "11", "productId": null, "skuUuid": "0445ee6f-971d-4c3a-846f-5e431c30aeb6", "state": "480", "customerId": null, "localAmount": 103, "localCurrency": "USD"}, {"chainId": "12626417081675344771", "amount": 120, "createdAt": "2017-09-12T03:16:50+00:00", "shoeSize": "11", "productId": null, "skuUuid": "0445ee6f-971d-4c3a-846f-5e431c30aeb6", "state": "480", "customerId": null, "localAmount": 120, "localCurrency": "USD"}, {"chainId": "12626174910256375267", "amount": 103, "createdAt": "2017-09-11T22:56:03+00:00", "shoeSize": "10", "productId": null, "skuUuid": "ea83e3cb-fcba-4604-95df-429bc399a59e", "state": "480", "customerId": null, "localAmount": 103, "localCurrency": "USD"}, {"chainId": "12518693697184194474", "amount": 120, "createdAt": "2017-08-06T15:10:59+00:00", "shoeSize": "8.5", "productId": null, "skuUuid": "7e048cf6-56aa-4378-a839-73530d883177", "state": "480", "customerId": null, "localAmount": 120, "localCurrency": "USD"}, {"chainId": "12594138922675953706", "amount": 100, "createdAt": "2017-07-29T14:25:57+00:00", "shoeSize": "13", "productId": null, "skuUuid": "b06b4a9d-01a9-4e28-b746-3d568f494d48", "state": "480", "customerId": null, "localAmount": 100, "localCurrency": "USD"}, {"chainId": "12591963402151099805", "amount": 300, "createdAt": "2017-07-26T14:23:32+00:00", "shoeSize": "10.5", "productId": null, "skuUuid": "56e86f0f-caf9-477c-9523-809d33efd567", "state": "480", "customerId": null, "localAmount": 300, "localCurrency": "USD"}, {"chainId": "12575567157620965265", "amount": 150, "createdAt": "2017-07-03T23:27:08+00:00", "shoeSize": "8", "productId": null, "skuUuid": "4f50071e-fd04-4c62-9aa0-e649d353b19c", "state": "480", "customerId": null, "localAmount": 150, "localCurrency": "USD"}, {"chainId": "12548827805768623615", "amount": 88, "createdAt": "2017-06-07T15:45:06+00:00", "shoeSize": "9.5", "productId": null, "skuUuid": "cd811cc0-5e9f-4d60-8f79-d5b836bad4d8", "state": "480", "customerId": null, "localAmount": 88, "localCurrency": "USD"}, {"chainId": "12548827667142026185", "amount": 80, "createdAt": "2017-06-07T02:03:37+00:00", "shoeSize": "8.5", "productId": null, "skuUuid": "7e048cf6-56aa-4378-a839-73530d883177", "state": "480", "customerId": null, "localAmount": 80, "localCurrency": "USD"}, {"chainId": "12548074475345854175", "amount": 90, "createdAt": "2017-05-27T02:09:06+00:00", "shoeSize": "9", "productId": null, "skuUuid": "2e5d74dd-955f-4a8b-a7de-7b6830cc6e64", "state": "480", "customerId": null, "localAmount": 90, "localCurrency": "USD"}, {"chainId": "12512510146623576660", "amount": 141, "createdAt": "2017-04-08T15:54:19+00:00", "shoeSize": "8.5", "productId": null, "skuUuid": "7e048cf6-56aa-4378-a839-73530d883177", "state": "480", "customerId": null, "localAmount": 141, "localCurrency": "USD"}, {"chainId": "12438725833858137994", "amount": 105, "createdAt": "2017-03-19T19:54:49+00:00", "shoeSize": "11", "productId": null, "skuUuid": "0445ee6f-971d-4c3a-846f-5e431c30aeb6", "state": "480", "customerId": null, "localAmount": 105, "localCurrency": "USD"}, {"chainId": "12441598966280706144", "amount": 165, "createdAt": "2016-12-31T20:09:55+00:00", "shoeSize": "12", "productId": null, "skuUuid": "56ea09b9-3564-4a18-909a-a3b4126c9b3a", "state": "480", "customerId": null, "localAmount": 165, "localCurrency": "USD"}, {"chainId": "12351688212482091633", "amount": 165, "createdAt": "2016-11-29T04:57:26+00:00", "shoeSize": "11", "productId": null, "skuUuid": "0445ee6f-971d-4c3a-846f-5e431c30aeb6", "state": "480", "customerId": null, "localAmount": 165, "localCurrency": "USD"}, {"chainId": "12386175825577092053", "amount": 145, "createdAt": "2016-11-23T23:01:30+00:00", "shoeSize": "9", "productId": null, "skuUuid": "2e5d74dd-955f-4a8b-a7de-7b6830cc6e64", "state": "480", "customerId": null, "localAmount": 145, "localCurrency": "USD"}, {"chainId": "12331968022035249592", "amount": 212, "createdAt": "2016-08-02T16:39:25+00:00", "shoeSize": "11", "productId": null, "skuUuid": "0445ee6f-971d-4c3a-846f-5e431c30aeb6", "state": "480", "customerId": null, "localAmount": 212, "localCurrency": "USD"}, {"chainId": "12295999666377690521", "amount": 210, "createdAt": "2016-06-28T02:45:33+00:00", "shoeSize": "12", "productId": null, "skuUuid": "56ea09b9-3564-4a18-909a-a3b4126c9b3a", "state": "480", "customerId": null, "localAmount": 210, "localCurrency": "USD"}, {"chainId": "12282652245142045371", "amount": 185, "createdAt": "2016-06-16T17:39:58+00:00", "shoeSize": "9", "productId": null, "skuUuid": "2e5d74dd-955f-4a8b-a7de-7b6830cc6e64", "state": "480", "customerId": null, "localAmount": 185, "localCurrency": "USD"}]