[{"chainId": "12958169386141063561", "amount": 60, "createdAt": "2019-01-14T14:40:43+00:00", "shoeSize": "4Y", "productId": null, "skuUuid": "ed791cec-4c7b-472e-94df-c05e6d244a03", "state": "480", "customerId": null, "localAmount": 60, "localCurrency": "USD"}, {"chainId": "12981090388367048393", "amount": 65, "createdAt": "2019-01-14T11:49:25+00:00", "shoeSize": "7Y", "productId": null, "skuUuid": "8f86bff0-52da-4a5c-bb15-788c5cd78fa4", "state": "480", "customerId": null, "localAmount": 65, "localCurrency": "USD"}, {"chainId": "12790724454802772986", "amount": 87, "createdAt": "2018-11-07T09:41:18+00:00", "shoeSize": "6.5Y", "productId": null, "skuUuid": "261fe1a2-b45d-421d-9521-287eb25cf8b5", "state": "480", "customerId": null, "localAmount": 87, "localCurrency": "USD"}, {"chainId": "12916047290108324547", "amount": 79, "createdAt": "2018-10-24T05:44:49+00:00", "shoeSize": "7Y", "productId": null, "skuUuid": "8f86bff0-52da-4a5c-bb15-788c5cd78fa4", "state": "480", "customerId": null, "localAmount": 79, "localCurrency": "USD"}, {"chainId": "12893312161088378221", "amount": 30, "createdAt": "2018-09-15T09:09:46+00:00", "shoeSize": "4.5Y", "productId": null, "skuUuid": "2e62d0db-d923-44b5-bb39-d8cb82a4c8bf", "state": "480", "customerId": null, "localAmount": 30, "localCurrency": "USD"}]