[{"chainId": "12972826565833897894", "amount": 102, "createdAt": "2019-01-23T02:33:35+00:00", "shoeSize": "6Y", "productId": null, "skuUuid": "0e09f2d0-c717-4bcb-8d19-60d211d92b64", "state": "480", "customerId": null, "localAmount": 102, "localCurrency": "USD"}, {"chainId": "12935815837696111848", "amount": 50, "createdAt": "2019-01-22T15:38:03+00:00", "shoeSize": "6Y", "productId": null, "skuUuid": "0e09f2d0-c717-4bcb-8d19-60d211d92b64", "state": "480", "customerId": null, "localAmount": 50, "localCurrency": "USD"}, {"chainId": "12929083216534065084", "amount": 99, "createdAt": "2019-01-22T03:24:37+00:00", "shoeSize": "6Y", "productId": null, "skuUuid": "0e09f2d0-c717-4bcb-8d19-60d211d92b64", "state": "480", "customerId": null, "localAmount": 99, "localCurrency": "USD"}, {"chainId": "12972826499517046925", "amount": 100, "createdAt": "2019-01-21T16:36:48+00:00", "shoeSize": "3.5Y", "productId": null, "skuUuid": "7cdb4e6b-7923-4202-87a3-00a61e678476", "state": "480", "customerId": null, "localAmount": 100, "localCurrency": "USD"}, {"chainId": "12983011106560257543", "amount": 80, "createdAt": "2019-01-21T14:32:04+00:00", "shoeSize": "5.5Y", "productId": null, "skuUuid": "da23540a-7126-4478-9d3a-99e60e6c886e", "state": "480", "customerId": null, "localAmount": 80, "localCurrency": "USD"}, {"chainId": "12984362281028050534", "amount": 92, "createdAt": "2019-01-19T04:25:08+00:00", "shoeSize": "5Y", "productId": null, "skuUuid": "9cbb8138-7f4a-47eb-b201-49eaf1addd58", "state": "480", "customerId": null, "localAmount": 92, "localCurrency": "USD"}, {"chainId": "12983435144272574753", "amount": 84, "createdAt": "2019-01-17T17:28:01+00:00", "shoeSize": "6Y", "productId": null, "skuUuid": "0e09f2d0-c717-4bcb-8d19-60d211d92b64", "state": "480", "customerId": null, "localAmount": 84, "localCurrency": "USD"}, {"chainId": "12979296470005600167", "amount": 94, "createdAt": "2019-01-16T02:53:37+00:00", "shoeSize": "5Y", "productId": null, "skuUuid": "9cbb8138-7f4a-47eb-b201-49eaf1addd58", "state": "480", "customerId": null, "localAmount": 94, "localCurrency": "USD"}, {"chainId": "12979358093977076973", "amount": 99, "createdAt": "2019-01-14T21:49:23+00:00", "shoeSize": "6.5Y", "productId": null, "skuUuid": "98dc24ff-3621-4bdf-8a3d-e7a43382654b", "state": "480", "customerId": null, "localAmount": 99, "localCurrency": "USD"}, {"chainId": "12972826489823917409", "amount": 100, "createdAt": "2019-01-12T20:22:49+00:00", "shoeSize": "3.5Y", "productId": null, "skuUuid": "7cdb4e6b-7923-4202-87a3-00a61e678476", "state": "480", "customerId": null, "localAmount": 100, "localCurrency": "USD"}, {"chainId": "12979296768060168680", "amount": 99, "createdAt": "2019-01-12T01:24:13+00:00", "shoeSize": "6.5Y", "productId": null, "skuUuid": "98dc24ff-3621-4bdf-8a3d-e7a43382654b", "state": "480", "customerId": null, "localAmount": 99, "localCurrency": "USD"}, {"chainId": "12974860431078133774", "amount": 103, "createdAt": "2019-01-11T13:05:41+00:00", "shoeSize": "5.5Y", "productId": null, "skuUuid": "da23540a-7126-4478-9d3a-99e60e6c886e", "state": "480", "customerId": null, "localAmount": 103, "localCurrency": "USD"}, {"chainId": "12972826558603681956", "amount": 102, "createdAt": "2019-01-11T07:28:49+00:00", "shoeSize": "6Y", "productId": null, "skuUuid": "0e09f2d0-c717-4bcb-8d19-60d211d92b64", "state": "480", "customerId": null, "localAmount": 102, "localCurrency": "USD"}, {"chainId": "12971102705604959920", "amount": 105, "createdAt": "2019-01-11T02:08:15+00:00", "shoeSize": "7Y", "productId": null, "skuUuid": "e2f4610e-7e7f-4aaf-a011-52e039100bc7", "state": "480", "customerId": null, "localAmount": 105, "localCurrency": "USD"}, {"chainId": "12970661031834715862", "amount": 84, "createdAt": "2019-01-10T00:15:10+00:00", "shoeSize": "4.5Y", "productId": null, "skuUuid": "158b694a-367a-48ea-8c1d-89b15e8ea4c0", "state": "480", "customerId": null, "localAmount": 84, "localCurrency": "USD"}, {"chainId": "12972826544603157934", "amount": 102, "createdAt": "2019-01-09T13:29:49+00:00", "shoeSize": "6Y", "productId": null, "skuUuid": "0e09f2d0-c717-4bcb-8d19-60d211d92b64", "state": "480", "customerId": null, "localAmount": 102, "localCurrency": "USD"}, {"chainId": "12967768689480827884", "amount": 100, "createdAt": "2019-01-07T21:48:05+00:00", "shoeSize": "6.5Y", "productId": null, "skuUuid": "98dc24ff-3621-4bdf-8a3d-e7a43382654b", "state": "480", "customerId": null, "localAmount": 100, "localCurrency": "USD"}, {"chainId": "12964007787822884768", "amount": 94, "createdAt": "2019-01-07T05:24:46+00:00", "shoeSize": "5Y", "productId": null, "skuUuid": "9cbb8138-7f4a-47eb-b201-49eaf1addd58", "state": "480", "customerId": null, "localAmount": 94, "localCurrency": "USD"}, {"chainId": "12974393214253310969", "amount": 100, "createdAt": "2019-01-07T04:30:59+00:00", "shoeSize": "7Y", "productId": null, "skuUuid": "e2f4610e-7e7f-4aaf-a011-52e039100bc7", "state": "480", "customerId": null, "localAmount": 100, "localCurrency": "USD"}, {"chainId": "12969713126141383929", "amount": 98, "createdAt": "2019-01-06T03:04:10+00:00", "shoeSize": "7Y", "productId": null, "skuUuid": "e2f4610e-7e7f-4aaf-a011-52e039100bc7", "state": "480", "customerId": null, "localAmount": 98, "localCurrency": "USD"}, {"chainId": "12967768562065671063", "amount": 102, "createdAt": "2019-01-06T01:35:22+00:00", "shoeSize": "6Y", "productId": null, "skuUuid": "0e09f2d0-c717-4bcb-8d19-60d211d92b64", "state": "480", "customerId": null, "localAmount": 102, "localCurrency": "USD"}, {"chainId": "12974447095034018441", "amount": 85, "createdAt": "2019-01-05T07:50:22+00:00", "shoeSize": "6Y", "productId": null, "skuUuid": "0e09f2d0-c717-4bcb-8d19-60d211d92b64", "state": "480", "customerId": null, "localAmount": 85, "localCurrency": "USD"}, {"chainId": "12974446812219971111", "amount": 86, "createdAt": "2019-01-05T07:49:49+00:00", "shoeSize": "6Y", "productId": null, "skuUuid": "0e09f2d0-c717-4bcb-8d19-60d211d92b64", "state": "480", "customerId": null, "localAmount": 86, "localCurrency": "USD"}, {"chainId": "12974446697249218229", "amount": 86, "createdAt": "2019-01-05T07:49:34+00:00", "shoeSize": "6.5Y", "productId": null, "skuUuid": "98dc24ff-3621-4bdf-8a3d-e7a43382654b", "state": "480", "customerId": null, "localAmount": 86, "localCurrency": "USD"}, {"chainId": "12974289951440765492", "amount": 97, "createdAt": "2019-01-05T03:54:02+00:00", "shoeSize": "7Y", "productId": null, "skuUuid": "e2f4610e-7e7f-4aaf-a011-52e039100bc7", "state": "480", "customerId": null, "localAmount": 97, "localCurrency": "USD"}, {"chainId": "12972564487626476056", "amount": 97, "createdAt": "2019-01-05T02:00:12+00:00", "shoeSize": "7Y", "productId": null, "skuUuid": "e2f4610e-7e7f-4aaf-a011-52e039100bc7", "state": "480", "customerId": null, "localAmount": 97, "localCurrency": "USD"}, {"chainId": "12974231325663627695", "amount": 90, "createdAt": "2019-01-05T01:23:47+00:00", "shoeSize": "7Y", "productId": null, "skuUuid": "e2f4610e-7e7f-4aaf-a011-52e039100bc7", "state": "480", "customerId": null, "localAmount": 90, "localCurrency": "USD"}, {"chainId": "12974230353833696710", "amount": 88, "createdAt": "2019-01-05T00:39:44+00:00", "shoeSize": "7Y", "productId": null, "skuUuid": "e2f4610e-7e7f-4aaf-a011-52e039100bc7", "state": "480", "customerId": null, "localAmount": 88, "localCurrency": "USD"}, {"chainId": "12969163437551761448", "amount": 105, "createdAt": "2019-01-02T04:46:20+00:00", "shoeSize": "7Y", "productId": null, "skuUuid": "e2f4610e-7e7f-4aaf-a011-52e039100bc7", "state": "480", "customerId": null, "localAmount": 105, "localCurrency": "USD"}, {"chainId": "12970499493860210733", "amount": 79, "createdAt": "2018-12-31T04:16:15+00:00", "shoeSize": "6Y", "productId": null, "skuUuid": "0e09f2d0-c717-4bcb-8d19-60d211d92b64", "state": "480", "customerId": null, "localAmount": 79, "localCurrency": "USD"}, {"chainId": "12967609395286980552", "amount": 79, "createdAt": "2018-12-30T10:39:40+00:00", "shoeSize": "6Y", "productId": null, "skuUuid": "0e09f2d0-c717-4bcb-8d19-60d211d92b64", "state": "480", "customerId": null, "localAmount": 79, "localCurrency": "USD"}, {"chainId": "12969163088767113406", "amount": 79, "createdAt": "2018-12-29T23:02:22+00:00", "shoeSize": "6.5Y", "productId": null, "skuUuid": "98dc24ff-3621-4bdf-8a3d-e7a43382654b", "state": "480", "customerId": null, "localAmount": 79, "localCurrency": "USD"}, {"chainId": "12968150616942824817", "amount": 108, "createdAt": "2018-12-29T17:58:04+00:00", "shoeSize": "7Y", "productId": null, "skuUuid": "e2f4610e-7e7f-4aaf-a011-52e039100bc7", "state": "480", "customerId": null, "localAmount": 108, "localCurrency": "USD"}, {"chainId": "12967609315864140067", "amount": 104, "createdAt": "2018-12-29T02:11:24+00:00", "shoeSize": "5.5Y", "productId": null, "skuUuid": "da23540a-7126-4478-9d3a-99e60e6c886e", "state": "480", "customerId": null, "localAmount": 104, "localCurrency": "USD"}, {"chainId": "12967609468316522199", "amount": 79, "createdAt": "2018-12-28T03:01:27+00:00", "shoeSize": "6.5Y", "productId": null, "skuUuid": "98dc24ff-3621-4bdf-8a3d-e7a43382654b", "state": "480", "customerId": null, "localAmount": 79, "localCurrency": "USD"}, {"chainId": "12968185545722879103", "amount": 110, "createdAt": "2018-12-28T01:38:49+00:00", "shoeSize": "7Y", "productId": null, "skuUuid": "e2f4610e-7e7f-4aaf-a011-52e039100bc7", "state": "480", "customerId": null, "localAmount": 110, "localCurrency": "USD"}, {"chainId": "12967768192503949591", "amount": 108, "createdAt": "2018-12-27T15:14:44+00:00", "shoeSize": "7Y", "productId": null, "skuUuid": "e2f4610e-7e7f-4aaf-a011-52e039100bc7", "state": "480", "customerId": null, "localAmount": 108, "localCurrency": "USD"}, {"chainId": "12967589792874801516", "amount": 105, "createdAt": "2018-12-27T05:01:27+00:00", "shoeSize": "7Y", "productId": null, "skuUuid": "e2f4610e-7e7f-4aaf-a011-52e039100bc7", "state": "480", "customerId": null, "localAmount": 105, "localCurrency": "USD"}, {"chainId": "12967609587950724949", "amount": 109, "createdAt": "2018-12-27T00:48:12+00:00", "shoeSize": "7Y", "productId": null, "skuUuid": "e2f4610e-7e7f-4aaf-a011-52e039100bc7", "state": "480", "customerId": null, "localAmount": 109, "localCurrency": "USD"}, {"chainId": "12963233544570725338", "amount": 118, "createdAt": "2018-12-25T19:01:34+00:00", "shoeSize": "7Y", "productId": null, "skuUuid": "e2f4610e-7e7f-4aaf-a011-52e039100bc7", "state": "480", "customerId": null, "localAmount": 118, "localCurrency": "USD"}, {"chainId": "12963873621633725212", "amount": 90, "createdAt": "2018-12-25T15:30:02+00:00", "shoeSize": "6Y", "productId": null, "skuUuid": "0e09f2d0-c717-4bcb-8d19-60d211d92b64", "state": "480", "customerId": null, "localAmount": 90, "localCurrency": "USD"}, {"chainId": "12964007853407476683", "amount": 109, "createdAt": "2018-12-25T09:29:34+00:00", "shoeSize": "5.5Y", "productId": null, "skuUuid": "da23540a-7126-4478-9d3a-99e60e6c886e", "state": "480", "customerId": null, "localAmount": 109, "localCurrency": "USD"}, {"chainId": "12964007944211411838", "amount": 89, "createdAt": "2018-12-25T02:11:51+00:00", "shoeSize": "6.5Y", "productId": null, "skuUuid": "98dc24ff-3621-4bdf-8a3d-e7a43382654b", "state": "480", "customerId": null, "localAmount": 89, "localCurrency": "USD"}, {"chainId": "12963361092025488281", "amount": 85, "createdAt": "2018-12-23T16:31:49+00:00", "shoeSize": "4.5Y", "productId": null, "skuUuid": "158b694a-367a-48ea-8c1d-89b15e8ea4c0", "state": "480", "customerId": null, "localAmount": 85, "localCurrency": "USD"}, {"chainId": "12964008049095423897", "amount": 89, "createdAt": "2018-12-23T01:18:27+00:00", "shoeSize": "6Y", "productId": null, "skuUuid": "0e09f2d0-c717-4bcb-8d19-60d211d92b64", "state": "480", "customerId": null, "localAmount": 89, "localCurrency": "USD"}, {"chainId": "12963361836157257123", "amount": 90, "createdAt": "2018-12-22T20:14:54+00:00", "shoeSize": "7Y", "productId": null, "skuUuid": "e2f4610e-7e7f-4aaf-a011-52e039100bc7", "state": "480", "customerId": null, "localAmount": 90, "localCurrency": "USD"}, {"chainId": "12963360869013049136", "amount": 92, "createdAt": "2018-12-22T13:26:25+00:00", "shoeSize": "4Y", "productId": null, "skuUuid": "f63570bc-c8f5-4a4d-82bb-db928dae2c55", "state": "480", "customerId": null, "localAmount": 92, "localCurrency": "USD"}, {"chainId": "12964007698798522255", "amount": 94, "createdAt": "2018-12-22T01:09:33+00:00", "shoeSize": "7Y", "productId": null, "skuUuid": "e2f4610e-7e7f-4aaf-a011-52e039100bc7", "state": "480", "customerId": null, "localAmount": 94, "localCurrency": "USD"}, {"chainId": "12964090329955192921", "amount": 51, "createdAt": "2018-12-22T00:53:19+00:00", "shoeSize": "6.5Y", "productId": null, "skuUuid": "98dc24ff-3621-4bdf-8a3d-e7a43382654b", "state": "480", "customerId": null, "localAmount": 51, "localCurrency": "USD"}, {"chainId": "12963775452817286366", "amount": 90, "createdAt": "2018-12-21T22:35:54+00:00", "shoeSize": "7Y", "productId": null, "skuUuid": "e2f4610e-7e7f-4aaf-a011-52e039100bc7", "state": "480", "customerId": null, "localAmount": 90, "localCurrency": "USD"}, {"chainId": "12963361296184014730", "amount": 100, "createdAt": "2018-12-21T07:07:27+00:00", "shoeSize": "6Y", "productId": null, "skuUuid": "0e09f2d0-c717-4bcb-8d19-60d211d92b64", "state": "480", "customerId": null, "localAmount": 100, "localCurrency": "USD"}, {"chainId": "12962478256216413195", "amount": 110, "createdAt": "2018-12-19T19:30:26+00:00", "shoeSize": "4.5Y", "productId": null, "skuUuid": "158b694a-367a-48ea-8c1d-89b15e8ea4c0", "state": "480", "customerId": null, "localAmount": 110, "localCurrency": "USD"}, {"chainId": "12962477976425391223", "amount": 100, "createdAt": "2018-12-19T19:29:53+00:00", "shoeSize": "7Y", "productId": null, "skuUuid": "e2f4610e-7e7f-4aaf-a011-52e039100bc7", "state": "480", "customerId": null, "localAmount": 100, "localCurrency": "USD"}, {"chainId": "12959756455362401636", "amount": 115, "createdAt": "2018-12-19T19:08:56+00:00", "shoeSize": "7Y", "productId": null, "skuUuid": "e2f4610e-7e7f-4aaf-a011-52e039100bc7", "state": "480", "customerId": null, "localAmount": 115, "localCurrency": "USD"}, {"chainId": "12940744061486619657", "amount": 105, "createdAt": "2018-12-17T15:50:53+00:00", "shoeSize": "5Y", "productId": null, "skuUuid": "9cbb8138-7f4a-47eb-b201-49eaf1addd58", "state": "480", "customerId": null, "localAmount": 105, "localCurrency": "USD"}, {"chainId": "12956953420325776236", "amount": 130, "createdAt": "2018-12-15T23:33:15+00:00", "shoeSize": "7Y", "productId": null, "skuUuid": "e2f4610e-7e7f-4aaf-a011-52e039100bc7", "state": "480", "customerId": null, "localAmount": 130, "localCurrency": "USD"}, {"chainId": "12958240321425501558", "amount": 100, "createdAt": "2018-12-13T23:10:25+00:00", "shoeSize": "7Y", "productId": null, "skuUuid": "e2f4610e-7e7f-4aaf-a011-52e039100bc7", "state": "480", "customerId": null, "localAmount": 100, "localCurrency": "USD"}, {"chainId": "12948135875978636295", "amount": 99, "createdAt": "2018-12-12T19:42:56+00:00", "shoeSize": "4.5Y", "productId": null, "skuUuid": "158b694a-367a-48ea-8c1d-89b15e8ea4c0", "state": "480", "customerId": null, "localAmount": 99, "localCurrency": "USD"}, {"chainId": "12956633744352481742", "amount": 125, "createdAt": "2018-12-12T03:42:20+00:00", "shoeSize": "7Y", "productId": null, "skuUuid": "e2f4610e-7e7f-4aaf-a011-52e039100bc7", "state": "480", "customerId": null, "localAmount": 125, "localCurrency": "USD"}, {"chainId": "12950797355263093171", "amount": 120, "createdAt": "2018-12-11T17:57:33+00:00", "shoeSize": "7Y", "productId": null, "skuUuid": "e2f4610e-7e7f-4aaf-a011-52e039100bc7", "state": "480", "customerId": null, "localAmount": 120, "localCurrency": "USD"}, {"chainId": "12946363730195155831", "amount": 104, "createdAt": "2018-12-11T14:22:45+00:00", "shoeSize": "5.5Y", "productId": null, "skuUuid": "da23540a-7126-4478-9d3a-99e60e6c886e", "state": "480", "customerId": null, "localAmount": 104, "localCurrency": "USD"}, {"chainId": "12948853818286654024", "amount": 115, "createdAt": "2018-12-08T21:29:07+00:00", "shoeSize": "6.5Y", "productId": null, "skuUuid": "98dc24ff-3621-4bdf-8a3d-e7a43382654b", "state": "480", "customerId": null, "localAmount": 115, "localCurrency": "USD"}, {"chainId": "12948135793830817520", "amount": 110, "createdAt": "2018-12-08T18:33:44+00:00", "shoeSize": "4Y", "productId": null, "skuUuid": "f63570bc-c8f5-4a4d-82bb-db928dae2c55", "state": "480", "customerId": null, "localAmount": 110, "localCurrency": "USD"}, {"chainId": "12929935970060186036", "amount": 143, "createdAt": "2018-12-08T15:48:02+00:00", "shoeSize": "6Y", "productId": null, "skuUuid": "0e09f2d0-c717-4bcb-8d19-60d211d92b64", "state": "480", "customerId": null, "localAmount": 143, "localCurrency": "USD"}, {"chainId": "12953898389508554087", "amount": 87, "createdAt": "2018-12-07T23:23:47+00:00", "shoeSize": "7Y", "productId": null, "skuUuid": "e2f4610e-7e7f-4aaf-a011-52e039100bc7", "state": "480", "customerId": null, "localAmount": 87, "localCurrency": "USD"}, {"chainId": "12953898202843505654", "amount": 90, "createdAt": "2018-12-07T23:23:23+00:00", "shoeSize": "6.5Y", "productId": null, "skuUuid": "98dc24ff-3621-4bdf-8a3d-e7a43382654b", "state": "480", "customerId": null, "localAmount": 90, "localCurrency": "USD"}, {"chainId": "12953897968074162382", "amount": 85, "createdAt": "2018-12-07T23:22:57+00:00", "shoeSize": "6Y", "productId": null, "skuUuid": "0e09f2d0-c717-4bcb-8d19-60d211d92b64", "state": "480", "customerId": null, "localAmount": 85, "localCurrency": "USD"}, {"chainId": "12949369789313764709", "amount": 100, "createdAt": "2018-12-07T18:14:36+00:00", "shoeSize": "5.5Y", "productId": null, "skuUuid": "da23540a-7126-4478-9d3a-99e60e6c886e", "state": "480", "customerId": null, "localAmount": 100, "localCurrency": "USD"}, {"chainId": "12946363947778094264", "amount": 104, "createdAt": "2018-12-07T01:06:06+00:00", "shoeSize": "6Y", "productId": null, "skuUuid": "0e09f2d0-c717-4bcb-8d19-60d211d92b64", "state": "480", "customerId": null, "localAmount": 104, "localCurrency": "USD"}, {"chainId": "12951763819792019499", "amount": 108, "createdAt": "2018-12-06T23:38:41+00:00", "shoeSize": "6.5Y", "productId": null, "skuUuid": "98dc24ff-3621-4bdf-8a3d-e7a43382654b", "state": "480", "customerId": null, "localAmount": 108, "localCurrency": "USD"}, {"chainId": "12952255888800195751", "amount": 99, "createdAt": "2018-12-05T17:06:56+00:00", "shoeSize": "6.5Y", "productId": null, "skuUuid": "98dc24ff-3621-4bdf-8a3d-e7a43382654b", "state": "480", "customerId": null, "localAmount": 99, "localCurrency": "USD"}, {"chainId": "12948135952082219936", "amount": 99, "createdAt": "2018-12-05T16:14:48+00:00", "shoeSize": "5.5Y", "productId": null, "skuUuid": "da23540a-7126-4478-9d3a-99e60e6c886e", "state": "480", "customerId": null, "localAmount": 99, "localCurrency": "USD"}, {"chainId": "12929083126700994063", "amount": 99, "createdAt": "2018-12-05T01:03:32+00:00", "shoeSize": "5.5Y", "productId": null, "skuUuid": "da23540a-7126-4478-9d3a-99e60e6c886e", "state": "480", "customerId": null, "localAmount": 99, "localCurrency": "USD"}, {"chainId": "12947211022028875799", "amount": 103, "createdAt": "2018-12-04T17:16:53+00:00", "shoeSize": "6.5Y", "productId": null, "skuUuid": "98dc24ff-3621-4bdf-8a3d-e7a43382654b", "state": "480", "customerId": null, "localAmount": 103, "localCurrency": "USD"}, {"chainId": "12947210721072073507", "amount": 120, "createdAt": "2018-12-04T02:15:52+00:00", "shoeSize": "7Y", "productId": null, "skuUuid": "e2f4610e-7e7f-4aaf-a011-52e039100bc7", "state": "480", "customerId": null, "localAmount": 120, "localCurrency": "USD"}, {"chainId": "12946647119259410270", "amount": 99, "createdAt": "2018-12-03T21:42:43+00:00", "shoeSize": "6Y", "productId": null, "skuUuid": "0e09f2d0-c717-4bcb-8d19-60d211d92b64", "state": "480", "customerId": null, "localAmount": 99, "localCurrency": "USD"}, {"chainId": "12936436208798066043", "amount": 115, "createdAt": "2018-12-03T01:48:43+00:00", "shoeSize": "7Y", "productId": null, "skuUuid": "e2f4610e-7e7f-4aaf-a011-52e039100bc7", "state": "480", "customerId": null, "localAmount": 115, "localCurrency": "USD"}, {"chainId": "12949369930499943343", "amount": 99, "createdAt": "2018-12-02T03:16:34+00:00", "shoeSize": "6Y", "productId": null, "skuUuid": "0e09f2d0-c717-4bcb-8d19-60d211d92b64", "state": "480", "customerId": null, "localAmount": 99, "localCurrency": "USD"}, {"chainId": "12949369614889825008", "amount": 99.5438, "createdAt": "2018-12-01T19:35:47+00:00", "shoeSize": "5Y", "productId": null, "skuUuid": "9cbb8138-7f4a-47eb-b201-49eaf1addd58", "state": "480", "customerId": null, "localAmount": 100, "localCurrency": "USD"}, {"chainId": "12947489853132680560", "amount": 99, "createdAt": "2018-12-01T07:06:28+00:00", "shoeSize": "5.5Y", "productId": null, "skuUuid": "da23540a-7126-4478-9d3a-99e60e6c886e", "state": "480", "customerId": null, "localAmount": 99, "localCurrency": "USD"}, {"chainId": "12946657632113484913", "amount": 101, "createdAt": "2018-12-01T03:24:02+00:00", "shoeSize": "6.5Y", "productId": null, "skuUuid": "98dc24ff-3621-4bdf-8a3d-e7a43382654b", "state": "480", "customerId": null, "localAmount": 101, "localCurrency": "USD"}, {"chainId": "12946657733204741411", "amount": 105, "createdAt": "2018-11-30T21:47:03+00:00", "shoeSize": "7Y", "productId": null, "skuUuid": "e2f4610e-7e7f-4aaf-a011-52e039100bc7", "state": "480", "customerId": null, "localAmount": 105, "localCurrency": "USD"}, {"chainId": "12946364332987186780", "amount": 105, "createdAt": "2018-11-30T21:46:32+00:00", "shoeSize": "7Y", "productId": null, "skuUuid": "e2f4610e-7e7f-4aaf-a011-52e039100bc7", "state": "480", "customerId": null, "localAmount": 105, "localCurrency": "USD"}, {"chainId": "12948136033443287939", "amount": 99, "createdAt": "2018-11-30T21:44:40+00:00", "shoeSize": "6.5Y", "productId": null, "skuUuid": "98dc24ff-3621-4bdf-8a3d-e7a43382654b", "state": "480", "customerId": null, "localAmount": 99, "localCurrency": "USD"}, {"chainId": "12947490415022415709", "amount": 99, "createdAt": "2018-11-30T21:43:26+00:00", "shoeSize": "6Y", "productId": null, "skuUuid": "0e09f2d0-c717-4bcb-8d19-60d211d92b64", "state": "480", "customerId": null, "localAmount": 99, "localCurrency": "USD"}, {"chainId": "12947489411025017731", "amount": 99, "createdAt": "2018-11-30T18:41:39+00:00", "shoeSize": "5Y", "productId": null, "skuUuid": "9cbb8138-7f4a-47eb-b201-49eaf1addd58", "state": "480", "customerId": null, "localAmount": 99, "localCurrency": "USD"}, {"chainId": "12948667088790355617", "amount": 86, "createdAt": "2018-11-30T18:10:07+00:00", "shoeSize": "7Y", "productId": null, "skuUuid": "e2f4610e-7e7f-4aaf-a011-52e039100bc7", "state": "480", "customerId": null, "localAmount": 86, "localCurrency": "USD"}, {"chainId": "12948666781190277643", "amount": 86, "createdAt": "2018-11-30T18:09:29+00:00", "shoeSize": "7Y", "productId": null, "skuUuid": "e2f4610e-7e7f-4aaf-a011-52e039100bc7", "state": "480", "customerId": null, "localAmount": 86, "localCurrency": "USD"}, {"chainId": "12948666590178872069", "amount": 85, "createdAt": "2018-11-30T18:09:06+00:00", "shoeSize": "6.5Y", "productId": null, "skuUuid": "98dc24ff-3621-4bdf-8a3d-e7a43382654b", "state": "480", "customerId": null, "localAmount": 85, "localCurrency": "USD"}, {"chainId": "12948666287258012116", "amount": 85, "createdAt": "2018-11-30T18:08:30+00:00", "shoeSize": "6Y", "productId": null, "skuUuid": "0e09f2d0-c717-4bcb-8d19-60d211d92b64", "state": "480", "customerId": null, "localAmount": 85, "localCurrency": "USD"}, {"chainId": "12947490717727050562", "amount": 99, "createdAt": "2018-11-30T15:45:02+00:00", "shoeSize": "6.5Y", "productId": null, "skuUuid": "98dc24ff-3621-4bdf-8a3d-e7a43382654b", "state": "480", "customerId": null, "localAmount": 99, "localCurrency": "USD"}, {"chainId": "12947491268632154584", "amount": 99, "createdAt": "2018-11-30T12:48:26+00:00", "shoeSize": "7Y", "productId": null, "skuUuid": "e2f4610e-7e7f-4aaf-a011-52e039100bc7", "state": "480", "customerId": null, "localAmount": 99, "localCurrency": "USD"}, {"chainId": "12947490814925809356", "amount": 95, "createdAt": "2018-11-30T02:10:23+00:00", "shoeSize": "7Y", "productId": null, "skuUuid": "e2f4610e-7e7f-4aaf-a011-52e039100bc7", "state": "480", "customerId": null, "localAmount": 95, "localCurrency": "USD"}, {"chainId": "12947488810672366314", "amount": 99, "createdAt": "2018-11-29T20:32:34+00:00", "shoeSize": "4Y", "productId": null, "skuUuid": "f63570bc-c8f5-4a4d-82bb-db928dae2c55", "state": "480", "customerId": null, "localAmount": 99, "localCurrency": "USD"}, {"chainId": "12947491126430001248", "amount": 93, "createdAt": "2018-11-29T03:13:42+00:00", "shoeSize": "7Y", "productId": null, "skuUuid": "e2f4610e-7e7f-4aaf-a011-52e039100bc7", "state": "480", "customerId": null, "localAmount": 93, "localCurrency": "USD"}, {"chainId": "12947490947375683200", "amount": 94, "createdAt": "2018-11-29T03:13:20+00:00", "shoeSize": "7Y", "productId": null, "skuUuid": "e2f4610e-7e7f-4aaf-a011-52e039100bc7", "state": "480", "customerId": null, "localAmount": 94, "localCurrency": "USD"}, {"chainId": "12947490532696538518", "amount": 95, "createdAt": "2018-11-29T03:12:29+00:00", "shoeSize": "6.5Y", "productId": null, "skuUuid": "98dc24ff-3621-4bdf-8a3d-e7a43382654b", "state": "480", "customerId": null, "localAmount": 95, "localCurrency": "USD"}, {"chainId": "12947490266945180188", "amount": 90.9447, "createdAt": "2018-11-29T03:11:59+00:00", "shoeSize": "6Y", "productId": null, "skuUuid": "0e09f2d0-c717-4bcb-8d19-60d211d92b64", "state": "480", "customerId": null, "localAmount": 91, "localCurrency": "USD"}, {"chainId": "12947489526938655357", "amount": 91, "createdAt": "2018-11-29T03:10:29+00:00", "shoeSize": "5.5Y", "productId": null, "skuUuid": "da23540a-7126-4478-9d3a-99e60e6c886e", "state": "480", "customerId": null, "localAmount": 91, "localCurrency": "USD"}, {"chainId": "12947489186235020271", "amount": 90, "createdAt": "2018-11-29T03:09:53+00:00", "shoeSize": "5Y", "productId": null, "skuUuid": "9cbb8138-7f4a-47eb-b201-49eaf1addd58", "state": "480", "customerId": null, "localAmount": 90, "localCurrency": "USD"}, {"chainId": "12947488545815511466", "amount": 109, "createdAt": "2018-11-29T03:08:34+00:00", "shoeSize": "4.5Y", "productId": null, "skuUuid": "158b694a-367a-48ea-8c1d-89b15e8ea4c0", "state": "480", "customerId": null, "localAmount": 109, "localCurrency": "USD"}, {"chainId": "12930583803599059348", "amount": 100, "createdAt": "2018-11-27T23:26:33+00:00", "shoeSize": "6.5Y", "productId": null, "skuUuid": "98dc24ff-3621-4bdf-8a3d-e7a43382654b", "state": "480", "customerId": null, "localAmount": 100, "localCurrency": "USD"}, {"chainId": "12930584064484260497", "amount": 100, "createdAt": "2018-11-27T23:24:47+00:00", "shoeSize": "7Y", "productId": null, "skuUuid": "e2f4610e-7e7f-4aaf-a011-52e039100bc7", "state": "480", "customerId": null, "localAmount": 100, "localCurrency": "USD"}, {"chainId": "12946364175003024329", "amount": 105, "createdAt": "2018-11-27T21:46:00+00:00", "shoeSize": "6.5Y", "productId": null, "skuUuid": "98dc24ff-3621-4bdf-8a3d-e7a43382654b", "state": "480", "customerId": null, "localAmount": 105, "localCurrency": "USD"}, {"chainId": "12930583933818608346", "amount": 105, "createdAt": "2018-11-26T04:21:53+00:00", "shoeSize": "6Y", "productId": null, "skuUuid": "0e09f2d0-c717-4bcb-8d19-60d211d92b64", "state": "480", "customerId": null, "localAmount": 105, "localCurrency": "USD"}, {"chainId": "12939400083212833352", "amount": 110, "createdAt": "2018-11-26T04:14:30+00:00", "shoeSize": "4.5Y", "productId": null, "skuUuid": "158b694a-367a-48ea-8c1d-89b15e8ea4c0", "state": "480", "customerId": null, "localAmount": 110, "localCurrency": "USD"}, {"chainId": "12944316745336224793", "amount": 80, "createdAt": "2018-11-25T21:32:58+00:00", "shoeSize": "6Y", "productId": null, "skuUuid": "0e09f2d0-c717-4bcb-8d19-60d211d92b64", "state": "480", "customerId": null, "localAmount": 80, "localCurrency": "USD"}, {"chainId": "12944582926879963730", "amount": 100, "createdAt": "2018-11-25T20:38:03+00:00", "shoeSize": "5Y", "productId": null, "skuUuid": "9cbb8138-7f4a-47eb-b201-49eaf1addd58", "state": "480", "customerId": null, "localAmount": 100, "localCurrency": "USD"}, {"chainId": "12940743833956726172", "amount": 110, "createdAt": "2018-11-24T03:03:37+00:00", "shoeSize": "4Y", "productId": null, "skuUuid": "f63570bc-c8f5-4a4d-82bb-db928dae2c55", "state": "480", "customerId": null, "localAmount": 110, "localCurrency": "USD"}, {"chainId": "12932294748831648844", "amount": 105, "createdAt": "2018-11-24T00:56:43+00:00", "shoeSize": "6Y", "productId": null, "skuUuid": "0e09f2d0-c717-4bcb-8d19-60d211d92b64", "state": "480", "customerId": null, "localAmount": 105, "localCurrency": "USD"}, {"chainId": "12940692384879938779", "amount": 109, "createdAt": "2018-11-23T23:49:32+00:00", "shoeSize": "6.5Y", "productId": null, "skuUuid": "98dc24ff-3621-4bdf-8a3d-e7a43382654b", "state": "480", "customerId": null, "localAmount": 109, "localCurrency": "USD"}, {"chainId": "12932294564485401164", "amount": 105, "createdAt": "2018-11-23T22:55:37+00:00", "shoeSize": "5.5Y", "productId": null, "skuUuid": "da23540a-7126-4478-9d3a-99e60e6c886e", "state": "480", "customerId": null, "localAmount": 105, "localCurrency": "USD"}, {"chainId": "12930583577061491258", "amount": 105, "createdAt": "2018-11-23T22:32:49+00:00", "shoeSize": "5.5Y", "productId": null, "skuUuid": "da23540a-7126-4478-9d3a-99e60e6c886e", "state": "480", "customerId": null, "localAmount": 105, "localCurrency": "USD"}, {"chainId": "12932294655812516418", "amount": 105, "createdAt": "2018-11-23T21:22:36+00:00", "shoeSize": "6Y", "productId": null, "skuUuid": "0e09f2d0-c717-4bcb-8d19-60d211d92b64", "state": "480", "customerId": null, "localAmount": 105, "localCurrency": "USD"}, {"chainId": "12940743946752015762", "amount": 105, "createdAt": "2018-11-23T15:16:32+00:00", "shoeSize": "4.5Y", "productId": null, "skuUuid": "158b694a-367a-48ea-8c1d-89b15e8ea4c0", "state": "480", "customerId": null, "localAmount": 105, "localCurrency": "USD"}, {"chainId": "12940744178260167967", "amount": 105, "createdAt": "2018-11-23T12:55:04+00:00", "shoeSize": "6.5Y", "productId": null, "skuUuid": "98dc24ff-3621-4bdf-8a3d-e7a43382654b", "state": "480", "customerId": null, "localAmount": 105, "localCurrency": "USD"}, {"chainId": "12936436029481845705", "amount": 104, "createdAt": "2018-11-22T23:51:07+00:00", "shoeSize": "6Y", "productId": null, "skuUuid": "0e09f2d0-c717-4bcb-8d19-60d211d92b64", "state": "480", "customerId": null, "localAmount": 104, "localCurrency": "USD"}, {"chainId": "12940851790843097484", "amount": 110, "createdAt": "2018-11-22T17:47:40+00:00", "shoeSize": "7Y", "productId": null, "skuUuid": "e2f4610e-7e7f-4aaf-a011-52e039100bc7", "state": "480", "customerId": null, "localAmount": 110, "localCurrency": "USD"}, {"chainId": "12936435939414376671", "amount": 104, "createdAt": "2018-11-22T01:46:46+00:00", "shoeSize": "6Y", "productId": null, "skuUuid": "0e09f2d0-c717-4bcb-8d19-60d211d92b64", "state": "480", "customerId": null, "localAmount": 104, "localCurrency": "USD"}, {"chainId": "12939933229588769273", "amount": 100, "createdAt": "2018-11-19T22:44:52+00:00", "shoeSize": "6Y", "productId": null, "skuUuid": "0e09f2d0-c717-4bcb-8d19-60d211d92b64", "state": "480", "customerId": null, "localAmount": 100, "localCurrency": "USD"}, {"chainId": "12940743552485550667", "amount": 95, "createdAt": "2018-11-19T19:47:31+00:00", "shoeSize": "4.5Y", "productId": null, "skuUuid": "158b694a-367a-48ea-8c1d-89b15e8ea4c0", "state": "480", "customerId": null, "localAmount": 95, "localCurrency": "USD"}, {"chainId": "12940743108442883750", "amount": 90, "createdAt": "2018-11-19T19:46:38+00:00", "shoeSize": "4Y", "productId": null, "skuUuid": "f63570bc-c8f5-4a4d-82bb-db928dae2c55", "state": "480", "customerId": null, "localAmount": 90, "localCurrency": "USD"}, {"chainId": "12937064854091681471", "amount": 97, "createdAt": "2018-11-19T17:54:24+00:00", "shoeSize": "5Y", "productId": null, "skuUuid": "9cbb8138-7f4a-47eb-b201-49eaf1addd58", "state": "480", "customerId": null, "localAmount": 97, "localCurrency": "USD"}, {"chainId": "12932294429667022473", "amount": 105, "createdAt": "2018-11-19T15:41:58+00:00", "shoeSize": "5.5Y", "productId": null, "skuUuid": "da23540a-7126-4478-9d3a-99e60e6c886e", "state": "480", "customerId": null, "localAmount": 105, "localCurrency": "USD"}, {"chainId": "12939970861665283737", "amount": 99, "createdAt": "2018-11-19T12:24:54+00:00", "shoeSize": "6Y", "productId": null, "skuUuid": "0e09f2d0-c717-4bcb-8d19-60d211d92b64", "state": "480", "customerId": null, "localAmount": 99, "localCurrency": "USD"}, {"chainId": "12938006777464532433", "amount": 104, "createdAt": "2018-11-18T23:04:00+00:00", "shoeSize": "5.5Y", "productId": null, "skuUuid": "da23540a-7126-4478-9d3a-99e60e6c886e", "state": "480", "customerId": null, "localAmount": 104, "localCurrency": "USD"}, {"chainId": "12935851909575549425", "amount": 104, "createdAt": "2018-11-18T04:31:22+00:00", "shoeSize": "6Y", "productId": null, "skuUuid": "0e09f2d0-c717-4bcb-8d19-60d211d92b64", "state": "480", "customerId": null, "localAmount": 104, "localCurrency": "USD"}, {"chainId": "12932294022379057491", "amount": 101, "createdAt": "2018-11-17T21:19:44+00:00", "shoeSize": "4.5Y", "productId": null, "skuUuid": "158b694a-367a-48ea-8c1d-89b15e8ea4c0", "state": "480", "customerId": null, "localAmount": 101, "localCurrency": "USD"}, {"chainId": "12937374863755182899", "amount": 108, "createdAt": "2018-11-17T20:07:35+00:00", "shoeSize": "7Y", "productId": null, "skuUuid": "e2f4610e-7e7f-4aaf-a011-52e039100bc7", "state": "480", "customerId": null, "localAmount": 108, "localCurrency": "USD"}, {"chainId": "12933058545145628447", "amount": 105, "createdAt": "2018-11-17T00:16:33+00:00", "shoeSize": "6.5Y", "productId": null, "skuUuid": "98dc24ff-3621-4bdf-8a3d-e7a43382654b", "state": "480", "customerId": null, "localAmount": 105, "localCurrency": "USD"}, {"chainId": "12927923232498426925", "amount": 115, "createdAt": "2018-11-16T17:56:50+00:00", "shoeSize": "4Y", "productId": null, "skuUuid": "f63570bc-c8f5-4a4d-82bb-db928dae2c55", "state": "480", "customerId": null, "localAmount": 115, "localCurrency": "USD"}, {"chainId": "12936682156900846953", "amount": 105, "createdAt": "2018-11-16T15:45:18+00:00", "shoeSize": "7Y", "productId": null, "skuUuid": "e2f4610e-7e7f-4aaf-a011-52e039100bc7", "state": "480", "customerId": null, "localAmount": 105, "localCurrency": "USD"}, {"chainId": "12935101800794065255", "amount": 95, "createdAt": "2018-11-15T18:10:44+00:00", "shoeSize": "6.5Y", "productId": null, "skuUuid": "98dc24ff-3621-4bdf-8a3d-e7a43382654b", "state": "480", "customerId": null, "localAmount": 95, "localCurrency": "USD"}, {"chainId": "12915938584430344554", "amount": 105, "createdAt": "2018-11-15T04:13:59+00:00", "shoeSize": "4Y", "productId": null, "skuUuid": "f63570bc-c8f5-4a4d-82bb-db928dae2c55", "state": "480", "customerId": null, "localAmount": 105, "localCurrency": "USD"}, {"chainId": "12932293932198402484", "amount": 101, "createdAt": "2018-11-14T23:15:07+00:00", "shoeSize": "4.5Y", "productId": null, "skuUuid": "158b694a-367a-48ea-8c1d-89b15e8ea4c0", "state": "480", "customerId": null, "localAmount": 101, "localCurrency": "USD"}, {"chainId": "12932294277370074966", "amount": 105, "createdAt": "2018-11-14T19:57:06+00:00", "shoeSize": "5Y", "productId": null, "skuUuid": "9cbb8138-7f4a-47eb-b201-49eaf1addd58", "state": "480", "customerId": null, "localAmount": 105, "localCurrency": "USD"}, {"chainId": "12928978357501296349", "amount": 120, "createdAt": "2018-11-13T14:19:56+00:00", "shoeSize": "7Y", "productId": null, "skuUuid": "e2f4610e-7e7f-4aaf-a011-52e039100bc7", "state": "480", "customerId": null, "localAmount": 120, "localCurrency": "USD"}, {"chainId": "12935851791819742520", "amount": 90, "createdAt": "2018-11-13T01:48:25+00:00", "shoeSize": "6Y", "productId": null, "skuUuid": "0e09f2d0-c717-4bcb-8d19-60d211d92b64", "state": "480", "customerId": null, "localAmount": 90, "localCurrency": "USD"}, {"chainId": "12935851672943549098", "amount": 87, "createdAt": "2018-11-13T01:48:09+00:00", "shoeSize": "5.5Y", "productId": null, "skuUuid": "da23540a-7126-4478-9d3a-99e60e6c886e", "state": "480", "customerId": null, "localAmount": 87, "localCurrency": "USD"}, {"chainId": "12932954434677965384", "amount": 104, "createdAt": "2018-11-12T21:40:09+00:00", "shoeSize": "6Y", "productId": null, "skuUuid": "0e09f2d0-c717-4bcb-8d19-60d211d92b64", "state": "480", "customerId": null, "localAmount": 104, "localCurrency": "USD"}, {"chainId": "12935653602811991836", "amount": 85, "createdAt": "2018-11-12T19:14:36+00:00", "shoeSize": "7Y", "productId": null, "skuUuid": "e2f4610e-7e7f-4aaf-a011-52e039100bc7", "state": "480", "customerId": null, "localAmount": 85, "localCurrency": "USD"}, {"chainId": "12935653499150095406", "amount": 90, "createdAt": "2018-11-12T19:14:27+00:00", "shoeSize": "7Y", "productId": null, "skuUuid": "e2f4610e-7e7f-4aaf-a011-52e039100bc7", "state": "480", "customerId": null, "localAmount": 90, "localCurrency": "USD"}, {"chainId": "12935653403773066590", "amount": 96, "createdAt": "2018-11-12T19:14:16+00:00", "shoeSize": "7Y", "productId": null, "skuUuid": "e2f4610e-7e7f-4aaf-a011-52e039100bc7", "state": "480", "customerId": null, "localAmount": 96, "localCurrency": "USD"}, {"chainId": "12935653202564370764", "amount": 95, "createdAt": "2018-11-12T19:13:51+00:00", "shoeSize": "6.5Y", "productId": null, "skuUuid": "98dc24ff-3621-4bdf-8a3d-e7a43382654b", "state": "480", "customerId": null, "localAmount": 95, "localCurrency": "USD"}, {"chainId": "12935652946162418035", "amount": 97, "createdAt": "2018-11-12T19:13:19+00:00", "shoeSize": "6.5Y", "productId": null, "skuUuid": "98dc24ff-3621-4bdf-8a3d-e7a43382654b", "state": "480", "customerId": null, "localAmount": 97, "localCurrency": "USD"}, {"chainId": "12932913017533700064", "amount": 90, "createdAt": "2018-11-12T16:40:05+00:00", "shoeSize": "5.5Y", "productId": null, "skuUuid": "da23540a-7126-4478-9d3a-99e60e6c886e", "state": "480", "customerId": null, "localAmount": 90, "localCurrency": "USD"}, {"chainId": "12932295008965040710", "amount": 110, "createdAt": "2018-11-12T16:07:30+00:00", "shoeSize": "7Y", "productId": null, "skuUuid": "e2f4610e-7e7f-4aaf-a011-52e039100bc7", "state": "480", "customerId": null, "localAmount": 110, "localCurrency": "USD"}, {"chainId": "12932294934287183700", "amount": 110, "createdAt": "2018-11-12T07:50:22+00:00", "shoeSize": "7Y", "productId": null, "skuUuid": "e2f4610e-7e7f-4aaf-a011-52e039100bc7", "state": "480", "customerId": null, "localAmount": 110, "localCurrency": "USD"}, {"chainId": "12926813332759851373", "amount": 110, "createdAt": "2018-11-12T01:51:59+00:00", "shoeSize": "4Y", "productId": null, "skuUuid": "f63570bc-c8f5-4a4d-82bb-db928dae2c55", "state": "480", "customerId": null, "localAmount": 110, "localCurrency": "USD"}, {"chainId": "12929082887896683618", "amount": 95, "createdAt": "2018-11-12T01:50:02+00:00", "shoeSize": "4Y", "productId": null, "skuUuid": "f63570bc-c8f5-4a4d-82bb-db928dae2c55", "state": "480", "customerId": null, "localAmount": 95, "localCurrency": "USD"}, {"chainId": "12934447625425429900", "amount": 109, "createdAt": "2018-11-11T21:16:34+00:00", "shoeSize": "7Y", "productId": null, "skuUuid": "e2f4610e-7e7f-4aaf-a011-52e039100bc7", "state": "480", "customerId": null, "localAmount": 109, "localCurrency": "USD"}, {"chainId": "12934833518002131345", "amount": 100, "createdAt": "2018-11-11T16:05:15+00:00", "shoeSize": "6Y", "productId": null, "skuUuid": "0e09f2d0-c717-4bcb-8d19-60d211d92b64", "state": "480", "customerId": null, "localAmount": 100, "localCurrency": "USD"}, {"chainId": "12934447801560118647", "amount": 104, "createdAt": "2018-11-11T04:07:58+00:00", "shoeSize": "6.5Y", "productId": null, "skuUuid": "98dc24ff-3621-4bdf-8a3d-e7a43382654b", "state": "480", "customerId": null, "localAmount": 104, "localCurrency": "USD"}, {"chainId": "12934338403525182297", "amount": 100, "createdAt": "2018-11-10T23:41:34+00:00", "shoeSize": "7Y", "productId": null, "skuUuid": "e2f4610e-7e7f-4aaf-a011-52e039100bc7", "state": "480", "customerId": null, "localAmount": 100, "localCurrency": "USD"}, {"chainId": "12934129095823209145", "amount": 105, "createdAt": "2018-11-10T16:45:42+00:00", "shoeSize": "7Y", "productId": null, "skuUuid": "e2f4610e-7e7f-4aaf-a011-52e039100bc7", "state": "480", "customerId": null, "localAmount": 105, "localCurrency": "USD"}, {"chainId": "12932294110044164303", "amount": 105, "createdAt": "2018-11-09T18:49:15+00:00", "shoeSize": "5Y", "productId": null, "skuUuid": "9cbb8138-7f4a-47eb-b201-49eaf1addd58", "state": "480", "customerId": null, "localAmount": 105, "localCurrency": "USD"}, {"chainId": "12933105497192146078", "amount": 109, "createdAt": "2018-11-09T17:19:11+00:00", "shoeSize": "7Y", "productId": null, "skuUuid": "e2f4610e-7e7f-4aaf-a011-52e039100bc7", "state": "480", "customerId": null, "localAmount": 109, "localCurrency": "USD"}, {"chainId": "12929082968374956973", "amount": 101, "createdAt": "2018-11-09T12:01:40+00:00", "shoeSize": "4.5Y", "productId": null, "skuUuid": "158b694a-367a-48ea-8c1d-89b15e8ea4c0", "state": "480", "customerId": null, "localAmount": 101, "localCurrency": "USD"}, {"chainId": "12932294859382044762", "amount": 105, "createdAt": "2018-11-09T04:45:51+00:00", "shoeSize": "6.5Y", "productId": null, "skuUuid": "98dc24ff-3621-4bdf-8a3d-e7a43382654b", "state": "480", "customerId": null, "localAmount": 105, "localCurrency": "USD"}, {"chainId": "12932954228182079034", "amount": 99, "createdAt": "2018-11-09T01:51:27+00:00", "shoeSize": "6Y", "productId": null, "skuUuid": "0e09f2d0-c717-4bcb-8d19-60d211d92b64", "state": "480", "customerId": null, "localAmount": 99, "localCurrency": "USD"}, {"chainId": "12932954094449835653", "amount": 100, "createdAt": "2018-11-09T01:51:12+00:00", "shoeSize": "6Y", "productId": null, "skuUuid": "0e09f2d0-c717-4bcb-8d19-60d211d92b64", "state": "480", "customerId": null, "localAmount": 100, "localCurrency": "USD"}, {"chainId": "12932305046871490632", "amount": 104, "createdAt": "2018-11-09T01:38:30+00:00", "shoeSize": "6Y", "productId": null, "skuUuid": "0e09f2d0-c717-4bcb-8d19-60d211d92b64", "state": "480", "customerId": null, "localAmount": 104, "localCurrency": "USD"}, {"chainId": "12931241127743624724", "amount": 104, "createdAt": "2018-11-09T00:19:33+00:00", "shoeSize": "5.5Y", "productId": null, "skuUuid": "da23540a-7126-4478-9d3a-99e60e6c886e", "state": "480", "customerId": null, "localAmount": 104, "localCurrency": "USD"}, {"chainId": "12932891626999107076", "amount": 100, "createdAt": "2018-11-08T23:47:04+00:00", "shoeSize": "6.5Y", "productId": null, "skuUuid": "98dc24ff-3621-4bdf-8a3d-e7a43382654b", "state": "480", "customerId": null, "localAmount": 100, "localCurrency": "USD"}, {"chainId": "12932891346873536875", "amount": 87, "createdAt": "2018-11-08T23:46:32+00:00", "shoeSize": "7Y", "productId": null, "skuUuid": "e2f4610e-7e7f-4aaf-a011-52e039100bc7", "state": "480", "customerId": null, "localAmount": 87, "localCurrency": "USD"}, {"chainId": "12932891209091095325", "amount": 98, "createdAt": "2018-11-08T23:46:16+00:00", "shoeSize": "7Y", "productId": null, "skuUuid": "e2f4610e-7e7f-4aaf-a011-52e039100bc7", "state": "480", "customerId": null, "localAmount": 98, "localCurrency": "USD"}, {"chainId": "12932891015146821948", "amount": 90, "createdAt": "2018-11-08T23:45:56+00:00", "shoeSize": "5.5Y", "productId": null, "skuUuid": "da23540a-7126-4478-9d3a-99e60e6c886e", "state": "480", "customerId": null, "localAmount": 90, "localCurrency": "USD"}, {"chainId": "12932890538344932599", "amount": 100, "createdAt": "2018-11-08T23:44:56+00:00", "shoeSize": "6.5Y", "productId": null, "skuUuid": "98dc24ff-3621-4bdf-8a3d-e7a43382654b", "state": "480", "customerId": null, "localAmount": 100, "localCurrency": "USD"}, {"chainId": "12932890442943155632", "amount": 100, "createdAt": "2018-11-08T23:44:44+00:00", "shoeSize": "7Y", "productId": null, "skuUuid": "e2f4610e-7e7f-4aaf-a011-52e039100bc7", "state": "480", "customerId": null, "localAmount": 100, "localCurrency": "USD"}, {"chainId": "12931442483852107032", "amount": 100, "createdAt": "2018-11-08T04:22:10+00:00", "shoeSize": "7Y", "productId": null, "skuUuid": "e2f4610e-7e7f-4aaf-a011-52e039100bc7", "state": "480", "customerId": null, "localAmount": 100, "localCurrency": "USD"}, {"chainId": "12932305159529057542", "amount": 100, "createdAt": "2018-11-08T04:21:51+00:00", "shoeSize": "6.5Y", "productId": null, "skuUuid": "98dc24ff-3621-4bdf-8a3d-e7a43382654b", "state": "480", "customerId": null, "localAmount": 100, "localCurrency": "USD"}, {"chainId": "12932304906527317661", "amount": 99, "createdAt": "2018-11-08T04:21:23+00:00", "shoeSize": "6Y", "productId": null, "skuUuid": "0e09f2d0-c717-4bcb-8d19-60d211d92b64", "state": "480", "customerId": null, "localAmount": 99, "localCurrency": "USD"}, {"chainId": "12932304701892100053", "amount": 95, "createdAt": "2018-11-08T04:21:02+00:00", "shoeSize": "5.5Y", "productId": null, "skuUuid": "da23540a-7126-4478-9d3a-99e60e6c886e", "state": "480", "customerId": null, "localAmount": 95, "localCurrency": "USD"}, {"chainId": "12932304490086749521", "amount": 93, "createdAt": "2018-11-08T04:20:36+00:00", "shoeSize": "4.5Y", "productId": null, "skuUuid": "158b694a-367a-48ea-8c1d-89b15e8ea4c0", "state": "480", "customerId": null, "localAmount": 93, "localCurrency": "USD"}, {"chainId": "12932304311118525339", "amount": 95, "createdAt": "2018-11-08T04:20:10+00:00", "shoeSize": "4.5Y", "productId": null, "skuUuid": "158b694a-367a-48ea-8c1d-89b15e8ea4c0", "state": "480", "customerId": null, "localAmount": 95, "localCurrency": "USD"}, {"chainId": "12931240714297413085", "amount": 96, "createdAt": "2018-11-08T04:19:47+00:00", "shoeSize": "3.5Y", "productId": null, "skuUuid": "7cdb4e6b-7923-4202-87a3-00a61e678476", "state": "480", "customerId": null, "localAmount": 96, "localCurrency": "USD"}, {"chainId": "12929115064511187579", "amount": 101, "createdAt": "2018-11-08T01:41:12+00:00", "shoeSize": "4.5Y", "productId": null, "skuUuid": "158b694a-367a-48ea-8c1d-89b15e8ea4c0", "state": "480", "customerId": null, "localAmount": 101, "localCurrency": "USD"}, {"chainId": "12930501832087062945", "amount": 100, "createdAt": "2018-11-07T17:28:57+00:00", "shoeSize": "6Y", "productId": null, "skuUuid": "0e09f2d0-c717-4bcb-8d19-60d211d92b64", "state": "480", "customerId": null, "localAmount": 100, "localCurrency": "USD"}, {"chainId": "12931442411210795300", "amount": 112, "createdAt": "2018-11-07T15:23:15+00:00", "shoeSize": "6.5Y", "productId": null, "skuUuid": "98dc24ff-3621-4bdf-8a3d-e7a43382654b", "state": "480", "customerId": null, "localAmount": 112, "localCurrency": "USD"}, {"chainId": "12929692051962204646", "amount": 111, "createdAt": "2018-11-06T23:31:16+00:00", "shoeSize": "7Y", "productId": null, "skuUuid": "e2f4610e-7e7f-4aaf-a011-52e039100bc7", "state": "480", "customerId": null, "localAmount": 111, "localCurrency": "USD"}, {"chainId": "12930699299839784840", "amount": 110, "createdAt": "2018-11-06T20:56:47+00:00", "shoeSize": "7Y", "productId": null, "skuUuid": "e2f4610e-7e7f-4aaf-a011-52e039100bc7", "state": "480", "customerId": null, "localAmount": 110, "localCurrency": "USD"}, {"chainId": "12930501935951921701", "amount": 113, "createdAt": "2018-11-06T20:07:10+00:00", "shoeSize": "6.5Y", "productId": null, "skuUuid": "98dc24ff-3621-4bdf-8a3d-e7a43382654b", "state": "480", "customerId": null, "localAmount": 113, "localCurrency": "USD"}, {"chainId": "12930501666803852431", "amount": 100, "createdAt": "2018-11-06T14:29:22+00:00", "shoeSize": "5.5Y", "productId": null, "skuUuid": "da23540a-7126-4478-9d3a-99e60e6c886e", "state": "480", "customerId": null, "localAmount": 100, "localCurrency": "USD"}, {"chainId": "12929114872682420336", "amount": 100, "createdAt": "2018-11-06T14:29:10+00:00", "shoeSize": "3.5Y", "productId": null, "skuUuid": "7cdb4e6b-7923-4202-87a3-00a61e678476", "state": "480", "customerId": null, "localAmount": 100, "localCurrency": "USD"}, {"chainId": "12930500351936375086", "amount": 94, "createdAt": "2018-11-06T07:06:04+00:00", "shoeSize": "4Y", "productId": null, "skuUuid": "f63570bc-c8f5-4a4d-82bb-db928dae2c55", "state": "480", "customerId": null, "localAmount": 94, "localCurrency": "USD"}, {"chainId": "12930502046701692493", "amount": 101, "createdAt": "2018-11-05T21:51:40+00:00", "shoeSize": "7Y", "productId": null, "skuUuid": "e2f4610e-7e7f-4aaf-a011-52e039100bc7", "state": "480", "customerId": null, "localAmount": 101, "localCurrency": "USD"}, {"chainId": "12929261001791706972", "amount": 99, "createdAt": "2018-11-05T19:28:33+00:00", "shoeSize": "5Y", "productId": null, "skuUuid": "9cbb8138-7f4a-47eb-b201-49eaf1addd58", "state": "480", "customerId": null, "localAmount": 99, "localCurrency": "USD"}, {"chainId": "12930586933206666480", "amount": 95, "createdAt": "2018-11-05T19:28:05+00:00", "shoeSize": "7Y", "productId": null, "skuUuid": "e2f4610e-7e7f-4aaf-a011-52e039100bc7", "state": "480", "customerId": null, "localAmount": 95, "localCurrency": "USD"}, {"chainId": "12930479179040766769", "amount": 97, "createdAt": "2018-11-05T16:55:50+00:00", "shoeSize": "7Y", "productId": null, "skuUuid": "e2f4610e-7e7f-4aaf-a011-52e039100bc7", "state": "480", "customerId": null, "localAmount": 97, "localCurrency": "USD"}, {"chainId": "12930474823800071858", "amount": 98, "createdAt": "2018-11-05T16:45:13+00:00", "shoeSize": "7Y", "productId": null, "skuUuid": "e2f4610e-7e7f-4aaf-a011-52e039100bc7", "state": "480", "customerId": null, "localAmount": 98, "localCurrency": "USD"}, {"chainId": "12930501211951850930", "amount": 85, "createdAt": "2018-11-05T16:37:46+00:00", "shoeSize": "6Y", "productId": null, "skuUuid": "0e09f2d0-c717-4bcb-8d19-60d211d92b64", "state": "480", "customerId": null, "localAmount": 85, "localCurrency": "USD"}, {"chainId": "12930501192876412499", "amount": 101, "createdAt": "2018-11-05T16:37:44+00:00", "shoeSize": "5Y", "productId": null, "skuUuid": "9cbb8138-7f4a-47eb-b201-49eaf1addd58", "state": "480", "customerId": null, "localAmount": 101, "localCurrency": "USD"}, {"chainId": "12930500629852494138", "amount": 103, "createdAt": "2018-11-05T16:36:40+00:00", "shoeSize": "5Y", "productId": null, "skuUuid": "9cbb8138-7f4a-47eb-b201-49eaf1addd58", "state": "480", "customerId": null, "localAmount": 103, "localCurrency": "USD"}, {"chainId": "12929053996034744478", "amount": 95, "createdAt": "2018-11-05T13:01:29+00:00", "shoeSize": "4Y", "productId": null, "skuUuid": "f63570bc-c8f5-4a4d-82bb-db928dae2c55", "state": "480", "customerId": null, "localAmount": 95, "localCurrency": "USD"}, {"chainId": "12930026664755240290", "amount": 100, "createdAt": "2018-11-05T02:35:48+00:00", "shoeSize": "5.5Y", "productId": null, "skuUuid": "da23540a-7126-4478-9d3a-99e60e6c886e", "state": "480", "customerId": null, "localAmount": 100, "localCurrency": "USD"}, {"chainId": "12929056271029592968", "amount": 108, "createdAt": "2018-11-05T02:16:40+00:00", "shoeSize": "5.5Y", "productId": null, "skuUuid": "da23540a-7126-4478-9d3a-99e60e6c886e", "state": "480", "customerId": null, "localAmount": 108, "localCurrency": "USD"}, {"chainId": "12929883962339217038", "amount": 113, "createdAt": "2018-11-05T00:59:11+00:00", "shoeSize": "6.5Y", "productId": null, "skuUuid": "98dc24ff-3621-4bdf-8a3d-e7a43382654b", "state": "480", "customerId": null, "localAmount": 113, "localCurrency": "USD"}, {"chainId": "12929056767924668126", "amount": 111, "createdAt": "2018-11-05T00:04:49+00:00", "shoeSize": "7Y", "productId": null, "skuUuid": "e2f4610e-7e7f-4aaf-a011-52e039100bc7", "state": "480", "customerId": null, "localAmount": 111, "localCurrency": "USD"}, {"chainId": "12929806847915521070", "amount": 120, "createdAt": "2018-11-04T23:02:37+00:00", "shoeSize": "5.5Y", "productId": null, "skuUuid": "da23540a-7126-4478-9d3a-99e60e6c886e", "state": "480", "customerId": null, "localAmount": 120, "localCurrency": "USD"}, {"chainId": "12929182955962883167", "amount": 110, "createdAt": "2018-11-04T19:59:38+00:00", "shoeSize": "6.5Y", "productId": null, "skuUuid": "98dc24ff-3621-4bdf-8a3d-e7a43382654b", "state": "480", "customerId": null, "localAmount": 110, "localCurrency": "USD"}, {"chainId": "12929055940399460330", "amount": 100, "createdAt": "2018-11-04T18:56:23+00:00", "shoeSize": "4.5Y", "productId": null, "skuUuid": "158b694a-367a-48ea-8c1d-89b15e8ea4c0", "state": "480", "customerId": null, "localAmount": 100, "localCurrency": "USD"}, {"chainId": "12929520975307424118", "amount": 105, "createdAt": "2018-11-04T18:55:04+00:00", "shoeSize": "6.5Y", "productId": null, "skuUuid": "98dc24ff-3621-4bdf-8a3d-e7a43382654b", "state": "480", "customerId": null, "localAmount": 105, "localCurrency": "USD"}, {"chainId": "12929056627857927585", "amount": 102, "createdAt": "2018-11-04T17:18:30+00:00", "shoeSize": "6.5Y", "productId": null, "skuUuid": "98dc24ff-3621-4bdf-8a3d-e7a43382654b", "state": "480", "customerId": null, "localAmount": 102, "localCurrency": "USD"}, {"chainId": "12916218846747120218", "amount": 105, "createdAt": "2018-11-04T16:01:45+00:00", "shoeSize": "5Y", "productId": null, "skuUuid": "9cbb8138-7f4a-47eb-b201-49eaf1addd58", "state": "480", "customerId": null, "localAmount": 105, "localCurrency": "USD"}, {"chainId": "12929056497527638433", "amount": 104, "createdAt": "2018-11-04T15:56:39+00:00", "shoeSize": "6Y", "productId": null, "skuUuid": "0e09f2d0-c717-4bcb-8d19-60d211d92b64", "state": "480", "customerId": null, "localAmount": 104, "localCurrency": "USD"}, {"chainId": "12929115281642059637", "amount": 100, "createdAt": "2018-11-04T15:43:36+00:00", "shoeSize": "6Y", "productId": null, "skuUuid": "0e09f2d0-c717-4bcb-8d19-60d211d92b64", "state": "480", "customerId": null, "localAmount": 100, "localCurrency": "USD"}, {"chainId": "12929115187668140409", "amount": 100, "createdAt": "2018-11-04T15:43:17+00:00", "shoeSize": "5Y", "productId": null, "skuUuid": "9cbb8138-7f4a-47eb-b201-49eaf1addd58", "state": "480", "customerId": null, "localAmount": 100, "localCurrency": "USD"}, {"chainId": "12929114950885660927", "amount": 90, "createdAt": "2018-11-04T15:40:55+00:00", "shoeSize": "4Y", "productId": null, "skuUuid": "f63570bc-c8f5-4a4d-82bb-db928dae2c55", "state": "480", "customerId": null, "localAmount": 90, "localCurrency": "USD"}, {"chainId": "12929280107347591567", "amount": 101, "createdAt": "2018-11-04T13:59:49+00:00", "shoeSize": "6.5Y", "productId": null, "skuUuid": "98dc24ff-3621-4bdf-8a3d-e7a43382654b", "state": "480", "customerId": null, "localAmount": 101, "localCurrency": "USD"}, {"chainId": "12929283317250010973", "amount": 110, "createdAt": "2018-11-04T13:13:51+00:00", "shoeSize": "7Y", "productId": null, "skuUuid": "e2f4610e-7e7f-4aaf-a011-52e039100bc7", "state": "480", "customerId": null, "localAmount": 110, "localCurrency": "USD"}, {"chainId": "12927169708936218364", "amount": 89, "createdAt": "2018-11-04T10:53:34+00:00", "shoeSize": "4Y", "productId": null, "skuUuid": "f63570bc-c8f5-4a4d-82bb-db928dae2c55", "state": "480", "customerId": null, "localAmount": 89, "localCurrency": "USD"}, {"chainId": "12929148883507528976", "amount": 114, "createdAt": "2018-11-04T00:16:27+00:00", "shoeSize": "7Y", "productId": null, "skuUuid": "e2f4610e-7e7f-4aaf-a011-52e039100bc7", "state": "480", "customerId": null, "localAmount": 114, "localCurrency": "USD"}, {"chainId": "12929156950363160599", "amount": 107, "createdAt": "2018-11-03T23:38:04+00:00", "shoeSize": "6.5Y", "productId": null, "skuUuid": "98dc24ff-3621-4bdf-8a3d-e7a43382654b", "state": "480", "customerId": null, "localAmount": 107, "localCurrency": "USD"}, {"chainId": "12929115352986128446", "amount": 110, "createdAt": "2018-11-03T20:04:34+00:00", "shoeSize": "6.5Y", "productId": null, "skuUuid": "98dc24ff-3621-4bdf-8a3d-e7a43382654b", "state": "480", "customerId": null, "localAmount": 110, "localCurrency": "USD"}, {"chainId": "12929115421267841497", "amount": 116, "createdAt": "2018-11-03T19:49:52+00:00", "shoeSize": "7Y", "productId": null, "skuUuid": "e2f4610e-7e7f-4aaf-a011-52e039100bc7", "state": "480", "customerId": null, "localAmount": 116, "localCurrency": "USD"}, {"chainId": "12929129158525675903", "amount": 101, "createdAt": "2018-11-03T19:11:44+00:00", "shoeSize": "7Y", "productId": null, "skuUuid": "e2f4610e-7e7f-4aaf-a011-52e039100bc7", "state": "480", "customerId": null, "localAmount": 101, "localCurrency": "USD"}, {"chainId": "12929128296955314435", "amount": 100, "createdAt": "2018-11-03T19:10:02+00:00", "shoeSize": "7Y", "productId": null, "skuUuid": "e2f4610e-7e7f-4aaf-a011-52e039100bc7", "state": "480", "customerId": null, "localAmount": 100, "localCurrency": "USD"}, {"chainId": "12929112876231997505", "amount": 115, "createdAt": "2018-11-03T18:39:22+00:00", "shoeSize": "5.5Y", "productId": null, "skuUuid": "da23540a-7126-4478-9d3a-99e60e6c886e", "state": "480", "customerId": null, "localAmount": 115, "localCurrency": "USD"}, {"chainId": "12929085247288124023", "amount": 108, "createdAt": "2018-11-03T17:44:28+00:00", "shoeSize": "6Y", "productId": null, "skuUuid": "0e09f2d0-c717-4bcb-8d19-60d211d92b64", "state": "480", "customerId": null, "localAmount": 108, "localCurrency": "USD"}, {"chainId": "12929085055069309586", "amount": 110, "createdAt": "2018-11-03T17:44:09+00:00", "shoeSize": "5.5Y", "productId": null, "skuUuid": "da23540a-7126-4478-9d3a-99e60e6c886e", "state": "480", "customerId": null, "localAmount": 110, "localCurrency": "USD"}, {"chainId": "12926877647611974478", "amount": 95, "createdAt": "2018-11-03T16:41:19+00:00", "shoeSize": "4Y", "productId": null, "skuUuid": "f63570bc-c8f5-4a4d-82bb-db928dae2c55", "state": "480", "customerId": null, "localAmount": 95, "localCurrency": "USD"}, {"chainId": "12928656367347199921", "amount": 114, "createdAt": "2018-11-03T16:15:21+00:00", "shoeSize": "6Y", "productId": null, "skuUuid": "0e09f2d0-c717-4bcb-8d19-60d211d92b64", "state": "480", "customerId": null, "localAmount": 114, "localCurrency": "USD"}, {"chainId": "12928902867213732985", "amount": 94, "createdAt": "2018-11-03T15:53:48+00:00", "shoeSize": "5Y", "productId": null, "skuUuid": "9cbb8138-7f4a-47eb-b201-49eaf1addd58", "state": "480", "customerId": null, "localAmount": 94, "localCurrency": "USD"}, {"chainId": "12928903331927374870", "amount": 118, "createdAt": "2018-11-03T15:25:20+00:00", "shoeSize": "6.5Y", "productId": null, "skuUuid": "98dc24ff-3621-4bdf-8a3d-e7a43382654b", "state": "480", "customerId": null, "localAmount": 118, "localCurrency": "USD"}, {"chainId": "12927923487360386716", "amount": 115, "createdAt": "2018-11-03T15:17:44+00:00", "shoeSize": "5.5Y", "productId": null, "skuUuid": "da23540a-7126-4478-9d3a-99e60e6c886e", "state": "480", "customerId": null, "localAmount": 115, "localCurrency": "USD"}, {"chainId": "12927241775142484371", "amount": 104, "createdAt": "2018-11-03T15:04:19+00:00", "shoeSize": "4.5Y", "productId": null, "skuUuid": "158b694a-367a-48ea-8c1d-89b15e8ea4c0", "state": "480", "customerId": null, "localAmount": 104, "localCurrency": "USD"}, {"chainId": "12928544304612379056", "amount": 113, "createdAt": "2018-11-03T14:52:25+00:00", "shoeSize": "6Y", "productId": null, "skuUuid": "0e09f2d0-c717-4bcb-8d19-60d211d92b64", "state": "480", "customerId": null, "localAmount": 113, "localCurrency": "USD"}, {"chainId": "12915938814017965841", "amount": 107, "createdAt": "2018-11-03T14:49:57+00:00", "shoeSize": "5.5Y", "productId": null, "skuUuid": "da23540a-7126-4478-9d3a-99e60e6c886e", "state": "480", "customerId": null, "localAmount": 107, "localCurrency": "USD"}, {"chainId": "12928995723224799323", "amount": 86, "createdAt": "2018-11-03T14:46:41+00:00", "shoeSize": "5Y", "productId": null, "skuUuid": "9cbb8138-7f4a-47eb-b201-49eaf1addd58", "state": "480", "customerId": null, "localAmount": 86, "localCurrency": "USD"}, {"chainId": "12915938898377156255", "amount": 105, "createdAt": "2018-11-03T14:11:29+00:00", "shoeSize": "6Y", "productId": null, "skuUuid": "0e09f2d0-c717-4bcb-8d19-60d211d92b64", "state": "480", "customerId": null, "localAmount": 105, "localCurrency": "USD"}, {"chainId": "12927109469925815117", "amount": 104, "createdAt": "2018-11-03T14:01:56+00:00", "shoeSize": "4.5Y", "productId": null, "skuUuid": "158b694a-367a-48ea-8c1d-89b15e8ea4c0", "state": "480", "customerId": null, "localAmount": 104, "localCurrency": "USD"}, {"chainId": "12927923722437677887", "amount": 120, "createdAt": "2018-11-03T10:24:39+00:00", "shoeSize": "7Y", "productId": null, "skuUuid": "e2f4610e-7e7f-4aaf-a011-52e039100bc7", "state": "480", "customerId": null, "localAmount": 120, "localCurrency": "USD"}, {"chainId": "12926877822230400520", "amount": 99, "createdAt": "2018-11-03T03:53:01+00:00", "shoeSize": "5.5Y", "productId": null, "skuUuid": "da23540a-7126-4478-9d3a-99e60e6c886e", "state": "480", "customerId": null, "localAmount": 99, "localCurrency": "USD"}, {"chainId": "12928658115316653364", "amount": 110, "createdAt": "2018-11-03T03:35:52+00:00", "shoeSize": "6Y", "productId": null, "skuUuid": "0e09f2d0-c717-4bcb-8d19-60d211d92b64", "state": "480", "customerId": null, "localAmount": 110, "localCurrency": "USD"}, {"chainId": "12926222524751909440", "amount": 97, "createdAt": "2018-11-03T02:48:30+00:00", "shoeSize": "5Y", "productId": null, "skuUuid": "9cbb8138-7f4a-47eb-b201-49eaf1addd58", "state": "480", "customerId": null, "localAmount": 97, "localCurrency": "USD"}, {"chainId": "12928600465782550405", "amount": 110, "createdAt": "2018-11-03T02:21:51+00:00", "shoeSize": "7Y", "productId": null, "skuUuid": "e2f4610e-7e7f-4aaf-a011-52e039100bc7", "state": "480", "customerId": null, "localAmount": 110, "localCurrency": "USD"}, {"chainId": "12928447024155735730", "amount": 97, "createdAt": "2018-11-03T00:02:45+00:00", "shoeSize": "5Y", "productId": null, "skuUuid": "9cbb8138-7f4a-47eb-b201-49eaf1addd58", "state": "480", "customerId": null, "localAmount": 97, "localCurrency": "USD"}, {"chainId": "12928447904598499028", "amount": 117, "createdAt": "2018-11-02T22:14:38+00:00", "shoeSize": "6Y", "productId": null, "skuUuid": "0e09f2d0-c717-4bcb-8d19-60d211d92b64", "state": "480", "customerId": null, "localAmount": 117, "localCurrency": "USD"}, {"chainId": "12925624986547133188", "amount": 102, "createdAt": "2018-11-02T22:13:53+00:00", "shoeSize": "7Y", "productId": null, "skuUuid": "e2f4610e-7e7f-4aaf-a011-52e039100bc7", "state": "480", "customerId": null, "localAmount": 102, "localCurrency": "USD"}, {"chainId": "12927170123682487137", "amount": 98, "createdAt": "2018-11-02T20:15:29+00:00", "shoeSize": "5Y", "productId": null, "skuUuid": "9cbb8138-7f4a-47eb-b201-49eaf1addd58", "state": "480", "customerId": null, "localAmount": 98, "localCurrency": "USD"}, {"chainId": "12926222863938100721", "amount": 103, "createdAt": "2018-11-02T15:19:02+00:00", "shoeSize": "6Y", "productId": null, "skuUuid": "0e09f2d0-c717-4bcb-8d19-60d211d92b64", "state": "480", "customerId": null, "localAmount": 103, "localCurrency": "USD"}, {"chainId": "12926222937037967625", "amount": 107, "createdAt": "2018-11-02T12:29:10+00:00", "shoeSize": "6.5Y", "productId": null, "skuUuid": "98dc24ff-3621-4bdf-8a3d-e7a43382654b", "state": "480", "customerId": null, "localAmount": 107, "localCurrency": "USD"}, {"chainId": "12927836784994256831", "amount": 106, "createdAt": "2018-11-02T06:09:31+00:00", "shoeSize": "6.5Y", "productId": null, "skuUuid": "98dc24ff-3621-4bdf-8a3d-e7a43382654b", "state": "480", "customerId": null, "localAmount": 106, "localCurrency": "USD"}, {"chainId": "12926222703080260166", "amount": 98, "createdAt": "2018-11-02T05:59:51+00:00", "shoeSize": "5.5Y", "productId": null, "skuUuid": "da23540a-7126-4478-9d3a-99e60e6c886e", "state": "480", "customerId": null, "localAmount": 98, "localCurrency": "USD"}, {"chainId": "12927841528268843092", "amount": 90, "createdAt": "2018-11-02T00:33:27+00:00", "shoeSize": "6Y", "productId": null, "skuUuid": "0e09f2d0-c717-4bcb-8d19-60d211d92b64", "state": "480", "customerId": null, "localAmount": 90, "localCurrency": "USD"}, {"chainId": "12927841347297522693", "amount": 91, "createdAt": "2018-11-02T00:33:03+00:00", "shoeSize": "6.5Y", "productId": null, "skuUuid": "98dc24ff-3621-4bdf-8a3d-e7a43382654b", "state": "480", "customerId": null, "localAmount": 91, "localCurrency": "USD"}, {"chainId": "12927170556544463084", "amount": 107, "createdAt": "2018-11-02T00:15:39+00:00", "shoeSize": "6.5Y", "productId": null, "skuUuid": "98dc24ff-3621-4bdf-8a3d-e7a43382654b", "state": "480", "customerId": null, "localAmount": 107, "localCurrency": "USD"}, {"chainId": "12927493284590724062", "amount": 99, "createdAt": "2018-11-01T18:26:34+00:00", "shoeSize": "7Y", "productId": null, "skuUuid": "e2f4610e-7e7f-4aaf-a011-52e039100bc7", "state": "480", "customerId": null, "localAmount": 99, "localCurrency": "USD"}, {"chainId": "12927540065613796793", "amount": 98, "createdAt": "2018-11-01T16:56:02+00:00", "shoeSize": "7Y", "productId": null, "skuUuid": "e2f4610e-7e7f-4aaf-a011-52e039100bc7", "state": "480", "customerId": null, "localAmount": 98, "localCurrency": "USD"}, {"chainId": "12927493163548469361", "amount": 99, "createdAt": "2018-11-01T13:47:03+00:00", "shoeSize": "7Y", "productId": null, "skuUuid": "e2f4610e-7e7f-4aaf-a011-52e039100bc7", "state": "480", "customerId": null, "localAmount": 99, "localCurrency": "USD"}, {"chainId": "12927170310560341345", "amount": 98, "createdAt": "2018-11-01T12:11:05+00:00", "shoeSize": "6Y", "productId": null, "skuUuid": "0e09f2d0-c717-4bcb-8d19-60d211d92b64", "state": "480", "customerId": null, "localAmount": 98, "localCurrency": "USD"}, {"chainId": "12927208279874484906", "amount": 99, "createdAt": "2018-11-01T08:11:29+00:00", "shoeSize": "7Y", "productId": null, "skuUuid": "e2f4610e-7e7f-4aaf-a011-52e039100bc7", "state": "480", "customerId": null, "localAmount": 99, "localCurrency": "USD"}, {"chainId": "12926878005198187412", "amount": 99, "createdAt": "2018-11-01T07:14:02+00:00", "shoeSize": "7Y", "productId": null, "skuUuid": "e2f4610e-7e7f-4aaf-a011-52e039100bc7", "state": "480", "customerId": null, "localAmount": 99, "localCurrency": "USD"}, {"chainId": "12927170733209188402", "amount": 99, "createdAt": "2018-11-01T03:33:39+00:00", "shoeSize": "7Y", "productId": null, "skuUuid": "e2f4610e-7e7f-4aaf-a011-52e039100bc7", "state": "480", "customerId": null, "localAmount": 99, "localCurrency": "USD"}, {"chainId": "12927202048929737679", "amount": 91, "createdAt": "2018-11-01T03:22:56+00:00", "shoeSize": "5.5Y", "productId": null, "skuUuid": "da23540a-7126-4478-9d3a-99e60e6c886e", "state": "480", "customerId": null, "localAmount": 91, "localCurrency": "USD"}, {"chainId": "12927201845478508013", "amount": 91, "createdAt": "2018-11-01T03:22:31+00:00", "shoeSize": "6Y", "productId": null, "skuUuid": "0e09f2d0-c717-4bcb-8d19-60d211d92b64", "state": "480", "customerId": null, "localAmount": 91, "localCurrency": "USD"}, {"chainId": "12926223085468313206", "amount": 99, "createdAt": "2018-11-01T02:05:58+00:00", "shoeSize": "7Y", "productId": null, "skuUuid": "e2f4610e-7e7f-4aaf-a011-52e039100bc7", "state": "480", "customerId": null, "localAmount": 99, "localCurrency": "USD"}, {"chainId": "12918954106102961816", "amount": 110, "createdAt": "2018-10-31T23:57:39+00:00", "shoeSize": "6.5Y", "productId": null, "skuUuid": "98dc24ff-3621-4bdf-8a3d-e7a43382654b", "state": "480", "customerId": null, "localAmount": 110, "localCurrency": "USD"}, {"chainId": "12918954213590311215", "amount": 110, "createdAt": "2018-10-31T19:47:43+00:00", "shoeSize": "6.5Y", "productId": null, "skuUuid": "98dc24ff-3621-4bdf-8a3d-e7a43382654b", "state": "480", "customerId": null, "localAmount": 110, "localCurrency": "USD"}, {"chainId": "12925625197991348826", "amount": 102, "createdAt": "2018-10-31T18:57:12+00:00", "shoeSize": "6.5Y", "productId": null, "skuUuid": "98dc24ff-3621-4bdf-8a3d-e7a43382654b", "state": "480", "customerId": null, "localAmount": 102, "localCurrency": "USD"}, {"chainId": "12918954015416197292", "amount": 100, "createdAt": "2018-10-31T17:25:07+00:00", "shoeSize": "6.5Y", "productId": null, "skuUuid": "98dc24ff-3621-4bdf-8a3d-e7a43382654b", "state": "480", "customerId": null, "localAmount": 100, "localCurrency": "USD"}, {"chainId": "12925676911014952353", "amount": 113, "createdAt": "2018-10-31T16:06:27+00:00", "shoeSize": "5.5Y", "productId": null, "skuUuid": "da23540a-7126-4478-9d3a-99e60e6c886e", "state": "480", "customerId": null, "localAmount": 113, "localCurrency": "USD"}, {"chainId": "12915938662669124690", "amount": 110, "createdAt": "2018-10-31T14:45:12+00:00", "shoeSize": "4.5Y", "productId": null, "skuUuid": "158b694a-367a-48ea-8c1d-89b15e8ea4c0", "state": "480", "customerId": null, "localAmount": 110, "localCurrency": "USD"}, {"chainId": "12926818002100220486", "amount": 105, "createdAt": "2018-10-31T14:40:03+00:00", "shoeSize": "5Y", "productId": null, "skuUuid": "9cbb8138-7f4a-47eb-b201-49eaf1addd58", "state": "480", "customerId": null, "localAmount": 105, "localCurrency": "USD"}, {"chainId": "12926817642570956772", "amount": 110, "createdAt": "2018-10-31T14:39:24+00:00", "shoeSize": "4.5Y", "productId": null, "skuUuid": "158b694a-367a-48ea-8c1d-89b15e8ea4c0", "state": "480", "customerId": null, "localAmount": 110, "localCurrency": "USD"}, {"chainId": "12926811090552193073", "amount": 100, "createdAt": "2018-10-31T14:26:30+00:00", "shoeSize": "4.5Y", "productId": null, "skuUuid": "158b694a-367a-48ea-8c1d-89b15e8ea4c0", "state": "480", "customerId": null, "localAmount": 100, "localCurrency": "USD"}, {"chainId": "12926810370046597881", "amount": 101, "createdAt": "2018-10-31T14:24:58+00:00", "shoeSize": "6.5Y", "productId": null, "skuUuid": "98dc24ff-3621-4bdf-8a3d-e7a43382654b", "state": "480", "customerId": null, "localAmount": 101, "localCurrency": "USD"}, {"chainId": "12926809973435824646", "amount": 103, "createdAt": "2018-10-31T14:24:15+00:00", "shoeSize": "6.5Y", "productId": null, "skuUuid": "98dc24ff-3621-4bdf-8a3d-e7a43382654b", "state": "480", "customerId": null, "localAmount": 103, "localCurrency": "USD"}, {"chainId": "12926809487198829697", "amount": 100, "createdAt": "2018-10-31T14:23:15+00:00", "shoeSize": "6Y", "productId": null, "skuUuid": "0e09f2d0-c717-4bcb-8d19-60d211d92b64", "state": "480", "customerId": null, "localAmount": 100, "localCurrency": "USD"}, {"chainId": "12918954409923409524", "amount": 110, "createdAt": "2018-10-31T01:46:17+00:00", "shoeSize": "6.5Y", "productId": null, "skuUuid": "98dc24ff-3621-4bdf-8a3d-e7a43382654b", "state": "480", "customerId": null, "localAmount": 110, "localCurrency": "USD"}, {"chainId": "12926312067202021753", "amount": 100, "createdAt": "2018-10-30T21:54:41+00:00", "shoeSize": "7Y", "productId": null, "skuUuid": "e2f4610e-7e7f-4aaf-a011-52e039100bc7", "state": "480", "customerId": null, "localAmount": 100, "localCurrency": "USD"}, {"chainId": "12926224978968512765", "amount": 105, "createdAt": "2018-10-30T19:01:40+00:00", "shoeSize": "6Y", "productId": null, "skuUuid": "0e09f2d0-c717-4bcb-8d19-60d211d92b64", "state": "480", "customerId": null, "localAmount": 105, "localCurrency": "USD"}, {"chainId": "12926222774679532966", "amount": 110, "createdAt": "2018-10-30T18:57:15+00:00", "shoeSize": "6Y", "productId": null, "skuUuid": "0e09f2d0-c717-4bcb-8d19-60d211d92b64", "state": "480", "customerId": null, "localAmount": 110, "localCurrency": "USD"}, {"chainId": "12926222596908495555", "amount": 115, "createdAt": "2018-10-30T18:56:54+00:00", "shoeSize": "5.5Y", "productId": null, "skuUuid": "da23540a-7126-4478-9d3a-99e60e6c886e", "state": "480", "customerId": null, "localAmount": 115, "localCurrency": "USD"}, {"chainId": "12926222160339356202", "amount": 101, "createdAt": "2018-10-30T18:56:01+00:00", "shoeSize": "7Y", "productId": null, "skuUuid": "e2f4610e-7e7f-4aaf-a011-52e039100bc7", "state": "480", "customerId": null, "localAmount": 101, "localCurrency": "USD"}, {"chainId": "12926222073375105501", "amount": 112, "createdAt": "2018-10-30T18:55:51+00:00", "shoeSize": "6Y", "productId": null, "skuUuid": "0e09f2d0-c717-4bcb-8d19-60d211d92b64", "state": "480", "customerId": null, "localAmount": 112, "localCurrency": "USD"}, {"chainId": "12926221988148094163", "amount": 112, "createdAt": "2018-10-30T18:55:41+00:00", "shoeSize": "5.5Y", "productId": null, "skuUuid": "da23540a-7126-4478-9d3a-99e60e6c886e", "state": "480", "customerId": null, "localAmount": 112, "localCurrency": "USD"}, {"chainId": "12926221900384846745", "amount": 110, "createdAt": "2018-10-30T18:55:30+00:00", "shoeSize": "5Y", "productId": null, "skuUuid": "9cbb8138-7f4a-47eb-b201-49eaf1addd58", "state": "480", "customerId": null, "localAmount": 110, "localCurrency": "USD"}, {"chainId": "12926221464170249752", "amount": 110, "createdAt": "2018-10-30T18:55:17+00:00", "shoeSize": "4.5Y", "productId": null, "skuUuid": "158b694a-367a-48ea-8c1d-89b15e8ea4c0", "state": "480", "customerId": null, "localAmount": 110, "localCurrency": "USD"}, {"chainId": "12926221383565833915", "amount": 110, "createdAt": "2018-10-30T18:54:29+00:00", "shoeSize": "4Y", "productId": null, "skuUuid": "f63570bc-c8f5-4a4d-82bb-db928dae2c55", "state": "480", "customerId": null, "localAmount": 110, "localCurrency": "USD"}, {"chainId": "12918957085733335947", "amount": 114, "createdAt": "2018-10-30T16:48:19+00:00", "shoeSize": "7Y", "productId": null, "skuUuid": "e2f4610e-7e7f-4aaf-a011-52e039100bc7", "state": "480", "customerId": null, "localAmount": 114, "localCurrency": "USD"}, {"chainId": "12918954514104487267", "amount": 110, "createdAt": "2018-10-30T04:07:24+00:00", "shoeSize": "6.5Y", "productId": null, "skuUuid": "98dc24ff-3621-4bdf-8a3d-e7a43382654b", "state": "480", "customerId": null, "localAmount": 110, "localCurrency": "USD"}, {"chainId": "12918956967821345312", "amount": 110, "createdAt": "2018-10-30T01:10:28+00:00", "shoeSize": "7Y", "productId": null, "skuUuid": "e2f4610e-7e7f-4aaf-a011-52e039100bc7", "state": "480", "customerId": null, "localAmount": 110, "localCurrency": "USD"}, {"chainId": "12925676522383344439", "amount": 111, "createdAt": "2018-10-30T00:51:58+00:00", "shoeSize": "7Y", "productId": null, "skuUuid": "e2f4610e-7e7f-4aaf-a011-52e039100bc7", "state": "480", "customerId": null, "localAmount": 111, "localCurrency": "USD"}, {"chainId": "12918952340706777297", "amount": 120, "createdAt": "2018-10-29T23:51:16+00:00", "shoeSize": "5Y", "productId": null, "skuUuid": "9cbb8138-7f4a-47eb-b201-49eaf1addd58", "state": "480", "customerId": null, "localAmount": 120, "localCurrency": "USD"}, {"chainId": "12925625390757937606", "amount": 111, "createdAt": "2018-10-29T23:10:23+00:00", "shoeSize": "6Y", "productId": null, "skuUuid": "0e09f2d0-c717-4bcb-8d19-60d211d92b64", "state": "480", "customerId": null, "localAmount": 111, "localCurrency": "USD"}, {"chainId": "12918956870013693921", "amount": 120, "createdAt": "2018-10-29T19:38:03+00:00", "shoeSize": "7Y", "productId": null, "skuUuid": "e2f4610e-7e7f-4aaf-a011-52e039100bc7", "state": "480", "customerId": null, "localAmount": 120, "localCurrency": "USD"}, {"chainId": "12925501351697597757", "amount": 114, "createdAt": "2018-10-29T19:03:54+00:00", "shoeSize": "5Y", "productId": null, "skuUuid": "9cbb8138-7f4a-47eb-b201-49eaf1addd58", "state": "480", "customerId": null, "localAmount": 114, "localCurrency": "USD"}, {"chainId": "12924938097167656635", "amount": 120, "createdAt": "2018-10-29T00:24:49+00:00", "shoeSize": "6.5Y", "productId": null, "skuUuid": "98dc24ff-3621-4bdf-8a3d-e7a43382654b", "state": "480", "customerId": null, "localAmount": 120, "localCurrency": "USD"}, {"chainId": "12924937989043474825", "amount": 120, "createdAt": "2018-10-29T00:24:36+00:00", "shoeSize": "6Y", "productId": null, "skuUuid": "0e09f2d0-c717-4bcb-8d19-60d211d92b64", "state": "480", "customerId": null, "localAmount": 120, "localCurrency": "USD"}, {"chainId": "12924937890578613402", "amount": 120, "createdAt": "2018-10-29T00:24:25+00:00", "shoeSize": "5.5Y", "productId": null, "skuUuid": "da23540a-7126-4478-9d3a-99e60e6c886e", "state": "480", "customerId": null, "localAmount": 120, "localCurrency": "USD"}, {"chainId": "12924937789763825510", "amount": 120, "createdAt": "2018-10-29T00:24:13+00:00", "shoeSize": "7Y", "productId": null, "skuUuid": "e2f4610e-7e7f-4aaf-a011-52e039100bc7", "state": "480", "customerId": null, "localAmount": 120, "localCurrency": "USD"}, {"chainId": "12918952948797663926", "amount": 125, "createdAt": "2018-10-28T16:55:19+00:00", "shoeSize": "5.5Y", "productId": null, "skuUuid": "da23540a-7126-4478-9d3a-99e60e6c886e", "state": "480", "customerId": null, "localAmount": 125, "localCurrency": "USD"}, {"chainId": "12918956778550677806", "amount": 125, "createdAt": "2018-10-28T15:54:21+00:00", "shoeSize": "7Y", "productId": null, "skuUuid": "e2f4610e-7e7f-4aaf-a011-52e039100bc7", "state": "480", "customerId": null, "localAmount": 125, "localCurrency": "USD"}, {"chainId": "12918956673478776327", "amount": 125, "createdAt": "2018-10-28T14:28:06+00:00", "shoeSize": "7Y", "productId": null, "skuUuid": "e2f4610e-7e7f-4aaf-a011-52e039100bc7", "state": "480", "customerId": null, "localAmount": 125, "localCurrency": "USD"}, {"chainId": "12918952851633855066", "amount": 125, "createdAt": "2018-10-28T08:30:38+00:00", "shoeSize": "5.5Y", "productId": null, "skuUuid": "da23540a-7126-4478-9d3a-99e60e6c886e", "state": "480", "customerId": null, "localAmount": 125, "localCurrency": "USD"}, {"chainId": "12918956576915014381", "amount": 125, "createdAt": "2018-10-27T17:31:59+00:00", "shoeSize": "7Y", "productId": null, "skuUuid": "e2f4610e-7e7f-4aaf-a011-52e039100bc7", "state": "480", "customerId": null, "localAmount": 125, "localCurrency": "USD"}, {"chainId": "12918953292431778972", "amount": 145, "createdAt": "2018-10-23T02:44:16+00:00", "shoeSize": "6Y", "productId": null, "skuUuid": "0e09f2d0-c717-4bcb-8d19-60d211d92b64", "state": "480", "customerId": null, "localAmount": 145, "localCurrency": "USD"}, {"chainId": "12919951163413713627", "amount": 130, "createdAt": "2018-10-23T00:39:31+00:00", "shoeSize": "7Y", "productId": null, "skuUuid": "e2f4610e-7e7f-4aaf-a011-52e039100bc7", "state": "480", "customerId": null, "localAmount": 130, "localCurrency": "USD"}, {"chainId": "12919950239640459263", "amount": 130, "createdAt": "2018-10-22T03:14:50+00:00", "shoeSize": "7Y", "productId": null, "skuUuid": "e2f4610e-7e7f-4aaf-a011-52e039100bc7", "state": "480", "customerId": null, "localAmount": 130, "localCurrency": "USD"}, {"chainId": "12918233313078528916", "amount": 165, "createdAt": "2018-10-20T02:46:36+00:00", "shoeSize": "5.5Y", "productId": null, "skuUuid": "da23540a-7126-4478-9d3a-99e60e6c886e", "state": "480", "customerId": null, "localAmount": 165, "localCurrency": "USD"}, {"chainId": "12918289423590082305", "amount": 135, "createdAt": "2018-10-19T20:15:06+00:00", "shoeSize": "7Y", "productId": null, "skuUuid": "e2f4610e-7e7f-4aaf-a011-52e039100bc7", "state": "480", "customerId": null, "localAmount": 135, "localCurrency": "USD"}, {"chainId": "12915957222388033130", "amount": 126, "createdAt": "2018-10-19T19:05:39+00:00", "shoeSize": "7Y", "productId": null, "skuUuid": "e2f4610e-7e7f-4aaf-a011-52e039100bc7", "state": "480", "customerId": null, "localAmount": 126, "localCurrency": "USD"}, {"chainId": "12915938737617368497", "amount": 155, "createdAt": "2018-10-16T21:43:15+00:00", "shoeSize": "5Y", "productId": null, "skuUuid": "9cbb8138-7f4a-47eb-b201-49eaf1addd58", "state": "480", "customerId": null, "localAmount": 155, "localCurrency": "USD"}, {"chainId": "12915939060938779296", "amount": 165, "createdAt": "2018-10-16T15:00:53+00:00", "shoeSize": "7Y", "productId": null, "skuUuid": "e2f4610e-7e7f-4aaf-a011-52e039100bc7", "state": "480", "customerId": null, "localAmount": 165, "localCurrency": "USD"}]