[{"chainId": "12982840263457524624", "amount": 60, "createdAt": "2019-01-24T04:33:04+00:00", "shoeSize": "9W", "productId": null, "skuUuid": "819fff5f-c558-4e6c-94c2-4f829bf5d395", "state": "480", "customerId": null, "localAmount": 60, "localCurrency": "USD"}, {"chainId": "12982842473308763573", "amount": 75, "createdAt": "2019-01-22T17:52:28+00:00", "shoeSize": "7.5W", "productId": null, "skuUuid": "9cdb1092-f01b-45ee-bbfe-896b3c4950e8", "state": "480", "customerId": null, "localAmount": 75, "localCurrency": "USD"}, {"chainId": "12893688392746333912", "amount": 130, "createdAt": "2019-01-20T09:35:40+00:00", "shoeSize": "6W", "productId": null, "skuUuid": "64515a19-d975-439e-a574-6623a67ddc52", "state": "480", "customerId": null, "localAmount": 130, "localCurrency": "USD"}, {"chainId": "12954833985053135951", "amount": 69, "createdAt": "2019-01-16T23:09:44+00:00", "shoeSize": "9W", "productId": null, "skuUuid": "819fff5f-c558-4e6c-94c2-4f829bf5d395", "state": "480", "customerId": null, "localAmount": 69, "localCurrency": "USD"}, {"chainId": "12979989495658463260", "amount": 65, "createdAt": "2019-01-12T23:22:09+00:00", "shoeSize": "8W", "productId": null, "skuUuid": "a80005ba-7882-47ca-9059-6d9a8a371f5d", "state": "480", "customerId": null, "localAmount": 65, "localCurrency": "USD"}, {"chainId": "12967067245951173394", "amount": 68, "createdAt": "2018-12-26T03:46:53+00:00", "shoeSize": "9W", "productId": null, "skuUuid": "819fff5f-c558-4e6c-94c2-4f829bf5d395", "state": "480", "customerId": null, "localAmount": 68, "localCurrency": "USD"}, {"chainId": "12964683350508551992", "amount": 70, "createdAt": "2018-12-22T20:31:56+00:00", "shoeSize": "8W", "productId": null, "skuUuid": "a80005ba-7882-47ca-9059-6d9a8a371f5d", "state": "480", "customerId": null, "localAmount": 70, "localCurrency": "USD"}, {"chainId": "12959477044492398443", "amount": 80, "createdAt": "2018-12-15T16:07:35+00:00", "shoeSize": "7.5W", "productId": null, "skuUuid": "9cdb1092-f01b-45ee-bbfe-896b3c4950e8", "state": "480", "customerId": null, "localAmount": 80, "localCurrency": "USD"}, {"chainId": "12946011367163576396", "amount": 100, "createdAt": "2018-11-27T02:20:19+00:00", "shoeSize": "8W", "productId": null, "skuUuid": "a80005ba-7882-47ca-9059-6d9a8a371f5d", "state": "480", "customerId": null, "localAmount": 100, "localCurrency": "USD"}, {"chainId": "12935552904193876226", "amount": 70, "createdAt": "2018-11-25T00:27:58+00:00", "shoeSize": "7W", "productId": null, "skuUuid": "093b4b70-ae17-4da0-a861-3f5208f21f04", "state": "480", "customerId": null, "localAmount": 70, "localCurrency": "USD"}, {"chainId": "12939276427441107909", "amount": 70, "createdAt": "2018-11-17T19:12:31+00:00", "shoeSize": "7.5W", "productId": null, "skuUuid": "9cdb1092-f01b-45ee-bbfe-896b3c4950e8", "state": "480", "customerId": null, "localAmount": 70, "localCurrency": "USD"}, {"chainId": "12938710599318650709", "amount": 97.0746, "createdAt": "2018-11-17T00:28:20+00:00", "shoeSize": "11.5W", "productId": null, "skuUuid": "e7e1a527-f2c5-4f11-bfa0-4add688c4cf3", "state": "480", "customerId": null, "localAmount": 98, "localCurrency": "USD"}, {"chainId": "12929716050208241848", "amount": 65, "createdAt": "2018-11-04T14:37:46+00:00", "shoeSize": "7W", "productId": null, "skuUuid": "093b4b70-ae17-4da0-a861-3f5208f21f04", "state": "480", "customerId": null, "localAmount": 65, "localCurrency": "USD"}, {"chainId": "12929715600571005733", "amount": 65, "createdAt": "2018-11-04T14:36:52+00:00", "shoeSize": "6.5W", "productId": null, "skuUuid": "b631d497-abc8-4562-baa7-c2046f8004dc", "state": "480", "customerId": null, "localAmount": 65, "localCurrency": "USD"}, {"chainId": "12913760666458697872", "amount": 73, "createdAt": "2018-10-23T11:53:12+00:00", "shoeSize": "11W", "productId": null, "skuUuid": "63e7c3c1-11d1-4ab9-94ff-be25575eac07", "state": "480", "customerId": null, "localAmount": 73, "localCurrency": "USD"}, {"chainId": "12913760955751450641", "amount": 73, "createdAt": "2018-10-16T12:42:54+00:00", "shoeSize": "11.5W", "productId": null, "skuUuid": "e7e1a527-f2c5-4f11-bfa0-4add688c4cf3", "state": "480", "customerId": null, "localAmount": 73, "localCurrency": "USD"}, {"chainId": "12907394289529289352", "amount": 79, "createdAt": "2018-10-13T03:26:48+00:00", "shoeSize": "9W", "productId": null, "skuUuid": "819fff5f-c558-4e6c-94c2-4f829bf5d395", "state": "480", "customerId": null, "localAmount": 79, "localCurrency": "USD"}, {"chainId": "12869706963789257559", "amount": 99, "createdAt": "2018-08-20T01:41:08+00:00", "shoeSize": "7W", "productId": null, "skuUuid": "093b4b70-ae17-4da0-a861-3f5208f21f04", "state": "480", "customerId": null, "localAmount": 99, "localCurrency": "USD"}, {"chainId": "12851600550651515608", "amount": 105, "createdAt": "2018-07-21T05:57:07+00:00", "shoeSize": "8W", "productId": null, "skuUuid": "a80005ba-7882-47ca-9059-6d9a8a371f5d", "state": "480", "customerId": null, "localAmount": 105, "localCurrency": "USD"}, {"chainId": "12849258283750590931", "amount": 87, "createdAt": "2018-07-16T14:22:32+00:00", "shoeSize": "12W", "productId": null, "skuUuid": "f78fdf88-c28d-4128-800c-c5b144d28f57", "state": "480", "customerId": null, "localAmount": 87, "localCurrency": "USD"}, {"chainId": "12841468844161582672", "amount": 82, "createdAt": "2018-07-05T20:44:19+00:00", "shoeSize": "10.5W", "productId": null, "skuUuid": "38ffe9ae-f1c6-4690-b583-aa751002540a", "state": "480", "customerId": null, "localAmount": 82, "localCurrency": "USD"}]