[{"chainId": "12886490509758208692", "amount": 116, "createdAt": "2018-09-06T02:16:04+00:00", "shoeSize": "7Y", "productId": null, "skuUuid": "2cc890ef-ae4f-4e10-8200-f8ee3ef6fb16", "state": "480", "customerId": null, "localAmount": 116, "localCurrency": "USD"}, {"chainId": "12885584361019610358", "amount": 117, "createdAt": "2018-09-05T23:01:03+00:00", "shoeSize": "7Y", "productId": null, "skuUuid": "2cc890ef-ae4f-4e10-8200-f8ee3ef6fb16", "state": "480", "customerId": null, "localAmount": 117, "localCurrency": "USD"}, {"chainId": "12886413536009528233", "amount": 81, "createdAt": "2018-09-05T20:43:27+00:00", "shoeSize": "7Y", "productId": null, "skuUuid": "2cc890ef-ae4f-4e10-8200-f8ee3ef6fb16", "state": "480", "customerId": null, "localAmount": 81, "localCurrency": "USD"}, {"chainId": "12886412820391625219", "amount": 97, "createdAt": "2018-09-05T20:42:05+00:00", "shoeSize": "5.5Y", "productId": null, "skuUuid": "685be4b0-6f3c-41ba-95dd-e62304ead4b6", "state": "480", "customerId": null, "localAmount": 97, "localCurrency": "USD"}, {"chainId": "12886379586317107927", "amount": 99, "createdAt": "2018-09-05T19:36:00+00:00", "shoeSize": "5.5Y", "productId": null, "skuUuid": "685be4b0-6f3c-41ba-95dd-e62304ead4b6", "state": "480", "customerId": null, "localAmount": 99, "localCurrency": "USD"}, {"chainId": "12886379037244836396", "amount": 112, "createdAt": "2018-09-05T19:34:51+00:00", "shoeSize": "4.5Y", "productId": null, "skuUuid": "25db6161-2816-4739-b4b5-3bec0f0a94b3", "state": "480", "customerId": null, "localAmount": 112, "localCurrency": "USD"}, {"chainId": "12886360681127129600", "amount": 114, "createdAt": "2018-09-05T18:58:23+00:00", "shoeSize": "5Y", "productId": null, "skuUuid": "6cdcae40-416c-4be7-8a56-7cd3804d3089", "state": "480", "customerId": null, "localAmount": 114, "localCurrency": "USD"}, {"chainId": "12886278200266745719", "amount": 115, "createdAt": "2018-09-05T16:14:36+00:00", "shoeSize": "5Y", "productId": null, "skuUuid": "6cdcae40-416c-4be7-8a56-7cd3804d3089", "state": "480", "customerId": null, "localAmount": 115, "localCurrency": "USD"}, {"chainId": "12885080334865519551", "amount": 120, "createdAt": "2018-09-05T15:52:15+00:00", "shoeSize": "4.5Y", "productId": null, "skuUuid": "25db6161-2816-4739-b4b5-3bec0f0a94b3", "state": "480", "customerId": null, "localAmount": 120, "localCurrency": "USD"}, {"chainId": "12885079924101011068", "amount": 101, "createdAt": "2018-09-05T15:51:56+00:00", "shoeSize": "5.5Y", "productId": null, "skuUuid": "685be4b0-6f3c-41ba-95dd-e62304ead4b6", "state": "480", "customerId": null, "localAmount": 101, "localCurrency": "USD"}, {"chainId": "12885205746187286291", "amount": 101, "createdAt": "2018-09-05T03:40:08+00:00", "shoeSize": "4Y", "productId": null, "skuUuid": "67e80d33-e5cc-45f7-b611-6ae3a2f6eacf", "state": "480", "customerId": null, "localAmount": 101, "localCurrency": "USD"}, {"chainId": "12885836707204217878", "amount": 112, "createdAt": "2018-09-05T01:37:21+00:00", "shoeSize": "5Y", "productId": null, "skuUuid": "6cdcae40-416c-4be7-8a56-7cd3804d3089", "state": "480", "customerId": null, "localAmount": 112, "localCurrency": "USD"}, {"chainId": "12885831223830992286", "amount": 112, "createdAt": "2018-09-05T01:26:28+00:00", "shoeSize": "4.5Y", "productId": null, "skuUuid": "25db6161-2816-4739-b4b5-3bec0f0a94b3", "state": "480", "customerId": null, "localAmount": 112, "localCurrency": "USD"}, {"chainId": "12885827772429963784", "amount": 112, "createdAt": "2018-09-05T01:19:37+00:00", "shoeSize": "4.5Y", "productId": null, "skuUuid": "25db6161-2816-4739-b4b5-3bec0f0a94b3", "state": "480", "customerId": null, "localAmount": 112, "localCurrency": "USD"}, {"chainId": "12885825677422110245", "amount": 112, "createdAt": "2018-09-05T01:17:48+00:00", "shoeSize": "5Y", "productId": null, "skuUuid": "6cdcae40-416c-4be7-8a56-7cd3804d3089", "state": "480", "customerId": null, "localAmount": 112, "localCurrency": "USD"}, {"chainId": "12882636999398758157", "amount": 112, "createdAt": "2018-09-04T20:48:52+00:00", "shoeSize": "5.5Y", "productId": null, "skuUuid": "685be4b0-6f3c-41ba-95dd-e62304ead4b6", "state": "480", "customerId": null, "localAmount": 112, "localCurrency": "USD"}, {"chainId": "12885677432921086942", "amount": 112, "createdAt": "2018-09-04T20:20:55+00:00", "shoeSize": "5Y", "productId": null, "skuUuid": "6cdcae40-416c-4be7-8a56-7cd3804d3089", "state": "480", "customerId": null, "localAmount": 112, "localCurrency": "USD"}, {"chainId": "12885206209881377495", "amount": 112, "createdAt": "2018-09-04T04:45:26+00:00", "shoeSize": "5.5Y", "productId": null, "skuUuid": "685be4b0-6f3c-41ba-95dd-e62304ead4b6", "state": "480", "customerId": null, "localAmount": 112, "localCurrency": "USD"}, {"chainId": "12884933631754405752", "amount": 115, "createdAt": "2018-09-03T19:43:23+00:00", "shoeSize": "5.5Y", "productId": null, "skuUuid": "685be4b0-6f3c-41ba-95dd-e62304ead4b6", "state": "480", "customerId": null, "localAmount": 115, "localCurrency": "USD"}, {"chainId": "12884928927063856986", "amount": 112, "createdAt": "2018-09-03T19:33:45+00:00", "shoeSize": "5Y", "productId": null, "skuUuid": "6cdcae40-416c-4be7-8a56-7cd3804d3089", "state": "480", "customerId": null, "localAmount": 112, "localCurrency": "USD"}, {"chainId": "12884899861968108798", "amount": 116, "createdAt": "2018-09-03T18:36:28+00:00", "shoeSize": "5.5Y", "productId": null, "skuUuid": "685be4b0-6f3c-41ba-95dd-e62304ead4b6", "state": "480", "customerId": null, "localAmount": 116, "localCurrency": "USD"}, {"chainId": "12882636851260630361", "amount": 142, "createdAt": "2018-09-03T14:53:01+00:00", "shoeSize": "5Y", "productId": null, "skuUuid": "6cdcae40-416c-4be7-8a56-7cd3804d3089", "state": "480", "customerId": null, "localAmount": 142, "localCurrency": "USD"}, {"chainId": "12882330950824795587", "amount": 125, "createdAt": "2018-09-03T00:07:58+00:00", "shoeSize": "5.5Y", "productId": null, "skuUuid": "685be4b0-6f3c-41ba-95dd-e62304ead4b6", "state": "480", "customerId": null, "localAmount": 125, "localCurrency": "USD"}, {"chainId": "12884136144493875736", "amount": 115, "createdAt": "2018-09-03T00:07:45+00:00", "shoeSize": "7Y", "productId": null, "skuUuid": "2cc890ef-ae4f-4e10-8200-f8ee3ef6fb16", "state": "480", "customerId": null, "localAmount": 115, "localCurrency": "USD"}, {"chainId": "12882799374204171455", "amount": 115, "createdAt": "2018-09-02T22:38:04+00:00", "shoeSize": "5Y", "productId": null, "skuUuid": "6cdcae40-416c-4be7-8a56-7cd3804d3089", "state": "480", "customerId": null, "localAmount": 115, "localCurrency": "USD"}, {"chainId": "12882032131871272106", "amount": 105, "createdAt": "2018-08-31T01:11:26+00:00", "shoeSize": "5.5Y", "productId": null, "skuUuid": "685be4b0-6f3c-41ba-95dd-e62304ead4b6", "state": "480", "customerId": null, "localAmount": 105, "localCurrency": "USD"}, {"chainId": "12882003058271826264", "amount": 98, "createdAt": "2018-08-30T19:46:37+00:00", "shoeSize": "5.5Y", "productId": null, "skuUuid": "685be4b0-6f3c-41ba-95dd-e62304ead4b6", "state": "480", "customerId": null, "localAmount": 98, "localCurrency": "USD"}, {"chainId": "12882032009664370499", "amount": 98, "createdAt": "2018-08-30T19:38:05+00:00", "shoeSize": "5.5Y", "productId": null, "skuUuid": "685be4b0-6f3c-41ba-95dd-e62304ead4b6", "state": "480", "customerId": null, "localAmount": 98, "localCurrency": "USD"}, {"chainId": "12881993517004515859", "amount": 98, "createdAt": "2018-08-30T18:21:43+00:00", "shoeSize": "5.5Y", "productId": null, "skuUuid": "685be4b0-6f3c-41ba-95dd-e62304ead4b6", "state": "480", "customerId": null, "localAmount": 98, "localCurrency": "USD"}]