[{"chainId": "12986643021176795096", "amount": 75, "createdAt": "2019-01-23T20:00:50+00:00", "shoeSize": "13", "productId": null, "skuUuid": "3670bea5-6484-4753-aaa5-68c6c957c105", "state": "480", "customerId": null, "localAmount": 75, "localCurrency": "USD"}, {"chainId": "12984328040836561212", "amount": 70, "createdAt": "2019-01-23T17:31:19+00:00", "shoeSize": "8", "productId": null, "skuUuid": "6e2311ce-c1e3-4aa4-9f8c-660670ffe8f2", "state": "480", "customerId": null, "localAmount": 70, "localCurrency": "USD"}, {"chainId": "12984540166362348856", "amount": 95, "createdAt": "2019-01-23T03:54:49+00:00", "shoeSize": "9.5", "productId": null, "skuUuid": "6a6f0044-1dd9-4b11-8ac2-69407f9df8ae", "state": "480", "customerId": null, "localAmount": 95, "localCurrency": "USD"}, {"chainId": "12984540184325007175", "amount": 69, "createdAt": "2019-01-22T22:25:30+00:00", "shoeSize": "11.5", "productId": null, "skuUuid": "e4bb5489-091e-4009-9247-a154d2fa91d6", "state": "480", "customerId": null, "localAmount": 69, "localCurrency": "USD"}, {"chainId": "12986643216083272737", "amount": 53, "createdAt": "2019-01-22T19:25:33+00:00", "shoeSize": "11.5", "productId": null, "skuUuid": "e4bb5489-091e-4009-9247-a154d2fa91d6", "state": "480", "customerId": null, "localAmount": 53, "localCurrency": "USD"}, {"chainId": "12982744090067334520", "amount": 52, "createdAt": "2019-01-22T16:26:38+00:00", "shoeSize": "11.5", "productId": null, "skuUuid": "e4bb5489-091e-4009-9247-a154d2fa91d6", "state": "480", "customerId": null, "localAmount": 52, "localCurrency": "USD"}, {"chainId": "12986643458262748289", "amount": 52, "createdAt": "2019-01-22T14:29:08+00:00", "shoeSize": "11.5", "productId": null, "skuUuid": "e4bb5489-091e-4009-9247-a154d2fa91d6", "state": "480", "customerId": null, "localAmount": 52, "localCurrency": "USD"}, {"chainId": "12986643696480287510", "amount": 49, "createdAt": "2019-01-22T03:42:51+00:00", "shoeSize": "11.5", "productId": null, "skuUuid": "e4bb5489-091e-4009-9247-a154d2fa91d6", "state": "480", "customerId": null, "localAmount": 49, "localCurrency": "USD"}, {"chainId": "12986430520427342738", "amount": 60, "createdAt": "2019-01-21T20:39:17+00:00", "shoeSize": "10.5", "productId": null, "skuUuid": "438fc015-c60d-46c9-bf0c-8605ca6cf2a3", "state": "480", "customerId": null, "localAmount": 60, "localCurrency": "USD"}, {"chainId": "12985953670317336065", "amount": 50, "createdAt": "2019-01-21T20:13:18+00:00", "shoeSize": "11.5", "productId": null, "skuUuid": "e4bb5489-091e-4009-9247-a154d2fa91d6", "state": "480", "customerId": null, "localAmount": 50, "localCurrency": "USD"}, {"chainId": "12985953380661101617", "amount": 74, "createdAt": "2019-01-21T19:28:21+00:00", "shoeSize": "13", "productId": null, "skuUuid": "3670bea5-6484-4753-aaa5-68c6c957c105", "state": "480", "customerId": null, "localAmount": 74, "localCurrency": "USD"}, {"chainId": "12982766810168156382", "amount": 63, "createdAt": "2019-01-21T18:03:29+00:00", "shoeSize": "9.5", "productId": null, "skuUuid": "6a6f0044-1dd9-4b11-8ac2-69407f9df8ae", "state": "480", "customerId": null, "localAmount": 63, "localCurrency": "USD"}, {"chainId": "12982766816447558844", "amount": 62, "createdAt": "2019-01-21T10:02:36+00:00", "shoeSize": "9.5", "productId": null, "skuUuid": "6a6f0044-1dd9-4b11-8ac2-69407f9df8ae", "state": "480", "customerId": null, "localAmount": 62, "localCurrency": "USD"}, {"chainId": "12985582330588521963", "amount": 70, "createdAt": "2019-01-21T03:17:44+00:00", "shoeSize": "9", "productId": null, "skuUuid": "efc10b96-b151-4738-b4c4-81017b03d085", "state": "480", "customerId": null, "localAmount": 70, "localCurrency": "USD"}, {"chainId": "12982763407990762216", "amount": 65, "createdAt": "2019-01-20T21:42:09+00:00", "shoeSize": "10", "productId": null, "skuUuid": "e088d7a0-adc1-443b-bf05-504ca5db7802", "state": "480", "customerId": null, "localAmount": 65, "localCurrency": "USD"}, {"chainId": "12985709028000086489", "amount": 60, "createdAt": "2019-01-20T20:45:48+00:00", "shoeSize": "10.5", "productId": null, "skuUuid": "438fc015-c60d-46c9-bf0c-8605ca6cf2a3", "state": "480", "customerId": null, "localAmount": 60, "localCurrency": "USD"}, {"chainId": "12985708530263575205", "amount": 60, "createdAt": "2019-01-20T20:44:51+00:00", "shoeSize": "11", "productId": null, "skuUuid": "35ba1f00-4623-44a0-ba8a-394f9c539fa1", "state": "480", "customerId": null, "localAmount": 60, "localCurrency": "USD"}, {"chainId": "12985334666715059770", "amount": 50, "createdAt": "2019-01-20T17:43:35+00:00", "shoeSize": "11.5", "productId": null, "skuUuid": "e4bb5489-091e-4009-9247-a154d2fa91d6", "state": "480", "customerId": null, "localAmount": 50, "localCurrency": "USD"}, {"chainId": "12974365633534672081", "amount": 70, "createdAt": "2019-01-20T16:32:11+00:00", "shoeSize": "9", "productId": null, "skuUuid": "efc10b96-b151-4738-b4c4-81017b03d085", "state": "480", "customerId": null, "localAmount": 70, "localCurrency": "USD"}, {"chainId": "12985209060418723527", "amount": 60, "createdAt": "2019-01-20T10:43:22+00:00", "shoeSize": "8", "productId": null, "skuUuid": "6e2311ce-c1e3-4aa4-9f8c-660670ffe8f2", "state": "480", "customerId": null, "localAmount": 60, "localCurrency": "USD"}, {"chainId": "12984540190189856980", "amount": 68, "createdAt": "2019-01-19T23:31:46+00:00", "shoeSize": "12", "productId": null, "skuUuid": "ac6d6e4e-d218-41b0-b61e-1c19dd63170e", "state": "480", "customerId": null, "localAmount": 68, "localCurrency": "USD"}, {"chainId": "12984936533487872421", "amount": 51, "createdAt": "2019-01-19T19:11:02+00:00", "shoeSize": "13", "productId": null, "skuUuid": "3670bea5-6484-4753-aaa5-68c6c957c105", "state": "480", "customerId": null, "localAmount": 51, "localCurrency": "USD"}, {"chainId": "12984935760385190341", "amount": 51, "createdAt": "2019-01-19T19:09:29+00:00", "shoeSize": "8.5", "productId": null, "skuUuid": "4829cda5-7929-4381-bb3e-9131fbaf3e98", "state": "480", "customerId": null, "localAmount": 51, "localCurrency": "USD"}, {"chainId": "12984935264664283488", "amount": 54, "createdAt": "2019-01-19T19:08:29+00:00", "shoeSize": "8", "productId": null, "skuUuid": "6e2311ce-c1e3-4aa4-9f8c-660670ffe8f2", "state": "480", "customerId": null, "localAmount": 54, "localCurrency": "USD"}, {"chainId": "12984928341004728583", "amount": 52, "createdAt": "2019-01-19T18:54:45+00:00", "shoeSize": "8.5", "productId": null, "skuUuid": "4829cda5-7929-4381-bb3e-9131fbaf3e98", "state": "480", "customerId": null, "localAmount": 52, "localCurrency": "USD"}, {"chainId": "12984926153978588471", "amount": 61, "createdAt": "2019-01-19T18:50:28+00:00", "shoeSize": "8", "productId": null, "skuUuid": "6e2311ce-c1e3-4aa4-9f8c-660670ffe8f2", "state": "480", "customerId": null, "localAmount": 61, "localCurrency": "USD"}, {"chainId": "12984445407189259925", "amount": 80, "createdAt": "2019-01-19T16:01:39+00:00", "shoeSize": "8.5", "productId": null, "skuUuid": "4829cda5-7929-4381-bb3e-9131fbaf3e98", "state": "480", "customerId": null, "localAmount": 80, "localCurrency": "USD"}, {"chainId": "12979972816135605806", "amount": 69, "createdAt": "2019-01-19T03:28:29+00:00", "shoeSize": "11", "productId": null, "skuUuid": "35ba1f00-4623-44a0-ba8a-394f9c539fa1", "state": "480", "customerId": null, "localAmount": 69, "localCurrency": "USD"}, {"chainId": "12982764479748634762", "amount": 80, "createdAt": "2019-01-17T22:06:52+00:00", "shoeSize": "8.5", "productId": null, "skuUuid": "4829cda5-7929-4381-bb3e-9131fbaf3e98", "state": "480", "customerId": null, "localAmount": 80, "localCurrency": "USD"}, {"chainId": "12979972821600284531", "amount": 74, "createdAt": "2019-01-17T21:49:44+00:00", "shoeSize": "10.5", "productId": null, "skuUuid": "438fc015-c60d-46c9-bf0c-8605ca6cf2a3", "state": "480", "customerId": null, "localAmount": 74, "localCurrency": "USD"}, {"chainId": "12983442623352366732", "amount": 75, "createdAt": "2019-01-17T17:42:54+00:00", "shoeSize": "7.5", "productId": null, "skuUuid": "a850a6d8-1cc0-4e43-baf2-fd49fa484253", "state": "480", "customerId": null, "localAmount": 75, "localCurrency": "USD"}, {"chainId": "12982743931589657370", "amount": 90, "createdAt": "2019-01-17T03:05:48+00:00", "shoeSize": "13", "productId": null, "skuUuid": "3670bea5-6484-4753-aaa5-68c6c957c105", "state": "480", "customerId": null, "localAmount": 90, "localCurrency": "USD"}, {"chainId": "12982752818566755023", "amount": 65, "createdAt": "2019-01-16T19:36:13+00:00", "shoeSize": "10.5", "productId": null, "skuUuid": "438fc015-c60d-46c9-bf0c-8605ca6cf2a3", "state": "480", "customerId": null, "localAmount": 65, "localCurrency": "USD"}, {"chainId": "12982752219541992814", "amount": 70, "createdAt": "2019-01-16T18:51:35+00:00", "shoeSize": "8.5", "productId": null, "skuUuid": "4829cda5-7929-4381-bb3e-9131fbaf3e98", "state": "480", "customerId": null, "localAmount": 70, "localCurrency": "USD"}, {"chainId": "12982750040235232850", "amount": 75, "createdAt": "2019-01-16T18:47:19+00:00", "shoeSize": "10", "productId": null, "skuUuid": "e088d7a0-adc1-443b-bf05-504ca5db7802", "state": "480", "customerId": null, "localAmount": 75, "localCurrency": "USD"}, {"chainId": "12982748418005193998", "amount": 75, "createdAt": "2019-01-16T18:47:00+00:00", "shoeSize": "10", "productId": null, "skuUuid": "e088d7a0-adc1-443b-bf05-504ca5db7802", "state": "480", "customerId": null, "localAmount": 75, "localCurrency": "USD"}, {"chainId": "12982312657771567685", "amount": 90, "createdAt": "2019-01-16T04:17:50+00:00", "shoeSize": "11.5", "productId": null, "skuUuid": "e4bb5489-091e-4009-9247-a154d2fa91d6", "state": "480", "customerId": null, "localAmount": 90, "localCurrency": "USD"}, {"chainId": "12979972803768284695", "amount": 93, "createdAt": "2019-01-15T20:49:28+00:00", "shoeSize": "12", "productId": null, "skuUuid": "ac6d6e4e-d218-41b0-b61e-1c19dd63170e", "state": "480", "customerId": null, "localAmount": 93, "localCurrency": "USD"}, {"chainId": "12974365848192181445", "amount": 60, "createdAt": "2019-01-14T17:34:01+00:00", "shoeSize": "11", "productId": null, "skuUuid": "35ba1f00-4623-44a0-ba8a-394f9c539fa1", "state": "480", "customerId": null, "localAmount": 60, "localCurrency": "USD"}, {"chainId": "12979972798527314387", "amount": 86, "createdAt": "2019-01-14T17:16:00+00:00", "shoeSize": "13", "productId": null, "skuUuid": "3670bea5-6484-4753-aaa5-68c6c957c105", "state": "480", "customerId": null, "localAmount": 86, "localCurrency": "USD"}, {"chainId": "12979972832136804647", "amount": 69, "createdAt": "2019-01-14T07:09:28+00:00", "shoeSize": "9", "productId": null, "skuUuid": "efc10b96-b151-4738-b4c4-81017b03d085", "state": "480", "customerId": null, "localAmount": 69, "localCurrency": "USD"}, {"chainId": "12980068568284616285", "amount": 66, "createdAt": "2019-01-13T23:10:23+00:00", "shoeSize": "8.5", "productId": null, "skuUuid": "4829cda5-7929-4381-bb3e-9131fbaf3e98", "state": "480", "customerId": null, "localAmount": 66, "localCurrency": "USD"}, {"chainId": "12980655445468473920", "amount": 41, "createdAt": "2019-01-13T21:25:14+00:00", "shoeSize": "11.5", "productId": null, "skuUuid": "e4bb5489-091e-4009-9247-a154d2fa91d6", "state": "480", "customerId": null, "localAmount": 41, "localCurrency": "USD"}, {"chainId": "12979972837215909969", "amount": 86, "createdAt": "2019-01-13T20:51:02+00:00", "shoeSize": "10", "productId": null, "skuUuid": "e088d7a0-adc1-443b-bf05-504ca5db7802", "state": "480", "customerId": null, "localAmount": 86, "localCurrency": "USD"}, {"chainId": "12979972826823786951", "amount": 74, "createdAt": "2019-01-13T19:15:38+00:00", "shoeSize": "9.5", "productId": null, "skuUuid": "6a6f0044-1dd9-4b11-8ac2-69407f9df8ae", "state": "480", "customerId": null, "localAmount": 74, "localCurrency": "USD"}, {"chainId": "12980068694463048335", "amount": 66, "createdAt": "2019-01-13T06:29:14+00:00", "shoeSize": "10", "productId": null, "skuUuid": "e088d7a0-adc1-443b-bf05-504ca5db7802", "state": "480", "customerId": null, "localAmount": 66, "localCurrency": "USD"}, {"chainId": "12975082250517519008", "amount": 75, "createdAt": "2019-01-12T20:53:54+00:00", "shoeSize": "10", "productId": null, "skuUuid": "e088d7a0-adc1-443b-bf05-504ca5db7802", "state": "480", "customerId": null, "localAmount": 75, "localCurrency": "USD"}, {"chainId": "12978422419003560292", "amount": 75, "createdAt": "2019-01-12T03:50:57+00:00", "shoeSize": "9.5", "productId": null, "skuUuid": "6a6f0044-1dd9-4b11-8ac2-69407f9df8ae", "state": "480", "customerId": null, "localAmount": 75, "localCurrency": "USD"}, {"chainId": "12979212526881265745", "amount": 80, "createdAt": "2019-01-11T21:38:28+00:00", "shoeSize": "13", "productId": null, "skuUuid": "3670bea5-6484-4753-aaa5-68c6c957c105", "state": "480", "customerId": null, "localAmount": 80, "localCurrency": "USD"}, {"chainId": "12978586360954825499", "amount": 70, "createdAt": "2019-01-11T19:30:20+00:00", "shoeSize": "10.5", "productId": null, "skuUuid": "438fc015-c60d-46c9-bf0c-8605ca6cf2a3", "state": "480", "customerId": null, "localAmount": 70, "localCurrency": "USD"}, {"chainId": "12974872864020347714", "amount": 75, "createdAt": "2019-01-11T04:48:38+00:00", "shoeSize": "9.5", "productId": null, "skuUuid": "6a6f0044-1dd9-4b11-8ac2-69407f9df8ae", "state": "480", "customerId": null, "localAmount": 75, "localCurrency": "USD"}, {"chainId": "12897725032704569401", "amount": 114, "createdAt": "2019-01-09T21:38:35+00:00", "shoeSize": "8", "productId": null, "skuUuid": "6e2311ce-c1e3-4aa4-9f8c-660670ffe8f2", "state": "480", "customerId": null, "localAmount": 114, "localCurrency": "USD"}, {"chainId": "12968400386509656382", "amount": 92, "createdAt": "2019-01-08T18:02:29+00:00", "shoeSize": "13", "productId": null, "skuUuid": "3670bea5-6484-4753-aaa5-68c6c957c105", "state": "480", "customerId": null, "localAmount": 92, "localCurrency": "USD"}, {"chainId": "12973947364209154747", "amount": 65, "createdAt": "2019-01-07T22:41:00+00:00", "shoeSize": "12.5", "productId": null, "skuUuid": "9f8a493a-3551-4ac0-9c5b-2e189460e081", "state": "480", "customerId": null, "localAmount": 65, "localCurrency": "USD"}, {"chainId": "12975084276038976343", "amount": 65, "createdAt": "2019-01-07T22:20:53+00:00", "shoeSize": "11", "productId": null, "skuUuid": "35ba1f00-4623-44a0-ba8a-394f9c539fa1", "state": "480", "customerId": null, "localAmount": 65, "localCurrency": "USD"}, {"chainId": "12928781845910311914", "amount": 114, "createdAt": "2019-01-07T03:56:25+00:00", "shoeSize": "8", "productId": null, "skuUuid": "6e2311ce-c1e3-4aa4-9f8c-660670ffe8f2", "state": "480", "customerId": null, "localAmount": 114, "localCurrency": "USD"}, {"chainId": "12975069600405588656", "amount": 80, "createdAt": "2019-01-06T21:26:23+00:00", "shoeSize": "12", "productId": null, "skuUuid": "ac6d6e4e-d218-41b0-b61e-1c19dd63170e", "state": "480", "customerId": null, "localAmount": 80, "localCurrency": "USD"}, {"chainId": "12975563226695742482", "amount": 66, "createdAt": "2019-01-06T20:47:56+00:00", "shoeSize": "12", "productId": null, "skuUuid": "ac6d6e4e-d218-41b0-b61e-1c19dd63170e", "state": "480", "customerId": null, "localAmount": 66, "localCurrency": "USD"}, {"chainId": "12975560586555381736", "amount": 66, "createdAt": "2019-01-06T20:42:40+00:00", "shoeSize": "11", "productId": null, "skuUuid": "35ba1f00-4623-44a0-ba8a-394f9c539fa1", "state": "480", "customerId": null, "localAmount": 66, "localCurrency": "USD"}, {"chainId": "12975536195623248929", "amount": 70, "createdAt": "2019-01-06T19:54:12+00:00", "shoeSize": "11.5", "productId": null, "skuUuid": "e4bb5489-091e-4009-9247-a154d2fa91d6", "state": "480", "customerId": null, "localAmount": 70, "localCurrency": "USD"}, {"chainId": "12975083705111415491", "amount": 70, "createdAt": "2019-01-06T04:55:13+00:00", "shoeSize": "11", "productId": null, "skuUuid": "35ba1f00-4623-44a0-ba8a-394f9c539fa1", "state": "480", "customerId": null, "localAmount": 70, "localCurrency": "USD"}, {"chainId": "12975046139829101626", "amount": 70, "createdAt": "2019-01-06T04:53:37+00:00", "shoeSize": "10.5", "productId": null, "skuUuid": "438fc015-c60d-46c9-bf0c-8605ca6cf2a3", "state": "480", "customerId": null, "localAmount": 70, "localCurrency": "USD"}, {"chainId": "12975059761844779223", "amount": 70, "createdAt": "2019-01-06T04:17:03+00:00", "shoeSize": "12", "productId": null, "skuUuid": "ac6d6e4e-d218-41b0-b61e-1c19dd63170e", "state": "480", "customerId": null, "localAmount": 70, "localCurrency": "USD"}, {"chainId": "12974194557428418720", "amount": 80, "createdAt": "2019-01-06T00:37:50+00:00", "shoeSize": "11.5", "productId": null, "skuUuid": "e4bb5489-091e-4009-9247-a154d2fa91d6", "state": "480", "customerId": null, "localAmount": 80, "localCurrency": "USD"}, {"chainId": "12974927467182417333", "amount": 65, "createdAt": "2019-01-05T23:44:46+00:00", "shoeSize": "13", "productId": null, "skuUuid": "3670bea5-6484-4753-aaa5-68c6c957c105", "state": "480", "customerId": null, "localAmount": 65, "localCurrency": "USD"}, {"chainId": "12974925553215063939", "amount": 67, "createdAt": "2019-01-05T23:40:58+00:00", "shoeSize": "13", "productId": null, "skuUuid": "3670bea5-6484-4753-aaa5-68c6c957c105", "state": "480", "customerId": null, "localAmount": 67, "localCurrency": "USD"}, {"chainId": "12974825015645208731", "amount": 75, "createdAt": "2019-01-05T20:21:13+00:00", "shoeSize": "9.5", "productId": null, "skuUuid": "6a6f0044-1dd9-4b11-8ac2-69407f9df8ae", "state": "480", "customerId": null, "localAmount": 75, "localCurrency": "USD"}, {"chainId": "12974670908199874093", "amount": 75, "createdAt": "2019-01-05T15:15:04+00:00", "shoeSize": "9.5", "productId": null, "skuUuid": "6a6f0044-1dd9-4b11-8ac2-69407f9df8ae", "state": "480", "customerId": null, "localAmount": 75, "localCurrency": "USD"}, {"chainId": "12974249683150438876", "amount": 67, "createdAt": "2019-01-05T01:18:10+00:00", "shoeSize": "13", "productId": null, "skuUuid": "3670bea5-6484-4753-aaa5-68c6c957c105", "state": "480", "customerId": null, "localAmount": 67, "localCurrency": "USD"}, {"chainId": "12974248984190664551", "amount": 70, "createdAt": "2019-01-05T01:16:46+00:00", "shoeSize": "11.5", "productId": null, "skuUuid": "e4bb5489-091e-4009-9247-a154d2fa91d6", "state": "480", "customerId": null, "localAmount": 70, "localCurrency": "USD"}, {"chainId": "12974225814523057847", "amount": 65, "createdAt": "2019-01-05T00:30:43+00:00", "shoeSize": "10.5", "productId": null, "skuUuid": "438fc015-c60d-46c9-bf0c-8605ca6cf2a3", "state": "480", "customerId": null, "localAmount": 65, "localCurrency": "USD"}, {"chainId": "12974223016246637368", "amount": 66, "createdAt": "2019-01-05T00:25:09+00:00", "shoeSize": "10.5", "productId": null, "skuUuid": "438fc015-c60d-46c9-bf0c-8605ca6cf2a3", "state": "480", "customerId": null, "localAmount": 66, "localCurrency": "USD"}, {"chainId": "12974170718509880469", "amount": 75, "createdAt": "2019-01-04T22:41:15+00:00", "shoeSize": "8.5", "productId": null, "skuUuid": "4829cda5-7929-4381-bb3e-9131fbaf3e98", "state": "480", "customerId": null, "localAmount": 75, "localCurrency": "USD"}, {"chainId": "12974169725870392327", "amount": 80, "createdAt": "2019-01-04T22:39:18+00:00", "shoeSize": "11", "productId": null, "skuUuid": "35ba1f00-4623-44a0-ba8a-394f9c539fa1", "state": "480", "customerId": null, "localAmount": 80, "localCurrency": "USD"}, {"chainId": "12969693043344982276", "amount": 98, "createdAt": "2019-01-04T16:33:26+00:00", "shoeSize": "10.5", "productId": null, "skuUuid": "438fc015-c60d-46c9-bf0c-8605ca6cf2a3", "state": "480", "customerId": null, "localAmount": 98, "localCurrency": "USD"}, {"chainId": "12972614612595667281", "amount": 80, "createdAt": "2019-01-04T04:55:34+00:00", "shoeSize": "12", "productId": null, "skuUuid": "ac6d6e4e-d218-41b0-b61e-1c19dd63170e", "state": "480", "customerId": null, "localAmount": 80, "localCurrency": "USD"}, {"chainId": "12973555907525448831", "amount": 80, "createdAt": "2019-01-04T02:19:45+00:00", "shoeSize": "10.5", "productId": null, "skuUuid": "438fc015-c60d-46c9-bf0c-8605ca6cf2a3", "state": "480", "customerId": null, "localAmount": 80, "localCurrency": "USD"}, {"chainId": "12971916604738701967", "amount": 75, "createdAt": "2019-01-01T20:02:43+00:00", "shoeSize": "10.5", "productId": null, "skuUuid": "438fc015-c60d-46c9-bf0c-8605ca6cf2a3", "state": "480", "customerId": null, "localAmount": 75, "localCurrency": "USD"}, {"chainId": "12971809651958453227", "amount": 80, "createdAt": "2019-01-01T16:30:13+00:00", "shoeSize": "10.5", "productId": null, "skuUuid": "438fc015-c60d-46c9-bf0c-8605ca6cf2a3", "state": "480", "customerId": null, "localAmount": 80, "localCurrency": "USD"}, {"chainId": "12971284318713781939", "amount": 75, "createdAt": "2018-12-31T23:06:32+00:00", "shoeSize": "9.5", "productId": null, "skuUuid": "6a6f0044-1dd9-4b11-8ac2-69407f9df8ae", "state": "480", "customerId": null, "localAmount": 75, "localCurrency": "USD"}, {"chainId": "12971177154543844347", "amount": 80, "createdAt": "2018-12-31T19:55:42+00:00", "shoeSize": "9.5", "productId": null, "skuUuid": "6a6f0044-1dd9-4b11-8ac2-69407f9df8ae", "state": "480", "customerId": null, "localAmount": 80, "localCurrency": "USD"}, {"chainId": "12971095743052507020", "amount": 86, "createdAt": "2018-12-31T16:51:49+00:00", "shoeSize": "9.5", "productId": null, "skuUuid": "6a6f0044-1dd9-4b11-8ac2-69407f9df8ae", "state": "480", "customerId": null, "localAmount": 86, "localCurrency": "USD"}, {"chainId": "12969263406687599184", "amount": 109.809, "createdAt": "2018-12-30T04:13:03+00:00", "shoeSize": "11", "productId": null, "skuUuid": "35ba1f00-4623-44a0-ba8a-394f9c539fa1", "state": "480", "customerId": null, "localAmount": 110, "localCurrency": "USD"}, {"chainId": "12969810395687114592", "amount": 75, "createdAt": "2018-12-29T22:18:05+00:00", "shoeSize": "9.5", "productId": null, "skuUuid": "6a6f0044-1dd9-4b11-8ac2-69407f9df8ae", "state": "480", "customerId": null, "localAmount": 75, "localCurrency": "USD"}, {"chainId": "12969652946712854503", "amount": 85, "createdAt": "2018-12-29T17:05:16+00:00", "shoeSize": "12", "productId": null, "skuUuid": "ac6d6e4e-d218-41b0-b61e-1c19dd63170e", "state": "480", "customerId": null, "localAmount": 85, "localCurrency": "USD"}, {"chainId": "12969652281130951369", "amount": 92, "createdAt": "2018-12-29T17:03:55+00:00", "shoeSize": "12", "productId": null, "skuUuid": "ac6d6e4e-d218-41b0-b61e-1c19dd63170e", "state": "480", "customerId": null, "localAmount": 92, "localCurrency": "USD"}, {"chainId": "12968980853746091214", "amount": 80.6659, "createdAt": "2018-12-28T18:49:54+00:00", "shoeSize": "10", "productId": null, "skuUuid": "e088d7a0-adc1-443b-bf05-504ca5db7802", "state": "480", "customerId": null, "localAmount": 81, "localCurrency": "USD"}, {"chainId": "12968980600473273182", "amount": 80, "createdAt": "2018-12-28T18:49:26+00:00", "shoeSize": "8", "productId": null, "skuUuid": "6e2311ce-c1e3-4aa4-9f8c-660670ffe8f2", "state": "480", "customerId": null, "localAmount": 80, "localCurrency": "USD"}, {"chainId": "12968942687051367988", "amount": 90, "createdAt": "2018-12-28T18:46:32+00:00", "shoeSize": "8", "productId": null, "skuUuid": "6e2311ce-c1e3-4aa4-9f8c-660670ffe8f2", "state": "480", "customerId": null, "localAmount": 90, "localCurrency": "USD"}, {"chainId": "12968326318589328193", "amount": 85, "createdAt": "2018-12-27T21:09:33+00:00", "shoeSize": "12", "productId": null, "skuUuid": "ac6d6e4e-d218-41b0-b61e-1c19dd63170e", "state": "480", "customerId": null, "localAmount": 85, "localCurrency": "USD"}, {"chainId": "12968269320986850462", "amount": 85, "createdAt": "2018-12-27T19:16:13+00:00", "shoeSize": "9.5", "productId": null, "skuUuid": "6a6f0044-1dd9-4b11-8ac2-69407f9df8ae", "state": "480", "customerId": null, "localAmount": 85, "localCurrency": "USD"}, {"chainId": "12967846356336648355", "amount": 95, "createdAt": "2018-12-27T05:15:52+00:00", "shoeSize": "8", "productId": null, "skuUuid": "6e2311ce-c1e3-4aa4-9f8c-660670ffe8f2", "state": "480", "customerId": null, "localAmount": 95, "localCurrency": "USD"}, {"chainId": "12964065321383640875", "amount": 60, "createdAt": "2018-12-22T00:03:39+00:00", "shoeSize": "14", "productId": null, "skuUuid": "67388364-ae6e-4874-8c09-386bce36a099", "state": "480", "customerId": null, "localAmount": 60, "localCurrency": "USD"}, {"chainId": "12964064006397778534", "amount": 60, "createdAt": "2018-12-22T00:01:03+00:00", "shoeSize": "12", "productId": null, "skuUuid": "ac6d6e4e-d218-41b0-b61e-1c19dd63170e", "state": "480", "customerId": null, "localAmount": 60, "localCurrency": "USD"}, {"chainId": "12964063494833819845", "amount": 60, "createdAt": "2018-12-22T00:00:00+00:00", "shoeSize": "10.5", "productId": null, "skuUuid": "438fc015-c60d-46c9-bf0c-8605ca6cf2a3", "state": "480", "customerId": null, "localAmount": 60, "localCurrency": "USD"}, {"chainId": "12964063001651066152", "amount": 65, "createdAt": "2018-12-21T23:59:03+00:00", "shoeSize": "10.5", "productId": null, "skuUuid": "438fc015-c60d-46c9-bf0c-8605ca6cf2a3", "state": "480", "customerId": null, "localAmount": 65, "localCurrency": "USD"}, {"chainId": "12964062765705693682", "amount": 65, "createdAt": "2018-12-21T23:58:33+00:00", "shoeSize": "10", "productId": null, "skuUuid": "e088d7a0-adc1-443b-bf05-504ca5db7802", "state": "480", "customerId": null, "localAmount": 65, "localCurrency": "USD"}, {"chainId": "12964062549697473585", "amount": 66, "createdAt": "2018-12-21T23:58:09+00:00", "shoeSize": "10", "productId": null, "skuUuid": "e088d7a0-adc1-443b-bf05-504ca5db7802", "state": "480", "customerId": null, "localAmount": 66, "localCurrency": "USD"}, {"chainId": "12964062341810557156", "amount": 67, "createdAt": "2018-12-21T23:57:42+00:00", "shoeSize": "10", "productId": null, "skuUuid": "e088d7a0-adc1-443b-bf05-504ca5db7802", "state": "480", "customerId": null, "localAmount": 67, "localCurrency": "USD"}, {"chainId": "12963896221469440252", "amount": 75, "createdAt": "2018-12-21T18:27:43+00:00", "shoeSize": "10", "productId": null, "skuUuid": "e088d7a0-adc1-443b-bf05-504ca5db7802", "state": "480", "customerId": null, "localAmount": 75, "localCurrency": "USD"}, {"chainId": "12963896086170314743", "amount": 70, "createdAt": "2018-12-21T18:27:25+00:00", "shoeSize": "11.5", "productId": null, "skuUuid": "e4bb5489-091e-4009-9247-a154d2fa91d6", "state": "480", "customerId": null, "localAmount": 70, "localCurrency": "USD"}, {"chainId": "12963823213001825706", "amount": 135, "createdAt": "2018-12-21T16:02:36+00:00", "shoeSize": "9.5", "productId": null, "skuUuid": "6a6f0044-1dd9-4b11-8ac2-69407f9df8ae", "state": "480", "customerId": null, "localAmount": 135, "localCurrency": "USD"}, {"chainId": "12962525569271713259", "amount": 85, "createdAt": "2018-12-20T21:52:56+00:00", "shoeSize": "11", "productId": null, "skuUuid": "35ba1f00-4623-44a0-ba8a-394f9c539fa1", "state": "480", "customerId": null, "localAmount": 85, "localCurrency": "USD"}, {"chainId": "12955300482055955895", "amount": 75, "createdAt": "2018-12-19T20:59:58+00:00", "shoeSize": "11", "productId": null, "skuUuid": "35ba1f00-4623-44a0-ba8a-394f9c539fa1", "state": "480", "customerId": null, "localAmount": 75, "localCurrency": "USD"}, {"chainId": "12897725287316627816", "amount": 120, "createdAt": "2018-12-19T00:06:23+00:00", "shoeSize": "9", "productId": null, "skuUuid": "efc10b96-b151-4738-b4c4-81017b03d085", "state": "480", "customerId": null, "localAmount": 120, "localCurrency": "USD"}, {"chainId": "12959707524238983727", "amount": 76, "createdAt": "2018-12-15T23:45:29+00:00", "shoeSize": "13", "productId": null, "skuUuid": "3670bea5-6484-4753-aaa5-68c6c957c105", "state": "480", "customerId": null, "localAmount": 76, "localCurrency": "USD"}, {"chainId": "12958925467620902996", "amount": 65, "createdAt": "2018-12-14T21:51:40+00:00", "shoeSize": "9.5", "productId": null, "skuUuid": "6a6f0044-1dd9-4b11-8ac2-69407f9df8ae", "state": "480", "customerId": null, "localAmount": 65, "localCurrency": "USD"}, {"chainId": "12958925155662848547", "amount": 69.1354, "createdAt": "2018-12-14T21:51:04+00:00", "shoeSize": "11.5", "productId": null, "skuUuid": "e4bb5489-091e-4009-9247-a154d2fa91d6", "state": "480", "customerId": null, "localAmount": 70, "localCurrency": "USD"}, {"chainId": "12958810623327104644", "amount": 70, "createdAt": "2018-12-14T18:03:34+00:00", "shoeSize": "10", "productId": null, "skuUuid": "e088d7a0-adc1-443b-bf05-504ca5db7802", "state": "480", "customerId": null, "localAmount": 70, "localCurrency": "USD"}, {"chainId": "12958803177936767453", "amount": 75, "createdAt": "2018-12-14T17:48:41+00:00", "shoeSize": "9.5", "productId": null, "skuUuid": "6a6f0044-1dd9-4b11-8ac2-69407f9df8ae", "state": "480", "customerId": null, "localAmount": 75, "localCurrency": "USD"}, {"chainId": "12958802526095134461", "amount": 80, "createdAt": "2018-12-14T17:47:25+00:00", "shoeSize": "8", "productId": null, "skuUuid": "6e2311ce-c1e3-4aa4-9f8c-660670ffe8f2", "state": "480", "customerId": null, "localAmount": 80, "localCurrency": "USD"}, {"chainId": "12958801380139343231", "amount": 80, "createdAt": "2018-12-14T17:45:09+00:00", "shoeSize": "9", "productId": null, "skuUuid": "efc10b96-b151-4738-b4c4-81017b03d085", "state": "480", "customerId": null, "localAmount": 80, "localCurrency": "USD"}, {"chainId": "12955999528100484959", "amount": 88, "createdAt": "2018-12-10T20:58:26+00:00", "shoeSize": "12", "productId": null, "skuUuid": "ac6d6e4e-d218-41b0-b61e-1c19dd63170e", "state": "480", "customerId": null, "localAmount": 88, "localCurrency": "USD"}, {"chainId": "12948107709738405124", "amount": 78, "createdAt": "2018-12-09T20:53:08+00:00", "shoeSize": "11", "productId": null, "skuUuid": "35ba1f00-4623-44a0-ba8a-394f9c539fa1", "state": "480", "customerId": null, "localAmount": 78, "localCurrency": "USD"}, {"chainId": "12947208769215219099", "amount": 81, "createdAt": "2018-12-07T12:28:32+00:00", "shoeSize": "8.5", "productId": null, "skuUuid": "4829cda5-7929-4381-bb3e-9131fbaf3e98", "state": "480", "customerId": null, "localAmount": 81, "localCurrency": "USD"}, {"chainId": "12938900883154239011", "amount": 120, "createdAt": "2018-12-04T03:05:09+00:00", "shoeSize": "10", "productId": null, "skuUuid": "e088d7a0-adc1-443b-bf05-504ca5db7802", "state": "480", "customerId": null, "localAmount": 120, "localCurrency": "USD"}, {"chainId": "12943916451752352840", "amount": 60, "createdAt": "2018-11-30T17:37:56+00:00", "shoeSize": "11", "productId": null, "skuUuid": "35ba1f00-4623-44a0-ba8a-394f9c539fa1", "state": "480", "customerId": null, "localAmount": 60, "localCurrency": "USD"}, {"chainId": "12947205865877234183", "amount": 90, "createdAt": "2018-11-29T23:31:28+00:00", "shoeSize": "11", "productId": null, "skuUuid": "35ba1f00-4623-44a0-ba8a-394f9c539fa1", "state": "480", "customerId": null, "localAmount": 90, "localCurrency": "USD"}, {"chainId": "12936759178649081517", "amount": 120, "createdAt": "2018-11-29T01:47:25+00:00", "shoeSize": "9.5", "productId": null, "skuUuid": "6a6f0044-1dd9-4b11-8ac2-69407f9df8ae", "state": "480", "customerId": null, "localAmount": 120, "localCurrency": "USD"}, {"chainId": "12933039960189961827", "amount": 115, "createdAt": "2018-11-28T13:48:26+00:00", "shoeSize": "8.5", "productId": null, "skuUuid": "4829cda5-7929-4381-bb3e-9131fbaf3e98", "state": "480", "customerId": null, "localAmount": 115, "localCurrency": "USD"}, {"chainId": "12943668295909475243", "amount": 115, "createdAt": "2018-11-24T01:31:30+00:00", "shoeSize": "9", "productId": null, "skuUuid": "efc10b96-b151-4738-b4c4-81017b03d085", "state": "480", "customerId": null, "localAmount": 115, "localCurrency": "USD"}, {"chainId": "12943810523811815830", "amount": 66, "createdAt": "2018-11-24T01:20:59+00:00", "shoeSize": "8.5", "productId": null, "skuUuid": "4829cda5-7929-4381-bb3e-9131fbaf3e98", "state": "480", "customerId": null, "localAmount": 66, "localCurrency": "USD"}, {"chainId": "12942879616403626996", "amount": 90, "createdAt": "2018-11-22T18:31:26+00:00", "shoeSize": "7.5", "productId": null, "skuUuid": "a850a6d8-1cc0-4e43-baf2-fd49fa484253", "state": "480", "customerId": null, "localAmount": 90, "localCurrency": "USD"}, {"chainId": "12942877050736612420", "amount": 70, "createdAt": "2018-11-22T18:26:21+00:00", "shoeSize": "9.5", "productId": null, "skuUuid": "6a6f0044-1dd9-4b11-8ac2-69407f9df8ae", "state": "480", "customerId": null, "localAmount": 70, "localCurrency": "USD"}, {"chainId": "12942876295493873173", "amount": 85, "createdAt": "2018-11-22T18:24:49+00:00", "shoeSize": "11.5", "productId": null, "skuUuid": "e4bb5489-091e-4009-9247-a154d2fa91d6", "state": "480", "customerId": null, "localAmount": 85, "localCurrency": "USD"}, {"chainId": "12942875908395676975", "amount": 80, "createdAt": "2018-11-22T18:24:04+00:00", "shoeSize": "9.5", "productId": null, "skuUuid": "6a6f0044-1dd9-4b11-8ac2-69407f9df8ae", "state": "480", "customerId": null, "localAmount": 80, "localCurrency": "USD"}, {"chainId": "12942169423726477825", "amount": 100, "createdAt": "2018-11-21T19:00:24+00:00", "shoeSize": "13", "productId": null, "skuUuid": "3670bea5-6484-4753-aaa5-68c6c957c105", "state": "480", "customerId": null, "localAmount": 100, "localCurrency": "USD"}, {"chainId": "12925899438509719446", "amount": 115, "createdAt": "2018-11-19T07:34:39+00:00", "shoeSize": "9", "productId": null, "skuUuid": "efc10b96-b151-4738-b4c4-81017b03d085", "state": "480", "customerId": null, "localAmount": 115, "localCurrency": "USD"}, {"chainId": "12897725632233668171", "amount": 120, "createdAt": "2018-11-16T09:45:18+00:00", "shoeSize": "10", "productId": null, "skuUuid": "e088d7a0-adc1-443b-bf05-504ca5db7802", "state": "480", "customerId": null, "localAmount": 120, "localCurrency": "USD"}, {"chainId": "12925899928181562935", "amount": 115, "createdAt": "2018-11-14T05:47:07+00:00", "shoeSize": "9.5", "productId": null, "skuUuid": "6a6f0044-1dd9-4b11-8ac2-69407f9df8ae", "state": "480", "customerId": null, "localAmount": 115, "localCurrency": "USD"}, {"chainId": "12936353372853767567", "amount": 100, "createdAt": "2018-11-13T18:24:59+00:00", "shoeSize": "12", "productId": null, "skuUuid": "ac6d6e4e-d218-41b0-b61e-1c19dd63170e", "state": "480", "customerId": null, "localAmount": 100, "localCurrency": "USD"}, {"chainId": "12925899576421082381", "amount": 115, "createdAt": "2018-11-09T04:15:40+00:00", "shoeSize": "8.5", "productId": null, "skuUuid": "4829cda5-7929-4381-bb3e-9131fbaf3e98", "state": "480", "customerId": null, "localAmount": 115, "localCurrency": "USD"}, {"chainId": "12902485745796023972", "amount": 115, "createdAt": "2018-11-05T02:58:17+00:00", "shoeSize": "8.5", "productId": null, "skuUuid": "4829cda5-7929-4381-bb3e-9131fbaf3e98", "state": "480", "customerId": null, "localAmount": 115, "localCurrency": "USD"}, {"chainId": "12925900434592493989", "amount": 115, "createdAt": "2018-11-04T16:19:41+00:00", "shoeSize": "12", "productId": null, "skuUuid": "ac6d6e4e-d218-41b0-b61e-1c19dd63170e", "state": "480", "customerId": null, "localAmount": 115, "localCurrency": "USD"}, {"chainId": "12928380970248023826", "amount": 80, "createdAt": "2018-11-02T18:25:13+00:00", "shoeSize": "10.5", "productId": null, "skuUuid": "438fc015-c60d-46c9-bf0c-8605ca6cf2a3", "state": "480", "customerId": null, "localAmount": 80, "localCurrency": "USD"}, {"chainId": "12915935396638936722", "amount": 113, "createdAt": "2018-11-01T17:29:29+00:00", "shoeSize": "10", "productId": null, "skuUuid": "e088d7a0-adc1-443b-bf05-504ca5db7802", "state": "480", "customerId": null, "localAmount": 113, "localCurrency": "USD"}, {"chainId": "12902206754809513600", "amount": 88, "createdAt": "2018-11-01T16:42:19+00:00", "shoeSize": "11", "productId": null, "skuUuid": "35ba1f00-4623-44a0-ba8a-394f9c539fa1", "state": "480", "customerId": null, "localAmount": 88, "localCurrency": "USD"}, {"chainId": "12925900566139455528", "amount": 100, "createdAt": "2018-10-30T08:17:04+00:00", "shoeSize": "9.5", "productId": null, "skuUuid": "6a6f0044-1dd9-4b11-8ac2-69407f9df8ae", "state": "480", "customerId": null, "localAmount": 100, "localCurrency": "USD"}, {"chainId": "12902485655183765131", "amount": 115, "createdAt": "2018-10-30T03:29:39+00:00", "shoeSize": "8", "productId": null, "skuUuid": "6e2311ce-c1e3-4aa4-9f8c-660670ffe8f2", "state": "480", "customerId": null, "localAmount": 115, "localCurrency": "USD"}, {"chainId": "12915935976683166472", "amount": 115, "createdAt": "2018-10-29T23:31:43+00:00", "shoeSize": "10.5", "productId": null, "skuUuid": "438fc015-c60d-46c9-bf0c-8605ca6cf2a3", "state": "480", "customerId": null, "localAmount": 115, "localCurrency": "USD"}, {"chainId": "12902486300794607772", "amount": 115, "createdAt": "2018-10-27T15:05:02+00:00", "shoeSize": "12", "productId": null, "skuUuid": "ac6d6e4e-d218-41b0-b61e-1c19dd63170e", "state": "480", "customerId": null, "localAmount": 115, "localCurrency": "USD"}, {"chainId": "12891395350467892262", "amount": 114, "createdAt": "2018-10-18T20:52:52+00:00", "shoeSize": "10.5", "productId": null, "skuUuid": "438fc015-c60d-46c9-bf0c-8605ca6cf2a3", "state": "480", "customerId": null, "localAmount": 114, "localCurrency": "USD"}, {"chainId": "12902485549969898399", "amount": 115, "createdAt": "2018-10-18T01:43:51+00:00", "shoeSize": "7.5", "productId": null, "skuUuid": "a850a6d8-1cc0-4e43-baf2-fd49fa484253", "state": "480", "customerId": null, "localAmount": 115, "localCurrency": "USD"}, {"chainId": "12896034466093211013", "amount": 100, "createdAt": "2018-10-16T04:13:16+00:00", "shoeSize": "12", "productId": null, "skuUuid": "ac6d6e4e-d218-41b0-b61e-1c19dd63170e", "state": "480", "customerId": null, "localAmount": 100, "localCurrency": "USD"}, {"chainId": "12905611649597546456", "amount": 120, "createdAt": "2018-10-15T20:21:01+00:00", "shoeSize": "9.5", "productId": null, "skuUuid": "6a6f0044-1dd9-4b11-8ac2-69407f9df8ae", "state": "480", "customerId": null, "localAmount": 120, "localCurrency": "USD"}, {"chainId": "12902485991832182622", "amount": 118, "createdAt": "2018-10-06T08:25:18+00:00", "shoeSize": "10.5", "productId": null, "skuUuid": "438fc015-c60d-46c9-bf0c-8605ca6cf2a3", "state": "480", "customerId": null, "localAmount": 118, "localCurrency": "USD"}, {"chainId": "12902485896955506503", "amount": 112, "createdAt": "2018-10-05T23:55:25+00:00", "shoeSize": "10", "productId": null, "skuUuid": "e088d7a0-adc1-443b-bf05-504ca5db7802", "state": "480", "customerId": null, "localAmount": 112, "localCurrency": "USD"}, {"chainId": "12860927331909680219", "amount": 115, "createdAt": "2018-10-04T04:00:51+00:00", "shoeSize": "12", "productId": null, "skuUuid": "ac6d6e4e-d218-41b0-b61e-1c19dd63170e", "state": "480", "customerId": null, "localAmount": 115, "localCurrency": "USD"}, {"chainId": "12897725406835731697", "amount": 120, "createdAt": "2018-10-02T06:12:17+00:00", "shoeSize": "9.5", "productId": null, "skuUuid": "6a6f0044-1dd9-4b11-8ac2-69407f9df8ae", "state": "480", "customerId": null, "localAmount": 120, "localCurrency": "USD"}, {"chainId": "12903630446727785550", "amount": 105, "createdAt": "2018-09-30T02:23:02+00:00", "shoeSize": "10", "productId": null, "skuUuid": "e088d7a0-adc1-443b-bf05-504ca5db7802", "state": "480", "customerId": null, "localAmount": 105, "localCurrency": "USD"}, {"chainId": "12889965036870582962", "amount": 110, "createdAt": "2018-09-21T15:44:13+00:00", "shoeSize": "13", "productId": null, "skuUuid": "3670bea5-6484-4753-aaa5-68c6c957c105", "state": "480", "customerId": null, "localAmount": 110, "localCurrency": "USD"}, {"chainId": "12897726042491123961", "amount": 110, "createdAt": "2018-09-21T11:19:21+00:00", "shoeSize": "8.5", "productId": null, "skuUuid": "4829cda5-7929-4381-bb3e-9131fbaf3e98", "state": "480", "customerId": null, "localAmount": 110, "localCurrency": "USD"}, {"chainId": "12897291958457665258", "amount": 145, "createdAt": "2018-09-20T20:56:55+00:00", "shoeSize": "8", "productId": null, "skuUuid": "6e2311ce-c1e3-4aa4-9f8c-660670ffe8f2", "state": "480", "customerId": null, "localAmount": 145, "localCurrency": "USD"}, {"chainId": "12857772248034077982", "amount": 119, "createdAt": "2018-09-20T17:21:23+00:00", "shoeSize": "10.5", "productId": null, "skuUuid": "438fc015-c60d-46c9-bf0c-8605ca6cf2a3", "state": "480", "customerId": null, "localAmount": 119, "localCurrency": "USD"}, {"chainId": "12860180899884085457", "amount": 140, "createdAt": "2018-09-16T12:30:41+00:00", "shoeSize": "9.5", "productId": null, "skuUuid": "6a6f0044-1dd9-4b11-8ac2-69407f9df8ae", "state": "480", "customerId": null, "localAmount": 140, "localCurrency": "USD"}, {"chainId": "12891453408147184579", "amount": 100, "createdAt": "2018-09-12T19:36:45+00:00", "shoeSize": "10", "productId": null, "skuUuid": "e088d7a0-adc1-443b-bf05-504ca5db7802", "state": "480", "customerId": null, "localAmount": 100, "localCurrency": "USD"}, {"chainId": "12891453249031368017", "amount": 100, "createdAt": "2018-09-12T19:36:24+00:00", "shoeSize": "9.5", "productId": null, "skuUuid": "6a6f0044-1dd9-4b11-8ac2-69407f9df8ae", "state": "480", "customerId": null, "localAmount": 100, "localCurrency": "USD"}, {"chainId": "12891452979637296756", "amount": 100, "createdAt": "2018-09-12T19:35:55+00:00", "shoeSize": "12", "productId": null, "skuUuid": "ac6d6e4e-d218-41b0-b61e-1c19dd63170e", "state": "480", "customerId": null, "localAmount": 100, "localCurrency": "USD"}, {"chainId": "12880992058829522966", "amount": 120, "createdAt": "2018-09-12T13:18:28+00:00", "shoeSize": "10.5", "productId": null, "skuUuid": "438fc015-c60d-46c9-bf0c-8605ca6cf2a3", "state": "480", "customerId": null, "localAmount": 120, "localCurrency": "USD"}, {"chainId": "12890690003262242338", "amount": 140, "createdAt": "2018-09-11T18:19:58+00:00", "shoeSize": "8", "productId": null, "skuUuid": "6e2311ce-c1e3-4aa4-9f8c-660670ffe8f2", "state": "480", "customerId": null, "localAmount": 140, "localCurrency": "USD"}, {"chainId": "12880994007561028767", "amount": 106, "createdAt": "2018-09-10T19:53:36+00:00", "shoeSize": "13", "productId": null, "skuUuid": "3670bea5-6484-4753-aaa5-68c6c957c105", "state": "480", "customerId": null, "localAmount": 106, "localCurrency": "USD"}, {"chainId": "12880990320687562139", "amount": 115, "createdAt": "2018-09-10T19:52:55+00:00", "shoeSize": "10", "productId": null, "skuUuid": "e088d7a0-adc1-443b-bf05-504ca5db7802", "state": "480", "customerId": null, "localAmount": 115, "localCurrency": "USD"}, {"chainId": "12880993252755696006", "amount": 140, "createdAt": "2018-09-03T01:58:03+00:00", "shoeSize": "11.5", "productId": null, "skuUuid": "e4bb5489-091e-4009-9247-a154d2fa91d6", "state": "480", "customerId": null, "localAmount": 140, "localCurrency": "USD"}, {"chainId": "12880989889143635894", "amount": 140, "createdAt": "2018-09-02T16:44:31+00:00", "shoeSize": "8.5", "productId": null, "skuUuid": "4829cda5-7929-4381-bb3e-9131fbaf3e98", "state": "480", "customerId": null, "localAmount": 140, "localCurrency": "USD"}, {"chainId": "12881352432057380207", "amount": 115, "createdAt": "2018-08-29T22:26:24+00:00", "shoeSize": "11", "productId": null, "skuUuid": "35ba1f00-4623-44a0-ba8a-394f9c539fa1", "state": "480", "customerId": null, "localAmount": 115, "localCurrency": "USD"}, {"chainId": "12880993586203146287", "amount": 120, "createdAt": "2018-08-29T20:52:13+00:00", "shoeSize": "12", "productId": null, "skuUuid": "ac6d6e4e-d218-41b0-b61e-1c19dd63170e", "state": "480", "customerId": null, "localAmount": 120, "localCurrency": "USD"}, {"chainId": "12872029763012149253", "amount": 115, "createdAt": "2018-08-24T23:11:51+00:00", "shoeSize": "10.5", "productId": null, "skuUuid": "438fc015-c60d-46c9-bf0c-8605ca6cf2a3", "state": "480", "customerId": null, "localAmount": 115, "localCurrency": "USD"}, {"chainId": "12872078729833268903", "amount": 160, "createdAt": "2018-08-18T01:54:18+00:00", "shoeSize": "9.5", "productId": null, "skuUuid": "6a6f0044-1dd9-4b11-8ac2-69407f9df8ae", "state": "480", "customerId": null, "localAmount": 160, "localCurrency": "USD"}, {"chainId": "12871035912173349442", "amount": 145, "createdAt": "2018-08-15T15:49:07+00:00", "shoeSize": "12", "productId": null, "skuUuid": "ac6d6e4e-d218-41b0-b61e-1c19dd63170e", "state": "480", "customerId": null, "localAmount": 145, "localCurrency": "USD"}, {"chainId": "12861820621733155183", "amount": 135, "createdAt": "2018-08-15T09:58:02+00:00", "shoeSize": "8.5", "productId": null, "skuUuid": "4829cda5-7929-4381-bb3e-9131fbaf3e98", "state": "480", "customerId": null, "localAmount": 135, "localCurrency": "USD"}, {"chainId": "12857772184613870880", "amount": 150, "createdAt": "2018-08-09T21:46:09+00:00", "shoeSize": "10", "productId": null, "skuUuid": "e088d7a0-adc1-443b-bf05-504ca5db7802", "state": "480", "customerId": null, "localAmount": 150, "localCurrency": "USD"}, {"chainId": "12866032192235430757", "amount": 150, "createdAt": "2018-08-09T13:48:58+00:00", "shoeSize": "10", "productId": null, "skuUuid": "e088d7a0-adc1-443b-bf05-504ca5db7802", "state": "480", "customerId": null, "localAmount": 150, "localCurrency": "USD"}, {"chainId": "12865468839669004582", "amount": 100, "createdAt": "2018-08-08T20:58:52+00:00", "shoeSize": "10", "productId": null, "skuUuid": "e088d7a0-adc1-443b-bf05-504ca5db7802", "state": "480", "customerId": null, "localAmount": 100, "localCurrency": "USD"}, {"chainId": "12865994629173607784", "amount": 120, "createdAt": "2018-08-08T16:41:40+00:00", "shoeSize": "9.5", "productId": null, "skuUuid": "6a6f0044-1dd9-4b11-8ac2-69407f9df8ae", "state": "480", "customerId": null, "localAmount": 120, "localCurrency": "USD"}, {"chainId": "12865451266900407880", "amount": 170, "createdAt": "2018-08-07T22:58:58+00:00", "shoeSize": "10.5", "productId": null, "skuUuid": "438fc015-c60d-46c9-bf0c-8605ca6cf2a3", "state": "480", "customerId": null, "localAmount": 170, "localCurrency": "USD"}, {"chainId": "12864658190524297608", "amount": 185, "createdAt": "2018-08-07T12:13:44+00:00", "shoeSize": "13", "productId": null, "skuUuid": "3670bea5-6484-4753-aaa5-68c6c957c105", "state": "480", "customerId": null, "localAmount": 185, "localCurrency": "USD"}, {"chainId": "12864678226696543784", "amount": 133, "createdAt": "2018-08-06T20:59:15+00:00", "shoeSize": "9.5", "productId": null, "skuUuid": "6a6f0044-1dd9-4b11-8ac2-69407f9df8ae", "state": "480", "customerId": null, "localAmount": 133, "localCurrency": "USD"}, {"chainId": "12864658683821761443", "amount": 165, "createdAt": "2018-08-06T20:20:25+00:00", "shoeSize": "10.5", "productId": null, "skuUuid": "438fc015-c60d-46c9-bf0c-8605ca6cf2a3", "state": "480", "customerId": null, "localAmount": 165, "localCurrency": "USD"}, {"chainId": "12857772072323515262", "amount": 170, "createdAt": "2018-08-05T20:54:01+00:00", "shoeSize": "9.5", "productId": null, "skuUuid": "6a6f0044-1dd9-4b11-8ac2-69407f9df8ae", "state": "480", "customerId": null, "localAmount": 170, "localCurrency": "USD"}, {"chainId": "12861919625951371528", "amount": 134, "createdAt": "2018-08-03T21:51:01+00:00", "shoeSize": "10", "productId": null, "skuUuid": "e088d7a0-adc1-443b-bf05-504ca5db7802", "state": "480", "customerId": null, "localAmount": 134, "localCurrency": "USD"}, {"chainId": "12859217899473762762", "amount": 239, "createdAt": "2018-08-02T22:51:57+00:00", "shoeSize": "12", "productId": null, "skuUuid": "ac6d6e4e-d218-41b0-b61e-1c19dd63170e", "state": "480", "customerId": null, "localAmount": 239, "localCurrency": "USD"}, {"chainId": "12857772505583320229", "amount": 249, "createdAt": "2018-07-29T03:37:27+00:00", "shoeSize": "12", "productId": null, "skuUuid": "ac6d6e4e-d218-41b0-b61e-1c19dd63170e", "state": "480", "customerId": null, "localAmount": 249, "localCurrency": "USD"}]