[{"chainId": "12636986129535285034", "amount": 1100, "createdAt": "2019-01-07T03:14:48+00:00", "shoeSize": "9", "productId": null, "skuUuid": "fc160b12-9045-402c-be61-d3fd6d25a3ae", "state": "480", "customerId": null, "localAmount": 1100, "localCurrency": "USD"}, {"chainId": "12922920315567513625", "amount": 1500, "createdAt": "2018-12-30T02:41:10+00:00", "shoeSize": "13", "productId": null, "skuUuid": "6bf7475b-9bdd-46f8-b22d-d19b109add8d", "state": "480", "customerId": null, "localAmount": 1500, "localCurrency": "USD"}, {"chainId": "12406418221492564234", "amount": 1000, "createdAt": "2018-12-14T04:18:47+00:00", "shoeSize": "10", "productId": null, "skuUuid": "6d426080-1a8f-4ca4-8971-6c1874e65abe", "state": "480", "customerId": null, "localAmount": 1000, "localCurrency": "USD"}, {"chainId": "12939274525866889039", "amount": 1000, "createdAt": "2018-11-28T17:38:30+00:00", "shoeSize": "10", "productId": null, "skuUuid": "6d426080-1a8f-4ca4-8971-6c1874e65abe", "state": "480", "customerId": null, "localAmount": 1000, "localCurrency": "USD"}, {"chainId": "12877728493951381553", "amount": 900, "createdAt": "2018-10-19T16:52:21+00:00", "shoeSize": "9.5", "productId": null, "skuUuid": "790b4de4-1dec-4879-9bb3-ae0bff3e9263", "state": "480", "customerId": null, "localAmount": 900, "localCurrency": "USD"}, {"chainId": "12824966448600645381", "amount": 1175, "createdAt": "2018-09-18T23:11:23+00:00", "shoeSize": "8", "productId": null, "skuUuid": "94338429-5b25-4338-9869-dec569db2b41", "state": "480", "customerId": null, "localAmount": 1175, "localCurrency": "USD"}, {"chainId": "12843782201703233596", "amount": 1000, "createdAt": "2018-07-20T21:55:29+00:00", "shoeSize": "10.5", "productId": null, "skuUuid": "8df99e4b-2985-4b4c-880b-563c49f9b82b", "state": "480", "customerId": null, "localAmount": 1000, "localCurrency": "USD"}, {"chainId": "12727726198043373089", "amount": 1850, "createdAt": "2018-02-23T17:47:11+00:00", "shoeSize": "11", "productId": null, "skuUuid": "1174c99c-544d-4b04-9678-80339d0adefa", "state": "480", "customerId": null, "localAmount": 1850, "localCurrency": "USD"}, {"chainId": "12618459435119975814", "amount": 1225, "createdAt": "2018-02-10T20:22:41+00:00", "shoeSize": "9.5", "productId": null, "skuUuid": "790b4de4-1dec-4879-9bb3-ae0bff3e9263", "state": "480", "customerId": null, "localAmount": 1225, "localCurrency": "USD"}, {"chainId": "12723044073049439397", "amount": 1280, "createdAt": "2018-01-22T22:16:59+00:00", "shoeSize": "10.5", "productId": null, "skuUuid": "8df99e4b-2985-4b4c-880b-563c49f9b82b", "state": "480", "customerId": null, "localAmount": 1280, "localCurrency": "USD"}, {"chainId": "12655842134717368189", "amount": 1000, "createdAt": "2017-11-01T18:37:03+00:00", "shoeSize": "12", "productId": null, "skuUuid": "57f83d22-2f09-4f30-b84a-b73683796223", "state": "480", "customerId": null, "localAmount": 1000, "localCurrency": "USD"}, {"chainId": "12605622694583518119", "amount": 2000, "createdAt": "2017-10-13T13:52:51+00:00", "shoeSize": "11", "productId": null, "skuUuid": "1174c99c-544d-4b04-9678-80339d0adefa", "state": "480", "customerId": null, "localAmount": 2000, "localCurrency": "USD"}, {"chainId": "12620119514939305787", "amount": 1750, "createdAt": "2017-09-20T07:51:50+00:00", "shoeSize": "10", "productId": null, "skuUuid": "6d426080-1a8f-4ca4-8971-6c1874e65abe", "state": "480", "customerId": null, "localAmount": 1750, "localCurrency": "USD"}, {"chainId": "12226571275094338718", "amount": 1750, "createdAt": "2017-08-23T13:14:14+00:00", "shoeSize": "8", "productId": null, "skuUuid": "94338429-5b25-4338-9869-dec569db2b41", "state": "480", "customerId": null, "localAmount": 1750, "localCurrency": "USD"}, {"chainId": "12593300283995106480", "amount": 1750, "createdAt": "2017-07-27T23:10:36+00:00", "shoeSize": "10", "productId": null, "skuUuid": "6d426080-1a8f-4ca4-8971-6c1874e65abe", "state": "480", "customerId": null, "localAmount": 1750, "localCurrency": "USD"}, {"chainId": "12555220085211478045", "amount": 950, "createdAt": "2017-06-06T20:49:06+00:00", "shoeSize": "9", "productId": null, "skuUuid": "fc160b12-9045-402c-be61-d3fd6d25a3ae", "state": "480", "customerId": null, "localAmount": 950, "localCurrency": "USD"}, {"chainId": "12422016465647302216", "amount": 2000, "createdAt": "2017-05-01T20:40:39+00:00", "shoeSize": "9", "productId": null, "skuUuid": "fc160b12-9045-402c-be61-d3fd6d25a3ae", "state": "480", "customerId": null, "localAmount": 2000, "localCurrency": "USD"}, {"chainId": "12519856869951637463", "amount": 1500, "createdAt": "2017-04-17T04:55:54+00:00", "shoeSize": "12", "productId": null, "skuUuid": "57f83d22-2f09-4f30-b84a-b73683796223", "state": "480", "customerId": null, "localAmount": 1500, "localCurrency": "USD"}, {"chainId": "12131066459503950685", "amount": 1515, "createdAt": "2016-12-31T00:48:51+00:00", "shoeSize": "8.5", "productId": null, "skuUuid": "e52bad9b-43f9-4930-ba7e-e376ca14395d", "state": "480", "customerId": null, "localAmount": 1515, "localCurrency": "USD"}, {"chainId": "12418028235755368429", "amount": 2000, "createdAt": "2016-11-27T23:27:31+00:00", "shoeSize": "12", "productId": null, "skuUuid": "57f83d22-2f09-4f30-b84a-b73683796223", "state": "480", "customerId": null, "localAmount": 2000, "localCurrency": "USD"}, {"chainId": "12131066459806925529", "amount": 2215, "createdAt": "2016-09-16T19:47:35+00:00", "shoeSize": "9.5", "productId": null, "skuUuid": "790b4de4-1dec-4879-9bb3-ae0bff3e9263", "state": "480", "customerId": null, "localAmount": 2215, "localCurrency": "USD"}, {"chainId": "12322823708338181946", "amount": 2000, "createdAt": "2016-08-16T20:03:38+00:00", "shoeSize": "9.5", "productId": null, "skuUuid": "790b4de4-1dec-4879-9bb3-ae0bff3e9263", "state": "480", "customerId": null, "localAmount": 2000, "localCurrency": "USD"}, {"chainId": "12286067955779560882", "amount": 2000, "createdAt": "2016-05-29T00:06:22+00:00", "shoeSize": "11.5", "productId": null, "skuUuid": "f8a1e1fd-d5d5-4f83-ba7f-7efa86ae4ee3", "state": "480", "customerId": null, "localAmount": 2000, "localCurrency": "USD"}, {"chainId": "12134925527071605517", "amount": 2000, "createdAt": "2015-11-28T16:06:18+00:00", "shoeSize": "8", "productId": null, "skuUuid": "94338429-5b25-4338-9869-dec569db2b41", "state": "480", "customerId": null, "localAmount": 2000, "localCurrency": "USD"}, {"chainId": "12131048861934850867", "amount": 2500, "createdAt": "2015-11-06T04:01:27+00:00", "shoeSize": "9.5", "productId": null, "skuUuid": "790b4de4-1dec-4879-9bb3-ae0bff3e9263", "state": "480", "customerId": null, "localAmount": 2500, "localCurrency": "USD"}, {"chainId": "12131048861619371516", "amount": 1250, "createdAt": "2015-09-03T08:17:22+00:00", "shoeSize": "8.5", "productId": null, "skuUuid": "e52bad9b-43f9-4930-ba7e-e376ca14395d", "state": "480", "customerId": null, "localAmount": 1250, "localCurrency": "USD"}, {"chainId": "12131048861412034352", "amount": 2500, "createdAt": "2015-08-23T00:03:37+00:00", "shoeSize": "10.5", "productId": null, "skuUuid": "8df99e4b-2985-4b4c-880b-563c49f9b82b", "state": "480", "customerId": null, "localAmount": 2500, "localCurrency": "USD"}, {"chainId": "12131048861767623042", "amount": 2250, "createdAt": "2015-06-22T00:20:37+00:00", "shoeSize": "9", "productId": null, "skuUuid": "fc160b12-9045-402c-be61-d3fd6d25a3ae", "state": "480", "customerId": null, "localAmount": 2250, "localCurrency": "USD"}, {"chainId": "12140012634926385090", "amount": 1050, "createdAt": "2014-02-05T20:42:32+00:00", "shoeSize": "8.5", "productId": null, "skuUuid": "e52bad9b-43f9-4930-ba7e-e376ca14395d", "state": "480", "customerId": null, "localAmount": 1050, "localCurrency": "USD"}, {"chainId": "12139995942475726162", "amount": 1336, "createdAt": "2014-02-04T21:29:01+00:00", "shoeSize": "11", "productId": null, "skuUuid": "1174c99c-544d-4b04-9678-80339d0adefa", "state": "480", "customerId": null, "localAmount": 1336, "localCurrency": "USD"}, {"chainId": "12139995334897948782", "amount": 1208, "createdAt": "2013-07-20T19:38:32+00:00", "shoeSize": "9.5", "productId": null, "skuUuid": "790b4de4-1dec-4879-9bb3-ae0bff3e9263", "state": "480", "customerId": null, "localAmount": 1208, "localCurrency": "USD"}]