[{"chainId": "12973976940914619798", "amount": 280, "createdAt": "2019-01-13T11:18:46+00:00", "shoeSize": "8", "productId": null, "skuUuid": "a170df75-8933-4faa-b30e-80972c5eba43", "state": "480", "customerId": null, "localAmount": 280, "localCurrency": "USD"}, {"chainId": "12958959234527850367", "amount": 278, "createdAt": "2019-01-01T05:05:24+00:00", "shoeSize": "11.5", "productId": null, "skuUuid": "c6010616-6d0f-4127-ae0a-e90986ff58ba", "state": "480", "customerId": null, "localAmount": 278, "localCurrency": "USD"}, {"chainId": "12819383084703316927", "amount": 325, "createdAt": "2018-12-21T20:58:24+00:00", "shoeSize": "11", "productId": null, "skuUuid": "ea0cc71a-e84e-44c3-ad41-5c1c29fc71af", "state": "480", "customerId": null, "localAmount": 325, "localCurrency": "USD"}, {"chainId": "12959019797084465145", "amount": 345, "createdAt": "2018-12-15T01:05:42+00:00", "shoeSize": "10", "productId": null, "skuUuid": "6f54cb52-a6d8-412c-ae1a-27146cd34b2e", "state": "480", "customerId": null, "localAmount": 345, "localCurrency": "USD"}, {"chainId": "12932206133740230226", "amount": 325, "createdAt": "2018-12-01T21:36:43+00:00", "shoeSize": "8", "productId": null, "skuUuid": "a170df75-8933-4faa-b30e-80972c5eba43", "state": "480", "customerId": null, "localAmount": 325, "localCurrency": "USD"}, {"chainId": "12900376152323904763", "amount": 285, "createdAt": "2018-11-26T18:38:23+00:00", "shoeSize": "10.5", "productId": null, "skuUuid": "ae321e21-f77d-405c-9dbf-85adaaebad7c", "state": "480", "customerId": null, "localAmount": 285, "localCurrency": "USD"}, {"chainId": "12911024683077379691", "amount": 270, "createdAt": "2018-11-24T23:13:09+00:00", "shoeSize": "10", "productId": null, "skuUuid": "6f54cb52-a6d8-412c-ae1a-27146cd34b2e", "state": "480", "customerId": null, "localAmount": 270, "localCurrency": "USD"}, {"chainId": "12940964879374041098", "amount": 225, "createdAt": "2018-11-22T19:07:37+00:00", "shoeSize": "11.5", "productId": null, "skuUuid": "c6010616-6d0f-4127-ae0a-e90986ff58ba", "state": "480", "customerId": null, "localAmount": 225, "localCurrency": "USD"}, {"chainId": "12929443490234385559", "amount": 280, "createdAt": "2018-11-06T14:17:24+00:00", "shoeSize": "9", "productId": null, "skuUuid": "19c1bc9a-20b3-4c77-a9aa-e4feeb4d7d6f", "state": "480", "customerId": null, "localAmount": 280, "localCurrency": "USD"}, {"chainId": "12920658215283502439", "amount": 275, "createdAt": "2018-11-06T14:17:14+00:00", "shoeSize": "8", "productId": null, "skuUuid": "a170df75-8933-4faa-b30e-80972c5eba43", "state": "480", "customerId": null, "localAmount": 275, "localCurrency": "USD"}, {"chainId": "12626807420777599871", "amount": 274, "createdAt": "2018-11-06T14:16:33+00:00", "shoeSize": "9.5", "productId": null, "skuUuid": "c9100c4b-102e-479e-bc70-5a490a0b50cc", "state": "480", "customerId": null, "localAmount": 274, "localCurrency": "USD"}, {"chainId": "12926821322805514737", "amount": 220, "createdAt": "2018-10-31T14:46:32+00:00", "shoeSize": "8.5", "productId": null, "skuUuid": "bc82405e-df1e-4c70-a19b-9cbd75586f2e", "state": "480", "customerId": null, "localAmount": 220, "localCurrency": "USD"}, {"chainId": "12921200764373505565", "amount": 260, "createdAt": "2018-10-25T20:55:18+00:00", "shoeSize": "10", "productId": null, "skuUuid": "6f54cb52-a6d8-412c-ae1a-27146cd34b2e", "state": "480", "customerId": null, "localAmount": 260, "localCurrency": "USD"}, {"chainId": "12921099105075930090", "amount": 228, "createdAt": "2018-10-24T12:25:01+00:00", "shoeSize": "10.5", "productId": null, "skuUuid": "ae321e21-f77d-405c-9dbf-85adaaebad7c", "state": "480", "customerId": null, "localAmount": 228, "localCurrency": "USD"}, {"chainId": "12856075483326618246", "amount": 275, "createdAt": "2018-10-10T13:51:17+00:00", "shoeSize": "9.5", "productId": null, "skuUuid": "c9100c4b-102e-479e-bc70-5a490a0b50cc", "state": "480", "customerId": null, "localAmount": 275, "localCurrency": "USD"}, {"chainId": "12869041286142258182", "amount": 350, "createdAt": "2018-10-07T21:01:36+00:00", "shoeSize": "11", "productId": null, "skuUuid": "ea0cc71a-e84e-44c3-ad41-5c1c29fc71af", "state": "480", "customerId": null, "localAmount": 350, "localCurrency": "USD"}, {"chainId": "12711209107563997161", "amount": 345, "createdAt": "2018-10-07T18:32:31+00:00", "shoeSize": "8.5", "productId": null, "skuUuid": "bc82405e-df1e-4c70-a19b-9cbd75586f2e", "state": "480", "customerId": null, "localAmount": 345, "localCurrency": "USD"}, {"chainId": "12901722914985313074", "amount": 239, "createdAt": "2018-10-04T05:06:59+00:00", "shoeSize": "13", "productId": null, "skuUuid": "9bd53899-b913-4e00-bf04-a8e468c53761", "state": "480", "customerId": null, "localAmount": 239, "localCurrency": "USD"}, {"chainId": "12900320651895317231", "amount": 275, "createdAt": "2018-09-25T01:14:23+00:00", "shoeSize": "9.5", "productId": null, "skuUuid": "c9100c4b-102e-479e-bc70-5a490a0b50cc", "state": "480", "customerId": null, "localAmount": 275, "localCurrency": "USD"}, {"chainId": "12877903596186753765", "amount": 236, "createdAt": "2018-09-16T16:05:21+00:00", "shoeSize": "11", "productId": null, "skuUuid": "ea0cc71a-e84e-44c3-ad41-5c1c29fc71af", "state": "480", "customerId": null, "localAmount": 236, "localCurrency": "USD"}, {"chainId": "12873939147770212402", "amount": 280, "createdAt": "2018-09-13T21:36:52+00:00", "shoeSize": "12", "productId": null, "skuUuid": "15360e71-492b-48d0-a668-e7fdc53a23fe", "state": "480", "customerId": null, "localAmount": 280, "localCurrency": "USD"}, {"chainId": "12887174168005701703", "amount": 300, "createdAt": "2018-09-13T01:57:56+00:00", "shoeSize": "13", "productId": null, "skuUuid": "9bd53899-b913-4e00-bf04-a8e468c53761", "state": "480", "customerId": null, "localAmount": 300, "localCurrency": "USD"}, {"chainId": "12867574734934296476", "amount": 350, "createdAt": "2018-08-27T02:58:35+00:00", "shoeSize": "9", "productId": null, "skuUuid": "19c1bc9a-20b3-4c77-a9aa-e4feeb4d7d6f", "state": "480", "customerId": null, "localAmount": 350, "localCurrency": "USD"}, {"chainId": "12874902495965209916", "amount": 240, "createdAt": "2018-08-24T22:45:26+00:00", "shoeSize": "11.5", "productId": null, "skuUuid": "c6010616-6d0f-4127-ae0a-e90986ff58ba", "state": "480", "customerId": null, "localAmount": 240, "localCurrency": "USD"}, {"chainId": "12872049228617021483", "amount": 236, "createdAt": "2018-08-24T05:22:09+00:00", "shoeSize": "11", "productId": null, "skuUuid": "ea0cc71a-e84e-44c3-ad41-5c1c29fc71af", "state": "480", "customerId": null, "localAmount": 236, "localCurrency": "USD"}, {"chainId": "12483728471998016149", "amount": 335, "createdAt": "2018-08-06T01:28:29+00:00", "shoeSize": "10", "productId": null, "skuUuid": "6f54cb52-a6d8-412c-ae1a-27146cd34b2e", "state": "480", "customerId": null, "localAmount": 335, "localCurrency": "USD"}, {"chainId": "12856626840921243993", "amount": 270, "createdAt": "2018-08-01T23:37:30+00:00", "shoeSize": "12", "productId": null, "skuUuid": "15360e71-492b-48d0-a668-e7fdc53a23fe", "state": "480", "customerId": null, "localAmount": 270, "localCurrency": "USD"}, {"chainId": "12856030471473904710", "amount": 250, "createdAt": "2018-08-01T15:13:10+00:00", "shoeSize": "12", "productId": null, "skuUuid": "15360e71-492b-48d0-a668-e7fdc53a23fe", "state": "480", "customerId": null, "localAmount": 250, "localCurrency": "USD"}, {"chainId": "12656866419719670756", "amount": 270, "createdAt": "2018-07-19T23:29:01+00:00", "shoeSize": "10", "productId": null, "skuUuid": "6f54cb52-a6d8-412c-ae1a-27146cd34b2e", "state": "480", "customerId": null, "localAmount": 270, "localCurrency": "USD"}, {"chainId": "12847343961333244376", "amount": 310, "createdAt": "2018-07-17T13:09:57+00:00", "shoeSize": "9.5", "productId": null, "skuUuid": "c9100c4b-102e-479e-bc70-5a490a0b50cc", "state": "480", "customerId": null, "localAmount": 310, "localCurrency": "USD"}, {"chainId": "12764630938641485553", "amount": 345, "createdAt": "2018-07-08T18:41:34+00:00", "shoeSize": "11", "productId": null, "skuUuid": "ea0cc71a-e84e-44c3-ad41-5c1c29fc71af", "state": "480", "customerId": null, "localAmount": 345, "localCurrency": "USD"}, {"chainId": "12764688176266666920", "amount": 305, "createdAt": "2018-07-07T01:45:32+00:00", "shoeSize": "10", "productId": null, "skuUuid": "6f54cb52-a6d8-412c-ae1a-27146cd34b2e", "state": "480", "customerId": null, "localAmount": 305, "localCurrency": "USD"}, {"chainId": "12828615667254344111", "amount": 217, "createdAt": "2018-06-18T02:49:21+00:00", "shoeSize": "11.5", "productId": null, "skuUuid": "c6010616-6d0f-4127-ae0a-e90986ff58ba", "state": "480", "customerId": null, "localAmount": 217, "localCurrency": "USD"}, {"chainId": "12722905782335000568", "amount": 290, "createdAt": "2018-06-12T00:18:18+00:00", "shoeSize": "9.5", "productId": null, "skuUuid": "c9100c4b-102e-479e-bc70-5a490a0b50cc", "state": "480", "customerId": null, "localAmount": 290, "localCurrency": "USD"}, {"chainId": "12456010499178291757", "amount": 305, "createdAt": "2018-06-09T15:34:17+00:00", "shoeSize": "11", "productId": null, "skuUuid": "ea0cc71a-e84e-44c3-ad41-5c1c29fc71af", "state": "480", "customerId": null, "localAmount": 305, "localCurrency": "USD"}, {"chainId": "12783024016444614205", "amount": 300, "createdAt": "2018-06-09T11:18:28+00:00", "shoeSize": "11", "productId": null, "skuUuid": "ea0cc71a-e84e-44c3-ad41-5c1c29fc71af", "state": "480", "customerId": null, "localAmount": 300, "localCurrency": "USD"}, {"chainId": "12819564654719767046", "amount": 231, "createdAt": "2018-06-05T15:06:36+00:00", "shoeSize": "11.5", "productId": null, "skuUuid": "c6010616-6d0f-4127-ae0a-e90986ff58ba", "state": "480", "customerId": null, "localAmount": 231, "localCurrency": "USD"}, {"chainId": "12815370504012447969", "amount": 275, "createdAt": "2018-05-30T20:13:34+00:00", "shoeSize": "12", "productId": null, "skuUuid": "15360e71-492b-48d0-a668-e7fdc53a23fe", "state": "480", "customerId": null, "localAmount": 275, "localCurrency": "USD"}, {"chainId": "12753308723805054984", "amount": 240, "createdAt": "2018-05-30T14:58:32+00:00", "shoeSize": "11", "productId": null, "skuUuid": "ea0cc71a-e84e-44c3-ad41-5c1c29fc71af", "state": "480", "customerId": null, "localAmount": 240, "localCurrency": "USD"}, {"chainId": "12811651548442530813", "amount": 196, "createdAt": "2018-05-25T17:04:40+00:00", "shoeSize": "9.5", "productId": null, "skuUuid": "c9100c4b-102e-479e-bc70-5a490a0b50cc", "state": "480", "customerId": null, "localAmount": 196, "localCurrency": "USD"}, {"chainId": "12793862423224280449", "amount": 289, "createdAt": "2018-05-12T19:15:51+00:00", "shoeSize": "10", "productId": null, "skuUuid": "6f54cb52-a6d8-412c-ae1a-27146cd34b2e", "state": "480", "customerId": null, "localAmount": 289, "localCurrency": "USD"}, {"chainId": "12801706618901414648", "amount": 245, "createdAt": "2018-05-11T23:45:53+00:00", "shoeSize": "10.5", "productId": null, "skuUuid": "ae321e21-f77d-405c-9dbf-85adaaebad7c", "state": "480", "customerId": null, "localAmount": 245, "localCurrency": "USD"}, {"chainId": "12798766145541046963", "amount": 300, "createdAt": "2018-05-08T00:21:46+00:00", "shoeSize": "11", "productId": null, "skuUuid": "ea0cc71a-e84e-44c3-ad41-5c1c29fc71af", "state": "480", "customerId": null, "localAmount": 300, "localCurrency": "USD"}, {"chainId": "12788307411534250277", "amount": 289, "createdAt": "2018-04-26T10:00:22+00:00", "shoeSize": "11", "productId": null, "skuUuid": "ea0cc71a-e84e-44c3-ad41-5c1c29fc71af", "state": "480", "customerId": null, "localAmount": 289, "localCurrency": "USD"}, {"chainId": "12769317671640299989", "amount": 335, "createdAt": "2018-04-25T23:19:53+00:00", "shoeSize": "11.5", "productId": null, "skuUuid": "c6010616-6d0f-4127-ae0a-e90986ff58ba", "state": "480", "customerId": null, "localAmount": 335, "localCurrency": "USD"}, {"chainId": "12769839929750945237", "amount": 245, "createdAt": "2018-04-25T23:05:44+00:00", "shoeSize": "11.5", "productId": null, "skuUuid": "c6010616-6d0f-4127-ae0a-e90986ff58ba", "state": "480", "customerId": null, "localAmount": 245, "localCurrency": "USD"}, {"chainId": "12766725119358809189", "amount": 240, "createdAt": "2018-04-25T23:04:55+00:00", "shoeSize": "11.5", "productId": null, "skuUuid": "c6010616-6d0f-4127-ae0a-e90986ff58ba", "state": "480", "customerId": null, "localAmount": 240, "localCurrency": "USD"}, {"chainId": "12784460437319284447", "amount": 196, "createdAt": "2018-04-20T08:18:27+00:00", "shoeSize": "9.5", "productId": null, "skuUuid": "c9100c4b-102e-479e-bc70-5a490a0b50cc", "state": "480", "customerId": null, "localAmount": 196, "localCurrency": "USD"}, {"chainId": "12777805891423625465", "amount": 273, "createdAt": "2018-04-20T00:54:28+00:00", "shoeSize": "11", "productId": null, "skuUuid": "ea0cc71a-e84e-44c3-ad41-5c1c29fc71af", "state": "480", "customerId": null, "localAmount": 273, "localCurrency": "USD"}, {"chainId": "12778337211588034511", "amount": 299, "createdAt": "2018-04-15T06:38:32+00:00", "shoeSize": "11", "productId": null, "skuUuid": "ea0cc71a-e84e-44c3-ad41-5c1c29fc71af", "state": "480", "customerId": null, "localAmount": 299, "localCurrency": "USD"}, {"chainId": "12519235452893719499", "amount": 295, "createdAt": "2018-04-01T03:31:26+00:00", "shoeSize": "12", "productId": null, "skuUuid": "15360e71-492b-48d0-a668-e7fdc53a23fe", "state": "480", "customerId": null, "localAmount": 295, "localCurrency": "USD"}, {"chainId": "12758721614657042864", "amount": 260, "createdAt": "2018-03-21T17:48:33+00:00", "shoeSize": "11.5", "productId": null, "skuUuid": "c6010616-6d0f-4127-ae0a-e90986ff58ba", "state": "480", "customerId": null, "localAmount": 260, "localCurrency": "USD"}, {"chainId": "12761171870176093523", "amount": 300, "createdAt": "2018-03-20T12:02:17+00:00", "shoeSize": "10.5", "productId": null, "skuUuid": "ae321e21-f77d-405c-9dbf-85adaaebad7c", "state": "480", "customerId": null, "localAmount": 300, "localCurrency": "USD"}, {"chainId": "12758931325840408281", "amount": 300, "createdAt": "2018-03-20T00:36:41+00:00", "shoeSize": "11", "productId": null, "skuUuid": "ea0cc71a-e84e-44c3-ad41-5c1c29fc71af", "state": "480", "customerId": null, "localAmount": 300, "localCurrency": "USD"}, {"chainId": "12752454412382746860", "amount": 300, "createdAt": "2018-03-14T05:01:18+00:00", "shoeSize": "11", "productId": null, "skuUuid": "ea0cc71a-e84e-44c3-ad41-5c1c29fc71af", "state": "480", "customerId": null, "localAmount": 300, "localCurrency": "USD"}, {"chainId": "12622435853240567026", "amount": 270, "createdAt": "2018-03-13T06:40:40+00:00", "shoeSize": "11.5", "productId": null, "skuUuid": "c6010616-6d0f-4127-ae0a-e90986ff58ba", "state": "480", "customerId": null, "localAmount": 270, "localCurrency": "USD"}, {"chainId": "12593119779554024417", "amount": 350, "createdAt": "2018-03-11T21:53:33+00:00", "shoeSize": "10", "productId": null, "skuUuid": "6f54cb52-a6d8-412c-ae1a-27146cd34b2e", "state": "480", "customerId": null, "localAmount": 350, "localCurrency": "USD"}, {"chainId": "12729231619233493993", "amount": 290, "createdAt": "2018-03-09T19:22:37+00:00", "shoeSize": "9.5", "productId": null, "skuUuid": "c9100c4b-102e-479e-bc70-5a490a0b50cc", "state": "480", "customerId": null, "localAmount": 290, "localCurrency": "USD"}, {"chainId": "12702537034082419130", "amount": 274, "createdAt": "2018-03-03T00:31:38+00:00", "shoeSize": "11.5", "productId": null, "skuUuid": "c6010616-6d0f-4127-ae0a-e90986ff58ba", "state": "480", "customerId": null, "localAmount": 274, "localCurrency": "USD"}, {"chainId": "12745144100106360716", "amount": 250, "createdAt": "2018-02-23T21:11:33+00:00", "shoeSize": "9", "productId": null, "skuUuid": "19c1bc9a-20b3-4c77-a9aa-e4feeb4d7d6f", "state": "480", "customerId": null, "localAmount": 250, "localCurrency": "USD"}, {"chainId": "12647234558998959170", "amount": 340, "createdAt": "2018-02-16T19:20:55+00:00", "shoeSize": "10.5", "productId": null, "skuUuid": "ae321e21-f77d-405c-9dbf-85adaaebad7c", "state": "480", "customerId": null, "localAmount": 340, "localCurrency": "USD"}, {"chainId": "12737255461977664784", "amount": 300, "createdAt": "2018-02-15T20:05:57+00:00", "shoeSize": "10.5", "productId": null, "skuUuid": "ae321e21-f77d-405c-9dbf-85adaaebad7c", "state": "480", "customerId": null, "localAmount": 300, "localCurrency": "USD"}, {"chainId": "12683181709613886532", "amount": 425, "createdAt": "2018-02-03T18:15:37+00:00", "shoeSize": "13", "productId": null, "skuUuid": "9bd53899-b913-4e00-bf04-a8e468c53761", "state": "480", "customerId": null, "localAmount": 425, "localCurrency": "USD"}, {"chainId": "12708845024012948032", "amount": 290, "createdAt": "2018-02-03T02:50:42+00:00", "shoeSize": "10.5", "productId": null, "skuUuid": "ae321e21-f77d-405c-9dbf-85adaaebad7c", "state": "480", "customerId": null, "localAmount": 290, "localCurrency": "USD"}, {"chainId": "12590086396969831705", "amount": 340, "createdAt": "2018-02-02T11:49:12+00:00", "shoeSize": "9", "productId": null, "skuUuid": "19c1bc9a-20b3-4c77-a9aa-e4feeb4d7d6f", "state": "480", "customerId": null, "localAmount": 340, "localCurrency": "USD"}, {"chainId": "12730398560805873625", "amount": 400, "createdAt": "2018-02-02T01:10:40+00:00", "shoeSize": "10.5", "productId": null, "skuUuid": "ae321e21-f77d-405c-9dbf-85adaaebad7c", "state": "480", "customerId": null, "localAmount": 400, "localCurrency": "USD"}, {"chainId": "12727653416456460701", "amount": 220, "createdAt": "2018-01-29T19:35:23+00:00", "shoeSize": "12", "productId": null, "skuUuid": "15360e71-492b-48d0-a668-e7fdc53a23fe", "state": "480", "customerId": null, "localAmount": 220, "localCurrency": "USD"}, {"chainId": "12677770507981607283", "amount": 245, "createdAt": "2018-01-19T04:11:40+00:00", "shoeSize": "12", "productId": null, "skuUuid": "15360e71-492b-48d0-a668-e7fdc53a23fe", "state": "480", "customerId": null, "localAmount": 245, "localCurrency": "USD"}, {"chainId": "12683181707874367783", "amount": 400, "createdAt": "2018-01-17T02:19:09+00:00", "shoeSize": "12", "productId": null, "skuUuid": "15360e71-492b-48d0-a668-e7fdc53a23fe", "state": "480", "customerId": null, "localAmount": 400, "localCurrency": "USD"}, {"chainId": "12713107274239020856", "amount": 375, "createdAt": "2018-01-10T15:05:56+00:00", "shoeSize": "9", "productId": null, "skuUuid": "19c1bc9a-20b3-4c77-a9aa-e4feeb4d7d6f", "state": "480", "customerId": null, "localAmount": 375, "localCurrency": "USD"}, {"chainId": "12683181713233024382", "amount": 395, "createdAt": "2018-01-10T10:54:42+00:00", "shoeSize": "9.5", "productId": null, "skuUuid": "c9100c4b-102e-479e-bc70-5a490a0b50cc", "state": "480", "customerId": null, "localAmount": 395, "localCurrency": "USD"}, {"chainId": "12710392922820689196", "amount": 240, "createdAt": "2018-01-06T00:01:52+00:00", "shoeSize": "10.5", "productId": null, "skuUuid": "ae321e21-f77d-405c-9dbf-85adaaebad7c", "state": "480", "customerId": null, "localAmount": 240, "localCurrency": "USD"}, {"chainId": "12706855394456125414", "amount": 375, "createdAt": "2017-12-31T16:01:54+00:00", "shoeSize": "12", "productId": null, "skuUuid": "15360e71-492b-48d0-a668-e7fdc53a23fe", "state": "480", "customerId": null, "localAmount": 375, "localCurrency": "USD"}, {"chainId": "12702641153694147905", "amount": 244, "createdAt": "2017-12-30T22:32:00+00:00", "shoeSize": "12", "productId": null, "skuUuid": "15360e71-492b-48d0-a668-e7fdc53a23fe", "state": "480", "customerId": null, "localAmount": 244, "localCurrency": "USD"}, {"chainId": "12696998137597461163", "amount": 243, "createdAt": "2017-12-30T22:31:38+00:00", "shoeSize": "12", "productId": null, "skuUuid": "15360e71-492b-48d0-a668-e7fdc53a23fe", "state": "480", "customerId": null, "localAmount": 243, "localCurrency": "USD"}, {"chainId": "12706252058951207036", "amount": 375, "createdAt": "2017-12-30T18:43:55+00:00", "shoeSize": "12", "productId": null, "skuUuid": "15360e71-492b-48d0-a668-e7fdc53a23fe", "state": "480", "customerId": null, "localAmount": 375, "localCurrency": "USD"}, {"chainId": "12698282004173747530", "amount": 370, "createdAt": "2017-12-19T17:18:13+00:00", "shoeSize": "13", "productId": null, "skuUuid": "9bd53899-b913-4e00-bf04-a8e468c53761", "state": "480", "customerId": null, "localAmount": 370, "localCurrency": "USD"}, {"chainId": "12683181711448024905", "amount": 375, "createdAt": "2017-12-16T15:12:53+00:00", "shoeSize": "8", "productId": null, "skuUuid": "a170df75-8933-4faa-b30e-80972c5eba43", "state": "480", "customerId": null, "localAmount": 375, "localCurrency": "USD"}, {"chainId": "12344416762403948350", "amount": 300, "createdAt": "2017-12-13T17:35:35+00:00", "shoeSize": "13", "productId": null, "skuUuid": "9bd53899-b913-4e00-bf04-a8e468c53761", "state": "480", "customerId": null, "localAmount": 300, "localCurrency": "USD"}, {"chainId": "12683181703842073138", "amount": 400, "createdAt": "2017-12-12T03:03:48+00:00", "shoeSize": "10.5", "productId": null, "skuUuid": "ae321e21-f77d-405c-9dbf-85adaaebad7c", "state": "480", "customerId": null, "localAmount": 400, "localCurrency": "USD"}, {"chainId": "12683181705904859103", "amount": 375, "createdAt": "2017-12-12T00:14:17+00:00", "shoeSize": "11", "productId": null, "skuUuid": "ea0cc71a-e84e-44c3-ad41-5c1c29fc71af", "state": "480", "customerId": null, "localAmount": 375, "localCurrency": "USD"}, {"chainId": "12683181706072870058", "amount": 545, "createdAt": "2017-12-11T21:38:36+00:00", "shoeSize": "11", "productId": null, "skuUuid": "ea0cc71a-e84e-44c3-ad41-5c1c29fc71af", "state": "480", "customerId": null, "localAmount": 545, "localCurrency": "USD"}, {"chainId": "12683181705999549745", "amount": 370, "createdAt": "2017-12-07T15:19:55+00:00", "shoeSize": "11", "productId": null, "skuUuid": "ea0cc71a-e84e-44c3-ad41-5c1c29fc71af", "state": "480", "customerId": null, "localAmount": 370, "localCurrency": "USD"}, {"chainId": "12688133787596024978", "amount": 345, "createdAt": "2017-12-05T19:13:58+00:00", "shoeSize": "10.5", "productId": null, "skuUuid": "ae321e21-f77d-405c-9dbf-85adaaebad7c", "state": "480", "customerId": null, "localAmount": 345, "localCurrency": "USD"}, {"chainId": "12686685458541280523", "amount": 230, "createdAt": "2017-12-04T16:13:18+00:00", "shoeSize": "12", "productId": null, "skuUuid": "15360e71-492b-48d0-a668-e7fdc53a23fe", "state": "480", "customerId": null, "localAmount": 230, "localCurrency": "USD"}, {"chainId": "12683181707800427454", "amount": 320, "createdAt": "2017-12-03T15:58:10+00:00", "shoeSize": "12", "productId": null, "skuUuid": "15360e71-492b-48d0-a668-e7fdc53a23fe", "state": "480", "customerId": null, "localAmount": 320, "localCurrency": "USD"}, {"chainId": "12422017389224524697", "amount": 450, "createdAt": "2017-11-28T14:38:15+00:00", "shoeSize": "11", "productId": null, "skuUuid": "ea0cc71a-e84e-44c3-ad41-5c1c29fc71af", "state": "480", "customerId": null, "localAmount": 450, "localCurrency": "USD"}, {"chainId": "12675644792980153622", "amount": 227, "createdAt": "2017-11-19T01:25:55+00:00", "shoeSize": "12", "productId": null, "skuUuid": "15360e71-492b-48d0-a668-e7fdc53a23fe", "state": "480", "customerId": null, "localAmount": 227, "localCurrency": "USD"}, {"chainId": "12671348764602749977", "amount": 450, "createdAt": "2017-11-12T15:17:57+00:00", "shoeSize": "10.5", "productId": null, "skuUuid": "ae321e21-f77d-405c-9dbf-85adaaebad7c", "state": "480", "customerId": null, "localAmount": 450, "localCurrency": "USD"}, {"chainId": "12666272530838031069", "amount": 395, "createdAt": "2017-11-05T14:58:02+00:00", "shoeSize": "9.5", "productId": null, "skuUuid": "c9100c4b-102e-479e-bc70-5a490a0b50cc", "state": "480", "customerId": null, "localAmount": 395, "localCurrency": "USD"}, {"chainId": "12664586416237007538", "amount": 400, "createdAt": "2017-11-03T11:12:19+00:00", "shoeSize": "13", "productId": null, "skuUuid": "9bd53899-b913-4e00-bf04-a8e468c53761", "state": "480", "customerId": null, "localAmount": 400, "localCurrency": "USD"}, {"chainId": "12664586414518528427", "amount": 400, "createdAt": "2017-11-03T05:55:24+00:00", "shoeSize": "12", "productId": null, "skuUuid": "15360e71-492b-48d0-a668-e7fdc53a23fe", "state": "480", "customerId": null, "localAmount": 400, "localCurrency": "USD"}, {"chainId": "12664111135021645639", "amount": 375, "createdAt": "2017-11-02T15:15:57+00:00", "shoeSize": "10.5", "productId": null, "skuUuid": "ae321e21-f77d-405c-9dbf-85adaaebad7c", "state": "480", "customerId": null, "localAmount": 375, "localCurrency": "USD"}, {"chainId": "12662369871927184440", "amount": 235, "createdAt": "2017-10-31T17:48:40+00:00", "shoeSize": "12", "productId": null, "skuUuid": "15360e71-492b-48d0-a668-e7fdc53a23fe", "state": "480", "customerId": null, "localAmount": 235, "localCurrency": "USD"}, {"chainId": "12417065850894969925", "amount": 517, "createdAt": "2017-10-31T16:59:58+00:00", "shoeSize": "11", "productId": null, "skuUuid": "ea0cc71a-e84e-44c3-ad41-5c1c29fc71af", "state": "480", "customerId": null, "localAmount": 517, "localCurrency": "USD"}, {"chainId": "12635138024402769205", "amount": 265, "createdAt": "2017-10-22T01:44:00+00:00", "shoeSize": "10", "productId": null, "skuUuid": "6f54cb52-a6d8-412c-ae1a-27146cd34b2e", "state": "480", "customerId": null, "localAmount": 265, "localCurrency": "USD"}, {"chainId": "12648488441619141886", "amount": 235, "createdAt": "2017-10-12T14:08:48+00:00", "shoeSize": "9.5", "productId": null, "skuUuid": "c9100c4b-102e-479e-bc70-5a490a0b50cc", "state": "480", "customerId": null, "localAmount": 235, "localCurrency": "USD"}, {"chainId": "12635102049397462969", "amount": 500, "createdAt": "2017-09-23T06:38:28+00:00", "shoeSize": "9", "productId": null, "skuUuid": "19c1bc9a-20b3-4c77-a9aa-e4feeb4d7d6f", "state": "480", "customerId": null, "localAmount": 500, "localCurrency": "USD"}, {"chainId": "12616319463146134932", "amount": 260, "createdAt": "2017-09-19T23:46:29+00:00", "shoeSize": "10.5", "productId": null, "skuUuid": "ae321e21-f77d-405c-9dbf-85adaaebad7c", "state": "480", "customerId": null, "localAmount": 260, "localCurrency": "USD"}, {"chainId": "12627114798111160039", "amount": 250, "createdAt": "2017-09-18T18:03:23+00:00", "shoeSize": "11", "productId": null, "skuUuid": "ea0cc71a-e84e-44c3-ad41-5c1c29fc71af", "state": "480", "customerId": null, "localAmount": 250, "localCurrency": "USD"}, {"chainId": "12628336645528565041", "amount": 405, "createdAt": "2017-09-13T23:02:44+00:00", "shoeSize": "8", "productId": null, "skuUuid": "a170df75-8933-4faa-b30e-80972c5eba43", "state": "480", "customerId": null, "localAmount": 405, "localCurrency": "USD"}, {"chainId": "12625725122065937260", "amount": 285, "createdAt": "2017-09-11T04:22:08+00:00", "shoeSize": "10", "productId": null, "skuUuid": "6f54cb52-a6d8-412c-ae1a-27146cd34b2e", "state": "480", "customerId": null, "localAmount": 285, "localCurrency": "USD"}, {"chainId": "12623744592865341637", "amount": 500, "createdAt": "2017-09-07T15:47:48+00:00", "shoeSize": "9", "productId": null, "skuUuid": "19c1bc9a-20b3-4c77-a9aa-e4feeb4d7d6f", "state": "480", "customerId": null, "localAmount": 500, "localCurrency": "USD"}, {"chainId": "12623744589069578990", "amount": 450, "createdAt": "2017-09-07T14:47:50+00:00", "shoeSize": "11", "productId": null, "skuUuid": "ea0cc71a-e84e-44c3-ad41-5c1c29fc71af", "state": "480", "customerId": null, "localAmount": 450, "localCurrency": "USD"}, {"chainId": "12617221145770945528", "amount": 425, "createdAt": "2017-08-29T23:48:52+00:00", "shoeSize": "10", "productId": null, "skuUuid": "6f54cb52-a6d8-412c-ae1a-27146cd34b2e", "state": "480", "customerId": null, "localAmount": 425, "localCurrency": "USD"}, {"chainId": "12616980530732884240", "amount": 450, "createdAt": "2017-08-29T07:06:23+00:00", "shoeSize": "12", "productId": null, "skuUuid": "15360e71-492b-48d0-a668-e7fdc53a23fe", "state": "480", "customerId": null, "localAmount": 450, "localCurrency": "USD"}, {"chainId": "12499451484381460679", "amount": 450, "createdAt": "2017-08-29T04:22:10+00:00", "shoeSize": "12", "productId": null, "skuUuid": "15360e71-492b-48d0-a668-e7fdc53a23fe", "state": "480", "customerId": null, "localAmount": 450, "localCurrency": "USD"}, {"chainId": "12616013616012499926", "amount": 375, "createdAt": "2017-08-27T21:10:57+00:00", "shoeSize": "10.5", "productId": null, "skuUuid": "ae321e21-f77d-405c-9dbf-85adaaebad7c", "state": "480", "customerId": null, "localAmount": 375, "localCurrency": "USD"}, {"chainId": "12376357215770346526", "amount": 420, "createdAt": "2017-08-22T15:13:07+00:00", "shoeSize": "10.5", "productId": null, "skuUuid": "ae321e21-f77d-405c-9dbf-85adaaebad7c", "state": "480", "customerId": null, "localAmount": 420, "localCurrency": "USD"}, {"chainId": "12565521531492922032", "amount": 420, "createdAt": "2017-08-18T13:29:09+00:00", "shoeSize": "12", "productId": null, "skuUuid": "15360e71-492b-48d0-a668-e7fdc53a23fe", "state": "480", "customerId": null, "localAmount": 420, "localCurrency": "USD"}, {"chainId": "12606108441503450590", "amount": 360, "createdAt": "2017-08-14T04:37:59+00:00", "shoeSize": "10.5", "productId": null, "skuUuid": "ae321e21-f77d-405c-9dbf-85adaaebad7c", "state": "480", "customerId": null, "localAmount": 360, "localCurrency": "USD"}, {"chainId": "12605057656355878870", "amount": 225, "createdAt": "2017-08-13T15:59:32+00:00", "shoeSize": "11.5", "productId": null, "skuUuid": "c6010616-6d0f-4127-ae0a-e90986ff58ba", "state": "480", "customerId": null, "localAmount": 225, "localCurrency": "USD"}, {"chainId": "12603933861344788578", "amount": 400, "createdAt": "2017-08-11T13:15:32+00:00", "shoeSize": "11", "productId": null, "skuUuid": "ea0cc71a-e84e-44c3-ad41-5c1c29fc71af", "state": "480", "customerId": null, "localAmount": 400, "localCurrency": "USD"}, {"chainId": "12425415497302653263", "amount": 245, "createdAt": "2017-08-07T05:22:12+00:00", "shoeSize": "11.5", "productId": null, "skuUuid": "c6010616-6d0f-4127-ae0a-e90986ff58ba", "state": "480", "customerId": null, "localAmount": 245, "localCurrency": "USD"}, {"chainId": "12599584243014581229", "amount": 475, "createdAt": "2017-08-05T16:29:41+00:00", "shoeSize": "9", "productId": null, "skuUuid": "19c1bc9a-20b3-4c77-a9aa-e4feeb4d7d6f", "state": "480", "customerId": null, "localAmount": 475, "localCurrency": "USD"}, {"chainId": "12571276306797776966", "amount": 230, "createdAt": "2017-08-04T21:58:42+00:00", "shoeSize": "11", "productId": null, "skuUuid": "ea0cc71a-e84e-44c3-ad41-5c1c29fc71af", "state": "480", "customerId": null, "localAmount": 230, "localCurrency": "USD"}, {"chainId": "12499451488165799621", "amount": 400, "createdAt": "2017-07-25T17:01:45+00:00", "shoeSize": "9", "productId": null, "skuUuid": "19c1bc9a-20b3-4c77-a9aa-e4feeb4d7d6f", "state": "480", "customerId": null, "localAmount": 400, "localCurrency": "USD"}, {"chainId": "12591731396034919365", "amount": 400, "createdAt": "2017-07-25T08:00:54+00:00", "shoeSize": "11", "productId": null, "skuUuid": "ea0cc71a-e84e-44c3-ad41-5c1c29fc71af", "state": "480", "customerId": null, "localAmount": 400, "localCurrency": "USD"}, {"chainId": "12577002517427779126", "amount": 260, "createdAt": "2017-07-23T18:18:02+00:00", "shoeSize": "9", "productId": null, "skuUuid": "19c1bc9a-20b3-4c77-a9aa-e4feeb4d7d6f", "state": "480", "customerId": null, "localAmount": 260, "localCurrency": "USD"}, {"chainId": "12576062176996683456", "amount": 226, "createdAt": "2017-07-16T15:18:16+00:00", "shoeSize": "8", "productId": null, "skuUuid": "a170df75-8933-4faa-b30e-80972c5eba43", "state": "480", "customerId": null, "localAmount": 226, "localCurrency": "USD"}, {"chainId": "12579529723679446284", "amount": 450, "createdAt": "2017-07-08T15:31:43+00:00", "shoeSize": "10.5", "productId": null, "skuUuid": "ae321e21-f77d-405c-9dbf-85adaaebad7c", "state": "480", "customerId": null, "localAmount": 450, "localCurrency": "USD"}, {"chainId": "12578826093286464829", "amount": 450, "createdAt": "2017-07-07T14:42:02+00:00", "shoeSize": "10.5", "productId": null, "skuUuid": "ae321e21-f77d-405c-9dbf-85adaaebad7c", "state": "480", "customerId": null, "localAmount": 450, "localCurrency": "USD"}, {"chainId": "12499451486789537517", "amount": 400, "createdAt": "2017-07-06T23:04:18+00:00", "shoeSize": "8", "productId": null, "skuUuid": "a170df75-8933-4faa-b30e-80972c5eba43", "state": "480", "customerId": null, "localAmount": 400, "localCurrency": "USD"}, {"chainId": "12576858803002814073", "amount": 226, "createdAt": "2017-07-05T18:13:29+00:00", "shoeSize": "13", "productId": null, "skuUuid": "9bd53899-b913-4e00-bf04-a8e468c53761", "state": "480", "customerId": null, "localAmount": 226, "localCurrency": "USD"}, {"chainId": "12573489257822333745", "amount": 400, "createdAt": "2017-06-30T07:45:16+00:00", "shoeSize": "11", "productId": null, "skuUuid": "ea0cc71a-e84e-44c3-ad41-5c1c29fc71af", "state": "480", "customerId": null, "localAmount": 400, "localCurrency": "USD"}, {"chainId": "12432920373653016576", "amount": 445, "createdAt": "2017-06-27T16:26:27+00:00", "shoeSize": "11", "productId": null, "skuUuid": "ea0cc71a-e84e-44c3-ad41-5c1c29fc71af", "state": "480", "customerId": null, "localAmount": 445, "localCurrency": "USD"}, {"chainId": "12570104811366534914", "amount": 400, "createdAt": "2017-06-25T22:15:05+00:00", "shoeSize": "10.5", "productId": null, "skuUuid": "ae321e21-f77d-405c-9dbf-85adaaebad7c", "state": "480", "customerId": null, "localAmount": 400, "localCurrency": "USD"}, {"chainId": "12568172784000777526", "amount": 450, "createdAt": "2017-06-22T22:19:43+00:00", "shoeSize": "10", "productId": null, "skuUuid": "6f54cb52-a6d8-412c-ae1a-27146cd34b2e", "state": "480", "customerId": null, "localAmount": 450, "localCurrency": "USD"}, {"chainId": "12499451480660998450", "amount": 400, "createdAt": "2017-06-16T06:13:45+00:00", "shoeSize": "10", "productId": null, "skuUuid": "6f54cb52-a6d8-412c-ae1a-27146cd34b2e", "state": "480", "customerId": null, "localAmount": 400, "localCurrency": "USD"}, {"chainId": "12499451482011245130", "amount": 450, "createdAt": "2017-06-08T14:06:50+00:00", "shoeSize": "10.5", "productId": null, "skuUuid": "ae321e21-f77d-405c-9dbf-85adaaebad7c", "state": "480", "customerId": null, "localAmount": 450, "localCurrency": "USD"}, {"chainId": "12554158967699584184", "amount": 450, "createdAt": "2017-06-03T12:56:08+00:00", "shoeSize": "10", "productId": null, "skuUuid": "6f54cb52-a6d8-412c-ae1a-27146cd34b2e", "state": "480", "customerId": null, "localAmount": 450, "localCurrency": "USD"}, {"chainId": "12462306717214421483", "amount": 290, "createdAt": "2017-06-02T10:28:56+00:00", "shoeSize": "11", "productId": null, "skuUuid": "ea0cc71a-e84e-44c3-ad41-5c1c29fc71af", "state": "480", "customerId": null, "localAmount": 290, "localCurrency": "USD"}, {"chainId": "12551141210028427061", "amount": 280, "createdAt": "2017-05-31T06:37:07+00:00", "shoeSize": "11", "productId": null, "skuUuid": "ea0cc71a-e84e-44c3-ad41-5c1c29fc71af", "state": "480", "customerId": null, "localAmount": 280, "localCurrency": "USD"}, {"chainId": "12418276034608289296", "amount": 415, "createdAt": "2017-05-19T15:41:24+00:00", "shoeSize": "10", "productId": null, "skuUuid": "6f54cb52-a6d8-412c-ae1a-27146cd34b2e", "state": "480", "customerId": null, "localAmount": 415, "localCurrency": "USD"}, {"chainId": "12389277694091044165", "amount": 400, "createdAt": "2017-05-18T13:57:54+00:00", "shoeSize": "11", "productId": null, "skuUuid": "ea0cc71a-e84e-44c3-ad41-5c1c29fc71af", "state": "480", "customerId": null, "localAmount": 400, "localCurrency": "USD"}, {"chainId": "12532185834155651083", "amount": 450, "createdAt": "2017-05-10T21:48:01+00:00", "shoeSize": "13", "productId": null, "skuUuid": "9bd53899-b913-4e00-bf04-a8e468c53761", "state": "480", "customerId": null, "localAmount": 450, "localCurrency": "USD"}, {"chainId": "12322824365720847654", "amount": 400, "createdAt": "2017-05-07T22:41:43+00:00", "shoeSize": "11", "productId": null, "skuUuid": "ea0cc71a-e84e-44c3-ad41-5c1c29fc71af", "state": "480", "customerId": null, "localAmount": 400, "localCurrency": "USD"}, {"chainId": "12532666103692942804", "amount": 425, "createdAt": "2017-05-04T21:31:02+00:00", "shoeSize": "12", "productId": null, "skuUuid": "15360e71-492b-48d0-a668-e7fdc53a23fe", "state": "480", "customerId": null, "localAmount": 425, "localCurrency": "USD"}, {"chainId": "12531216957402700633", "amount": 350, "createdAt": "2017-05-02T21:22:38+00:00", "shoeSize": "11", "productId": null, "skuUuid": "ea0cc71a-e84e-44c3-ad41-5c1c29fc71af", "state": "480", "customerId": null, "localAmount": 350, "localCurrency": "USD"}, {"chainId": "12474868020761843081", "amount": 275, "createdAt": "2017-04-24T09:32:28+00:00", "shoeSize": "11", "productId": null, "skuUuid": "ea0cc71a-e84e-44c3-ad41-5c1c29fc71af", "state": "480", "customerId": null, "localAmount": 275, "localCurrency": "USD"}, {"chainId": "12499451485553442496", "amount": 350, "createdAt": "2017-04-13T07:34:38+00:00", "shoeSize": "13", "productId": null, "skuUuid": "9bd53899-b913-4e00-bf04-a8e468c53761", "state": "480", "customerId": null, "localAmount": 350, "localCurrency": "USD"}, {"chainId": "12499451488025548792", "amount": 450, "createdAt": "2017-04-07T15:11:25+00:00", "shoeSize": "9", "productId": null, "skuUuid": "19c1bc9a-20b3-4c77-a9aa-e4feeb4d7d6f", "state": "480", "customerId": null, "localAmount": 450, "localCurrency": "USD"}, {"chainId": "12508134722332245571", "amount": 235, "createdAt": "2017-04-01T22:30:59+00:00", "shoeSize": "10.5", "productId": null, "skuUuid": "ae321e21-f77d-405c-9dbf-85adaaebad7c", "state": "480", "customerId": null, "localAmount": 235, "localCurrency": "USD"}, {"chainId": "12489663083856042918", "amount": 400, "createdAt": "2017-03-24T08:51:19+00:00", "shoeSize": "12", "productId": null, "skuUuid": "15360e71-492b-48d0-a668-e7fdc53a23fe", "state": "480", "customerId": null, "localAmount": 400, "localCurrency": "USD"}, {"chainId": "12499451482152081178", "amount": 400, "createdAt": "2017-03-23T10:42:05+00:00", "shoeSize": "10.5", "productId": null, "skuUuid": "ae321e21-f77d-405c-9dbf-85adaaebad7c", "state": "480", "customerId": null, "localAmount": 400, "localCurrency": "USD"}, {"chainId": "12491722419948518162", "amount": 471, "createdAt": "2017-03-19T11:34:03+00:00", "shoeSize": "11", "productId": null, "skuUuid": "ea0cc71a-e84e-44c3-ad41-5c1c29fc71af", "state": "480", "customerId": null, "localAmount": 471, "localCurrency": "USD"}, {"chainId": "12492685924890986128", "amount": 400, "createdAt": "2017-03-10T19:36:38+00:00", "shoeSize": "10.5", "productId": null, "skuUuid": "ae321e21-f77d-405c-9dbf-85adaaebad7c", "state": "480", "customerId": null, "localAmount": 400, "localCurrency": "USD"}, {"chainId": "12490388490284328182", "amount": 400, "createdAt": "2017-03-07T21:13:20+00:00", "shoeSize": "9", "productId": null, "skuUuid": "19c1bc9a-20b3-4c77-a9aa-e4feeb4d7d6f", "state": "480", "customerId": null, "localAmount": 400, "localCurrency": "USD"}, {"chainId": "12490152762110462968", "amount": 375, "createdAt": "2017-03-07T14:09:02+00:00", "shoeSize": "10", "productId": null, "skuUuid": "6f54cb52-a6d8-412c-ae1a-27146cd34b2e", "state": "480", "customerId": null, "localAmount": 375, "localCurrency": "USD"}, {"chainId": "12389277692759010786", "amount": 500, "createdAt": "2017-03-04T13:22:49+00:00", "shoeSize": "10", "productId": null, "skuUuid": "6f54cb52-a6d8-412c-ae1a-27146cd34b2e", "state": "480", "customerId": null, "localAmount": 500, "localCurrency": "USD"}, {"chainId": "12482294754484197153", "amount": 375, "createdAt": "2017-02-24T19:35:50+00:00", "shoeSize": "10", "productId": null, "skuUuid": "6f54cb52-a6d8-412c-ae1a-27146cd34b2e", "state": "480", "customerId": null, "localAmount": 375, "localCurrency": "USD"}, {"chainId": "12477850877544738921", "amount": 375, "createdAt": "2017-02-18T16:21:39+00:00", "shoeSize": "10.5", "productId": null, "skuUuid": "ae321e21-f77d-405c-9dbf-85adaaebad7c", "state": "480", "customerId": null, "localAmount": 375, "localCurrency": "USD"}, {"chainId": "12422017389338233251", "amount": 500, "createdAt": "2017-02-05T10:24:32+00:00", "shoeSize": "11", "productId": null, "skuUuid": "ea0cc71a-e84e-44c3-ad41-5c1c29fc71af", "state": "480", "customerId": null, "localAmount": 500, "localCurrency": "USD"}, {"chainId": "12463451798273017275", "amount": 350, "createdAt": "2017-01-29T21:43:32+00:00", "shoeSize": "13", "productId": null, "skuUuid": "9bd53899-b913-4e00-bf04-a8e468c53761", "state": "480", "customerId": null, "localAmount": 350, "localCurrency": "USD"}, {"chainId": "12420325563797252845", "amount": 400, "createdAt": "2017-01-10T23:23:30+00:00", "shoeSize": "8.5", "productId": null, "skuUuid": "bc82405e-df1e-4c70-a19b-9cbd75586f2e", "state": "480", "customerId": null, "localAmount": 400, "localCurrency": "USD"}, {"chainId": "12429131271499256611", "amount": 250, "createdAt": "2017-01-06T22:13:43+00:00", "shoeSize": "11", "productId": null, "skuUuid": "ea0cc71a-e84e-44c3-ad41-5c1c29fc71af", "state": "480", "customerId": null, "localAmount": 250, "localCurrency": "USD"}, {"chainId": "12403764381431303169", "amount": 225, "createdAt": "2016-12-09T16:47:59+00:00", "shoeSize": "13", "productId": null, "skuUuid": "9bd53899-b913-4e00-bf04-a8e468c53761", "state": "480", "customerId": null, "localAmount": 225, "localCurrency": "USD"}, {"chainId": "12425631823101554846", "amount": 260, "createdAt": "2016-12-09T02:32:33+00:00", "shoeSize": "11", "productId": null, "skuUuid": "ea0cc71a-e84e-44c3-ad41-5c1c29fc71af", "state": "480", "customerId": null, "localAmount": 260, "localCurrency": "USD"}, {"chainId": "12322824364869326784", "amount": 500, "createdAt": "2016-12-05T15:24:43+00:00", "shoeSize": "10", "productId": null, "skuUuid": "6f54cb52-a6d8-412c-ae1a-27146cd34b2e", "state": "480", "customerId": null, "localAmount": 500, "localCurrency": "USD"}, {"chainId": "12420325562484138667", "amount": 375, "createdAt": "2016-12-03T14:32:39+00:00", "shoeSize": "11", "productId": null, "skuUuid": "ea0cc71a-e84e-44c3-ad41-5c1c29fc71af", "state": "480", "customerId": null, "localAmount": 375, "localCurrency": "USD"}, {"chainId": "12390775962273900157", "amount": 240, "createdAt": "2016-12-01T02:07:13+00:00", "shoeSize": "10", "productId": null, "skuUuid": "6f54cb52-a6d8-412c-ae1a-27146cd34b2e", "state": "480", "customerId": null, "localAmount": 240, "localCurrency": "USD"}, {"chainId": "12226572721417157461", "amount": 400, "createdAt": "2016-11-25T21:59:41+00:00", "shoeSize": "11", "productId": null, "skuUuid": "ea0cc71a-e84e-44c3-ad41-5c1c29fc71af", "state": "480", "customerId": null, "localAmount": 400, "localCurrency": "USD"}, {"chainId": "12389277695392571394", "amount": 375, "createdAt": "2016-11-24T19:06:09+00:00", "shoeSize": "13", "productId": null, "skuUuid": "9bd53899-b913-4e00-bf04-a8e468c53761", "state": "480", "customerId": null, "localAmount": 375, "localCurrency": "USD"}, {"chainId": "12388067883224889294", "amount": 450, "createdAt": "2016-10-17T22:09:05+00:00", "shoeSize": "10.5", "productId": null, "skuUuid": "ae321e21-f77d-405c-9dbf-85adaaebad7c", "state": "480", "customerId": null, "localAmount": 450, "localCurrency": "USD"}, {"chainId": "12385531827541664042", "amount": 350, "createdAt": "2016-10-14T10:33:47+00:00", "shoeSize": "13", "productId": null, "skuUuid": "9bd53899-b913-4e00-bf04-a8e468c53761", "state": "480", "customerId": null, "localAmount": 350, "localCurrency": "USD"}, {"chainId": "12382269842841059212", "amount": 450, "createdAt": "2016-10-09T17:50:10+00:00", "shoeSize": "8.5", "productId": null, "skuUuid": "bc82405e-df1e-4c70-a19b-9cbd75586f2e", "state": "480", "customerId": null, "localAmount": 450, "localCurrency": "USD"}, {"chainId": "12266677307626672800", "amount": 522, "createdAt": "2016-09-28T14:20:06+00:00", "shoeSize": "9.5", "productId": null, "skuUuid": "c9100c4b-102e-479e-bc70-5a490a0b50cc", "state": "480", "customerId": null, "localAmount": 522, "localCurrency": "USD"}, {"chainId": "12322824366591362812", "amount": 375, "createdAt": "2016-09-27T17:14:24+00:00", "shoeSize": "13", "productId": null, "skuUuid": "9bd53899-b913-4e00-bf04-a8e468c53761", "state": "480", "customerId": null, "localAmount": 375, "localCurrency": "USD"}, {"chainId": "12344044794820203691", "amount": 250, "createdAt": "2016-09-03T19:37:37+00:00", "shoeSize": "9", "productId": null, "skuUuid": "19c1bc9a-20b3-4c77-a9aa-e4feeb4d7d6f", "state": "480", "customerId": null, "localAmount": 250, "localCurrency": "USD"}, {"chainId": "12226572720268796305", "amount": 450, "createdAt": "2016-08-05T15:36:16+00:00", "shoeSize": "10", "productId": null, "skuUuid": "6f54cb52-a6d8-412c-ae1a-27146cd34b2e", "state": "480", "customerId": null, "localAmount": 450, "localCurrency": "USD"}, {"chainId": "12321130322168201466", "amount": 400, "createdAt": "2016-07-17T05:46:11+00:00", "shoeSize": "10.5", "productId": null, "skuUuid": "ae321e21-f77d-405c-9dbf-85adaaebad7c", "state": "480", "customerId": null, "localAmount": 400, "localCurrency": "USD"}, {"chainId": "12319804096444098977", "amount": 400, "createdAt": "2016-07-15T10:00:26+00:00", "shoeSize": "11", "productId": null, "skuUuid": "ea0cc71a-e84e-44c3-ad41-5c1c29fc71af", "state": "480", "customerId": null, "localAmount": 400, "localCurrency": "USD"}, {"chainId": "12315331814470840238", "amount": 400, "createdAt": "2016-07-09T06:52:51+00:00", "shoeSize": "11.5", "productId": null, "skuUuid": "c6010616-6d0f-4127-ae0a-e90986ff58ba", "state": "480", "customerId": null, "localAmount": 400, "localCurrency": "USD"}, {"chainId": "12226572723424121150", "amount": 500, "createdAt": "2016-06-18T20:07:31+00:00", "shoeSize": "9", "productId": null, "skuUuid": "19c1bc9a-20b3-4c77-a9aa-e4feeb4d7d6f", "state": "480", "customerId": null, "localAmount": 500, "localCurrency": "USD"}, {"chainId": "12300234494241037436", "amount": 400, "createdAt": "2016-06-18T13:02:02+00:00", "shoeSize": "12", "productId": null, "skuUuid": "15360e71-492b-48d0-a668-e7fdc53a23fe", "state": "480", "customerId": null, "localAmount": 400, "localCurrency": "USD"}, {"chainId": "12286068132242298228", "amount": 400, "createdAt": "2016-05-27T18:39:08+00:00", "shoeSize": "11.5", "productId": null, "skuUuid": "c6010616-6d0f-4127-ae0a-e90986ff58ba", "state": "480", "customerId": null, "localAmount": 400, "localCurrency": "USD"}, {"chainId": "12286068133154606658", "amount": 400, "createdAt": "2016-05-26T08:15:36+00:00", "shoeSize": "8.5", "productId": null, "skuUuid": "bc82405e-df1e-4c70-a19b-9cbd75586f2e", "state": "480", "customerId": null, "localAmount": 400, "localCurrency": "USD"}, {"chainId": "12280877016441381039", "amount": 400, "createdAt": "2016-05-22T18:08:51+00:00", "shoeSize": "10", "productId": null, "skuUuid": "6f54cb52-a6d8-412c-ae1a-27146cd34b2e", "state": "480", "customerId": null, "localAmount": 400, "localCurrency": "USD"}, {"chainId": "12280132272385031668", "amount": 400, "createdAt": "2016-05-21T17:39:16+00:00", "shoeSize": "11", "productId": null, "skuUuid": "ea0cc71a-e84e-44c3-ad41-5c1c29fc71af", "state": "480", "customerId": null, "localAmount": 400, "localCurrency": "USD"}, {"chainId": "12275287167917416490", "amount": 400, "createdAt": "2016-05-14T11:41:21+00:00", "shoeSize": "10", "productId": null, "skuUuid": "6f54cb52-a6d8-412c-ae1a-27146cd34b2e", "state": "480", "customerId": null, "localAmount": 400, "localCurrency": "USD"}, {"chainId": "12258702384465391434", "amount": 400, "createdAt": "2016-04-22T08:51:14+00:00", "shoeSize": "10.5", "productId": null, "skuUuid": "ae321e21-f77d-405c-9dbf-85adaaebad7c", "state": "480", "customerId": null, "localAmount": 400, "localCurrency": "USD"}, {"chainId": "12226572723572455356", "amount": 450, "createdAt": "2016-03-23T16:32:30+00:00", "shoeSize": "9", "productId": null, "skuUuid": "19c1bc9a-20b3-4c77-a9aa-e4feeb4d7d6f", "state": "480", "customerId": null, "localAmount": 450, "localCurrency": "USD"}, {"chainId": "12234182207259945448", "amount": 400, "createdAt": "2016-03-19T16:28:04+00:00", "shoeSize": "10", "productId": null, "skuUuid": "6f54cb52-a6d8-412c-ae1a-27146cd34b2e", "state": "480", "customerId": null, "localAmount": 400, "localCurrency": "USD"}, {"chainId": "12226572722405855603", "amount": 475, "createdAt": "2016-03-18T20:24:58+00:00", "shoeSize": "8.5", "productId": null, "skuUuid": "bc82405e-df1e-4c70-a19b-9cbd75586f2e", "state": "480", "customerId": null, "localAmount": 475, "localCurrency": "USD"}, {"chainId": "12176431385304266220", "amount": 425, "createdAt": "2016-03-02T00:05:51+00:00", "shoeSize": "13", "productId": null, "skuUuid": "9bd53899-b913-4e00-bf04-a8e468c53761", "state": "480", "customerId": null, "localAmount": 425, "localCurrency": "USD"}, {"chainId": "12209650332661611113", "amount": 475, "createdAt": "2016-02-14T20:57:42+00:00", "shoeSize": "9.5", "productId": null, "skuUuid": "c9100c4b-102e-479e-bc70-5a490a0b50cc", "state": "480", "customerId": null, "localAmount": 475, "localCurrency": "USD"}, {"chainId": "12197809473693545197", "amount": 450, "createdAt": "2016-01-29T12:58:38+00:00", "shoeSize": "11.5", "productId": null, "skuUuid": "c6010616-6d0f-4127-ae0a-e90986ff58ba", "state": "480", "customerId": null, "localAmount": 450, "localCurrency": "USD"}, {"chainId": "12131053228732838532", "amount": 550, "createdAt": "2016-01-25T04:58:41+00:00", "shoeSize": "9", "productId": null, "skuUuid": "19c1bc9a-20b3-4c77-a9aa-e4feeb4d7d6f", "state": "480", "customerId": null, "localAmount": 550, "localCurrency": "USD"}, {"chainId": "12149487596140405684", "amount": 441, "createdAt": "2016-01-16T21:45:12+00:00", "shoeSize": "11", "productId": null, "skuUuid": "ea0cc71a-e84e-44c3-ad41-5c1c29fc71af", "state": "480", "customerId": null, "localAmount": 441, "localCurrency": "USD"}, {"chainId": "12186338814920000058", "amount": 450, "createdAt": "2016-01-13T16:57:54+00:00", "shoeSize": "11", "productId": null, "skuUuid": "ea0cc71a-e84e-44c3-ad41-5c1c29fc71af", "state": "480", "customerId": null, "localAmount": 450, "localCurrency": "USD"}, {"chainId": "12168329260872626679", "amount": 450, "createdAt": "2016-01-13T00:57:19+00:00", "shoeSize": "12", "productId": null, "skuUuid": "15360e71-492b-48d0-a668-e7fdc53a23fe", "state": "480", "customerId": null, "localAmount": 450, "localCurrency": "USD"}, {"chainId": "12171959644517914600", "amount": 500, "createdAt": "2015-12-24T20:54:59+00:00", "shoeSize": "8", "productId": null, "skuUuid": "a170df75-8933-4faa-b30e-80972c5eba43", "state": "480", "customerId": null, "localAmount": 500, "localCurrency": "USD"}, {"chainId": "12131053221008635018", "amount": 500, "createdAt": "2015-12-01T20:05:38+00:00", "shoeSize": "10", "productId": null, "skuUuid": "6f54cb52-a6d8-412c-ae1a-27146cd34b2e", "state": "480", "customerId": null, "localAmount": 500, "localCurrency": "USD"}, {"chainId": "12131053227524393150", "amount": 500, "createdAt": "2015-11-22T09:04:56+00:00", "shoeSize": "8.5", "productId": null, "skuUuid": "bc82405e-df1e-4c70-a19b-9cbd75586f2e", "state": "480", "customerId": null, "localAmount": 500, "localCurrency": "USD"}, {"chainId": "12131053228475427972", "amount": 500, "createdAt": "2015-10-25T20:08:25+00:00", "shoeSize": "9", "productId": null, "skuUuid": "19c1bc9a-20b3-4c77-a9aa-e4feeb4d7d6f", "state": "480", "customerId": null, "localAmount": 500, "localCurrency": "USD"}, {"chainId": "12131053227395095045", "amount": 425, "createdAt": "2015-10-19T06:05:26+00:00", "shoeSize": "8.5", "productId": null, "skuUuid": "bc82405e-df1e-4c70-a19b-9cbd75586f2e", "state": "480", "customerId": null, "localAmount": 425, "localCurrency": "USD"}, {"chainId": "12131053221391917298", "amount": 425, "createdAt": "2015-09-20T20:12:34+00:00", "shoeSize": "10", "productId": null, "skuUuid": "6f54cb52-a6d8-412c-ae1a-27146cd34b2e", "state": "480", "customerId": null, "localAmount": 425, "localCurrency": "USD"}, {"chainId": "12131053227849951169", "amount": 525, "createdAt": "2015-09-17T20:18:03+00:00", "shoeSize": "9", "productId": null, "skuUuid": "19c1bc9a-20b3-4c77-a9aa-e4feeb4d7d6f", "state": "480", "customerId": null, "localAmount": 525, "localCurrency": "USD"}, {"chainId": "12131053222773640069", "amount": 450, "createdAt": "2015-09-13T20:04:30+00:00", "shoeSize": "10.5", "productId": null, "skuUuid": "ae321e21-f77d-405c-9dbf-85adaaebad7c", "state": "480", "customerId": null, "localAmount": 450, "localCurrency": "USD"}, {"chainId": "12131053226760583249", "amount": 500, "createdAt": "2015-09-10T00:17:29+00:00", "shoeSize": "13", "productId": null, "skuUuid": "9bd53899-b913-4e00-bf04-a8e468c53761", "state": "480", "customerId": null, "localAmount": 500, "localCurrency": "USD"}, {"chainId": "12131053229606969074", "amount": 550, "createdAt": "2015-09-07T16:23:49+00:00", "shoeSize": "9.5", "productId": null, "skuUuid": "c9100c4b-102e-479e-bc70-5a490a0b50cc", "state": "480", "customerId": null, "localAmount": 550, "localCurrency": "USD"}, {"chainId": "12131053220877823337", "amount": 400, "createdAt": "2015-09-05T00:06:29+00:00", "shoeSize": "10", "productId": null, "skuUuid": "6f54cb52-a6d8-412c-ae1a-27146cd34b2e", "state": "480", "customerId": null, "localAmount": 400, "localCurrency": "USD"}, {"chainId": "12131053229472484938", "amount": 500, "createdAt": "2015-08-27T16:18:04+00:00", "shoeSize": "9.5", "productId": null, "skuUuid": "c9100c4b-102e-479e-bc70-5a490a0b50cc", "state": "480", "customerId": null, "localAmount": 500, "localCurrency": "USD"}, {"chainId": "12131053221589424800", "amount": 400, "createdAt": "2015-08-27T00:15:55+00:00", "shoeSize": "10.5", "productId": null, "skuUuid": "ae321e21-f77d-405c-9dbf-85adaaebad7c", "state": "480", "customerId": null, "localAmount": 400, "localCurrency": "USD"}, {"chainId": "12131053223422944880", "amount": 400, "createdAt": "2015-08-26T16:06:04+00:00", "shoeSize": "10.5", "productId": null, "skuUuid": "ae321e21-f77d-405c-9dbf-85adaaebad7c", "state": "480", "customerId": null, "localAmount": 400, "localCurrency": "USD"}, {"chainId": "12131053228617392382", "amount": 400, "createdAt": "2015-08-26T00:18:34+00:00", "shoeSize": "9", "productId": null, "skuUuid": "19c1bc9a-20b3-4c77-a9aa-e4feeb4d7d6f", "state": "480", "customerId": null, "localAmount": 400, "localCurrency": "USD"}, {"chainId": "12131053228213819584", "amount": 475, "createdAt": "2015-08-20T00:00:44+00:00", "shoeSize": "9", "productId": null, "skuUuid": "19c1bc9a-20b3-4c77-a9aa-e4feeb4d7d6f", "state": "480", "customerId": null, "localAmount": 475, "localCurrency": "USD"}, {"chainId": "12131053226335023976", "amount": 450, "createdAt": "2015-08-18T00:18:51+00:00", "shoeSize": "12", "productId": null, "skuUuid": "15360e71-492b-48d0-a668-e7fdc53a23fe", "state": "480", "customerId": null, "localAmount": 450, "localCurrency": "USD"}, {"chainId": "12131053227280944730", "amount": 550, "createdAt": "2015-08-15T20:08:35+00:00", "shoeSize": "8.5", "productId": null, "skuUuid": "bc82405e-df1e-4c70-a19b-9cbd75586f2e", "state": "480", "customerId": null, "localAmount": 550, "localCurrency": "USD"}, {"chainId": "12131053220609499704", "amount": 550, "createdAt": "2015-08-12T20:05:56+00:00", "shoeSize": "10", "productId": null, "skuUuid": "6f54cb52-a6d8-412c-ae1a-27146cd34b2e", "state": "480", "customerId": null, "localAmount": 550, "localCurrency": "USD"}, {"chainId": "12131053226515062821", "amount": 550, "createdAt": "2015-08-10T16:14:15+00:00", "shoeSize": "13", "productId": null, "skuUuid": "9bd53899-b913-4e00-bf04-a8e468c53761", "state": "480", "customerId": null, "localAmount": 550, "localCurrency": "USD"}, {"chainId": "12131053225782459508", "amount": 500, "createdAt": "2015-08-10T16:14:15+00:00", "shoeSize": "11.5", "productId": null, "skuUuid": "c6010616-6d0f-4127-ae0a-e90986ff58ba", "state": "480", "customerId": null, "localAmount": 500, "localCurrency": "USD"}, {"chainId": "12130391944835314865", "amount": 315, "createdAt": "2015-08-09T15:43:34+00:00", "shoeSize": "11", "productId": null, "skuUuid": "ea0cc71a-e84e-44c3-ad41-5c1c29fc71af", "state": "480", "customerId": null, "localAmount": 315, "localCurrency": "USD"}, {"chainId": "12131053229179106877", "amount": 525, "createdAt": "2015-08-07T20:15:21+00:00", "shoeSize": "9.5", "productId": null, "skuUuid": "c9100c4b-102e-479e-bc70-5a490a0b50cc", "state": "480", "customerId": null, "localAmount": 525, "localCurrency": "USD"}, {"chainId": "12131053226222326884", "amount": 475, "createdAt": "2015-08-05T12:16:57+00:00", "shoeSize": "12", "productId": null, "skuUuid": "15360e71-492b-48d0-a668-e7fdc53a23fe", "state": "480", "customerId": null, "localAmount": 475, "localCurrency": "USD"}, {"chainId": "12131053225926778291", "amount": 400, "createdAt": "2015-07-30T16:21:05+00:00", "shoeSize": "11.5", "productId": null, "skuUuid": "c6010616-6d0f-4127-ae0a-e90986ff58ba", "state": "480", "customerId": null, "localAmount": 400, "localCurrency": "USD"}, {"chainId": "12141377535533630162", "amount": 354, "createdAt": "2015-07-29T16:48:43+00:00", "shoeSize": "13", "productId": null, "skuUuid": "9bd53899-b913-4e00-bf04-a8e468c53761", "state": "480", "customerId": null, "localAmount": 354, "localCurrency": "USD"}, {"chainId": "12131053220731628712", "amount": 500, "createdAt": "2015-07-29T16:04:37+00:00", "shoeSize": "10", "productId": null, "skuUuid": "6f54cb52-a6d8-412c-ae1a-27146cd34b2e", "state": "480", "customerId": null, "localAmount": 500, "localCurrency": "USD"}, {"chainId": "12131053229306792629", "amount": 525, "createdAt": "2015-07-22T20:21:30+00:00", "shoeSize": "9.5", "productId": null, "skuUuid": "c9100c4b-102e-479e-bc70-5a490a0b50cc", "state": "480", "customerId": null, "localAmount": 525, "localCurrency": "USD"}, {"chainId": "12131053228352719033", "amount": 500, "createdAt": "2015-07-21T20:03:16+00:00", "shoeSize": "9", "productId": null, "skuUuid": "19c1bc9a-20b3-4c77-a9aa-e4feeb4d7d6f", "state": "480", "customerId": null, "localAmount": 500, "localCurrency": "USD"}, {"chainId": "12131053222614772821", "amount": 400, "createdAt": "2015-07-19T20:02:53+00:00", "shoeSize": "10.5", "productId": null, "skuUuid": "ae321e21-f77d-405c-9dbf-85adaaebad7c", "state": "480", "customerId": null, "localAmount": 400, "localCurrency": "USD"}, {"chainId": "12131053222095880036", "amount": 425, "createdAt": "2015-07-12T16:02:20+00:00", "shoeSize": "10.5", "productId": null, "skuUuid": "ae321e21-f77d-405c-9dbf-85adaaebad7c", "state": "480", "customerId": null, "localAmount": 425, "localCurrency": "USD"}, {"chainId": "12131053223615828107", "amount": 550, "createdAt": "2015-07-03T16:19:35+00:00", "shoeSize": "11", "productId": null, "skuUuid": "ea0cc71a-e84e-44c3-ad41-5c1c29fc71af", "state": "480", "customerId": null, "localAmount": 550, "localCurrency": "USD"}, {"chainId": "12131053223771008501", "amount": 550, "createdAt": "2015-06-18T16:19:20+00:00", "shoeSize": "11", "productId": null, "skuUuid": "ea0cc71a-e84e-44c3-ad41-5c1c29fc71af", "state": "480", "customerId": null, "localAmount": 550, "localCurrency": "USD"}, {"chainId": "12131053226091292720", "amount": 550, "createdAt": "2015-06-14T16:18:33+00:00", "shoeSize": "12", "productId": null, "skuUuid": "15360e71-492b-48d0-a668-e7fdc53a23fe", "state": "480", "customerId": null, "localAmount": 550, "localCurrency": "USD"}, {"chainId": "12131053229068100672", "amount": 500, "createdAt": "2015-06-12T04:27:45+00:00", "shoeSize": "9.5", "productId": null, "skuUuid": "c9100c4b-102e-479e-bc70-5a490a0b50cc", "state": "480", "customerId": null, "localAmount": 500, "localCurrency": "USD"}, {"chainId": "12131053226636825656", "amount": 500, "createdAt": "2015-06-09T20:02:20+00:00", "shoeSize": "13", "productId": null, "skuUuid": "9bd53899-b913-4e00-bf04-a8e468c53761", "state": "480", "customerId": null, "localAmount": 500, "localCurrency": "USD"}, {"chainId": "12141378156265838927", "amount": 439, "createdAt": "2015-04-29T15:57:11+00:00", "shoeSize": "10", "productId": null, "skuUuid": "6f54cb52-a6d8-412c-ae1a-27146cd34b2e", "state": "480", "customerId": null, "localAmount": 439, "localCurrency": "USD"}]