[{"chainId": "12973323993272624240", "amount": 125, "createdAt": "2019-01-23T22:36:10+00:00", "shoeSize": "5Y", "productId": null, "skuUuid": "50fafa61-a7ba-4f8a-b60e-3765abbc29a0", "state": "480", "customerId": null, "localAmount": 125, "localCurrency": "USD"}, {"chainId": "12980663204930370584", "amount": 125, "createdAt": "2019-01-20T23:16:19+00:00", "shoeSize": "6Y", "productId": null, "skuUuid": "8a7f1e09-f7e1-4979-bcb6-fe9bc554a836", "state": "480", "customerId": null, "localAmount": 125, "localCurrency": "USD"}, {"chainId": "12982989473710505447", "amount": 130, "createdAt": "2019-01-20T05:55:15+00:00", "shoeSize": "6.5Y", "productId": null, "skuUuid": "a822deba-bef3-4eb1-9534-14f3de658276", "state": "480", "customerId": null, "localAmount": 130, "localCurrency": "USD"}, {"chainId": "12982297754648232170", "amount": 125, "createdAt": "2019-01-17T02:17:06+00:00", "shoeSize": "6.5Y", "productId": null, "skuUuid": "a822deba-bef3-4eb1-9534-14f3de658276", "state": "480", "customerId": null, "localAmount": 125, "localCurrency": "USD"}, {"chainId": "12976412429262230692", "amount": 125, "createdAt": "2019-01-16T03:46:48+00:00", "shoeSize": "6.5Y", "productId": null, "skuUuid": "a822deba-bef3-4eb1-9534-14f3de658276", "state": "480", "customerId": null, "localAmount": 125, "localCurrency": "USD"}, {"chainId": "12976892582717658251", "amount": 130, "createdAt": "2019-01-14T15:56:32+00:00", "shoeSize": "7Y", "productId": null, "skuUuid": "4f27eee1-c119-4cf3-b3d2-0cf393b33291", "state": "480", "customerId": null, "localAmount": 130, "localCurrency": "USD"}, {"chainId": "12973324218115075368", "amount": 125, "createdAt": "2019-01-13T21:37:52+00:00", "shoeSize": "6Y", "productId": null, "skuUuid": "8a7f1e09-f7e1-4979-bcb6-fe9bc554a836", "state": "480", "customerId": null, "localAmount": 125, "localCurrency": "USD"}, {"chainId": "12975556884569190606", "amount": 125, "createdAt": "2019-01-08T16:43:18+00:00", "shoeSize": "7Y", "productId": null, "skuUuid": "4f27eee1-c119-4cf3-b3d2-0cf393b33291", "state": "480", "customerId": null, "localAmount": 125, "localCurrency": "USD"}, {"chainId": "12973324295177877327", "amount": 125, "createdAt": "2019-01-08T00:54:38+00:00", "shoeSize": "6.5Y", "productId": null, "skuUuid": "a822deba-bef3-4eb1-9534-14f3de658276", "state": "480", "customerId": null, "localAmount": 125, "localCurrency": "USD"}, {"chainId": "12971126050604914076", "amount": 125, "createdAt": "2019-01-06T20:34:42+00:00", "shoeSize": "7Y", "productId": null, "skuUuid": "4f27eee1-c119-4cf3-b3d2-0cf393b33291", "state": "480", "customerId": null, "localAmount": 125, "localCurrency": "USD"}, {"chainId": "12972649812724241236", "amount": 125, "createdAt": "2019-01-03T06:35:30+00:00", "shoeSize": "7Y", "productId": null, "skuUuid": "4f27eee1-c119-4cf3-b3d2-0cf393b33291", "state": "480", "customerId": null, "localAmount": 125, "localCurrency": "USD"}, {"chainId": "12970449866623958266", "amount": 155, "createdAt": "2018-12-30T19:28:35+00:00", "shoeSize": "5.5Y", "productId": null, "skuUuid": "fbb71a90-8bc9-4c0c-b844-e6c472736c50", "state": "480", "customerId": null, "localAmount": 155, "localCurrency": "USD"}, {"chainId": "12970338705583026619", "amount": 200, "createdAt": "2018-12-30T15:47:43+00:00", "shoeSize": "7Y", "productId": null, "skuUuid": "4f27eee1-c119-4cf3-b3d2-0cf393b33291", "state": "480", "customerId": null, "localAmount": 200, "localCurrency": "USD"}, {"chainId": "12930008711575494271", "amount": 155.4227, "createdAt": "2018-12-27T23:45:13+00:00", "shoeSize": "7Y", "productId": null, "skuUuid": "4f27eee1-c119-4cf3-b3d2-0cf393b33291", "state": "480", "customerId": null, "localAmount": 156, "localCurrency": "USD"}, {"chainId": "12967455519525418442", "amount": 149, "createdAt": "2018-12-27T20:40:49+00:00", "shoeSize": "6Y", "productId": null, "skuUuid": "8a7f1e09-f7e1-4979-bcb6-fe9bc554a836", "state": "480", "customerId": null, "localAmount": 149, "localCurrency": "USD"}, {"chainId": "12962083663560930258", "amount": 160, "createdAt": "2018-12-25T16:08:18+00:00", "shoeSize": "7Y", "productId": null, "skuUuid": "4f27eee1-c119-4cf3-b3d2-0cf393b33291", "state": "480", "customerId": null, "localAmount": 160, "localCurrency": "USD"}, {"chainId": "12927247907044785520", "amount": 110, "createdAt": "2018-12-24T19:51:05+00:00", "shoeSize": "4Y", "productId": null, "skuUuid": "c336d5be-01c8-4748-9712-965c60660901", "state": "480", "customerId": null, "localAmount": 110, "localCurrency": "USD"}, {"chainId": "12961368275138630973", "amount": 109, "createdAt": "2018-12-23T04:56:17+00:00", "shoeSize": "4Y", "productId": null, "skuUuid": "c336d5be-01c8-4748-9712-965c60660901", "state": "480", "customerId": null, "localAmount": 109, "localCurrency": "USD"}, {"chainId": "12960452899653275893", "amount": 130, "createdAt": "2018-12-18T19:02:43+00:00", "shoeSize": "5Y", "productId": null, "skuUuid": "50fafa61-a7ba-4f8a-b60e-3765abbc29a0", "state": "480", "customerId": null, "localAmount": 130, "localCurrency": "USD"}, {"chainId": "12927304290269654264", "amount": 150, "createdAt": "2018-12-18T08:02:39+00:00", "shoeSize": "6Y", "productId": null, "skuUuid": "8a7f1e09-f7e1-4979-bcb6-fe9bc554a836", "state": "480", "customerId": null, "localAmount": 150, "localCurrency": "USD"}, {"chainId": "12958738303478251851", "amount": 149, "createdAt": "2018-12-17T15:04:13+00:00", "shoeSize": "6Y", "productId": null, "skuUuid": "8a7f1e09-f7e1-4979-bcb6-fe9bc554a836", "state": "480", "customerId": null, "localAmount": 149, "localCurrency": "USD"}, {"chainId": "12960452733773552579", "amount": 110, "createdAt": "2018-12-17T00:26:12+00:00", "shoeSize": "5Y", "productId": null, "skuUuid": "50fafa61-a7ba-4f8a-b60e-3765abbc29a0", "state": "480", "customerId": null, "localAmount": 110, "localCurrency": "USD"}, {"chainId": "12959672129751375336", "amount": 178, "createdAt": "2018-12-15T22:35:10+00:00", "shoeSize": "6.5Y", "productId": null, "skuUuid": "a822deba-bef3-4eb1-9534-14f3de658276", "state": "480", "customerId": null, "localAmount": 178, "localCurrency": "USD"}, {"chainId": "12957578898108646160", "amount": 164, "createdAt": "2018-12-15T22:14:42+00:00", "shoeSize": "5Y", "productId": null, "skuUuid": "50fafa61-a7ba-4f8a-b60e-3765abbc29a0", "state": "480", "customerId": null, "localAmount": 164, "localCurrency": "USD"}, {"chainId": "12947903811763424831", "amount": 109, "createdAt": "2018-12-15T21:54:10+00:00", "shoeSize": "4Y", "productId": null, "skuUuid": "c336d5be-01c8-4748-9712-965c60660901", "state": "480", "customerId": null, "localAmount": 109, "localCurrency": "USD"}, {"chainId": "12902433163957095359", "amount": 139, "createdAt": "2018-12-14T12:03:47+00:00", "shoeSize": "6Y", "productId": null, "skuUuid": "8a7f1e09-f7e1-4979-bcb6-fe9bc554a836", "state": "480", "customerId": null, "localAmount": 139, "localCurrency": "USD"}, {"chainId": "12705156449000691185", "amount": 155, "createdAt": "2018-12-13T23:47:13+00:00", "shoeSize": "3.5Y", "productId": null, "skuUuid": "b9e10a99-3596-4a20-98f9-381bcfe51f9a", "state": "480", "customerId": null, "localAmount": 155, "localCurrency": "USD"}, {"chainId": "12800274756522784960", "amount": 230, "createdAt": "2018-12-13T21:05:02+00:00", "shoeSize": "7Y", "productId": null, "skuUuid": "4f27eee1-c119-4cf3-b3d2-0cf393b33291", "state": "480", "customerId": null, "localAmount": 230, "localCurrency": "USD"}, {"chainId": "12947215181320926250", "amount": 229.1259, "createdAt": "2018-12-11T02:11:38+00:00", "shoeSize": "6.5Y", "productId": null, "skuUuid": "a822deba-bef3-4eb1-9534-14f3de658276", "state": "480", "customerId": null, "localAmount": 230, "localCurrency": "USD"}, {"chainId": "12955854266861347273", "amount": 80, "createdAt": "2018-12-10T16:28:41+00:00", "shoeSize": "6.5Y", "productId": null, "skuUuid": "a822deba-bef3-4eb1-9534-14f3de658276", "state": "480", "customerId": null, "localAmount": 80, "localCurrency": "USD"}, {"chainId": "12919137292526155118", "amount": 140, "createdAt": "2018-12-09T21:17:53+00:00", "shoeSize": "4.5Y", "productId": null, "skuUuid": "23caa8d6-6eeb-416f-8064-0dca8b370bc6", "state": "480", "customerId": null, "localAmount": 140, "localCurrency": "USD"}, {"chainId": "12952992034087024781", "amount": 95, "createdAt": "2018-12-07T00:06:36+00:00", "shoeSize": "6Y", "productId": null, "skuUuid": "8a7f1e09-f7e1-4979-bcb6-fe9bc554a836", "state": "480", "customerId": null, "localAmount": 95, "localCurrency": "USD"}, {"chainId": "12951516784264914491", "amount": 96.0973, "createdAt": "2018-12-06T17:19:23+00:00", "shoeSize": "6Y", "productId": null, "skuUuid": "8a7f1e09-f7e1-4979-bcb6-fe9bc554a836", "state": "480", "customerId": null, "localAmount": 97, "localCurrency": "USD"}, {"chainId": "12952252069391352450", "amount": 95, "createdAt": "2018-12-05T18:46:56+00:00", "shoeSize": "6Y", "productId": null, "skuUuid": "8a7f1e09-f7e1-4979-bcb6-fe9bc554a836", "state": "480", "customerId": null, "localAmount": 95, "localCurrency": "USD"}, {"chainId": "12950174491193589274", "amount": 160, "createdAt": "2018-12-03T16:02:55+00:00", "shoeSize": "5.5Y", "productId": null, "skuUuid": "fbb71a90-8bc9-4c0c-b844-e6c472736c50", "state": "480", "customerId": null, "localAmount": 160, "localCurrency": "USD"}, {"chainId": "12947312357846470525", "amount": 160, "createdAt": "2018-12-02T03:54:03+00:00", "shoeSize": "5.5Y", "productId": null, "skuUuid": "fbb71a90-8bc9-4c0c-b844-e6c472736c50", "state": "480", "customerId": null, "localAmount": 160, "localCurrency": "USD"}, {"chainId": "12948365875776858699", "amount": 220, "createdAt": "2018-12-01T20:49:10+00:00", "shoeSize": "7Y", "productId": null, "skuUuid": "4f27eee1-c119-4cf3-b3d2-0cf393b33291", "state": "480", "customerId": null, "localAmount": 220, "localCurrency": "USD"}, {"chainId": "12948615676149504461", "amount": 150, "createdAt": "2018-11-30T16:27:56+00:00", "shoeSize": "7Y", "productId": null, "skuUuid": "4f27eee1-c119-4cf3-b3d2-0cf393b33291", "state": "480", "customerId": null, "localAmount": 150, "localCurrency": "USD"}, {"chainId": "12924325242952349159", "amount": 115, "createdAt": "2018-11-29T22:41:18+00:00", "shoeSize": "6Y", "productId": null, "skuUuid": "8a7f1e09-f7e1-4979-bcb6-fe9bc554a836", "state": "480", "customerId": null, "localAmount": 115, "localCurrency": "USD"}, {"chainId": "12923659719879827164", "amount": 100, "createdAt": "2018-11-29T16:21:16+00:00", "shoeSize": "4Y", "productId": null, "skuUuid": "c336d5be-01c8-4748-9712-965c60660901", "state": "480", "customerId": null, "localAmount": 100, "localCurrency": "USD"}, {"chainId": "12944529784505446534", "amount": 160.6047, "createdAt": "2018-11-28T10:19:35+00:00", "shoeSize": "5.5Y", "productId": null, "skuUuid": "fbb71a90-8bc9-4c0c-b844-e6c472736c50", "state": "480", "customerId": null, "localAmount": 161, "localCurrency": "USD"}, {"chainId": "12934198283159159416", "amount": 200, "createdAt": "2018-11-27T01:11:59+00:00", "shoeSize": "7Y", "productId": null, "skuUuid": "4f27eee1-c119-4cf3-b3d2-0cf393b33291", "state": "480", "customerId": null, "localAmount": 200, "localCurrency": "USD"}, {"chainId": "12925073965293549106", "amount": 135, "createdAt": "2018-11-24T23:47:10+00:00", "shoeSize": "6Y", "productId": null, "skuUuid": "8a7f1e09-f7e1-4979-bcb6-fe9bc554a836", "state": "480", "customerId": null, "localAmount": 135, "localCurrency": "USD"}, {"chainId": "12930503328165757188", "amount": 166, "createdAt": "2018-11-24T04:48:32+00:00", "shoeSize": "6.5Y", "productId": null, "skuUuid": "a822deba-bef3-4eb1-9534-14f3de658276", "state": "480", "customerId": null, "localAmount": 166, "localCurrency": "USD"}, {"chainId": "12927062967290874098", "amount": 199, "createdAt": "2018-11-20T18:51:20+00:00", "shoeSize": "7Y", "productId": null, "skuUuid": "4f27eee1-c119-4cf3-b3d2-0cf393b33291", "state": "480", "customerId": null, "localAmount": 199, "localCurrency": "USD"}, {"chainId": "12923481589307527900", "amount": 150, "createdAt": "2018-11-17T11:24:31+00:00", "shoeSize": "5Y", "productId": null, "skuUuid": "50fafa61-a7ba-4f8a-b60e-3765abbc29a0", "state": "480", "customerId": null, "localAmount": 150, "localCurrency": "USD"}, {"chainId": "12902435188557702194", "amount": 159, "createdAt": "2018-11-17T01:21:54+00:00", "shoeSize": "6.5Y", "productId": null, "skuUuid": "a822deba-bef3-4eb1-9534-14f3de658276", "state": "480", "customerId": null, "localAmount": 159, "localCurrency": "USD"}, {"chainId": "12902433389086918239", "amount": 159, "createdAt": "2018-11-15T02:47:42+00:00", "shoeSize": "6.5Y", "productId": null, "skuUuid": "a822deba-bef3-4eb1-9534-14f3de658276", "state": "480", "customerId": null, "localAmount": 159, "localCurrency": "USD"}, {"chainId": "12934244367531277241", "amount": 115, "createdAt": "2018-11-10T20:34:43+00:00", "shoeSize": "5Y", "productId": null, "skuUuid": "50fafa61-a7ba-4f8a-b60e-3765abbc29a0", "state": "480", "customerId": null, "localAmount": 115, "localCurrency": "USD"}, {"chainId": "12928364992823315633", "amount": 160, "createdAt": "2018-11-04T21:43:04+00:00", "shoeSize": "5.5Y", "productId": null, "skuUuid": "fbb71a90-8bc9-4c0c-b844-e6c472736c50", "state": "480", "customerId": null, "localAmount": 160, "localCurrency": "USD"}, {"chainId": "12848972984570132908", "amount": 99, "createdAt": "2018-10-26T22:55:06+00:00", "shoeSize": "4Y", "productId": null, "skuUuid": "c336d5be-01c8-4748-9712-965c60660901", "state": "480", "customerId": null, "localAmount": 99, "localCurrency": "USD"}, {"chainId": "12920485283879492459", "amount": 126, "createdAt": "2018-10-22T20:57:54+00:00", "shoeSize": "5Y", "productId": null, "skuUuid": "50fafa61-a7ba-4f8a-b60e-3765abbc29a0", "state": "480", "customerId": null, "localAmount": 126, "localCurrency": "USD"}, {"chainId": "12920328445855673551", "amount": 190, "createdAt": "2018-10-22T15:46:16+00:00", "shoeSize": "7Y", "productId": null, "skuUuid": "4f27eee1-c119-4cf3-b3d2-0cf393b33291", "state": "480", "customerId": null, "localAmount": 190, "localCurrency": "USD"}, {"chainId": "12916941199134199456", "amount": 150, "createdAt": "2018-10-17T23:36:27+00:00", "shoeSize": "7Y", "productId": null, "skuUuid": "4f27eee1-c119-4cf3-b3d2-0cf393b33291", "state": "480", "customerId": null, "localAmount": 150, "localCurrency": "USD"}, {"chainId": "12871998330028523122", "amount": 170, "createdAt": "2018-09-26T23:27:49+00:00", "shoeSize": "6Y", "productId": null, "skuUuid": "8a7f1e09-f7e1-4979-bcb6-fe9bc554a836", "state": "480", "customerId": null, "localAmount": 170, "localCurrency": "USD"}, {"chainId": "12882849132804331505", "amount": 120, "createdAt": "2018-09-23T01:07:00+00:00", "shoeSize": "6Y", "productId": null, "skuUuid": "8a7f1e09-f7e1-4979-bcb6-fe9bc554a836", "state": "480", "customerId": null, "localAmount": 120, "localCurrency": "USD"}, {"chainId": "12772043157645693772", "amount": 105, "createdAt": "2018-09-22T04:38:38+00:00", "shoeSize": "5Y", "productId": null, "skuUuid": "50fafa61-a7ba-4f8a-b60e-3765abbc29a0", "state": "480", "customerId": null, "localAmount": 105, "localCurrency": "USD"}, {"chainId": "12893728008040721551", "amount": 115, "createdAt": "2018-09-18T17:18:04+00:00", "shoeSize": "5.5Y", "productId": null, "skuUuid": "fbb71a90-8bc9-4c0c-b844-e6c472736c50", "state": "480", "customerId": null, "localAmount": 115, "localCurrency": "USD"}, {"chainId": "12886343659802612968", "amount": 90, "createdAt": "2018-09-14T08:38:09+00:00", "shoeSize": "5.5Y", "productId": null, "skuUuid": "fbb71a90-8bc9-4c0c-b844-e6c472736c50", "state": "480", "customerId": null, "localAmount": 90, "localCurrency": "USD"}, {"chainId": "12874318096504845120", "amount": 158, "createdAt": "2018-09-14T01:59:13+00:00", "shoeSize": "7Y", "productId": null, "skuUuid": "4f27eee1-c119-4cf3-b3d2-0cf393b33291", "state": "480", "customerId": null, "localAmount": 158, "localCurrency": "USD"}, {"chainId": "12877260926551046067", "amount": 165, "createdAt": "2018-09-11T02:38:40+00:00", "shoeSize": "5Y", "productId": null, "skuUuid": "50fafa61-a7ba-4f8a-b60e-3765abbc29a0", "state": "480", "customerId": null, "localAmount": 165, "localCurrency": "USD"}, {"chainId": "12882002559131277200", "amount": 112, "createdAt": "2018-09-05T18:24:13+00:00", "shoeSize": "5.5Y", "productId": null, "skuUuid": "fbb71a90-8bc9-4c0c-b844-e6c472736c50", "state": "480", "customerId": null, "localAmount": 112, "localCurrency": "USD"}, {"chainId": "12871994501983746457", "amount": 170, "createdAt": "2018-09-04T21:27:47+00:00", "shoeSize": "4.5Y", "productId": null, "skuUuid": "23caa8d6-6eeb-416f-8064-0dca8b370bc6", "state": "480", "customerId": null, "localAmount": 170, "localCurrency": "USD"}, {"chainId": "12843049425359565592", "amount": 157, "createdAt": "2018-08-28T03:32:54+00:00", "shoeSize": "7Y", "productId": null, "skuUuid": "4f27eee1-c119-4cf3-b3d2-0cf393b33291", "state": "480", "customerId": null, "localAmount": 157, "localCurrency": "USD"}, {"chainId": "12874306424578055617", "amount": 120, "createdAt": "2018-08-24T19:20:42+00:00", "shoeSize": "6Y", "productId": null, "skuUuid": "8a7f1e09-f7e1-4979-bcb6-fe9bc554a836", "state": "480", "customerId": null, "localAmount": 120, "localCurrency": "USD"}, {"chainId": "12871853488422849491", "amount": 100, "createdAt": "2018-08-23T01:55:19+00:00", "shoeSize": "6Y", "productId": null, "skuUuid": "8a7f1e09-f7e1-4979-bcb6-fe9bc554a836", "state": "480", "customerId": null, "localAmount": 100, "localCurrency": "USD"}, {"chainId": "12875428133470787041", "amount": 142, "createdAt": "2018-08-21T16:57:22+00:00", "shoeSize": "7Y", "productId": null, "skuUuid": "4f27eee1-c119-4cf3-b3d2-0cf393b33291", "state": "480", "customerId": null, "localAmount": 142, "localCurrency": "USD"}, {"chainId": "12871853102299345749", "amount": 110, "createdAt": "2018-08-16T18:34:27+00:00", "shoeSize": "6Y", "productId": null, "skuUuid": "8a7f1e09-f7e1-4979-bcb6-fe9bc554a836", "state": "480", "customerId": null, "localAmount": 110, "localCurrency": "USD"}, {"chainId": "12867312527898996394", "amount": 100, "createdAt": "2018-08-14T10:02:51+00:00", "shoeSize": "6.5Y", "productId": null, "skuUuid": "a822deba-bef3-4eb1-9534-14f3de658276", "state": "480", "customerId": null, "localAmount": 100, "localCurrency": "USD"}, {"chainId": "12688719689058401968", "amount": 129, "createdAt": "2018-08-12T20:23:02+00:00", "shoeSize": "5Y", "productId": null, "skuUuid": "50fafa61-a7ba-4f8a-b60e-3765abbc29a0", "state": "480", "customerId": null, "localAmount": 129, "localCurrency": "USD"}, {"chainId": "12820125482499449211", "amount": 170, "createdAt": "2018-08-08T01:30:06+00:00", "shoeSize": "6.5Y", "productId": null, "skuUuid": "a822deba-bef3-4eb1-9534-14f3de658276", "state": "480", "customerId": null, "localAmount": 170, "localCurrency": "USD"}, {"chainId": "12819715086240943755", "amount": 110, "createdAt": "2018-08-03T19:05:03+00:00", "shoeSize": "4.5Y", "productId": null, "skuUuid": "23caa8d6-6eeb-416f-8064-0dca8b370bc6", "state": "480", "customerId": null, "localAmount": 110, "localCurrency": "USD"}, {"chainId": "12858117015692486094", "amount": 140, "createdAt": "2018-08-01T22:24:54+00:00", "shoeSize": "6Y", "productId": null, "skuUuid": "8a7f1e09-f7e1-4979-bcb6-fe9bc554a836", "state": "480", "customerId": null, "localAmount": 140, "localCurrency": "USD"}, {"chainId": "12787148607391557689", "amount": 160, "createdAt": "2018-07-31T16:41:26+00:00", "shoeSize": "6.5Y", "productId": null, "skuUuid": "a822deba-bef3-4eb1-9534-14f3de658276", "state": "480", "customerId": null, "localAmount": 160, "localCurrency": "USD"}, {"chainId": "12816349664407888063", "amount": 140, "createdAt": "2018-07-22T02:41:07+00:00", "shoeSize": "6Y", "productId": null, "skuUuid": "8a7f1e09-f7e1-4979-bcb6-fe9bc554a836", "state": "480", "customerId": null, "localAmount": 140, "localCurrency": "USD"}, {"chainId": "12763406855325131099", "amount": 80, "createdAt": "2018-07-15T01:16:03+00:00", "shoeSize": "4Y", "productId": null, "skuUuid": "c336d5be-01c8-4748-9712-965c60660901", "state": "480", "customerId": null, "localAmount": 80, "localCurrency": "USD"}, {"chainId": "12820125722877901902", "amount": 180, "createdAt": "2018-07-03T20:18:40+00:00", "shoeSize": "7Y", "productId": null, "skuUuid": "4f27eee1-c119-4cf3-b3d2-0cf393b33291", "state": "480", "customerId": null, "localAmount": 180, "localCurrency": "USD"}, {"chainId": "12745867736445673426", "amount": 109, "createdAt": "2018-06-20T23:48:27+00:00", "shoeSize": "4.5Y", "productId": null, "skuUuid": "23caa8d6-6eeb-416f-8064-0dca8b370bc6", "state": "480", "customerId": null, "localAmount": 109, "localCurrency": "USD"}, {"chainId": "12820125350530206890", "amount": 145, "createdAt": "2018-06-17T21:38:45+00:00", "shoeSize": "6Y", "productId": null, "skuUuid": "8a7f1e09-f7e1-4979-bcb6-fe9bc554a836", "state": "480", "customerId": null, "localAmount": 145, "localCurrency": "USD"}, {"chainId": "12675852101033718606", "amount": 124, "createdAt": "2018-06-12T03:37:31+00:00", "shoeSize": "5.5Y", "productId": null, "skuUuid": "fbb71a90-8bc9-4c0c-b844-e6c472736c50", "state": "480", "customerId": null, "localAmount": 124, "localCurrency": "USD"}, {"chainId": "12747861157799404638", "amount": 125, "createdAt": "2018-05-28T20:06:07+00:00", "shoeSize": "5Y", "productId": null, "skuUuid": "50fafa61-a7ba-4f8a-b60e-3765abbc29a0", "state": "480", "customerId": null, "localAmount": 125, "localCurrency": "USD"}, {"chainId": "12788489418141704108", "amount": 165, "createdAt": "2018-05-21T23:54:01+00:00", "shoeSize": "6.5Y", "productId": null, "skuUuid": "a822deba-bef3-4eb1-9534-14f3de658276", "state": "480", "customerId": null, "localAmount": 165, "localCurrency": "USD"}, {"chainId": "12795763106354123003", "amount": 140, "createdAt": "2018-05-14T19:27:15+00:00", "shoeSize": "6Y", "productId": null, "skuUuid": "8a7f1e09-f7e1-4979-bcb6-fe9bc554a836", "state": "480", "customerId": null, "localAmount": 140, "localCurrency": "USD"}, {"chainId": "12797117650564084513", "amount": 130, "createdAt": "2018-05-06T20:33:14+00:00", "shoeSize": "7Y", "productId": null, "skuUuid": "4f27eee1-c119-4cf3-b3d2-0cf393b33291", "state": "480", "customerId": null, "localAmount": 130, "localCurrency": "USD"}, {"chainId": "12789332259566911415", "amount": 125, "createdAt": "2018-04-27T23:00:09+00:00", "shoeSize": "5.5Y", "productId": null, "skuUuid": "fbb71a90-8bc9-4c0c-b844-e6c472736c50", "state": "480", "customerId": null, "localAmount": 125, "localCurrency": "USD"}, {"chainId": "12776823890731115512", "amount": 150, "createdAt": "2018-04-10T01:03:58+00:00", "shoeSize": "7Y", "productId": null, "skuUuid": "4f27eee1-c119-4cf3-b3d2-0cf393b33291", "state": "480", "customerId": null, "localAmount": 150, "localCurrency": "USD"}, {"chainId": "12775153691645711706", "amount": 145, "createdAt": "2018-04-06T05:03:51+00:00", "shoeSize": "7Y", "productId": null, "skuUuid": "4f27eee1-c119-4cf3-b3d2-0cf393b33291", "state": "480", "customerId": null, "localAmount": 145, "localCurrency": "USD"}, {"chainId": "12771746306413994099", "amount": 125, "createdAt": "2018-04-02T19:31:46+00:00", "shoeSize": "6Y", "productId": null, "skuUuid": "8a7f1e09-f7e1-4979-bcb6-fe9bc554a836", "state": "480", "customerId": null, "localAmount": 125, "localCurrency": "USD"}, {"chainId": "12771746020645785768", "amount": 145, "createdAt": "2018-03-31T15:39:31+00:00", "shoeSize": "7Y", "productId": null, "skuUuid": "4f27eee1-c119-4cf3-b3d2-0cf393b33291", "state": "480", "customerId": null, "localAmount": 145, "localCurrency": "USD"}, {"chainId": "12729117866658008895", "amount": 125, "createdAt": "2018-03-24T23:40:00+00:00", "shoeSize": "5.5Y", "productId": null, "skuUuid": "fbb71a90-8bc9-4c0c-b844-e6c472736c50", "state": "480", "customerId": null, "localAmount": 125, "localCurrency": "USD"}, {"chainId": "12755433012689410369", "amount": 140, "createdAt": "2018-03-21T04:36:03+00:00", "shoeSize": "4.5Y", "productId": null, "skuUuid": "23caa8d6-6eeb-416f-8064-0dca8b370bc6", "state": "480", "customerId": null, "localAmount": 140, "localCurrency": "USD"}, {"chainId": "12763274152934578507", "amount": 111, "createdAt": "2018-03-19T23:07:25+00:00", "shoeSize": "6.5Y", "productId": null, "skuUuid": "a822deba-bef3-4eb1-9534-14f3de658276", "state": "480", "customerId": null, "localAmount": 111, "localCurrency": "USD"}, {"chainId": "12705156839602649455", "amount": 159, "createdAt": "2018-02-23T00:37:19+00:00", "shoeSize": "4.5Y", "productId": null, "skuUuid": "23caa8d6-6eeb-416f-8064-0dca8b370bc6", "state": "480", "customerId": null, "localAmount": 159, "localCurrency": "USD"}, {"chainId": "12734209754274726378", "amount": 160, "createdAt": "2018-02-18T06:58:13+00:00", "shoeSize": "5Y", "productId": null, "skuUuid": "50fafa61-a7ba-4f8a-b60e-3765abbc29a0", "state": "480", "customerId": null, "localAmount": 160, "localCurrency": "USD"}, {"chainId": "12727652808425798279", "amount": 90, "createdAt": "2018-02-12T23:38:37+00:00", "shoeSize": "4Y", "productId": null, "skuUuid": "c336d5be-01c8-4748-9712-965c60660901", "state": "480", "customerId": null, "localAmount": 90, "localCurrency": "USD"}, {"chainId": "12729719756693742423", "amount": 200, "createdAt": "2018-02-05T05:34:05+00:00", "shoeSize": "7Y", "productId": null, "skuUuid": "4f27eee1-c119-4cf3-b3d2-0cf393b33291", "state": "480", "customerId": null, "localAmount": 200, "localCurrency": "USD"}, {"chainId": "12722672593051438449", "amount": 110, "createdAt": "2018-02-02T07:18:02+00:00", "shoeSize": "5.5Y", "productId": null, "skuUuid": "fbb71a90-8bc9-4c0c-b844-e6c472736c50", "state": "480", "customerId": null, "localAmount": 110, "localCurrency": "USD"}, {"chainId": "12688719950664934691", "amount": 165, "createdAt": "2018-01-16T01:45:55+00:00", "shoeSize": "6Y", "productId": null, "skuUuid": "8a7f1e09-f7e1-4979-bcb6-fe9bc554a836", "state": "480", "customerId": null, "localAmount": 165, "localCurrency": "USD"}, {"chainId": "12692968990981149139", "amount": 120, "createdAt": "2018-01-15T23:44:09+00:00", "shoeSize": "6.5Y", "productId": null, "skuUuid": "a822deba-bef3-4eb1-9534-14f3de658276", "state": "480", "customerId": null, "localAmount": 120, "localCurrency": "USD"}, {"chainId": "12714441172222733362", "amount": 140, "createdAt": "2018-01-11T14:05:00+00:00", "shoeSize": "7Y", "productId": null, "skuUuid": "4f27eee1-c119-4cf3-b3d2-0cf393b33291", "state": "480", "customerId": null, "localAmount": 140, "localCurrency": "USD"}, {"chainId": "12705157136347911445", "amount": 134, "createdAt": "2018-01-07T13:43:50+00:00", "shoeSize": "6.5Y", "productId": null, "skuUuid": "a822deba-bef3-4eb1-9534-14f3de658276", "state": "480", "customerId": null, "localAmount": 134, "localCurrency": "USD"}, {"chainId": "12705137385006330409", "amount": 115, "createdAt": "2017-12-29T18:00:04+00:00", "shoeSize": "6.5Y", "productId": null, "skuUuid": "a822deba-bef3-4eb1-9534-14f3de658276", "state": "480", "customerId": null, "localAmount": 115, "localCurrency": "USD"}, {"chainId": "12676500318919624382", "amount": 90, "createdAt": "2017-12-25T04:45:36+00:00", "shoeSize": "4.5Y", "productId": null, "skuUuid": "23caa8d6-6eeb-416f-8064-0dca8b370bc6", "state": "480", "customerId": null, "localAmount": 90, "localCurrency": "USD"}, {"chainId": "12676500215768800078", "amount": 100, "createdAt": "2017-12-16T18:31:30+00:00", "shoeSize": "4Y", "productId": null, "skuUuid": "c336d5be-01c8-4748-9712-965c60660901", "state": "480", "customerId": null, "localAmount": 100, "localCurrency": "USD"}, {"chainId": "12692969176591034560", "amount": 135, "createdAt": "2017-12-16T15:12:16+00:00", "shoeSize": "7Y", "productId": null, "skuUuid": "4f27eee1-c119-4cf3-b3d2-0cf393b33291", "state": "480", "customerId": null, "localAmount": 135, "localCurrency": "USD"}, {"chainId": "12689539674691093078", "amount": 135, "createdAt": "2017-12-10T17:30:05+00:00", "shoeSize": "6.5Y", "productId": null, "skuUuid": "a822deba-bef3-4eb1-9534-14f3de658276", "state": "480", "customerId": null, "localAmount": 135, "localCurrency": "USD"}, {"chainId": "12676500521535254018", "amount": 100, "createdAt": "2017-12-10T16:27:40+00:00", "shoeSize": "6Y", "productId": null, "skuUuid": "8a7f1e09-f7e1-4979-bcb6-fe9bc554a836", "state": "480", "customerId": null, "localAmount": 100, "localCurrency": "USD"}, {"chainId": "12689539816867225021", "amount": 135, "createdAt": "2017-12-09T07:16:33+00:00", "shoeSize": "7Y", "productId": null, "skuUuid": "4f27eee1-c119-4cf3-b3d2-0cf393b33291", "state": "480", "customerId": null, "localAmount": 135, "localCurrency": "USD"}, {"chainId": "12664590281949422835", "amount": 140, "createdAt": "2017-12-08T00:16:37+00:00", "shoeSize": "5.5Y", "productId": null, "skuUuid": "fbb71a90-8bc9-4c0c-b844-e6c472736c50", "state": "480", "customerId": null, "localAmount": 140, "localCurrency": "USD"}, {"chainId": "12672717855040487729", "amount": 179, "createdAt": "2017-11-25T19:42:20+00:00", "shoeSize": "7Y", "productId": null, "skuUuid": "4f27eee1-c119-4cf3-b3d2-0cf393b33291", "state": "480", "customerId": null, "localAmount": 179, "localCurrency": "USD"}, {"chainId": "12676500405915593554", "amount": 110, "createdAt": "2017-11-25T03:10:50+00:00", "shoeSize": "5Y", "productId": null, "skuUuid": "50fafa61-a7ba-4f8a-b60e-3765abbc29a0", "state": "480", "customerId": null, "localAmount": 110, "localCurrency": "USD"}, {"chainId": "12676500809576337855", "amount": 135, "createdAt": "2017-11-24T23:16:03+00:00", "shoeSize": "7Y", "productId": null, "skuUuid": "4f27eee1-c119-4cf3-b3d2-0cf393b33291", "state": "480", "customerId": null, "localAmount": 135, "localCurrency": "USD"}, {"chainId": "12677573864668919359", "amount": 105, "createdAt": "2017-11-23T17:27:50+00:00", "shoeSize": "6Y", "productId": null, "skuUuid": "8a7f1e09-f7e1-4979-bcb6-fe9bc554a836", "state": "480", "customerId": null, "localAmount": 105, "localCurrency": "USD"}, {"chainId": "12677573067789213973", "amount": 100, "createdAt": "2017-11-22T05:13:57+00:00", "shoeSize": "7Y", "productId": null, "skuUuid": "4f27eee1-c119-4cf3-b3d2-0cf393b33291", "state": "480", "customerId": null, "localAmount": 100, "localCurrency": "USD"}, {"chainId": "12676500628819054822", "amount": 120, "createdAt": "2017-11-20T13:49:30+00:00", "shoeSize": "6.5Y", "productId": null, "skuUuid": "a822deba-bef3-4eb1-9534-14f3de658276", "state": "480", "customerId": null, "localAmount": 120, "localCurrency": "USD"}, {"chainId": "12672717714623860423", "amount": 110, "createdAt": "2017-11-15T00:29:57+00:00", "shoeSize": "7Y", "productId": null, "skuUuid": "4f27eee1-c119-4cf3-b3d2-0cf393b33291", "state": "480", "customerId": null, "localAmount": 110, "localCurrency": "USD"}, {"chainId": "12664590586324814564", "amount": 180, "createdAt": "2017-11-13T14:19:53+00:00", "shoeSize": "7Y", "productId": null, "skuUuid": "4f27eee1-c119-4cf3-b3d2-0cf393b33291", "state": "480", "customerId": null, "localAmount": 180, "localCurrency": "USD"}]