[{"chainId": "12963381401446934155", "amount": 148, "createdAt": "2019-01-24T20:40:23+00:00", "shoeSize": "4Y", "productId": null, "skuUuid": "9460d2d9-2d35-42c0-b2f8-fbcca97c9f15", "state": "480", "customerId": null, "localAmount": 148, "localCurrency": "USD"}, {"chainId": "12965503868420617489", "amount": 156, "createdAt": "2019-01-24T15:24:54+00:00", "shoeSize": "5.5Y", "productId": null, "skuUuid": "353b0bd7-5d1d-4abb-ae13-aeb0671c88c0", "state": "480", "customerId": null, "localAmount": 156, "localCurrency": "USD"}, {"chainId": "12981969908653356121", "amount": 154, "createdAt": "2019-01-23T01:43:36+00:00", "shoeSize": "5Y", "productId": null, "skuUuid": "57ec8762-ef03-4ca2-aa51-cbb4fa3f557e", "state": "480", "customerId": null, "localAmount": 154, "localCurrency": "USD"}, {"chainId": "12980171402366298760", "amount": 135, "createdAt": "2019-01-22T14:34:58+00:00", "shoeSize": "4Y", "productId": null, "skuUuid": "9460d2d9-2d35-42c0-b2f8-fbcca97c9f15", "state": "480", "customerId": null, "localAmount": 135, "localCurrency": "USD"}, {"chainId": "12981970824645661367", "amount": 142, "createdAt": "2019-01-22T08:13:37+00:00", "shoeSize": "6Y", "productId": null, "skuUuid": "d2cfc4be-a16d-47c1-b30e-6240b734bd96", "state": "480", "customerId": null, "localAmount": 142, "localCurrency": "USD"}, {"chainId": "12985642288227685828", "amount": 158, "createdAt": "2019-01-22T03:02:32+00:00", "shoeSize": "5.5Y", "productId": null, "skuUuid": "353b0bd7-5d1d-4abb-ae13-aeb0671c88c0", "state": "480", "customerId": null, "localAmount": 158, "localCurrency": "USD"}, {"chainId": "12974366630372557311", "amount": 145, "createdAt": "2019-01-21T05:43:43+00:00", "shoeSize": "4.5Y", "productId": null, "skuUuid": "f37a03c1-b3f9-49d1-882f-52caf6085e8a", "state": "480", "customerId": null, "localAmount": 145, "localCurrency": "USD"}, {"chainId": "12984373972789273621", "amount": 157, "createdAt": "2019-01-20T17:02:16+00:00", "shoeSize": "5.5Y", "productId": null, "skuUuid": "353b0bd7-5d1d-4abb-ae13-aeb0671c88c0", "state": "480", "customerId": null, "localAmount": 157, "localCurrency": "USD"}, {"chainId": "12982774502810468730", "amount": 160, "createdAt": "2019-01-19T23:44:43+00:00", "shoeSize": "7Y", "productId": null, "skuUuid": "2ccfbdcc-abba-4da2-9863-c2f9501922d7", "state": "480", "customerId": null, "localAmount": 160, "localCurrency": "USD"}, {"chainId": "12977263863851575766", "amount": 150, "createdAt": "2019-01-18T23:52:28+00:00", "shoeSize": "5.5Y", "productId": null, "skuUuid": "353b0bd7-5d1d-4abb-ae13-aeb0671c88c0", "state": "480", "customerId": null, "localAmount": 150, "localCurrency": "USD"}, {"chainId": "12981970649359276676", "amount": 131, "createdAt": "2019-01-18T06:48:16+00:00", "shoeSize": "4.5Y", "productId": null, "skuUuid": "f37a03c1-b3f9-49d1-882f-52caf6085e8a", "state": "480", "customerId": null, "localAmount": 131, "localCurrency": "USD"}, {"chainId": "12917822660913343307", "amount": 200, "createdAt": "2019-01-18T02:58:35+00:00", "shoeSize": "6.5Y", "productId": null, "skuUuid": "b12ca35d-d785-4f70-b083-78fc44f30b62", "state": "480", "customerId": null, "localAmount": 200, "localCurrency": "USD"}, {"chainId": "12981971006378372545", "amount": 149, "createdAt": "2019-01-15T19:58:35+00:00", "shoeSize": "7Y", "productId": null, "skuUuid": "2ccfbdcc-abba-4da2-9863-c2f9501922d7", "state": "480", "customerId": null, "localAmount": 149, "localCurrency": "USD"}, {"chainId": "12981970309566725222", "amount": 144, "createdAt": "2019-01-15T16:57:38+00:00", "shoeSize": "5.5Y", "productId": null, "skuUuid": "353b0bd7-5d1d-4abb-ae13-aeb0671c88c0", "state": "480", "customerId": null, "localAmount": 144, "localCurrency": "USD"}, {"chainId": "12980479855266306313", "amount": 166, "createdAt": "2019-01-13T15:36:23+00:00", "shoeSize": "6.5Y", "productId": null, "skuUuid": "b12ca35d-d785-4f70-b083-78fc44f30b62", "state": "480", "customerId": null, "localAmount": 166, "localCurrency": "USD"}, {"chainId": "12698894284359849494", "amount": 170, "createdAt": "2019-01-12T04:07:39+00:00", "shoeSize": "5Y", "productId": null, "skuUuid": "57ec8762-ef03-4ca2-aa51-cbb4fa3f557e", "state": "480", "customerId": null, "localAmount": 170, "localCurrency": "USD"}, {"chainId": "12968957170068030857", "amount": 130, "createdAt": "2019-01-11T01:21:17+00:00", "shoeSize": "4.5Y", "productId": null, "skuUuid": "f37a03c1-b3f9-49d1-882f-52caf6085e8a", "state": "480", "customerId": null, "localAmount": 130, "localCurrency": "USD"}, {"chainId": "12968956796058942581", "amount": 127, "createdAt": "2019-01-11T01:19:47+00:00", "shoeSize": "4Y", "productId": null, "skuUuid": "9460d2d9-2d35-42c0-b2f8-fbcca97c9f15", "state": "480", "customerId": null, "localAmount": 127, "localCurrency": "USD"}, {"chainId": "12976415769509333401", "amount": 160, "createdAt": "2019-01-09T03:36:27+00:00", "shoeSize": "5.5Y", "productId": null, "skuUuid": "353b0bd7-5d1d-4abb-ae13-aeb0671c88c0", "state": "480", "customerId": null, "localAmount": 160, "localCurrency": "USD"}, {"chainId": "12976916339979393007", "amount": 141, "createdAt": "2019-01-08T17:36:18+00:00", "shoeSize": "5.5Y", "productId": null, "skuUuid": "353b0bd7-5d1d-4abb-ae13-aeb0671c88c0", "state": "480", "customerId": null, "localAmount": 141, "localCurrency": "USD"}, {"chainId": "12976358652751443349", "amount": 166, "createdAt": "2019-01-07T23:08:17+00:00", "shoeSize": "6.5Y", "productId": null, "skuUuid": "b12ca35d-d785-4f70-b083-78fc44f30b62", "state": "480", "customerId": null, "localAmount": 166, "localCurrency": "USD"}, {"chainId": "12974249817822704726", "amount": 145, "createdAt": "2019-01-05T01:18:24+00:00", "shoeSize": "5.5Y", "productId": null, "skuUuid": "353b0bd7-5d1d-4abb-ae13-aeb0671c88c0", "state": "480", "customerId": null, "localAmount": 145, "localCurrency": "USD"}, {"chainId": "12972471099203993524", "amount": 141, "createdAt": "2019-01-04T04:25:06+00:00", "shoeSize": "6Y", "productId": null, "skuUuid": "d2cfc4be-a16d-47c1-b30e-6240b734bd96", "state": "480", "customerId": null, "localAmount": 141, "localCurrency": "USD"}, {"chainId": "12964971369331883048", "amount": 136, "createdAt": "2019-01-03T13:04:14+00:00", "shoeSize": "6Y", "productId": null, "skuUuid": "d2cfc4be-a16d-47c1-b30e-6240b734bd96", "state": "480", "customerId": null, "localAmount": 136, "localCurrency": "USD"}, {"chainId": "12971228824558259882", "amount": 134, "createdAt": "2018-12-31T21:16:13+00:00", "shoeSize": "7Y", "productId": null, "skuUuid": "2ccfbdcc-abba-4da2-9863-c2f9501922d7", "state": "480", "customerId": null, "localAmount": 134, "localCurrency": "USD"}, {"chainId": "12964845782179168275", "amount": 145, "createdAt": "2018-12-30T11:54:09+00:00", "shoeSize": "5Y", "productId": null, "skuUuid": "57ec8762-ef03-4ca2-aa51-cbb4fa3f557e", "state": "480", "customerId": null, "localAmount": 145, "localCurrency": "USD"}, {"chainId": "12967665672033138163", "amount": 140, "createdAt": "2018-12-26T23:16:54+00:00", "shoeSize": "6.5Y", "productId": null, "skuUuid": "b12ca35d-d785-4f70-b083-78fc44f30b62", "state": "480", "customerId": null, "localAmount": 140, "localCurrency": "USD"}, {"chainId": "12957978111705448159", "amount": 169, "createdAt": "2018-12-24T05:55:59+00:00", "shoeSize": "4.5Y", "productId": null, "skuUuid": "f37a03c1-b3f9-49d1-882f-52caf6085e8a", "state": "480", "customerId": null, "localAmount": 169, "localCurrency": "USD"}, {"chainId": "12955520152603841766", "amount": 175, "createdAt": "2018-12-22T18:14:28+00:00", "shoeSize": "6.5Y", "productId": null, "skuUuid": "b12ca35d-d785-4f70-b083-78fc44f30b62", "state": "480", "customerId": null, "localAmount": 175, "localCurrency": "USD"}, {"chainId": "12959214928001925082", "amount": 152, "createdAt": "2018-12-22T14:17:28+00:00", "shoeSize": "6.5Y", "productId": null, "skuUuid": "b12ca35d-d785-4f70-b083-78fc44f30b62", "state": "480", "customerId": null, "localAmount": 152, "localCurrency": "USD"}, {"chainId": "12962464291101830801", "amount": 222, "createdAt": "2018-12-20T01:33:16+00:00", "shoeSize": "5.5Y", "productId": null, "skuUuid": "353b0bd7-5d1d-4abb-ae13-aeb0671c88c0", "state": "480", "customerId": null, "localAmount": 222, "localCurrency": "USD"}, {"chainId": "12957409458783376513", "amount": 190, "createdAt": "2018-12-18T18:54:17+00:00", "shoeSize": "6.5Y", "productId": null, "skuUuid": "b12ca35d-d785-4f70-b083-78fc44f30b62", "state": "480", "customerId": null, "localAmount": 190, "localCurrency": "USD"}, {"chainId": "12952702325213523448", "amount": 187, "createdAt": "2018-12-18T03:42:46+00:00", "shoeSize": "6Y", "productId": null, "skuUuid": "d2cfc4be-a16d-47c1-b30e-6240b734bd96", "state": "480", "customerId": null, "localAmount": 187, "localCurrency": "USD"}, {"chainId": "12878034996758318603", "amount": 219, "createdAt": "2018-12-18T00:24:29+00:00", "shoeSize": "7Y", "productId": null, "skuUuid": "2ccfbdcc-abba-4da2-9863-c2f9501922d7", "state": "480", "customerId": null, "localAmount": 219, "localCurrency": "USD"}, {"chainId": "12959756155599026838", "amount": 195, "createdAt": "2018-12-17T22:43:53+00:00", "shoeSize": "5Y", "productId": null, "skuUuid": "57ec8762-ef03-4ca2-aa51-cbb4fa3f557e", "state": "480", "customerId": null, "localAmount": 195, "localCurrency": "USD"}, {"chainId": "12698894071955721518", "amount": 170, "createdAt": "2018-12-17T19:42:54+00:00", "shoeSize": "5Y", "productId": null, "skuUuid": "57ec8762-ef03-4ca2-aa51-cbb4fa3f557e", "state": "480", "customerId": null, "localAmount": 170, "localCurrency": "USD"}, {"chainId": "12960964830814018151", "amount": 173, "createdAt": "2018-12-17T17:23:31+00:00", "shoeSize": "6.5Y", "productId": null, "skuUuid": "b12ca35d-d785-4f70-b083-78fc44f30b62", "state": "480", "customerId": null, "localAmount": 173, "localCurrency": "USD"}, {"chainId": "12957506944302522250", "amount": 180, "createdAt": "2018-12-14T22:24:36+00:00", "shoeSize": "6.5Y", "productId": null, "skuUuid": "b12ca35d-d785-4f70-b083-78fc44f30b62", "state": "480", "customerId": null, "localAmount": 180, "localCurrency": "USD"}, {"chainId": "12958758582127587332", "amount": 140, "createdAt": "2018-12-14T16:20:05+00:00", "shoeSize": "6Y", "productId": null, "skuUuid": "d2cfc4be-a16d-47c1-b30e-6240b734bd96", "state": "480", "customerId": null, "localAmount": 140, "localCurrency": "USD"}, {"chainId": "12948910690454710594", "amount": 139, "createdAt": "2018-12-13T13:14:11+00:00", "shoeSize": "4Y", "productId": null, "skuUuid": "9460d2d9-2d35-42c0-b2f8-fbcca97c9f15", "state": "480", "customerId": null, "localAmount": 139, "localCurrency": "USD"}, {"chainId": "12939989195838123509", "amount": 169, "createdAt": "2018-12-13T02:20:55+00:00", "shoeSize": "4.5Y", "productId": null, "skuUuid": "f37a03c1-b3f9-49d1-882f-52caf6085e8a", "state": "480", "customerId": null, "localAmount": 169, "localCurrency": "USD"}, {"chainId": "12917822757110254580", "amount": 199, "createdAt": "2018-12-12T05:24:55+00:00", "shoeSize": "7Y", "productId": null, "skuUuid": "2ccfbdcc-abba-4da2-9863-c2f9501922d7", "state": "480", "customerId": null, "localAmount": 199, "localCurrency": "USD"}, {"chainId": "12956973528855188638", "amount": 131, "createdAt": "2018-12-12T05:13:32+00:00", "shoeSize": "5Y", "productId": null, "skuUuid": "57ec8762-ef03-4ca2-aa51-cbb4fa3f557e", "state": "480", "customerId": null, "localAmount": 131, "localCurrency": "USD"}, {"chainId": "12948722740950999302", "amount": 200, "createdAt": "2018-12-10T23:50:14+00:00", "shoeSize": "7Y", "productId": null, "skuUuid": "2ccfbdcc-abba-4da2-9863-c2f9501922d7", "state": "480", "customerId": null, "localAmount": 200, "localCurrency": "USD"}, {"chainId": "12946688643973054137", "amount": 198, "createdAt": "2018-12-06T03:13:19+00:00", "shoeSize": "6Y", "productId": null, "skuUuid": "d2cfc4be-a16d-47c1-b30e-6240b734bd96", "state": "480", "customerId": null, "localAmount": 198, "localCurrency": "USD"}, {"chainId": "12934766959843400188", "amount": 200, "createdAt": "2018-12-04T23:55:07+00:00", "shoeSize": "6.5Y", "productId": null, "skuUuid": "b12ca35d-d785-4f70-b083-78fc44f30b62", "state": "480", "customerId": null, "localAmount": 200, "localCurrency": "USD"}, {"chainId": "12941440538712164630", "amount": 155, "createdAt": "2018-12-04T21:23:55+00:00", "shoeSize": "5Y", "productId": null, "skuUuid": "57ec8762-ef03-4ca2-aa51-cbb4fa3f557e", "state": "480", "customerId": null, "localAmount": 155, "localCurrency": "USD"}, {"chainId": "12950364827307719456", "amount": 125.2206, "createdAt": "2018-12-03T02:23:11+00:00", "shoeSize": "6Y", "productId": null, "skuUuid": "d2cfc4be-a16d-47c1-b30e-6240b734bd96", "state": "480", "customerId": null, "localAmount": 126, "localCurrency": "USD"}, {"chainId": "12950150065887983953", "amount": 180, "createdAt": "2018-12-02T19:16:30+00:00", "shoeSize": "6.5Y", "productId": null, "skuUuid": "b12ca35d-d785-4f70-b083-78fc44f30b62", "state": "480", "customerId": null, "localAmount": 180, "localCurrency": "USD"}, {"chainId": "12948453124544955797", "amount": 160, "createdAt": "2018-12-02T19:03:09+00:00", "shoeSize": "6Y", "productId": null, "skuUuid": "d2cfc4be-a16d-47c1-b30e-6240b734bd96", "state": "480", "customerId": null, "localAmount": 160, "localCurrency": "USD"}, {"chainId": "12948488449544311493", "amount": 182, "createdAt": "2018-12-02T04:48:29+00:00", "shoeSize": "5.5Y", "productId": null, "skuUuid": "353b0bd7-5d1d-4abb-ae13-aeb0671c88c0", "state": "480", "customerId": null, "localAmount": 182, "localCurrency": "USD"}, {"chainId": "12945920804146470244", "amount": 180, "createdAt": "2018-11-29T15:15:32+00:00", "shoeSize": "3.5Y", "productId": null, "skuUuid": "f15636d6-fbfe-4436-a71e-e126c4188f2a", "state": "480", "customerId": null, "localAmount": 180, "localCurrency": "USD"}, {"chainId": "12947286152093303923", "amount": 150, "createdAt": "2018-11-28T20:27:37+00:00", "shoeSize": "7Y", "productId": null, "skuUuid": "2ccfbdcc-abba-4da2-9863-c2f9501922d7", "state": "480", "customerId": null, "localAmount": 150, "localCurrency": "USD"}, {"chainId": "12945879775913484096", "amount": 235, "createdAt": "2018-11-28T13:47:54+00:00", "shoeSize": "5.5Y", "productId": null, "skuUuid": "353b0bd7-5d1d-4abb-ae13-aeb0671c88c0", "state": "480", "customerId": null, "localAmount": 235, "localCurrency": "USD"}, {"chainId": "12945920536631871918", "amount": 170, "createdAt": "2018-11-28T03:26:44+00:00", "shoeSize": "5.5Y", "productId": null, "skuUuid": "353b0bd7-5d1d-4abb-ae13-aeb0671c88c0", "state": "480", "customerId": null, "localAmount": 170, "localCurrency": "USD"}, {"chainId": "12939989814849281975", "amount": 198, "createdAt": "2018-11-28T00:36:58+00:00", "shoeSize": "6Y", "productId": null, "skuUuid": "d2cfc4be-a16d-47c1-b30e-6240b734bd96", "state": "480", "customerId": null, "localAmount": 198, "localCurrency": "USD"}, {"chainId": "12928022471128509117", "amount": 152, "createdAt": "2018-11-27T19:26:02+00:00", "shoeSize": "5Y", "productId": null, "skuUuid": "57ec8762-ef03-4ca2-aa51-cbb4fa3f557e", "state": "480", "customerId": null, "localAmount": 152, "localCurrency": "USD"}, {"chainId": "12939989671091310191", "amount": 188, "createdAt": "2018-11-26T21:51:10+00:00", "shoeSize": "5.5Y", "productId": null, "skuUuid": "353b0bd7-5d1d-4abb-ae13-aeb0671c88c0", "state": "480", "customerId": null, "localAmount": 188, "localCurrency": "USD"}, {"chainId": "12812341723078153800", "amount": 177, "createdAt": "2018-11-23T16:22:59+00:00", "shoeSize": "7Y", "productId": null, "skuUuid": "2ccfbdcc-abba-4da2-9863-c2f9501922d7", "state": "480", "customerId": null, "localAmount": 177, "localCurrency": "USD"}, {"chainId": "12926909659106348008", "amount": 189, "createdAt": "2018-11-22T22:40:33+00:00", "shoeSize": "5.5Y", "productId": null, "skuUuid": "353b0bd7-5d1d-4abb-ae13-aeb0671c88c0", "state": "480", "customerId": null, "localAmount": 189, "localCurrency": "USD"}, {"chainId": "12939286637663341053", "amount": 160, "createdAt": "2018-11-21T00:37:51+00:00", "shoeSize": "7Y", "productId": null, "skuUuid": "2ccfbdcc-abba-4da2-9863-c2f9501922d7", "state": "480", "customerId": null, "localAmount": 160, "localCurrency": "USD"}, {"chainId": "12934808487377145045", "amount": 123, "createdAt": "2018-11-11T15:15:32+00:00", "shoeSize": "6Y", "productId": null, "skuUuid": "d2cfc4be-a16d-47c1-b30e-6240b734bd96", "state": "480", "customerId": null, "localAmount": 123, "localCurrency": "USD"}, {"chainId": "12926909870816979514", "amount": 159, "createdAt": "2018-11-08T18:13:32+00:00", "shoeSize": "6.5Y", "productId": null, "skuUuid": "b12ca35d-d785-4f70-b083-78fc44f30b62", "state": "480", "customerId": null, "localAmount": 159, "localCurrency": "USD"}, {"chainId": "12927259764304337341", "amount": 114, "createdAt": "2018-11-01T05:17:35+00:00", "shoeSize": "4Y", "productId": null, "skuUuid": "9460d2d9-2d35-42c0-b2f8-fbcca97c9f15", "state": "480", "customerId": null, "localAmount": 114, "localCurrency": "USD"}, {"chainId": "12926904866119477370", "amount": 135, "createdAt": "2018-10-31T17:32:28+00:00", "shoeSize": "4.5Y", "productId": null, "skuUuid": "f37a03c1-b3f9-49d1-882f-52caf6085e8a", "state": "480", "customerId": null, "localAmount": 135, "localCurrency": "USD"}, {"chainId": "12926443358511438930", "amount": 133, "createdAt": "2018-10-31T02:15:33+00:00", "shoeSize": "6.5Y", "productId": null, "skuUuid": "b12ca35d-d785-4f70-b083-78fc44f30b62", "state": "480", "customerId": null, "localAmount": 133, "localCurrency": "USD"}, {"chainId": "12798634355201576951", "amount": 174, "createdAt": "2018-10-29T08:31:21+00:00", "shoeSize": "5Y", "productId": null, "skuUuid": "57ec8762-ef03-4ca2-aa51-cbb4fa3f557e", "state": "480", "customerId": null, "localAmount": 174, "localCurrency": "USD"}, {"chainId": "12920641442241500945", "amount": 200, "createdAt": "2018-10-26T20:46:14+00:00", "shoeSize": "7Y", "productId": null, "skuUuid": "2ccfbdcc-abba-4da2-9863-c2f9501922d7", "state": "480", "customerId": null, "localAmount": 200, "localCurrency": "USD"}, {"chainId": "12923274526710592427", "amount": 140, "createdAt": "2018-10-26T17:19:37+00:00", "shoeSize": "7Y", "productId": null, "skuUuid": "2ccfbdcc-abba-4da2-9863-c2f9501922d7", "state": "480", "customerId": null, "localAmount": 140, "localCurrency": "USD"}, {"chainId": "12922719980994545768", "amount": 116, "createdAt": "2018-10-25T22:57:49+00:00", "shoeSize": "4Y", "productId": null, "skuUuid": "9460d2d9-2d35-42c0-b2f8-fbcca97c9f15", "state": "480", "customerId": null, "localAmount": 116, "localCurrency": "USD"}, {"chainId": "12922697391344292537", "amount": 136, "createdAt": "2018-10-25T22:12:56+00:00", "shoeSize": "6.5Y", "productId": null, "skuUuid": "b12ca35d-d785-4f70-b083-78fc44f30b62", "state": "480", "customerId": null, "localAmount": 136, "localCurrency": "USD"}, {"chainId": "12917822419819963851", "amount": 224, "createdAt": "2018-10-22T01:00:43+00:00", "shoeSize": "5.5Y", "productId": null, "skuUuid": "353b0bd7-5d1d-4abb-ae13-aeb0671c88c0", "state": "480", "customerId": null, "localAmount": 224, "localCurrency": "USD"}, {"chainId": "12917822136361238340", "amount": 165, "createdAt": "2018-10-21T06:17:28+00:00", "shoeSize": "4Y", "productId": null, "skuUuid": "9460d2d9-2d35-42c0-b2f8-fbcca97c9f15", "state": "480", "customerId": null, "localAmount": 165, "localCurrency": "USD"}, {"chainId": "12918420009285120676", "amount": 147, "createdAt": "2018-10-20T00:35:00+00:00", "shoeSize": "6.5Y", "productId": null, "skuUuid": "b12ca35d-d785-4f70-b083-78fc44f30b62", "state": "480", "customerId": null, "localAmount": 147, "localCurrency": "USD"}, {"chainId": "12917822330998894055", "amount": 166, "createdAt": "2018-10-19T17:56:16+00:00", "shoeSize": "5Y", "productId": null, "skuUuid": "57ec8762-ef03-4ca2-aa51-cbb4fa3f557e", "state": "480", "customerId": null, "localAmount": 166, "localCurrency": "USD"}, {"chainId": "12914642884906310902", "amount": 166, "createdAt": "2018-10-18T07:48:03+00:00", "shoeSize": "4Y", "productId": null, "skuUuid": "9460d2d9-2d35-42c0-b2f8-fbcca97c9f15", "state": "480", "customerId": null, "localAmount": 166, "localCurrency": "USD"}, {"chainId": "12917152088702747352", "amount": 128, "createdAt": "2018-10-18T06:35:26+00:00", "shoeSize": "5.5Y", "productId": null, "skuUuid": "353b0bd7-5d1d-4abb-ae13-aeb0671c88c0", "state": "480", "customerId": null, "localAmount": 128, "localCurrency": "USD"}, {"chainId": "12917151698321311635", "amount": 149, "createdAt": "2018-10-18T06:34:55+00:00", "shoeSize": "5Y", "productId": null, "skuUuid": "57ec8762-ef03-4ca2-aa51-cbb4fa3f557e", "state": "480", "customerId": null, "localAmount": 149, "localCurrency": "USD"}, {"chainId": "12917067017977498191", "amount": 129, "createdAt": "2018-10-18T03:46:23+00:00", "shoeSize": "5.5Y", "productId": null, "skuUuid": "353b0bd7-5d1d-4abb-ae13-aeb0671c88c0", "state": "480", "customerId": null, "localAmount": 129, "localCurrency": "USD"}, {"chainId": "12916153654294658398", "amount": 141, "createdAt": "2018-10-16T21:31:48+00:00", "shoeSize": "6.5Y", "productId": null, "skuUuid": "b12ca35d-d785-4f70-b083-78fc44f30b62", "state": "480", "customerId": null, "localAmount": 141, "localCurrency": "USD"}, {"chainId": "12915987330877127962", "amount": 140, "createdAt": "2018-10-16T16:01:17+00:00", "shoeSize": "7Y", "productId": null, "skuUuid": "2ccfbdcc-abba-4da2-9863-c2f9501922d7", "state": "480", "customerId": null, "localAmount": 140, "localCurrency": "USD"}, {"chainId": "12914508309682114024", "amount": 166, "createdAt": "2018-10-14T19:25:16+00:00", "shoeSize": "4Y", "productId": null, "skuUuid": "9460d2d9-2d35-42c0-b2f8-fbcca97c9f15", "state": "480", "customerId": null, "localAmount": 166, "localCurrency": "USD"}, {"chainId": "12804665312266789032", "amount": 170, "createdAt": "2018-10-14T07:57:10+00:00", "shoeSize": "5.5Y", "productId": null, "skuUuid": "353b0bd7-5d1d-4abb-ae13-aeb0671c88c0", "state": "480", "customerId": null, "localAmount": 170, "localCurrency": "USD"}, {"chainId": "12686054172023261650", "amount": 150, "createdAt": "2018-10-14T07:56:42+00:00", "shoeSize": "5.5Y", "productId": null, "skuUuid": "353b0bd7-5d1d-4abb-ae13-aeb0671c88c0", "state": "480", "customerId": null, "localAmount": 150, "localCurrency": "USD"}, {"chainId": "12900520342771621873", "amount": 170, "createdAt": "2018-10-14T07:56:14+00:00", "shoeSize": "5Y", "productId": null, "skuUuid": "57ec8762-ef03-4ca2-aa51-cbb4fa3f557e", "state": "480", "customerId": null, "localAmount": 170, "localCurrency": "USD"}, {"chainId": "12913311864886011938", "amount": 130, "createdAt": "2018-10-13T08:06:18+00:00", "shoeSize": "4.5Y", "productId": null, "skuUuid": "f37a03c1-b3f9-49d1-882f-52caf6085e8a", "state": "480", "customerId": null, "localAmount": 130, "localCurrency": "USD"}, {"chainId": "12908022911286044981", "amount": 185, "createdAt": "2018-10-11T18:11:56+00:00", "shoeSize": "6.5Y", "productId": null, "skuUuid": "b12ca35d-d785-4f70-b083-78fc44f30b62", "state": "480", "customerId": null, "localAmount": 185, "localCurrency": "USD"}, {"chainId": "12898810690601061084", "amount": 170, "createdAt": "2018-10-09T22:58:24+00:00", "shoeSize": "6Y", "productId": null, "skuUuid": "d2cfc4be-a16d-47c1-b30e-6240b734bd96", "state": "480", "customerId": null, "localAmount": 170, "localCurrency": "USD"}, {"chainId": "12910174005615311975", "amount": 125, "createdAt": "2018-10-08T15:31:14+00:00", "shoeSize": "6.5Y", "productId": null, "skuUuid": "b12ca35d-d785-4f70-b083-78fc44f30b62", "state": "480", "customerId": null, "localAmount": 125, "localCurrency": "USD"}, {"chainId": "12900520923906860391", "amount": 170, "createdAt": "2018-10-07T23:40:18+00:00", "shoeSize": "5.5Y", "productId": null, "skuUuid": "353b0bd7-5d1d-4abb-ae13-aeb0671c88c0", "state": "480", "customerId": null, "localAmount": 170, "localCurrency": "USD"}, {"chainId": "12908046123049129703", "amount": 114, "createdAt": "2018-10-07T01:29:46+00:00", "shoeSize": "4Y", "productId": null, "skuUuid": "9460d2d9-2d35-42c0-b2f8-fbcca97c9f15", "state": "480", "customerId": null, "localAmount": 114, "localCurrency": "USD"}, {"chainId": "12906144197931323680", "amount": 132, "createdAt": "2018-10-03T17:48:36+00:00", "shoeSize": "5Y", "productId": null, "skuUuid": "57ec8762-ef03-4ca2-aa51-cbb4fa3f557e", "state": "480", "customerId": null, "localAmount": 132, "localCurrency": "USD"}, {"chainId": "12905979977173372446", "amount": 120, "createdAt": "2018-10-02T20:38:25+00:00", "shoeSize": "5.5Y", "productId": null, "skuUuid": "353b0bd7-5d1d-4abb-ae13-aeb0671c88c0", "state": "480", "customerId": null, "localAmount": 120, "localCurrency": "USD"}, {"chainId": "12901808987608199540", "amount": 160, "createdAt": "2018-10-01T17:04:27+00:00", "shoeSize": "6Y", "productId": null, "skuUuid": "d2cfc4be-a16d-47c1-b30e-6240b734bd96", "state": "480", "customerId": null, "localAmount": 160, "localCurrency": "USD"}, {"chainId": "12901809797313901219", "amount": 157, "createdAt": "2018-09-27T02:33:01+00:00", "shoeSize": "4Y", "productId": null, "skuUuid": "9460d2d9-2d35-42c0-b2f8-fbcca97c9f15", "state": "480", "customerId": null, "localAmount": 157, "localCurrency": "USD"}, {"chainId": "12900758955540347362", "amount": 100, "createdAt": "2018-09-26T23:07:43+00:00", "shoeSize": "3.5Y", "productId": null, "skuUuid": "f15636d6-fbfe-4436-a71e-e126c4188f2a", "state": "480", "customerId": null, "localAmount": 100, "localCurrency": "USD"}, {"chainId": "12901585203720076947", "amount": 130, "createdAt": "2018-09-26T19:06:49+00:00", "shoeSize": "6.5Y", "productId": null, "skuUuid": "b12ca35d-d785-4f70-b083-78fc44f30b62", "state": "480", "customerId": null, "localAmount": 130, "localCurrency": "USD"}, {"chainId": "12875784105257748098", "amount": 184, "createdAt": "2018-09-25T07:17:53+00:00", "shoeSize": "6.5Y", "productId": null, "skuUuid": "b12ca35d-d785-4f70-b083-78fc44f30b62", "state": "480", "customerId": null, "localAmount": 184, "localCurrency": "USD"}, {"chainId": "12870008287741656199", "amount": 180, "createdAt": "2018-09-24T21:40:23+00:00", "shoeSize": "6.5Y", "productId": null, "skuUuid": "b12ca35d-d785-4f70-b083-78fc44f30b62", "state": "480", "customerId": null, "localAmount": 180, "localCurrency": "USD"}, {"chainId": "12755090907560788769", "amount": 106, "createdAt": "2018-09-24T16:11:57+00:00", "shoeSize": "6Y", "productId": null, "skuUuid": "d2cfc4be-a16d-47c1-b30e-6240b734bd96", "state": "480", "customerId": null, "localAmount": 106, "localCurrency": "USD"}, {"chainId": "12891234626286013101", "amount": 159, "createdAt": "2018-09-23T21:50:23+00:00", "shoeSize": "5.5Y", "productId": null, "skuUuid": "353b0bd7-5d1d-4abb-ae13-aeb0671c88c0", "state": "480", "customerId": null, "localAmount": 159, "localCurrency": "USD"}, {"chainId": "12898810517098737593", "amount": 180, "createdAt": "2018-09-22T23:19:15+00:00", "shoeSize": "7Y", "productId": null, "skuUuid": "2ccfbdcc-abba-4da2-9863-c2f9501922d7", "state": "480", "customerId": null, "localAmount": 180, "localCurrency": "USD"}, {"chainId": "12896709229001262733", "amount": 171, "createdAt": "2018-09-22T20:50:25+00:00", "shoeSize": "6.5Y", "productId": null, "skuUuid": "b12ca35d-d785-4f70-b083-78fc44f30b62", "state": "480", "customerId": null, "localAmount": 171, "localCurrency": "USD"}, {"chainId": "12896588033927443393", "amount": 141, "createdAt": "2018-09-19T22:41:36+00:00", "shoeSize": "5Y", "productId": null, "skuUuid": "57ec8762-ef03-4ca2-aa51-cbb4fa3f557e", "state": "480", "customerId": null, "localAmount": 141, "localCurrency": "USD"}, {"chainId": "12894290455450812446", "amount": 180, "createdAt": "2018-09-17T23:05:23+00:00", "shoeSize": "7Y", "productId": null, "skuUuid": "2ccfbdcc-abba-4da2-9863-c2f9501922d7", "state": "480", "customerId": null, "localAmount": 180, "localCurrency": "USD"}, {"chainId": "12895085468641446919", "amount": 117, "createdAt": "2018-09-17T19:54:38+00:00", "shoeSize": "4Y", "productId": null, "skuUuid": "9460d2d9-2d35-42c0-b2f8-fbcca97c9f15", "state": "480", "customerId": null, "localAmount": 117, "localCurrency": "USD"}, {"chainId": "12887788761143066253", "amount": 180, "createdAt": "2018-09-10T03:23:58+00:00", "shoeSize": "6Y", "productId": null, "skuUuid": "d2cfc4be-a16d-47c1-b30e-6240b734bd96", "state": "480", "customerId": null, "localAmount": 180, "localCurrency": "USD"}, {"chainId": "12785801472977550959", "amount": 117, "createdAt": "2018-09-10T02:48:21+00:00", "shoeSize": "4.5Y", "productId": null, "skuUuid": "f37a03c1-b3f9-49d1-882f-52caf6085e8a", "state": "480", "customerId": null, "localAmount": 117, "localCurrency": "USD"}, {"chainId": "12867483105145334766", "amount": 160, "createdAt": "2018-09-08T21:10:59+00:00", "shoeSize": "5.5Y", "productId": null, "skuUuid": "353b0bd7-5d1d-4abb-ae13-aeb0671c88c0", "state": "480", "customerId": null, "localAmount": 160, "localCurrency": "USD"}, {"chainId": "12883426071214590258", "amount": 170, "createdAt": "2018-09-02T18:47:27+00:00", "shoeSize": "5.5Y", "productId": null, "skuUuid": "353b0bd7-5d1d-4abb-ae13-aeb0671c88c0", "state": "480", "customerId": null, "localAmount": 170, "localCurrency": "USD"}, {"chainId": "12883675795521722736", "amount": 130, "createdAt": "2018-09-02T04:21:07+00:00", "shoeSize": "6.5Y", "productId": null, "skuUuid": "b12ca35d-d785-4f70-b083-78fc44f30b62", "state": "480", "customerId": null, "localAmount": 130, "localCurrency": "USD"}, {"chainId": "12861704370666154540", "amount": 170, "createdAt": "2018-08-31T15:44:18+00:00", "shoeSize": "5Y", "productId": null, "skuUuid": "57ec8762-ef03-4ca2-aa51-cbb4fa3f557e", "state": "480", "customerId": null, "localAmount": 170, "localCurrency": "USD"}, {"chainId": "12879310914574623906", "amount": 165, "createdAt": "2018-08-28T02:06:45+00:00", "shoeSize": "7Y", "productId": null, "skuUuid": "2ccfbdcc-abba-4da2-9863-c2f9501922d7", "state": "480", "customerId": null, "localAmount": 165, "localCurrency": "USD"}, {"chainId": "12870521884909584123", "amount": 175, "createdAt": "2018-08-27T21:04:08+00:00", "shoeSize": "6.5Y", "productId": null, "skuUuid": "b12ca35d-d785-4f70-b083-78fc44f30b62", "state": "480", "customerId": null, "localAmount": 175, "localCurrency": "USD"}, {"chainId": "12865379849997807944", "amount": 150, "createdAt": "2018-08-27T21:01:46+00:00", "shoeSize": "5Y", "productId": null, "skuUuid": "57ec8762-ef03-4ca2-aa51-cbb4fa3f557e", "state": "480", "customerId": null, "localAmount": 150, "localCurrency": "USD"}, {"chainId": "12877041093830161050", "amount": 150, "createdAt": "2018-08-26T23:04:09+00:00", "shoeSize": "5.5Y", "productId": null, "skuUuid": "353b0bd7-5d1d-4abb-ae13-aeb0671c88c0", "state": "480", "customerId": null, "localAmount": 150, "localCurrency": "USD"}, {"chainId": "12869680403175965633", "amount": 179, "createdAt": "2018-08-25T11:02:37+00:00", "shoeSize": "7Y", "productId": null, "skuUuid": "2ccfbdcc-abba-4da2-9863-c2f9501922d7", "state": "480", "customerId": null, "localAmount": 179, "localCurrency": "USD"}, {"chainId": "12877218954665925422", "amount": 125, "createdAt": "2018-08-25T01:13:47+00:00", "shoeSize": "7Y", "productId": null, "skuUuid": "2ccfbdcc-abba-4da2-9863-c2f9501922d7", "state": "480", "customerId": null, "localAmount": 125, "localCurrency": "USD"}, {"chainId": "12877659393579452901", "amount": 105, "createdAt": "2018-08-24T20:27:07+00:00", "shoeSize": "4.5Y", "productId": null, "skuUuid": "f37a03c1-b3f9-49d1-882f-52caf6085e8a", "state": "480", "customerId": null, "localAmount": 105, "localCurrency": "USD"}, {"chainId": "12867445205710445782", "amount": 200, "createdAt": "2018-08-22T03:06:22+00:00", "shoeSize": "6Y", "productId": null, "skuUuid": "d2cfc4be-a16d-47c1-b30e-6240b734bd96", "state": "480", "customerId": null, "localAmount": 200, "localCurrency": "USD"}, {"chainId": "12870521764302493331", "amount": 175, "createdAt": "2018-08-21T13:41:35+00:00", "shoeSize": "7Y", "productId": null, "skuUuid": "2ccfbdcc-abba-4da2-9863-c2f9501922d7", "state": "480", "customerId": null, "localAmount": 175, "localCurrency": "USD"}, {"chainId": "12869023534785035983", "amount": 145, "createdAt": "2018-08-21T11:55:52+00:00", "shoeSize": "4Y", "productId": null, "skuUuid": "9460d2d9-2d35-42c0-b2f8-fbcca97c9f15", "state": "480", "customerId": null, "localAmount": 145, "localCurrency": "USD"}, {"chainId": "12871334910686616729", "amount": 100, "createdAt": "2018-08-16T01:24:54+00:00", "shoeSize": "6Y", "productId": null, "skuUuid": "d2cfc4be-a16d-47c1-b30e-6240b734bd96", "state": "480", "customerId": null, "localAmount": 100, "localCurrency": "USD"}, {"chainId": "12871330627553935137", "amount": 125, "createdAt": "2018-08-16T01:16:21+00:00", "shoeSize": "6.5Y", "productId": null, "skuUuid": "b12ca35d-d785-4f70-b083-78fc44f30b62", "state": "480", "customerId": null, "localAmount": 125, "localCurrency": "USD"}, {"chainId": "12860909674994904786", "amount": 126, "createdAt": "2018-08-14T03:58:40+00:00", "shoeSize": "7Y", "productId": null, "skuUuid": "2ccfbdcc-abba-4da2-9863-c2f9501922d7", "state": "480", "customerId": null, "localAmount": 126, "localCurrency": "USD"}, {"chainId": "12855332196876397146", "amount": 159, "createdAt": "2018-08-13T18:51:02+00:00", "shoeSize": "5.5Y", "productId": null, "skuUuid": "353b0bd7-5d1d-4abb-ae13-aeb0671c88c0", "state": "480", "customerId": null, "localAmount": 159, "localCurrency": "USD"}, {"chainId": "12861179715779261540", "amount": 110, "createdAt": "2018-08-02T17:34:28+00:00", "shoeSize": "4.5Y", "productId": null, "skuUuid": "f37a03c1-b3f9-49d1-882f-52caf6085e8a", "state": "480", "customerId": null, "localAmount": 110, "localCurrency": "USD"}, {"chainId": "12846531501281391129", "amount": 165, "createdAt": "2018-07-31T19:13:13+00:00", "shoeSize": "5Y", "productId": null, "skuUuid": "57ec8762-ef03-4ca2-aa51-cbb4fa3f557e", "state": "480", "customerId": null, "localAmount": 165, "localCurrency": "USD"}, {"chainId": "12851520504089875629", "amount": 150, "createdAt": "2018-07-24T14:12:05+00:00", "shoeSize": "4.5Y", "productId": null, "skuUuid": "f37a03c1-b3f9-49d1-882f-52caf6085e8a", "state": "480", "customerId": null, "localAmount": 150, "localCurrency": "USD"}, {"chainId": "12844331013375549395", "amount": 120, "createdAt": "2018-07-23T00:30:05+00:00", "shoeSize": "5.5Y", "productId": null, "skuUuid": "353b0bd7-5d1d-4abb-ae13-aeb0671c88c0", "state": "480", "customerId": null, "localAmount": 120, "localCurrency": "USD"}, {"chainId": "12834927246662177217", "amount": 199, "createdAt": "2018-07-20T19:56:05+00:00", "shoeSize": "7Y", "productId": null, "skuUuid": "2ccfbdcc-abba-4da2-9863-c2f9501922d7", "state": "480", "customerId": null, "localAmount": 199, "localCurrency": "USD"}, {"chainId": "12851520391872033612", "amount": 120, "createdAt": "2018-07-19T17:16:57+00:00", "shoeSize": "4.5Y", "productId": null, "skuUuid": "f37a03c1-b3f9-49d1-882f-52caf6085e8a", "state": "480", "customerId": null, "localAmount": 120, "localCurrency": "USD"}, {"chainId": "12851382365569802912", "amount": 80, "createdAt": "2018-07-19T12:42:45+00:00", "shoeSize": "6Y", "productId": null, "skuUuid": "d2cfc4be-a16d-47c1-b30e-6240b734bd96", "state": "480", "customerId": null, "localAmount": 80, "localCurrency": "USD"}, {"chainId": "12849293444842428193", "amount": 100, "createdAt": "2018-07-18T14:44:42+00:00", "shoeSize": "4Y", "productId": null, "skuUuid": "9460d2d9-2d35-42c0-b2f8-fbcca97c9f15", "state": "480", "customerId": null, "localAmount": 100, "localCurrency": "USD"}, {"chainId": "12848751937125513816", "amount": 100, "createdAt": "2018-07-15T21:41:22+00:00", "shoeSize": "7Y", "productId": null, "skuUuid": "2ccfbdcc-abba-4da2-9863-c2f9501922d7", "state": "480", "customerId": null, "localAmount": 100, "localCurrency": "USD"}, {"chainId": "12839418610419678929", "amount": 126, "createdAt": "2018-07-03T00:32:55+00:00", "shoeSize": "7Y", "productId": null, "skuUuid": "2ccfbdcc-abba-4da2-9863-c2f9501922d7", "state": "480", "customerId": null, "localAmount": 126, "localCurrency": "USD"}, {"chainId": "12839418228330623929", "amount": 140, "createdAt": "2018-07-03T00:32:08+00:00", "shoeSize": "7Y", "productId": null, "skuUuid": "2ccfbdcc-abba-4da2-9863-c2f9501922d7", "state": "480", "customerId": null, "localAmount": 140, "localCurrency": "USD"}, {"chainId": "12839417876477897528", "amount": 158, "createdAt": "2018-07-03T00:31:27+00:00", "shoeSize": "5.5Y", "productId": null, "skuUuid": "353b0bd7-5d1d-4abb-ae13-aeb0671c88c0", "state": "480", "customerId": null, "localAmount": 158, "localCurrency": "USD"}, {"chainId": "12808409638906509623", "amount": 198, "createdAt": "2018-06-28T18:18:12+00:00", "shoeSize": "7Y", "productId": null, "skuUuid": "2ccfbdcc-abba-4da2-9863-c2f9501922d7", "state": "480", "customerId": null, "localAmount": 198, "localCurrency": "USD"}, {"chainId": "12830107458873366823", "amount": 171, "createdAt": "2018-06-26T04:53:33+00:00", "shoeSize": "5.5Y", "productId": null, "skuUuid": "353b0bd7-5d1d-4abb-ae13-aeb0671c88c0", "state": "480", "customerId": null, "localAmount": 171, "localCurrency": "USD"}, {"chainId": "12830127028468866708", "amount": 170, "createdAt": "2018-06-26T04:53:22+00:00", "shoeSize": "5.5Y", "productId": null, "skuUuid": "353b0bd7-5d1d-4abb-ae13-aeb0671c88c0", "state": "480", "customerId": null, "localAmount": 170, "localCurrency": "USD"}, {"chainId": "12820417411211178772", "amount": 170, "createdAt": "2018-06-26T04:53:11+00:00", "shoeSize": "6Y", "productId": null, "skuUuid": "d2cfc4be-a16d-47c1-b30e-6240b734bd96", "state": "480", "customerId": null, "localAmount": 170, "localCurrency": "USD"}, {"chainId": "12811684626763171609", "amount": 175, "createdAt": "2018-06-26T04:52:50+00:00", "shoeSize": "7Y", "productId": null, "skuUuid": "2ccfbdcc-abba-4da2-9863-c2f9501922d7", "state": "480", "customerId": null, "localAmount": 175, "localCurrency": "USD"}, {"chainId": "12815598505042367750", "amount": 174, "createdAt": "2018-06-26T04:52:41+00:00", "shoeSize": "7Y", "productId": null, "skuUuid": "2ccfbdcc-abba-4da2-9863-c2f9501922d7", "state": "480", "customerId": null, "localAmount": 174, "localCurrency": "USD"}, {"chainId": "12817613929271753561", "amount": 170, "createdAt": "2018-06-26T04:52:30+00:00", "shoeSize": "7Y", "productId": null, "skuUuid": "2ccfbdcc-abba-4da2-9863-c2f9501922d7", "state": "480", "customerId": null, "localAmount": 170, "localCurrency": "USD"}, {"chainId": "12820417491370139650", "amount": 168, "createdAt": "2018-06-26T04:52:20+00:00", "shoeSize": "7Y", "productId": null, "skuUuid": "2ccfbdcc-abba-4da2-9863-c2f9501922d7", "state": "480", "customerId": null, "localAmount": 168, "localCurrency": "USD"}, {"chainId": "12822591941817435411", "amount": 130, "createdAt": "2018-06-25T17:59:41+00:00", "shoeSize": "6.5Y", "productId": null, "skuUuid": "b12ca35d-d785-4f70-b083-78fc44f30b62", "state": "480", "customerId": null, "localAmount": 130, "localCurrency": "USD"}, {"chainId": "12822603399510141457", "amount": 115, "createdAt": "2018-06-23T04:28:15+00:00", "shoeSize": "4Y", "productId": null, "skuUuid": "9460d2d9-2d35-42c0-b2f8-fbcca97c9f15", "state": "480", "customerId": null, "localAmount": 115, "localCurrency": "USD"}, {"chainId": "12824938764407404901", "amount": 120, "createdAt": "2018-06-15T14:36:53+00:00", "shoeSize": "6.5Y", "productId": null, "skuUuid": "b12ca35d-d785-4f70-b083-78fc44f30b62", "state": "480", "customerId": null, "localAmount": 120, "localCurrency": "USD"}, {"chainId": "12825334666842605556", "amount": 155, "createdAt": "2018-06-13T14:10:35+00:00", "shoeSize": "7Y", "productId": null, "skuUuid": "2ccfbdcc-abba-4da2-9863-c2f9501922d7", "state": "480", "customerId": null, "localAmount": 155, "localCurrency": "USD"}, {"chainId": "12802244957943882140", "amount": 180, "createdAt": "2018-06-09T09:14:55+00:00", "shoeSize": "6.5Y", "productId": null, "skuUuid": "b12ca35d-d785-4f70-b083-78fc44f30b62", "state": "480", "customerId": null, "localAmount": 180, "localCurrency": "USD"}, {"chainId": "12811910786509967256", "amount": 190, "createdAt": "2018-06-07T17:05:47+00:00", "shoeSize": "6Y", "productId": null, "skuUuid": "d2cfc4be-a16d-47c1-b30e-6240b734bd96", "state": "480", "customerId": null, "localAmount": 190, "localCurrency": "USD"}, {"chainId": "12817667637417075228", "amount": 130, "createdAt": "2018-06-04T05:06:07+00:00", "shoeSize": "5.5Y", "productId": null, "skuUuid": "353b0bd7-5d1d-4abb-ae13-aeb0671c88c0", "state": "480", "customerId": null, "localAmount": 130, "localCurrency": "USD"}, {"chainId": "12816943185054630963", "amount": 150, "createdAt": "2018-06-02T00:18:13+00:00", "shoeSize": "6Y", "productId": null, "skuUuid": "d2cfc4be-a16d-47c1-b30e-6240b734bd96", "state": "480", "customerId": null, "localAmount": 150, "localCurrency": "USD"}, {"chainId": "12815833264097661785", "amount": 138, "createdAt": "2018-06-01T19:04:33+00:00", "shoeSize": "5.5Y", "productId": null, "skuUuid": "353b0bd7-5d1d-4abb-ae13-aeb0671c88c0", "state": "480", "customerId": null, "localAmount": 138, "localCurrency": "USD"}, {"chainId": "12815569645536837041", "amount": 110, "createdAt": "2018-05-31T02:49:21+00:00", "shoeSize": "7Y", "productId": null, "skuUuid": "2ccfbdcc-abba-4da2-9863-c2f9501922d7", "state": "480", "customerId": null, "localAmount": 110, "localCurrency": "USD"}, {"chainId": "12813391785010381583", "amount": 140, "createdAt": "2018-05-29T21:01:40+00:00", "shoeSize": "6.5Y", "productId": null, "skuUuid": "b12ca35d-d785-4f70-b083-78fc44f30b62", "state": "480", "customerId": null, "localAmount": 140, "localCurrency": "USD"}, {"chainId": "12764438375467332490", "amount": 200, "createdAt": "2018-05-25T17:01:56+00:00", "shoeSize": "7Y", "productId": null, "skuUuid": "2ccfbdcc-abba-4da2-9863-c2f9501922d7", "state": "480", "customerId": null, "localAmount": 200, "localCurrency": "USD"}, {"chainId": "12808957349484095170", "amount": 125, "createdAt": "2018-05-25T12:04:38+00:00", "shoeSize": "5Y", "productId": null, "skuUuid": "57ec8762-ef03-4ca2-aa51-cbb4fa3f557e", "state": "480", "customerId": null, "localAmount": 125, "localCurrency": "USD"}, {"chainId": "12811031345846850113", "amount": 120, "createdAt": "2018-05-24T20:32:28+00:00", "shoeSize": "5.5Y", "productId": null, "skuUuid": "353b0bd7-5d1d-4abb-ae13-aeb0671c88c0", "state": "480", "customerId": null, "localAmount": 120, "localCurrency": "USD"}, {"chainId": "12811029430684750842", "amount": 121, "createdAt": "2018-05-24T20:28:40+00:00", "shoeSize": "5.5Y", "productId": null, "skuUuid": "353b0bd7-5d1d-4abb-ae13-aeb0671c88c0", "state": "480", "customerId": null, "localAmount": 121, "localCurrency": "USD"}, {"chainId": "12809437361656512217", "amount": 100, "createdAt": "2018-05-24T20:18:09+00:00", "shoeSize": "4Y", "productId": null, "skuUuid": "9460d2d9-2d35-42c0-b2f8-fbcca97c9f15", "state": "480", "customerId": null, "localAmount": 100, "localCurrency": "USD"}, {"chainId": "12777773340472930085", "amount": 152, "createdAt": "2018-05-15T05:57:08+00:00", "shoeSize": "4.5Y", "productId": null, "skuUuid": "f37a03c1-b3f9-49d1-882f-52caf6085e8a", "state": "480", "customerId": null, "localAmount": 152, "localCurrency": "USD"}, {"chainId": "12776191822765786510", "amount": 155, "createdAt": "2018-05-15T05:56:55+00:00", "shoeSize": "6.5Y", "productId": null, "skuUuid": "b12ca35d-d785-4f70-b083-78fc44f30b62", "state": "480", "customerId": null, "localAmount": 155, "localCurrency": "USD"}, {"chainId": "12759652278400953790", "amount": 135, "createdAt": "2018-05-15T05:56:41+00:00", "shoeSize": "4Y", "productId": null, "skuUuid": "9460d2d9-2d35-42c0-b2f8-fbcca97c9f15", "state": "480", "customerId": null, "localAmount": 135, "localCurrency": "USD"}, {"chainId": "12772769008178268654", "amount": 134, "createdAt": "2018-05-09T16:36:11+00:00", "shoeSize": "4Y", "productId": null, "skuUuid": "9460d2d9-2d35-42c0-b2f8-fbcca97c9f15", "state": "480", "customerId": null, "localAmount": 134, "localCurrency": "USD"}, {"chainId": "12795060938928419163", "amount": 155, "createdAt": "2018-05-06T18:36:19+00:00", "shoeSize": "5.5Y", "productId": null, "skuUuid": "353b0bd7-5d1d-4abb-ae13-aeb0671c88c0", "state": "480", "customerId": null, "localAmount": 155, "localCurrency": "USD"}, {"chainId": "12726854073992314154", "amount": 190, "createdAt": "2018-05-05T17:41:14+00:00", "shoeSize": "7Y", "productId": null, "skuUuid": "2ccfbdcc-abba-4da2-9863-c2f9501922d7", "state": "480", "customerId": null, "localAmount": 190, "localCurrency": "USD"}, {"chainId": "12791682220107917290", "amount": 150, "createdAt": "2018-05-03T21:22:17+00:00", "shoeSize": "7Y", "productId": null, "skuUuid": "2ccfbdcc-abba-4da2-9863-c2f9501922d7", "state": "480", "customerId": null, "localAmount": 150, "localCurrency": "USD"}, {"chainId": "12779854303403329322", "amount": 160, "createdAt": "2018-04-26T19:49:30+00:00", "shoeSize": "5Y", "productId": null, "skuUuid": "57ec8762-ef03-4ca2-aa51-cbb4fa3f557e", "state": "480", "customerId": null, "localAmount": 160, "localCurrency": "USD"}, {"chainId": "12779999724774806438", "amount": 155, "createdAt": "2018-04-24T18:49:05+00:00", "shoeSize": "6.5Y", "productId": null, "skuUuid": "b12ca35d-d785-4f70-b083-78fc44f30b62", "state": "480", "customerId": null, "localAmount": 155, "localCurrency": "USD"}, {"chainId": "12785801312764658129", "amount": 135, "createdAt": "2018-04-24T08:23:57+00:00", "shoeSize": "4Y", "productId": null, "skuUuid": "9460d2d9-2d35-42c0-b2f8-fbcca97c9f15", "state": "480", "customerId": null, "localAmount": 135, "localCurrency": "USD"}, {"chainId": "12788679055718341280", "amount": 140, "createdAt": "2018-04-24T00:22:26+00:00", "shoeSize": "7Y", "productId": null, "skuUuid": "2ccfbdcc-abba-4da2-9863-c2f9501922d7", "state": "480", "customerId": null, "localAmount": 140, "localCurrency": "USD"}, {"chainId": "12788449301502225635", "amount": 116, "createdAt": "2018-04-23T20:06:24+00:00", "shoeSize": "6.5Y", "productId": null, "skuUuid": "b12ca35d-d785-4f70-b083-78fc44f30b62", "state": "480", "customerId": null, "localAmount": 116, "localCurrency": "USD"}, {"chainId": "12749661491708725177", "amount": 160, "createdAt": "2018-04-23T19:18:33+00:00", "shoeSize": "5.5Y", "productId": null, "skuUuid": "353b0bd7-5d1d-4abb-ae13-aeb0671c88c0", "state": "480", "customerId": null, "localAmount": 160, "localCurrency": "USD"}, {"chainId": "12788053660308389503", "amount": 100, "createdAt": "2018-04-23T04:16:28+00:00", "shoeSize": "5.5Y", "productId": null, "skuUuid": "353b0bd7-5d1d-4abb-ae13-aeb0671c88c0", "state": "480", "customerId": null, "localAmount": 100, "localCurrency": "USD"}, {"chainId": "12787062291670310934", "amount": 110, "createdAt": "2018-04-21T18:50:12+00:00", "shoeSize": "6Y", "productId": null, "skuUuid": "d2cfc4be-a16d-47c1-b30e-6240b734bd96", "state": "480", "customerId": null, "localAmount": 110, "localCurrency": "USD"}, {"chainId": "12787061990440613096", "amount": 121, "createdAt": "2018-04-21T18:49:41+00:00", "shoeSize": "5Y", "productId": null, "skuUuid": "57ec8762-ef03-4ca2-aa51-cbb4fa3f557e", "state": "480", "customerId": null, "localAmount": 121, "localCurrency": "USD"}, {"chainId": "12775390902771857038", "amount": 150, "createdAt": "2018-04-15T15:27:12+00:00", "shoeSize": "5.5Y", "productId": null, "skuUuid": "353b0bd7-5d1d-4abb-ae13-aeb0671c88c0", "state": "480", "customerId": null, "localAmount": 150, "localCurrency": "USD"}, {"chainId": "12782251764040259971", "amount": 125, "createdAt": "2018-04-15T03:32:33+00:00", "shoeSize": "5Y", "productId": null, "skuUuid": "57ec8762-ef03-4ca2-aa51-cbb4fa3f557e", "state": "480", "customerId": null, "localAmount": 125, "localCurrency": "USD"}, {"chainId": "12781135046488982584", "amount": 130, "createdAt": "2018-04-13T14:33:49+00:00", "shoeSize": "5.5Y", "productId": null, "skuUuid": "353b0bd7-5d1d-4abb-ae13-aeb0671c88c0", "state": "480", "customerId": null, "localAmount": 130, "localCurrency": "USD"}, {"chainId": "12724734749858167551", "amount": 138, "createdAt": "2018-04-09T14:11:12+00:00", "shoeSize": "4Y", "productId": null, "skuUuid": "9460d2d9-2d35-42c0-b2f8-fbcca97c9f15", "state": "480", "customerId": null, "localAmount": 138, "localCurrency": "USD"}, {"chainId": "12776191665509906809", "amount": 160, "createdAt": "2018-04-07T15:48:47+00:00", "shoeSize": "6.5Y", "productId": null, "skuUuid": "b12ca35d-d785-4f70-b083-78fc44f30b62", "state": "480", "customerId": null, "localAmount": 160, "localCurrency": "USD"}, {"chainId": "12717842310826902429", "amount": 200, "createdAt": "2018-04-04T04:11:25+00:00", "shoeSize": "5Y", "productId": null, "skuUuid": "57ec8762-ef03-4ca2-aa51-cbb4fa3f557e", "state": "480", "customerId": null, "localAmount": 200, "localCurrency": "USD"}, {"chainId": "12753704223159502344", "amount": 150, "createdAt": "2018-04-03T20:39:44+00:00", "shoeSize": "5.5Y", "productId": null, "skuUuid": "353b0bd7-5d1d-4abb-ae13-aeb0671c88c0", "state": "480", "customerId": null, "localAmount": 150, "localCurrency": "USD"}, {"chainId": "12553207216252707426", "amount": 125, "createdAt": "2018-04-03T01:47:41+00:00", "shoeSize": "7Y", "productId": null, "skuUuid": "2ccfbdcc-abba-4da2-9863-c2f9501922d7", "state": "480", "customerId": null, "localAmount": 125, "localCurrency": "USD"}, {"chainId": "12764091992882163092", "amount": 140, "createdAt": "2018-04-02T23:20:16+00:00", "shoeSize": "5.5Y", "productId": null, "skuUuid": "353b0bd7-5d1d-4abb-ae13-aeb0671c88c0", "state": "480", "customerId": null, "localAmount": 140, "localCurrency": "USD"}, {"chainId": "12754741878638315931", "amount": 159, "createdAt": "2018-03-31T19:57:38+00:00", "shoeSize": "6Y", "productId": null, "skuUuid": "d2cfc4be-a16d-47c1-b30e-6240b734bd96", "state": "480", "customerId": null, "localAmount": 159, "localCurrency": "USD"}, {"chainId": "12771152391834041715", "amount": 130, "createdAt": "2018-03-30T20:00:04+00:00", "shoeSize": "4.5Y", "productId": null, "skuUuid": "f37a03c1-b3f9-49d1-882f-52caf6085e8a", "state": "480", "customerId": null, "localAmount": 130, "localCurrency": "USD"}, {"chainId": "12769063668199187839", "amount": 150, "createdAt": "2018-03-30T19:13:20+00:00", "shoeSize": "6.5Y", "productId": null, "skuUuid": "b12ca35d-d785-4f70-b083-78fc44f30b62", "state": "480", "customerId": null, "localAmount": 150, "localCurrency": "USD"}, {"chainId": "12565377089384807172", "amount": 150, "createdAt": "2018-03-29T20:31:31+00:00", "shoeSize": "6.5Y", "productId": null, "skuUuid": "b12ca35d-d785-4f70-b083-78fc44f30b62", "state": "480", "customerId": null, "localAmount": 150, "localCurrency": "USD"}, {"chainId": "12697333657050968411", "amount": 139, "createdAt": "2018-03-29T06:20:30+00:00", "shoeSize": "4.5Y", "productId": null, "skuUuid": "f37a03c1-b3f9-49d1-882f-52caf6085e8a", "state": "480", "customerId": null, "localAmount": 139, "localCurrency": "USD"}, {"chainId": "12755163012957898502", "amount": 138, "createdAt": "2018-03-29T01:13:59+00:00", "shoeSize": "6.5Y", "productId": null, "skuUuid": "b12ca35d-d785-4f70-b083-78fc44f30b62", "state": "480", "customerId": null, "localAmount": 138, "localCurrency": "USD"}, {"chainId": "12760248184401300195", "amount": 150, "createdAt": "2018-03-27T02:03:31+00:00", "shoeSize": "5Y", "productId": null, "skuUuid": "57ec8762-ef03-4ca2-aa51-cbb4fa3f557e", "state": "480", "customerId": null, "localAmount": 150, "localCurrency": "USD"}, {"chainId": "12754745352449286588", "amount": 162, "createdAt": "2018-03-26T21:47:44+00:00", "shoeSize": "7Y", "productId": null, "skuUuid": "2ccfbdcc-abba-4da2-9863-c2f9501922d7", "state": "480", "customerId": null, "localAmount": 162, "localCurrency": "USD"}, {"chainId": "12767617700898930359", "amount": 80, "createdAt": "2018-03-26T08:12:45+00:00", "shoeSize": "3.5Y", "productId": null, "skuUuid": "f15636d6-fbfe-4436-a71e-e126c4188f2a", "state": "480", "customerId": null, "localAmount": 80, "localCurrency": "USD"}, {"chainId": "12762941169466021339", "amount": 121, "createdAt": "2018-03-26T03:01:45+00:00", "shoeSize": "7Y", "productId": null, "skuUuid": "2ccfbdcc-abba-4da2-9863-c2f9501922d7", "state": "480", "customerId": null, "localAmount": 121, "localCurrency": "USD"}, {"chainId": "12751740744444248526", "amount": 129, "createdAt": "2018-03-15T02:54:32+00:00", "shoeSize": "4.5Y", "productId": null, "skuUuid": "f37a03c1-b3f9-49d1-882f-52caf6085e8a", "state": "480", "customerId": null, "localAmount": 129, "localCurrency": "USD"}, {"chainId": "12639208944982757832", "amount": 130, "createdAt": "2018-03-13T21:50:30+00:00", "shoeSize": "4Y", "productId": null, "skuUuid": "9460d2d9-2d35-42c0-b2f8-fbcca97c9f15", "state": "480", "customerId": null, "localAmount": 130, "localCurrency": "USD"}, {"chainId": "12756947565834531037", "amount": 150, "createdAt": "2018-03-13T11:08:01+00:00", "shoeSize": "6Y", "productId": null, "skuUuid": "d2cfc4be-a16d-47c1-b30e-6240b734bd96", "state": "480", "customerId": null, "localAmount": 150, "localCurrency": "USD"}, {"chainId": "12755162870174874027", "amount": 160, "createdAt": "2018-03-13T02:06:45+00:00", "shoeSize": "7Y", "productId": null, "skuUuid": "2ccfbdcc-abba-4da2-9863-c2f9501922d7", "state": "480", "customerId": null, "localAmount": 160, "localCurrency": "USD"}, {"chainId": "12752357695759877278", "amount": 160, "createdAt": "2018-03-05T00:21:24+00:00", "shoeSize": "7Y", "productId": null, "skuUuid": "2ccfbdcc-abba-4da2-9863-c2f9501922d7", "state": "480", "customerId": null, "localAmount": 160, "localCurrency": "USD"}, {"chainId": "12749640565485047079", "amount": 200, "createdAt": "2018-03-03T01:47:13+00:00", "shoeSize": "6Y", "productId": null, "skuUuid": "d2cfc4be-a16d-47c1-b30e-6240b734bd96", "state": "480", "customerId": null, "localAmount": 200, "localCurrency": "USD"}, {"chainId": "12710445290493781613", "amount": 165, "createdAt": "2018-03-03T00:44:39+00:00", "shoeSize": "5Y", "productId": null, "skuUuid": "57ec8762-ef03-4ca2-aa51-cbb4fa3f557e", "state": "480", "customerId": null, "localAmount": 165, "localCurrency": "USD"}, {"chainId": "12740660824491481496", "amount": 145, "createdAt": "2018-02-28T20:49:16+00:00", "shoeSize": "6Y", "productId": null, "skuUuid": "d2cfc4be-a16d-47c1-b30e-6240b734bd96", "state": "480", "customerId": null, "localAmount": 145, "localCurrency": "USD"}, {"chainId": "12740150750416353311", "amount": 140, "createdAt": "2018-02-27T22:24:40+00:00", "shoeSize": "6Y", "productId": null, "skuUuid": "d2cfc4be-a16d-47c1-b30e-6240b734bd96", "state": "480", "customerId": null, "localAmount": 140, "localCurrency": "USD"}, {"chainId": "12702207830039167934", "amount": 125, "createdAt": "2018-02-24T17:44:59+00:00", "shoeSize": "4.5Y", "productId": null, "skuUuid": "f37a03c1-b3f9-49d1-882f-52caf6085e8a", "state": "480", "customerId": null, "localAmount": 125, "localCurrency": "USD"}, {"chainId": "12658996327863008881", "amount": 129, "createdAt": "2018-02-23T10:27:37+00:00", "shoeSize": "4Y", "productId": null, "skuUuid": "9460d2d9-2d35-42c0-b2f8-fbcca97c9f15", "state": "480", "customerId": null, "localAmount": 129, "localCurrency": "USD"}, {"chainId": "12738359088447974660", "amount": 140, "createdAt": "2018-02-23T03:10:28+00:00", "shoeSize": "7Y", "productId": null, "skuUuid": "2ccfbdcc-abba-4da2-9863-c2f9501922d7", "state": "480", "customerId": null, "localAmount": 140, "localCurrency": "USD"}, {"chainId": "12743819198390742464", "amount": 120, "createdAt": "2018-02-21T02:53:54+00:00", "shoeSize": "5.5Y", "productId": null, "skuUuid": "353b0bd7-5d1d-4abb-ae13-aeb0671c88c0", "state": "480", "customerId": null, "localAmount": 120, "localCurrency": "USD"}, {"chainId": "12728652504826187457", "amount": 135, "createdAt": "2018-02-17T04:16:09+00:00", "shoeSize": "7Y", "productId": null, "skuUuid": "2ccfbdcc-abba-4da2-9863-c2f9501922d7", "state": "480", "customerId": null, "localAmount": 135, "localCurrency": "USD"}, {"chainId": "12736389702063424940", "amount": 150, "createdAt": "2018-02-13T03:29:27+00:00", "shoeSize": "5.5Y", "productId": null, "skuUuid": "353b0bd7-5d1d-4abb-ae13-aeb0671c88c0", "state": "480", "customerId": null, "localAmount": 150, "localCurrency": "USD"}, {"chainId": "12735738592480144911", "amount": 135, "createdAt": "2018-02-12T20:27:33+00:00", "shoeSize": "7Y", "productId": null, "skuUuid": "2ccfbdcc-abba-4da2-9863-c2f9501922d7", "state": "480", "customerId": null, "localAmount": 135, "localCurrency": "USD"}, {"chainId": "12737180968571062175", "amount": 120, "createdAt": "2018-02-11T23:05:18+00:00", "shoeSize": "5Y", "productId": null, "skuUuid": "57ec8762-ef03-4ca2-aa51-cbb4fa3f557e", "state": "480", "customerId": null, "localAmount": 120, "localCurrency": "USD"}, {"chainId": "12735536954361823247", "amount": 130, "createdAt": "2018-02-11T14:42:15+00:00", "shoeSize": "6Y", "productId": null, "skuUuid": "d2cfc4be-a16d-47c1-b30e-6240b734bd96", "state": "480", "customerId": null, "localAmount": 130, "localCurrency": "USD"}, {"chainId": "12731211649146004316", "amount": 102, "createdAt": "2018-02-10T20:52:29+00:00", "shoeSize": "5.5Y", "productId": null, "skuUuid": "353b0bd7-5d1d-4abb-ae13-aeb0671c88c0", "state": "480", "customerId": null, "localAmount": 102, "localCurrency": "USD"}, {"chainId": "12710920128135782740", "amount": 120, "createdAt": "2018-02-06T23:22:19+00:00", "shoeSize": "5Y", "productId": null, "skuUuid": "57ec8762-ef03-4ca2-aa51-cbb4fa3f557e", "state": "480", "customerId": null, "localAmount": 120, "localCurrency": "USD"}, {"chainId": "12721814989510628082", "amount": 135, "createdAt": "2018-02-05T02:35:19+00:00", "shoeSize": "7Y", "productId": null, "skuUuid": "2ccfbdcc-abba-4da2-9863-c2f9501922d7", "state": "480", "customerId": null, "localAmount": 135, "localCurrency": "USD"}, {"chainId": "12730128285206358687", "amount": 130, "createdAt": "2018-02-02T19:16:12+00:00", "shoeSize": "7Y", "productId": null, "skuUuid": "2ccfbdcc-abba-4da2-9863-c2f9501922d7", "state": "480", "customerId": null, "localAmount": 130, "localCurrency": "USD"}, {"chainId": "12726120453361225986", "amount": 120, "createdAt": "2018-02-01T17:48:07+00:00", "shoeSize": "5Y", "productId": null, "skuUuid": "57ec8762-ef03-4ca2-aa51-cbb4fa3f557e", "state": "480", "customerId": null, "localAmount": 120, "localCurrency": "USD"}, {"chainId": "12728421125031603117", "amount": 118, "createdAt": "2018-01-30T23:20:37+00:00", "shoeSize": "6Y", "productId": null, "skuUuid": "d2cfc4be-a16d-47c1-b30e-6240b734bd96", "state": "480", "customerId": null, "localAmount": 118, "localCurrency": "USD"}, {"chainId": "12727957726748046389", "amount": 120, "createdAt": "2018-01-30T05:39:59+00:00", "shoeSize": "7Y", "productId": null, "skuUuid": "2ccfbdcc-abba-4da2-9863-c2f9501922d7", "state": "480", "customerId": null, "localAmount": 120, "localCurrency": "USD"}, {"chainId": "12720759876608100091", "amount": 119, "createdAt": "2018-01-27T23:34:34+00:00", "shoeSize": "6Y", "productId": null, "skuUuid": "d2cfc4be-a16d-47c1-b30e-6240b734bd96", "state": "480", "customerId": null, "localAmount": 119, "localCurrency": "USD"}, {"chainId": "12717532329910499122", "amount": 100, "createdAt": "2018-01-26T15:42:59+00:00", "shoeSize": "5Y", "productId": null, "skuUuid": "57ec8762-ef03-4ca2-aa51-cbb4fa3f557e", "state": "480", "customerId": null, "localAmount": 100, "localCurrency": "USD"}, {"chainId": "12720591892983996233", "amount": 116, "createdAt": "2018-01-25T19:27:48+00:00", "shoeSize": "5.5Y", "productId": null, "skuUuid": "353b0bd7-5d1d-4abb-ae13-aeb0671c88c0", "state": "480", "customerId": null, "localAmount": 116, "localCurrency": "USD"}, {"chainId": "12720593857870755131", "amount": 116, "createdAt": "2018-01-24T20:06:03+00:00", "shoeSize": "3.5Y", "productId": null, "skuUuid": "f15636d6-fbfe-4436-a71e-e126c4188f2a", "state": "480", "customerId": null, "localAmount": 116, "localCurrency": "USD"}, {"chainId": "12720591787011350289", "amount": 126, "createdAt": "2018-01-24T17:28:16+00:00", "shoeSize": "4.5Y", "productId": null, "skuUuid": "f37a03c1-b3f9-49d1-882f-52caf6085e8a", "state": "480", "customerId": null, "localAmount": 126, "localCurrency": "USD"}, {"chainId": "12720453060611549920", "amount": 145, "createdAt": "2018-01-21T17:53:28+00:00", "shoeSize": "7Y", "productId": null, "skuUuid": "2ccfbdcc-abba-4da2-9863-c2f9501922d7", "state": "480", "customerId": null, "localAmount": 145, "localCurrency": "USD"}, {"chainId": "12709645226326087393", "amount": 119, "createdAt": "2018-01-20T04:34:55+00:00", "shoeSize": "6Y", "productId": null, "skuUuid": "d2cfc4be-a16d-47c1-b30e-6240b734bd96", "state": "480", "customerId": null, "localAmount": 119, "localCurrency": "USD"}, {"chainId": "12705363547195960044", "amount": 130, "createdAt": "2018-01-17T07:45:30+00:00", "shoeSize": "6.5Y", "productId": null, "skuUuid": "b12ca35d-d785-4f70-b083-78fc44f30b62", "state": "480", "customerId": null, "localAmount": 130, "localCurrency": "USD"}, {"chainId": "12698220244496475796", "amount": 99, "createdAt": "2018-01-17T05:24:37+00:00", "shoeSize": "5Y", "productId": null, "skuUuid": "57ec8762-ef03-4ca2-aa51-cbb4fa3f557e", "state": "480", "customerId": null, "localAmount": 99, "localCurrency": "USD"}, {"chainId": "12710564639622159167", "amount": 98, "createdAt": "2018-01-13T02:57:07+00:00", "shoeSize": "5Y", "productId": null, "skuUuid": "57ec8762-ef03-4ca2-aa51-cbb4fa3f557e", "state": "480", "customerId": null, "localAmount": 98, "localCurrency": "USD"}, {"chainId": "12705497070534468182", "amount": 130, "createdAt": "2018-01-11T19:16:12+00:00", "shoeSize": "6.5Y", "productId": null, "skuUuid": "b12ca35d-d785-4f70-b083-78fc44f30b62", "state": "480", "customerId": null, "localAmount": 130, "localCurrency": "USD"}, {"chainId": "12710564782017739418", "amount": 100, "createdAt": "2018-01-11T17:33:33+00:00", "shoeSize": "5.5Y", "productId": null, "skuUuid": "353b0bd7-5d1d-4abb-ae13-aeb0671c88c0", "state": "480", "customerId": null, "localAmount": 100, "localCurrency": "USD"}, {"chainId": "12710564919412102686", "amount": 100, "createdAt": "2018-01-11T03:25:53+00:00", "shoeSize": "6Y", "productId": null, "skuUuid": "d2cfc4be-a16d-47c1-b30e-6240b734bd96", "state": "480", "customerId": null, "localAmount": 100, "localCurrency": "USD"}, {"chainId": "12710309394184371955", "amount": 130, "createdAt": "2018-01-06T05:59:25+00:00", "shoeSize": "4.5Y", "productId": null, "skuUuid": "f37a03c1-b3f9-49d1-882f-52caf6085e8a", "state": "480", "customerId": null, "localAmount": 130, "localCurrency": "USD"}, {"chainId": "12709676835043061811", "amount": 140, "createdAt": "2018-01-05T22:11:16+00:00", "shoeSize": "6.5Y", "productId": null, "skuUuid": "b12ca35d-d785-4f70-b083-78fc44f30b62", "state": "480", "customerId": null, "localAmount": 140, "localCurrency": "USD"}, {"chainId": "12698922158807862782", "amount": 165, "createdAt": "2017-12-26T00:32:21+00:00", "shoeSize": "6Y", "productId": null, "skuUuid": "d2cfc4be-a16d-47c1-b30e-6240b734bd96", "state": "480", "customerId": null, "localAmount": 165, "localCurrency": "USD"}, {"chainId": "12697333763778350856", "amount": 164, "createdAt": "2017-12-23T03:32:02+00:00", "shoeSize": "6Y", "productId": null, "skuUuid": "d2cfc4be-a16d-47c1-b30e-6240b734bd96", "state": "480", "customerId": null, "localAmount": 164, "localCurrency": "USD"}, {"chainId": "12697333854883813172", "amount": 199, "createdAt": "2017-12-22T01:59:08+00:00", "shoeSize": "6.5Y", "productId": null, "skuUuid": "b12ca35d-d785-4f70-b083-78fc44f30b62", "state": "480", "customerId": null, "localAmount": 199, "localCurrency": "USD"}, {"chainId": "12697333987600477742", "amount": 200, "createdAt": "2017-12-19T01:25:47+00:00", "shoeSize": "7Y", "productId": null, "skuUuid": "2ccfbdcc-abba-4da2-9863-c2f9501922d7", "state": "480", "customerId": null, "localAmount": 200, "localCurrency": "USD"}, {"chainId": "12679903578757493727", "amount": 170, "createdAt": "2017-12-15T03:51:15+00:00", "shoeSize": "6Y", "productId": null, "skuUuid": "d2cfc4be-a16d-47c1-b30e-6240b734bd96", "state": "480", "customerId": null, "localAmount": 170, "localCurrency": "USD"}, {"chainId": "12518786134302323377", "amount": 160, "createdAt": "2017-12-15T03:42:39+00:00", "shoeSize": "6Y", "productId": null, "skuUuid": "d2cfc4be-a16d-47c1-b30e-6240b734bd96", "state": "480", "customerId": null, "localAmount": 160, "localCurrency": "USD"}, {"chainId": "12636747327022762839", "amount": 160, "createdAt": "2017-12-14T16:20:55+00:00", "shoeSize": "6.5Y", "productId": null, "skuUuid": "b12ca35d-d785-4f70-b083-78fc44f30b62", "state": "480", "customerId": null, "localAmount": 160, "localCurrency": "USD"}, {"chainId": "12693165801508030462", "amount": 120, "createdAt": "2017-12-14T02:39:42+00:00", "shoeSize": "5.5Y", "productId": null, "skuUuid": "353b0bd7-5d1d-4abb-ae13-aeb0671c88c0", "state": "480", "customerId": null, "localAmount": 120, "localCurrency": "USD"}, {"chainId": "12673224388565528990", "amount": 154, "createdAt": "2017-12-12T20:51:36+00:00", "shoeSize": "6Y", "productId": null, "skuUuid": "d2cfc4be-a16d-47c1-b30e-6240b734bd96", "state": "480", "customerId": null, "localAmount": 154, "localCurrency": "USD"}, {"chainId": "12687424357625733552", "amount": 170, "createdAt": "2017-12-11T02:58:51+00:00", "shoeSize": "7Y", "productId": null, "skuUuid": "2ccfbdcc-abba-4da2-9863-c2f9501922d7", "state": "480", "customerId": null, "localAmount": 170, "localCurrency": "USD"}, {"chainId": "12667054942626963453", "amount": 180, "createdAt": "2017-12-08T08:15:39+00:00", "shoeSize": "5.5Y", "productId": null, "skuUuid": "353b0bd7-5d1d-4abb-ae13-aeb0671c88c0", "state": "480", "customerId": null, "localAmount": 180, "localCurrency": "USD"}, {"chainId": "12670562098928773863", "amount": 130, "createdAt": "2017-12-04T00:42:37+00:00", "shoeSize": "5.5Y", "productId": null, "skuUuid": "353b0bd7-5d1d-4abb-ae13-aeb0671c88c0", "state": "480", "customerId": null, "localAmount": 130, "localCurrency": "USD"}, {"chainId": "12621193834321014470", "amount": 90, "createdAt": "2017-12-01T15:48:27+00:00", "shoeSize": "4.5Y", "productId": null, "skuUuid": "f37a03c1-b3f9-49d1-882f-52caf6085e8a", "state": "480", "customerId": null, "localAmount": 90, "localCurrency": "USD"}, {"chainId": "12665647741355534635", "amount": 170, "createdAt": "2017-12-01T11:59:48+00:00", "shoeSize": "7Y", "productId": null, "skuUuid": "2ccfbdcc-abba-4da2-9863-c2f9501922d7", "state": "480", "customerId": null, "localAmount": 170, "localCurrency": "USD"}, {"chainId": "12578542601924991803", "amount": 154, "createdAt": "2017-11-27T21:05:14+00:00", "shoeSize": "6.5Y", "productId": null, "skuUuid": "b12ca35d-d785-4f70-b083-78fc44f30b62", "state": "480", "customerId": null, "localAmount": 154, "localCurrency": "USD"}, {"chainId": "12658242363788151737", "amount": 155, "createdAt": "2017-11-25T21:54:30+00:00", "shoeSize": "7Y", "productId": null, "skuUuid": "2ccfbdcc-abba-4da2-9863-c2f9501922d7", "state": "480", "customerId": null, "localAmount": 155, "localCurrency": "USD"}, {"chainId": "12677986370202335453", "amount": 150, "createdAt": "2017-11-24T21:31:38+00:00", "shoeSize": "6.5Y", "productId": null, "skuUuid": "b12ca35d-d785-4f70-b083-78fc44f30b62", "state": "480", "customerId": null, "localAmount": 150, "localCurrency": "USD"}, {"chainId": "12633370275578877605", "amount": 130, "createdAt": "2017-11-24T19:15:53+00:00", "shoeSize": "6.5Y", "productId": null, "skuUuid": "b12ca35d-d785-4f70-b083-78fc44f30b62", "state": "480", "customerId": null, "localAmount": 130, "localCurrency": "USD"}, {"chainId": "12672580575346727412", "amount": 95, "createdAt": "2017-11-20T21:35:10+00:00", "shoeSize": "4.5Y", "productId": null, "skuUuid": "f37a03c1-b3f9-49d1-882f-52caf6085e8a", "state": "480", "customerId": null, "localAmount": 95, "localCurrency": "USD"}, {"chainId": "12665203324289616374", "amount": 154, "createdAt": "2017-11-19T12:49:38+00:00", "shoeSize": "7Y", "productId": null, "skuUuid": "2ccfbdcc-abba-4da2-9863-c2f9501922d7", "state": "480", "customerId": null, "localAmount": 154, "localCurrency": "USD"}, {"chainId": "12675649253449543911", "amount": 145, "createdAt": "2017-11-19T01:32:23+00:00", "shoeSize": "7Y", "productId": null, "skuUuid": "2ccfbdcc-abba-4da2-9863-c2f9501922d7", "state": "480", "customerId": null, "localAmount": 145, "localCurrency": "USD"}, {"chainId": "12665203221412164496", "amount": 139, "createdAt": "2017-11-16T01:34:52+00:00", "shoeSize": "6.5Y", "productId": null, "skuUuid": "b12ca35d-d785-4f70-b083-78fc44f30b62", "state": "480", "customerId": null, "localAmount": 139, "localCurrency": "USD"}, {"chainId": "12671057332042591263", "amount": 125, "createdAt": "2017-11-13T16:37:42+00:00", "shoeSize": "6.5Y", "productId": null, "skuUuid": "b12ca35d-d785-4f70-b083-78fc44f30b62", "state": "480", "customerId": null, "localAmount": 125, "localCurrency": "USD"}, {"chainId": "12662445219856623723", "amount": 80, "createdAt": "2017-11-13T14:01:13+00:00", "shoeSize": "4Y", "productId": null, "skuUuid": "9460d2d9-2d35-42c0-b2f8-fbcca97c9f15", "state": "480", "customerId": null, "localAmount": 80, "localCurrency": "USD"}, {"chainId": "12665203125901921944", "amount": 175, "createdAt": "2017-11-13T01:20:56+00:00", "shoeSize": "6Y", "productId": null, "skuUuid": "d2cfc4be-a16d-47c1-b30e-6240b734bd96", "state": "480", "customerId": null, "localAmount": 175, "localCurrency": "USD"}, {"chainId": "12662422077112403160", "amount": 120, "createdAt": "2017-11-06T12:07:14+00:00", "shoeSize": "4.5Y", "productId": null, "skuUuid": "f37a03c1-b3f9-49d1-882f-52caf6085e8a", "state": "480", "customerId": null, "localAmount": 120, "localCurrency": "USD"}, {"chainId": "12659335574055304585", "amount": 149, "createdAt": "2017-11-03T15:11:42+00:00", "shoeSize": "6Y", "productId": null, "skuUuid": "d2cfc4be-a16d-47c1-b30e-6240b734bd96", "state": "480", "customerId": null, "localAmount": 149, "localCurrency": "USD"}, {"chainId": "12659456842949034191", "amount": 86, "createdAt": "2017-10-27T17:21:00+00:00", "shoeSize": "4Y", "productId": null, "skuUuid": "9460d2d9-2d35-42c0-b2f8-fbcca97c9f15", "state": "480", "customerId": null, "localAmount": 86, "localCurrency": "USD"}, {"chainId": "12539185365915612915", "amount": 94, "createdAt": "2017-10-21T22:02:06+00:00", "shoeSize": "4Y", "productId": null, "skuUuid": "9460d2d9-2d35-42c0-b2f8-fbcca97c9f15", "state": "480", "customerId": null, "localAmount": 94, "localCurrency": "USD"}, {"chainId": "12620128697167976770", "amount": 110, "createdAt": "2017-10-19T15:39:09+00:00", "shoeSize": "5Y", "productId": null, "skuUuid": "57ec8762-ef03-4ca2-aa51-cbb4fa3f557e", "state": "480", "customerId": null, "localAmount": 110, "localCurrency": "USD"}, {"chainId": "12616281059075475766", "amount": 76, "createdAt": "2017-10-19T01:26:28+00:00", "shoeSize": "5Y", "productId": null, "skuUuid": "57ec8762-ef03-4ca2-aa51-cbb4fa3f557e", "state": "480", "customerId": null, "localAmount": 76, "localCurrency": "USD"}, {"chainId": "12616280870150546626", "amount": 77, "createdAt": "2017-10-18T18:11:38+00:00", "shoeSize": "4.5Y", "productId": null, "skuUuid": "f37a03c1-b3f9-49d1-882f-52caf6085e8a", "state": "480", "customerId": null, "localAmount": 77, "localCurrency": "USD"}, {"chainId": "12642099930467547773", "amount": 115, "createdAt": "2017-10-11T20:00:32+00:00", "shoeSize": "6.5Y", "productId": null, "skuUuid": "b12ca35d-d785-4f70-b083-78fc44f30b62", "state": "480", "customerId": null, "localAmount": 115, "localCurrency": "USD"}, {"chainId": "12642098628921683052", "amount": 105, "createdAt": "2017-10-07T23:33:06+00:00", "shoeSize": "5Y", "productId": null, "skuUuid": "57ec8762-ef03-4ca2-aa51-cbb4fa3f557e", "state": "480", "customerId": null, "localAmount": 105, "localCurrency": "USD"}, {"chainId": "12642099281382027793", "amount": 110, "createdAt": "2017-10-06T03:39:29+00:00", "shoeSize": "6Y", "productId": null, "skuUuid": "d2cfc4be-a16d-47c1-b30e-6240b734bd96", "state": "480", "customerId": null, "localAmount": 110, "localCurrency": "USD"}, {"chainId": "12642098049751778435", "amount": 110, "createdAt": "2017-10-05T19:06:05+00:00", "shoeSize": "7Y", "productId": null, "skuUuid": "2ccfbdcc-abba-4da2-9863-c2f9501922d7", "state": "480", "customerId": null, "localAmount": 110, "localCurrency": "USD"}, {"chainId": "12642078411180088941", "amount": 126, "createdAt": "2017-10-03T17:53:07+00:00", "shoeSize": "7Y", "productId": null, "skuUuid": "2ccfbdcc-abba-4da2-9863-c2f9501922d7", "state": "480", "customerId": null, "localAmount": 126, "localCurrency": "USD"}, {"chainId": "12626847407832718130", "amount": 165, "createdAt": "2017-10-01T16:18:00+00:00", "shoeSize": "7Y", "productId": null, "skuUuid": "2ccfbdcc-abba-4da2-9863-c2f9501922d7", "state": "480", "customerId": null, "localAmount": 165, "localCurrency": "USD"}, {"chainId": "12636118520081915983", "amount": 110, "createdAt": "2017-09-30T18:24:27+00:00", "shoeSize": "6.5Y", "productId": null, "skuUuid": "b12ca35d-d785-4f70-b083-78fc44f30b62", "state": "480", "customerId": null, "localAmount": 110, "localCurrency": "USD"}, {"chainId": "12621783103834380196", "amount": 115, "createdAt": "2017-09-29T17:03:26+00:00", "shoeSize": "5Y", "productId": null, "skuUuid": "57ec8762-ef03-4ca2-aa51-cbb4fa3f557e", "state": "480", "customerId": null, "localAmount": 115, "localCurrency": "USD"}, {"chainId": "12635817613776123174", "amount": 110, "createdAt": "2017-09-25T02:34:04+00:00", "shoeSize": "7Y", "productId": null, "skuUuid": "2ccfbdcc-abba-4da2-9863-c2f9501922d7", "state": "480", "customerId": null, "localAmount": 110, "localCurrency": "USD"}, {"chainId": "12633387598733554671", "amount": 140, "createdAt": "2017-09-24T19:24:36+00:00", "shoeSize": "7Y", "productId": null, "skuUuid": "2ccfbdcc-abba-4da2-9863-c2f9501922d7", "state": "480", "customerId": null, "localAmount": 140, "localCurrency": "USD"}, {"chainId": "12517574351530512309", "amount": 135, "createdAt": "2017-09-21T17:30:57+00:00", "shoeSize": "6.5Y", "productId": null, "skuUuid": "b12ca35d-d785-4f70-b083-78fc44f30b62", "state": "480", "customerId": null, "localAmount": 135, "localCurrency": "USD"}, {"chainId": "12622352548137089066", "amount": 135, "createdAt": "2017-09-21T01:09:28+00:00", "shoeSize": "6.5Y", "productId": null, "skuUuid": "b12ca35d-d785-4f70-b083-78fc44f30b62", "state": "480", "customerId": null, "localAmount": 135, "localCurrency": "USD"}, {"chainId": "12603747140828367125", "amount": 100, "createdAt": "2017-09-14T00:23:02+00:00", "shoeSize": "5Y", "productId": null, "skuUuid": "57ec8762-ef03-4ca2-aa51-cbb4fa3f557e", "state": "480", "customerId": null, "localAmount": 100, "localCurrency": "USD"}, {"chainId": "12626950705234169106", "amount": 80, "createdAt": "2017-09-12T20:57:04+00:00", "shoeSize": "4Y", "productId": null, "skuUuid": "9460d2d9-2d35-42c0-b2f8-fbcca97c9f15", "state": "480", "customerId": null, "localAmount": 80, "localCurrency": "USD"}, {"chainId": "12626950253172214436", "amount": 80, "createdAt": "2017-09-12T20:56:10+00:00", "shoeSize": "5Y", "productId": null, "skuUuid": "57ec8762-ef03-4ca2-aa51-cbb4fa3f557e", "state": "480", "customerId": null, "localAmount": 80, "localCurrency": "USD"}, {"chainId": "12626872761424815812", "amount": 115, "createdAt": "2017-09-12T18:22:12+00:00", "shoeSize": "6.5Y", "productId": null, "skuUuid": "b12ca35d-d785-4f70-b083-78fc44f30b62", "state": "480", "customerId": null, "localAmount": 115, "localCurrency": "USD"}, {"chainId": "12626804570310674651", "amount": 100, "createdAt": "2017-09-12T16:06:47+00:00", "shoeSize": "5.5Y", "productId": null, "skuUuid": "353b0bd7-5d1d-4abb-ae13-aeb0671c88c0", "state": "480", "customerId": null, "localAmount": 100, "localCurrency": "USD"}, {"chainId": "12623225246325399583", "amount": 80, "createdAt": "2017-09-11T16:41:16+00:00", "shoeSize": "6Y", "productId": null, "skuUuid": "d2cfc4be-a16d-47c1-b30e-6240b734bd96", "state": "480", "customerId": null, "localAmount": 80, "localCurrency": "USD"}, {"chainId": "12603748038669780789", "amount": 81, "createdAt": "2017-09-11T16:39:24+00:00", "shoeSize": "6Y", "productId": null, "skuUuid": "d2cfc4be-a16d-47c1-b30e-6240b734bd96", "state": "480", "customerId": null, "localAmount": 81, "localCurrency": "USD"}, {"chainId": "12623224926151332871", "amount": 81, "createdAt": "2017-09-11T16:38:33+00:00", "shoeSize": "5Y", "productId": null, "skuUuid": "57ec8762-ef03-4ca2-aa51-cbb4fa3f557e", "state": "480", "customerId": null, "localAmount": 81, "localCurrency": "USD"}, {"chainId": "12624671572435620752", "amount": 125, "createdAt": "2017-09-09T20:11:47+00:00", "shoeSize": "7Y", "productId": null, "skuUuid": "2ccfbdcc-abba-4da2-9863-c2f9501922d7", "state": "480", "customerId": null, "localAmount": 125, "localCurrency": "USD"}, {"chainId": "12613771585754940674", "amount": 93, "createdAt": "2017-09-04T17:39:20+00:00", "shoeSize": "6.5Y", "productId": null, "skuUuid": "b12ca35d-d785-4f70-b083-78fc44f30b62", "state": "480", "customerId": null, "localAmount": 93, "localCurrency": "USD"}, {"chainId": "12613772075628798276", "amount": 85, "createdAt": "2017-09-04T17:38:41+00:00", "shoeSize": "6Y", "productId": null, "skuUuid": "d2cfc4be-a16d-47c1-b30e-6240b734bd96", "state": "480", "customerId": null, "localAmount": 85, "localCurrency": "USD"}, {"chainId": "12621052144397622416", "amount": 80, "createdAt": "2017-09-04T17:38:00+00:00", "shoeSize": "5Y", "productId": null, "skuUuid": "57ec8762-ef03-4ca2-aa51-cbb4fa3f557e", "state": "480", "customerId": null, "localAmount": 80, "localCurrency": "USD"}, {"chainId": "12621049292176673428", "amount": 105, "createdAt": "2017-09-04T17:32:00+00:00", "shoeSize": "6Y", "productId": null, "skuUuid": "d2cfc4be-a16d-47c1-b30e-6240b734bd96", "state": "480", "customerId": null, "localAmount": 105, "localCurrency": "USD"}, {"chainId": "12619698485080110509", "amount": 86, "createdAt": "2017-09-02T21:44:01+00:00", "shoeSize": "6Y", "productId": null, "skuUuid": "d2cfc4be-a16d-47c1-b30e-6240b734bd96", "state": "480", "customerId": null, "localAmount": 86, "localCurrency": "USD"}, {"chainId": "12616208323258542706", "amount": 123, "createdAt": "2017-09-02T14:25:45+00:00", "shoeSize": "6Y", "productId": null, "skuUuid": "d2cfc4be-a16d-47c1-b30e-6240b734bd96", "state": "480", "customerId": null, "localAmount": 123, "localCurrency": "USD"}, {"chainId": "12619035579243690513", "amount": 130, "createdAt": "2017-09-01T22:51:07+00:00", "shoeSize": "7Y", "productId": null, "skuUuid": "2ccfbdcc-abba-4da2-9863-c2f9501922d7", "state": "480", "customerId": null, "localAmount": 130, "localCurrency": "USD"}, {"chainId": "12617549376729728862", "amount": 125, "createdAt": "2017-08-31T08:12:09+00:00", "shoeSize": "6.5Y", "productId": null, "skuUuid": "b12ca35d-d785-4f70-b083-78fc44f30b62", "state": "480", "customerId": null, "localAmount": 125, "localCurrency": "USD"}, {"chainId": "12530380894963570085", "amount": 80, "createdAt": "2017-08-30T20:21:09+00:00", "shoeSize": "4.5Y", "productId": null, "skuUuid": "f37a03c1-b3f9-49d1-882f-52caf6085e8a", "state": "480", "customerId": null, "localAmount": 80, "localCurrency": "USD"}, {"chainId": "12617510121112652280", "amount": 80, "createdAt": "2017-08-30T20:20:19+00:00", "shoeSize": "4Y", "productId": null, "skuUuid": "9460d2d9-2d35-42c0-b2f8-fbcca97c9f15", "state": "480", "customerId": null, "localAmount": 80, "localCurrency": "USD"}, {"chainId": "12616281162765598622", "amount": 125, "createdAt": "2017-08-30T16:48:18+00:00", "shoeSize": "6.5Y", "productId": null, "skuUuid": "b12ca35d-d785-4f70-b083-78fc44f30b62", "state": "480", "customerId": null, "localAmount": 125, "localCurrency": "USD"}, {"chainId": "12603748252071385093", "amount": 125, "createdAt": "2017-08-29T23:23:44+00:00", "shoeSize": "6.5Y", "productId": null, "skuUuid": "b12ca35d-d785-4f70-b083-78fc44f30b62", "state": "480", "customerId": null, "localAmount": 125, "localCurrency": "USD"}, {"chainId": "12603747715940169989", "amount": 110, "createdAt": "2017-08-23T22:20:52+00:00", "shoeSize": "6Y", "productId": null, "skuUuid": "d2cfc4be-a16d-47c1-b30e-6240b734bd96", "state": "480", "customerId": null, "localAmount": 110, "localCurrency": "USD"}, {"chainId": "12610238803281573333", "amount": 139, "createdAt": "2017-08-20T22:11:53+00:00", "shoeSize": "6.5Y", "productId": null, "skuUuid": "b12ca35d-d785-4f70-b083-78fc44f30b62", "state": "480", "customerId": null, "localAmount": 139, "localCurrency": "USD"}, {"chainId": "12520281530403582476", "amount": 125, "createdAt": "2017-08-20T01:33:22+00:00", "shoeSize": "5Y", "productId": null, "skuUuid": "57ec8762-ef03-4ca2-aa51-cbb4fa3f557e", "state": "480", "customerId": null, "localAmount": 125, "localCurrency": "USD"}, {"chainId": "12606051256293613933", "amount": 120, "createdAt": "2017-08-19T06:21:45+00:00", "shoeSize": "5.5Y", "productId": null, "skuUuid": "353b0bd7-5d1d-4abb-ae13-aeb0671c88c0", "state": "480", "customerId": null, "localAmount": 120, "localCurrency": "USD"}, {"chainId": "12605159219449646314", "amount": 110, "createdAt": "2017-08-18T13:35:43+00:00", "shoeSize": "6.5Y", "productId": null, "skuUuid": "b12ca35d-d785-4f70-b083-78fc44f30b62", "state": "480", "customerId": null, "localAmount": 110, "localCurrency": "USD"}, {"chainId": "12592791002990458961", "amount": 165, "createdAt": "2017-08-18T08:02:19+00:00", "shoeSize": "7Y", "productId": null, "skuUuid": "2ccfbdcc-abba-4da2-9863-c2f9501922d7", "state": "480", "customerId": null, "localAmount": 165, "localCurrency": "USD"}, {"chainId": "12603747569149880402", "amount": 125, "createdAt": "2017-08-18T00:35:28+00:00", "shoeSize": "6Y", "productId": null, "skuUuid": "d2cfc4be-a16d-47c1-b30e-6240b734bd96", "state": "480", "customerId": null, "localAmount": 125, "localCurrency": "USD"}, {"chainId": "12605150966954361854", "amount": 110, "createdAt": "2017-08-17T16:02:34+00:00", "shoeSize": "6Y", "productId": null, "skuUuid": "d2cfc4be-a16d-47c1-b30e-6240b734bd96", "state": "480", "customerId": null, "localAmount": 110, "localCurrency": "USD"}, {"chainId": "12605151345195203357", "amount": 110, "createdAt": "2017-08-16T21:24:44+00:00", "shoeSize": "7Y", "productId": null, "skuUuid": "2ccfbdcc-abba-4da2-9863-c2f9501922d7", "state": "480", "customerId": null, "localAmount": 110, "localCurrency": "USD"}, {"chainId": "12605154328254523568", "amount": 110, "createdAt": "2017-08-15T04:02:08+00:00", "shoeSize": "6.5Y", "productId": null, "skuUuid": "b12ca35d-d785-4f70-b083-78fc44f30b62", "state": "480", "customerId": null, "localAmount": 110, "localCurrency": "USD"}, {"chainId": "12603747351574517261", "amount": 120, "createdAt": "2017-08-15T00:00:51+00:00", "shoeSize": "5.5Y", "productId": null, "skuUuid": "353b0bd7-5d1d-4abb-ae13-aeb0671c88c0", "state": "480", "customerId": null, "localAmount": 120, "localCurrency": "USD"}, {"chainId": "12603746260207571669", "amount": 100, "createdAt": "2017-08-13T21:33:32+00:00", "shoeSize": "3.5Y", "productId": null, "skuUuid": "f15636d6-fbfe-4436-a71e-e126c4188f2a", "state": "480", "customerId": null, "localAmount": 100, "localCurrency": "USD"}, {"chainId": "12548795306282878574", "amount": 111, "createdAt": "2017-08-10T22:03:06+00:00", "shoeSize": "4Y", "productId": null, "skuUuid": "9460d2d9-2d35-42c0-b2f8-fbcca97c9f15", "state": "480", "customerId": null, "localAmount": 111, "localCurrency": "USD"}, {"chainId": "12596454757824284244", "amount": 130, "createdAt": "2017-08-10T14:43:58+00:00", "shoeSize": "6.5Y", "productId": null, "skuUuid": "b12ca35d-d785-4f70-b083-78fc44f30b62", "state": "480", "customerId": null, "localAmount": 130, "localCurrency": "USD"}, {"chainId": "12590511521597817904", "amount": 125, "createdAt": "2017-08-10T02:51:51+00:00", "shoeSize": "6Y", "productId": null, "skuUuid": "d2cfc4be-a16d-47c1-b30e-6240b734bd96", "state": "480", "customerId": null, "localAmount": 125, "localCurrency": "USD"}, {"chainId": "12598947886474111846", "amount": 139, "createdAt": "2017-08-08T03:43:33+00:00", "shoeSize": "7Y", "productId": null, "skuUuid": "2ccfbdcc-abba-4da2-9863-c2f9501922d7", "state": "480", "customerId": null, "localAmount": 139, "localCurrency": "USD"}, {"chainId": "12600801823398020948", "amount": 110, "createdAt": "2017-08-07T19:03:54+00:00", "shoeSize": "6.5Y", "productId": null, "skuUuid": "b12ca35d-d785-4f70-b083-78fc44f30b62", "state": "480", "customerId": null, "localAmount": 110, "localCurrency": "USD"}, {"chainId": "12598941953494244497", "amount": 130, "createdAt": "2017-08-07T03:54:38+00:00", "shoeSize": "6.5Y", "productId": null, "skuUuid": "b12ca35d-d785-4f70-b083-78fc44f30b62", "state": "480", "customerId": null, "localAmount": 130, "localCurrency": "USD"}, {"chainId": "12596355251145868529", "amount": 120, "createdAt": "2017-08-06T04:11:23+00:00", "shoeSize": "6.5Y", "productId": null, "skuUuid": "b12ca35d-d785-4f70-b083-78fc44f30b62", "state": "480", "customerId": null, "localAmount": 120, "localCurrency": "USD"}, {"chainId": "12597899630357821471", "amount": 110, "createdAt": "2017-08-04T00:11:33+00:00", "shoeSize": "6.5Y", "productId": null, "skuUuid": "b12ca35d-d785-4f70-b083-78fc44f30b62", "state": "480", "customerId": null, "localAmount": 110, "localCurrency": "USD"}, {"chainId": "12586447605404463536", "amount": 100, "createdAt": "2017-08-03T19:00:47+00:00", "shoeSize": "5Y", "productId": null, "skuUuid": "57ec8762-ef03-4ca2-aa51-cbb4fa3f557e", "state": "480", "customerId": null, "localAmount": 100, "localCurrency": "USD"}, {"chainId": "12554541467010258619", "amount": 115, "createdAt": "2017-07-27T19:03:08+00:00", "shoeSize": "5.5Y", "productId": null, "skuUuid": "353b0bd7-5d1d-4abb-ae13-aeb0671c88c0", "state": "480", "customerId": null, "localAmount": 115, "localCurrency": "USD"}, {"chainId": "12592081347695069069", "amount": 90, "createdAt": "2017-07-26T18:17:56+00:00", "shoeSize": "7Y", "productId": null, "skuUuid": "2ccfbdcc-abba-4da2-9863-c2f9501922d7", "state": "480", "customerId": null, "localAmount": 90, "localCurrency": "USD"}, {"chainId": "12586446865624364762", "amount": 90, "createdAt": "2017-07-26T18:17:27+00:00", "shoeSize": "6.5Y", "productId": null, "skuUuid": "b12ca35d-d785-4f70-b083-78fc44f30b62", "state": "480", "customerId": null, "localAmount": 90, "localCurrency": "USD"}, {"chainId": "12586984123043314649", "amount": 100, "createdAt": "2017-07-26T18:15:34+00:00", "shoeSize": "7Y", "productId": null, "skuUuid": "2ccfbdcc-abba-4da2-9863-c2f9501922d7", "state": "480", "customerId": null, "localAmount": 100, "localCurrency": "USD"}, {"chainId": "12546437879824695358", "amount": 200, "createdAt": "2017-07-26T13:09:02+00:00", "shoeSize": "4.5Y", "productId": null, "skuUuid": "f37a03c1-b3f9-49d1-882f-52caf6085e8a", "state": "480", "customerId": null, "localAmount": 200, "localCurrency": "USD"}, {"chainId": "12589170958840599649", "amount": 100, "createdAt": "2017-07-22T23:07:19+00:00", "shoeSize": "7Y", "productId": null, "skuUuid": "2ccfbdcc-abba-4da2-9863-c2f9501922d7", "state": "480", "customerId": null, "localAmount": 100, "localCurrency": "USD"}, {"chainId": "12589293929576010492", "amount": 100, "createdAt": "2017-07-22T21:59:49+00:00", "shoeSize": "5.5Y", "productId": null, "skuUuid": "353b0bd7-5d1d-4abb-ae13-aeb0671c88c0", "state": "480", "customerId": null, "localAmount": 100, "localCurrency": "USD"}, {"chainId": "12587656018658388194", "amount": 100, "createdAt": "2017-07-20T15:45:32+00:00", "shoeSize": "7Y", "productId": null, "skuUuid": "2ccfbdcc-abba-4da2-9863-c2f9501922d7", "state": "480", "customerId": null, "localAmount": 100, "localCurrency": "USD"}, {"chainId": "12587105407344433985", "amount": 90, "createdAt": "2017-07-19T21:31:34+00:00", "shoeSize": "6.5Y", "productId": null, "skuUuid": "b12ca35d-d785-4f70-b083-78fc44f30b62", "state": "480", "customerId": null, "localAmount": 90, "localCurrency": "USD"}, {"chainId": "12586446626346221688", "amount": 120, "createdAt": "2017-07-19T12:21:28+00:00", "shoeSize": "7Y", "productId": null, "skuUuid": "2ccfbdcc-abba-4da2-9863-c2f9501922d7", "state": "480", "customerId": null, "localAmount": 120, "localCurrency": "USD"}, {"chainId": "12584167651993901126", "amount": 110, "createdAt": "2017-07-15T20:14:46+00:00", "shoeSize": "6Y", "productId": null, "skuUuid": "d2cfc4be-a16d-47c1-b30e-6240b734bd96", "state": "480", "customerId": null, "localAmount": 110, "localCurrency": "USD"}, {"chainId": "12582646735866551727", "amount": 120, "createdAt": "2017-07-15T15:51:26+00:00", "shoeSize": "7Y", "productId": null, "skuUuid": "2ccfbdcc-abba-4da2-9863-c2f9501922d7", "state": "480", "customerId": null, "localAmount": 120, "localCurrency": "USD"}, {"chainId": "12579063374199750532", "amount": 200, "createdAt": "2017-07-07T16:46:23+00:00", "shoeSize": "5Y", "productId": null, "skuUuid": "57ec8762-ef03-4ca2-aa51-cbb4fa3f557e", "state": "480", "customerId": null, "localAmount": 200, "localCurrency": "USD"}, {"chainId": "12569720355851987160", "amount": 90, "createdAt": "2017-06-26T00:03:52+00:00", "shoeSize": "6.5Y", "productId": null, "skuUuid": "b12ca35d-d785-4f70-b083-78fc44f30b62", "state": "480", "customerId": null, "localAmount": 90, "localCurrency": "USD"}, {"chainId": "12554541202660199263", "amount": 139, "createdAt": "2017-06-25T04:28:32+00:00", "shoeSize": "7Y", "productId": null, "skuUuid": "2ccfbdcc-abba-4da2-9863-c2f9501922d7", "state": "480", "customerId": null, "localAmount": 139, "localCurrency": "USD"}, {"chainId": "12530380792670250203", "amount": 112, "createdAt": "2017-06-20T17:54:55+00:00", "shoeSize": "4Y", "productId": null, "skuUuid": "9460d2d9-2d35-42c0-b2f8-fbcca97c9f15", "state": "480", "customerId": null, "localAmount": 112, "localCurrency": "USD"}, {"chainId": "12561660377180789370", "amount": 200, "createdAt": "2017-06-13T21:35:12+00:00", "shoeSize": "6Y", "productId": null, "skuUuid": "d2cfc4be-a16d-47c1-b30e-6240b734bd96", "state": "480", "customerId": null, "localAmount": 200, "localCurrency": "USD"}, {"chainId": "12561007474488853080", "amount": 75, "createdAt": "2017-06-13T21:19:38+00:00", "shoeSize": "6Y", "productId": null, "skuUuid": "d2cfc4be-a16d-47c1-b30e-6240b734bd96", "state": "480", "customerId": null, "localAmount": 75, "localCurrency": "USD"}, {"chainId": "12561007351300128820", "amount": 75, "createdAt": "2017-06-13T21:19:23+00:00", "shoeSize": "5Y", "productId": null, "skuUuid": "57ec8762-ef03-4ca2-aa51-cbb4fa3f557e", "state": "480", "customerId": null, "localAmount": 75, "localCurrency": "USD"}, {"chainId": "12561007212117450014", "amount": 75, "createdAt": "2017-06-13T21:19:07+00:00", "shoeSize": "3.5Y", "productId": null, "skuUuid": "f15636d6-fbfe-4436-a71e-e126c4188f2a", "state": "480", "customerId": null, "localAmount": 75, "localCurrency": "USD"}, {"chainId": "12560924111491991514", "amount": 90, "createdAt": "2017-06-13T18:34:00+00:00", "shoeSize": "7Y", "productId": null, "skuUuid": "2ccfbdcc-abba-4da2-9863-c2f9501922d7", "state": "480", "customerId": null, "localAmount": 90, "localCurrency": "USD"}, {"chainId": "12548612932867581109", "amount": 150, "createdAt": "2017-06-07T20:50:16+00:00", "shoeSize": "5.5Y", "productId": null, "skuUuid": "353b0bd7-5d1d-4abb-ae13-aeb0671c88c0", "state": "480", "customerId": null, "localAmount": 150, "localCurrency": "USD"}, {"chainId": "12525270320298498310", "amount": 91, "createdAt": "2017-06-05T02:24:54+00:00", "shoeSize": "4Y", "productId": null, "skuUuid": "9460d2d9-2d35-42c0-b2f8-fbcca97c9f15", "state": "480", "customerId": null, "localAmount": 91, "localCurrency": "USD"}, {"chainId": "12532123975503150286", "amount": 159, "createdAt": "2017-06-02T17:52:14+00:00", "shoeSize": "7Y", "productId": null, "skuUuid": "2ccfbdcc-abba-4da2-9863-c2f9501922d7", "state": "480", "customerId": null, "localAmount": 159, "localCurrency": "USD"}, {"chainId": "12552237018304097815", "amount": 200, "createdAt": "2017-06-01T06:04:41+00:00", "shoeSize": "6Y", "productId": null, "skuUuid": "d2cfc4be-a16d-47c1-b30e-6240b734bd96", "state": "480", "customerId": null, "localAmount": 200, "localCurrency": "USD"}, {"chainId": "12530381517870745449", "amount": 155, "createdAt": "2017-05-27T22:45:50+00:00", "shoeSize": "7Y", "productId": null, "skuUuid": "2ccfbdcc-abba-4da2-9863-c2f9501922d7", "state": "480", "customerId": null, "localAmount": 155, "localCurrency": "USD"}, {"chainId": "12547896188003393184", "amount": 75, "createdAt": "2017-05-26T19:15:40+00:00", "shoeSize": "6.5Y", "productId": null, "skuUuid": "b12ca35d-d785-4f70-b083-78fc44f30b62", "state": "480", "customerId": null, "localAmount": 75, "localCurrency": "USD"}, {"chainId": "12547162465415973072", "amount": 200, "createdAt": "2017-05-24T20:53:46+00:00", "shoeSize": "5.5Y", "productId": null, "skuUuid": "353b0bd7-5d1d-4abb-ae13-aeb0671c88c0", "state": "480", "customerId": null, "localAmount": 200, "localCurrency": "USD"}, {"chainId": "12545955459973118002", "amount": 200, "createdAt": "2017-05-23T15:32:10+00:00", "shoeSize": "7Y", "productId": null, "skuUuid": "2ccfbdcc-abba-4da2-9863-c2f9501922d7", "state": "480", "customerId": null, "localAmount": 200, "localCurrency": "USD"}, {"chainId": "12544745045292234423", "amount": 200, "createdAt": "2017-05-21T14:08:20+00:00", "shoeSize": "6.5Y", "productId": null, "skuUuid": "b12ca35d-d785-4f70-b083-78fc44f30b62", "state": "480", "customerId": null, "localAmount": 200, "localCurrency": "USD"}, {"chainId": "12543780559796716804", "amount": 200, "createdAt": "2017-05-20T08:05:22+00:00", "shoeSize": "6Y", "productId": null, "skuUuid": "d2cfc4be-a16d-47c1-b30e-6240b734bd96", "state": "480", "customerId": null, "localAmount": 200, "localCurrency": "USD"}, {"chainId": "12543780559885858830", "amount": 200, "createdAt": "2017-05-20T06:23:43+00:00", "shoeSize": "6Y", "productId": null, "skuUuid": "d2cfc4be-a16d-47c1-b30e-6240b734bd96", "state": "480", "customerId": null, "localAmount": 200, "localCurrency": "USD"}, {"chainId": "12543055503923237827", "amount": 200, "createdAt": "2017-05-19T16:15:05+00:00", "shoeSize": "7Y", "productId": null, "skuUuid": "2ccfbdcc-abba-4da2-9863-c2f9501922d7", "state": "480", "customerId": null, "localAmount": 200, "localCurrency": "USD"}, {"chainId": "12543055504032062046", "amount": 200, "createdAt": "2017-05-19T13:00:23+00:00", "shoeSize": "7Y", "productId": null, "skuUuid": "2ccfbdcc-abba-4da2-9863-c2f9501922d7", "state": "480", "customerId": null, "localAmount": 200, "localCurrency": "USD"}, {"chainId": "12540543887018781843", "amount": 100, "createdAt": "2017-05-16T15:42:11+00:00", "shoeSize": "6.5Y", "productId": null, "skuUuid": "b12ca35d-d785-4f70-b083-78fc44f30b62", "state": "480", "customerId": null, "localAmount": 100, "localCurrency": "USD"}, {"chainId": "12535777544971063063", "amount": 145, "createdAt": "2017-05-12T03:49:35+00:00", "shoeSize": "4Y", "productId": null, "skuUuid": "9460d2d9-2d35-42c0-b2f8-fbcca97c9f15", "state": "480", "customerId": null, "localAmount": 145, "localCurrency": "USD"}, {"chainId": "12534044741204010073", "amount": 140, "createdAt": "2017-05-07T23:06:59+00:00", "shoeSize": "7Y", "productId": null, "skuUuid": "2ccfbdcc-abba-4da2-9863-c2f9501922d7", "state": "480", "customerId": null, "localAmount": 140, "localCurrency": "USD"}, {"chainId": "12530381314208091528", "amount": 139, "createdAt": "2017-05-06T17:52:38+00:00", "shoeSize": "6Y", "productId": null, "skuUuid": "d2cfc4be-a16d-47c1-b30e-6240b734bd96", "state": "480", "customerId": null, "localAmount": 139, "localCurrency": "USD"}, {"chainId": "12530380979369688529", "amount": 155, "createdAt": "2017-05-04T14:37:46+00:00", "shoeSize": "5Y", "productId": null, "skuUuid": "57ec8762-ef03-4ca2-aa51-cbb4fa3f557e", "state": "480", "customerId": null, "localAmount": 155, "localCurrency": "USD"}, {"chainId": "12524242808999572477", "amount": 140, "createdAt": "2017-05-02T12:24:54+00:00", "shoeSize": "6.5Y", "productId": null, "skuUuid": "b12ca35d-d785-4f70-b083-78fc44f30b62", "state": "480", "customerId": null, "localAmount": 140, "localCurrency": "USD"}, {"chainId": "12520167162285593259", "amount": 140, "createdAt": "2017-05-01T17:22:11+00:00", "shoeSize": "7Y", "productId": null, "skuUuid": "2ccfbdcc-abba-4da2-9863-c2f9501922d7", "state": "480", "customerId": null, "localAmount": 140, "localCurrency": "USD"}, {"chainId": "12526672803210617736", "amount": 135, "createdAt": "2017-05-01T16:18:20+00:00", "shoeSize": "7Y", "productId": null, "skuUuid": "2ccfbdcc-abba-4da2-9863-c2f9501922d7", "state": "480", "customerId": null, "localAmount": 135, "localCurrency": "USD"}, {"chainId": "12525518467827685294", "amount": 140, "createdAt": "2017-04-28T19:28:05+00:00", "shoeSize": "6.5Y", "productId": null, "skuUuid": "b12ca35d-d785-4f70-b083-78fc44f30b62", "state": "480", "customerId": null, "localAmount": 140, "localCurrency": "USD"}, {"chainId": "12521329897043251863", "amount": 135, "createdAt": "2017-04-26T21:47:57+00:00", "shoeSize": "7Y", "productId": null, "skuUuid": "2ccfbdcc-abba-4da2-9863-c2f9501922d7", "state": "480", "customerId": null, "localAmount": 135, "localCurrency": "USD"}, {"chainId": "12524768889839552430", "amount": 135, "createdAt": "2017-04-25T23:35:06+00:00", "shoeSize": "6Y", "productId": null, "skuUuid": "d2cfc4be-a16d-47c1-b30e-6240b734bd96", "state": "480", "customerId": null, "localAmount": 135, "localCurrency": "USD"}, {"chainId": "12518291114362294017", "amount": 130, "createdAt": "2017-04-25T02:12:34+00:00", "shoeSize": "7Y", "productId": null, "skuUuid": "2ccfbdcc-abba-4da2-9863-c2f9501922d7", "state": "480", "customerId": null, "localAmount": 130, "localCurrency": "USD"}, {"chainId": "12518216412573369241", "amount": 160, "createdAt": "2017-04-15T22:42:41+00:00", "shoeSize": "7Y", "productId": null, "skuUuid": "2ccfbdcc-abba-4da2-9863-c2f9501922d7", "state": "480", "customerId": null, "localAmount": 160, "localCurrency": "USD"}, {"chainId": "12517561305940904000", "amount": 175, "createdAt": "2017-04-15T17:24:12+00:00", "shoeSize": "7Y", "productId": null, "skuUuid": "2ccfbdcc-abba-4da2-9863-c2f9501922d7", "state": "480", "customerId": null, "localAmount": 175, "localCurrency": "USD"}, {"chainId": "12518117524039649426", "amount": 130, "createdAt": "2017-04-15T17:05:02+00:00", "shoeSize": "6Y", "productId": null, "skuUuid": "d2cfc4be-a16d-47c1-b30e-6240b734bd96", "state": "480", "customerId": null, "localAmount": 130, "localCurrency": "USD"}, {"chainId": "12517980393995759222", "amount": 160, "createdAt": "2017-04-15T12:32:34+00:00", "shoeSize": "6.5Y", "productId": null, "skuUuid": "b12ca35d-d785-4f70-b083-78fc44f30b62", "state": "480", "customerId": null, "localAmount": 160, "localCurrency": "USD"}]