[{"chainId": "12682521875712108119", "amount": 271, "createdAt": "2017-11-29T23:05:14+00:00", "shoeSize": "10", "productId": null, "skuUuid": "aa7ddef3-e08f-4f11-9e7d-7fc4c0f86fe8", "state": "480", "customerId": null, "localAmount": 271, "localCurrency": "USD"}, {"chainId": "12682353850602374778", "amount": 265, "createdAt": "2017-11-29T23:03:27+00:00", "shoeSize": "10.5", "productId": null, "skuUuid": "772eb7aa-0a94-49b8-9acc-ef9c6f196572", "state": "480", "customerId": null, "localAmount": 265, "localCurrency": "USD"}, {"chainId": "12683543400706908746", "amount": 265, "createdAt": "2017-11-29T23:03:15+00:00", "shoeSize": "9", "productId": null, "skuUuid": "08bf05b8-53cd-439c-8a93-5544f7b96574", "state": "480", "customerId": null, "localAmount": 265, "localCurrency": "USD"}, {"chainId": "12682345690619773363", "amount": 270, "createdAt": "2017-11-29T22:58:58+00:00", "shoeSize": "10", "productId": null, "skuUuid": "aa7ddef3-e08f-4f11-9e7d-7fc4c0f86fe8", "state": "480", "customerId": null, "localAmount": 270, "localCurrency": "USD"}, {"chainId": "12683276365232991108", "amount": 272, "createdAt": "2017-11-29T22:45:12+00:00", "shoeSize": "12", "productId": null, "skuUuid": "46809f11-f27b-4731-af4e-c2e256f87680", "state": "480", "customerId": null, "localAmount": 272, "localCurrency": "USD"}, {"chainId": "12683511577858472411", "amount": 273, "createdAt": "2017-11-29T22:44:53+00:00", "shoeSize": "11", "productId": null, "skuUuid": "7ad75d0d-0c77-4ff9-9f30-0d413be4cc1f", "state": "480", "customerId": null, "localAmount": 273, "localCurrency": "USD"}, {"chainId": "12682344252372416029", "amount": 275, "createdAt": "2017-11-29T22:25:27+00:00", "shoeSize": "13", "productId": null, "skuUuid": "45760285-aa5a-4331-8658-0cb4f9c3e78c", "state": "480", "customerId": null, "localAmount": 275, "localCurrency": "USD"}, {"chainId": "12683380515988443580", "amount": 274, "createdAt": "2017-11-29T22:23:12+00:00", "shoeSize": "9.5", "productId": null, "skuUuid": "e619b375-62a4-4d01-982a-c49c2df1f1e1", "state": "480", "customerId": null, "localAmount": 274, "localCurrency": "USD"}, {"chainId": "12683506439478870620", "amount": 265, "createdAt": "2017-11-29T22:18:01+00:00", "shoeSize": "9", "productId": null, "skuUuid": "08bf05b8-53cd-439c-8a93-5544f7b96574", "state": "480", "customerId": null, "localAmount": 265, "localCurrency": "USD"}, {"chainId": "12682301461087554617", "amount": 274, "createdAt": "2017-11-29T22:14:11+00:00", "shoeSize": "9.5", "productId": null, "skuUuid": "e619b375-62a4-4d01-982a-c49c2df1f1e1", "state": "480", "customerId": null, "localAmount": 274, "localCurrency": "USD"}, {"chainId": "12683436648828718954", "amount": 270, "createdAt": "2017-11-29T21:58:22+00:00", "shoeSize": "12", "productId": null, "skuUuid": "46809f11-f27b-4731-af4e-c2e256f87680", "state": "480", "customerId": null, "localAmount": 270, "localCurrency": "USD"}, {"chainId": "12682723485313981194", "amount": 285, "createdAt": "2017-11-29T21:57:54+00:00", "shoeSize": "8.5", "productId": null, "skuUuid": "529b85b8-ae24-4939-a75b-8ac432f67dbd", "state": "480", "customerId": null, "localAmount": 285, "localCurrency": "USD"}, {"chainId": "12682743920320261561", "amount": 275, "createdAt": "2017-11-29T21:57:50+00:00", "shoeSize": "8.5", "productId": null, "skuUuid": "529b85b8-ae24-4939-a75b-8ac432f67dbd", "state": "480", "customerId": null, "localAmount": 275, "localCurrency": "USD"}, {"chainId": "12682430783755558776", "amount": 266, "createdAt": "2017-11-29T21:53:58+00:00", "shoeSize": "13", "productId": null, "skuUuid": "45760285-aa5a-4331-8658-0cb4f9c3e78c", "state": "480", "customerId": null, "localAmount": 266, "localCurrency": "USD"}, {"chainId": "12681266045747346456", "amount": 255, "createdAt": "2017-11-29T21:31:17+00:00", "shoeSize": "10", "productId": null, "skuUuid": "aa7ddef3-e08f-4f11-9e7d-7fc4c0f86fe8", "state": "480", "customerId": null, "localAmount": 255, "localCurrency": "USD"}, {"chainId": "12683471850308673525", "amount": 273, "createdAt": "2017-11-29T20:51:13+00:00", "shoeSize": "12", "productId": null, "skuUuid": "46809f11-f27b-4731-af4e-c2e256f87680", "state": "480", "customerId": null, "localAmount": 273, "localCurrency": "USD"}, {"chainId": "12682013774895406981", "amount": 270, "createdAt": "2017-11-29T20:38:17+00:00", "shoeSize": "8", "productId": null, "skuUuid": "419bc00e-dc9c-444c-bcb5-c44ebf034b6d", "state": "480", "customerId": null, "localAmount": 270, "localCurrency": "USD"}, {"chainId": "12683400097325171572", "amount": 274, "createdAt": "2017-11-29T19:40:09+00:00", "shoeSize": "11", "productId": null, "skuUuid": "7ad75d0d-0c77-4ff9-9f30-0d413be4cc1f", "state": "480", "customerId": null, "localAmount": 274, "localCurrency": "USD"}, {"chainId": "12682651146391394614", "amount": 305, "createdAt": "2017-11-29T19:35:01+00:00", "shoeSize": "16", "productId": null, "skuUuid": "3842fde1-91e8-4dd4-8ff1-251e741cd469", "state": "480", "customerId": null, "localAmount": 305, "localCurrency": "USD"}, {"chainId": "12683401553038422406", "amount": 260, "createdAt": "2017-11-29T19:15:11+00:00", "shoeSize": "11.5", "productId": null, "skuUuid": "1612a1de-f5a5-441f-ae3c-5280b266e0b4", "state": "480", "customerId": null, "localAmount": 260, "localCurrency": "USD"}, {"chainId": "12683237636353619323", "amount": 265, "createdAt": "2017-11-29T18:46:47+00:00", "shoeSize": "10.5", "productId": null, "skuUuid": "772eb7aa-0a94-49b8-9acc-ef9c6f196572", "state": "480", "customerId": null, "localAmount": 265, "localCurrency": "USD"}, {"chainId": "12681334536581155357", "amount": 267, "createdAt": "2017-11-29T17:50:39+00:00", "shoeSize": "10", "productId": null, "skuUuid": "aa7ddef3-e08f-4f11-9e7d-7fc4c0f86fe8", "state": "480", "customerId": null, "localAmount": 267, "localCurrency": "USD"}, {"chainId": "12682942414955168383", "amount": 269, "createdAt": "2017-11-29T17:32:20+00:00", "shoeSize": "9", "productId": null, "skuUuid": "08bf05b8-53cd-439c-8a93-5544f7b96574", "state": "480", "customerId": null, "localAmount": 269, "localCurrency": "USD"}, {"chainId": "12682140976614602633", "amount": 266, "createdAt": "2017-11-29T17:04:13+00:00", "shoeSize": "10", "productId": null, "skuUuid": "aa7ddef3-e08f-4f11-9e7d-7fc4c0f86fe8", "state": "480", "customerId": null, "localAmount": 266, "localCurrency": "USD"}, {"chainId": "12682600228156476424", "amount": 265, "createdAt": "2017-11-29T17:01:04+00:00", "shoeSize": "11", "productId": null, "skuUuid": "7ad75d0d-0c77-4ff9-9f30-0d413be4cc1f", "state": "480", "customerId": null, "localAmount": 265, "localCurrency": "USD"}, {"chainId": "12683310536482615470", "amount": 265, "createdAt": "2017-11-29T16:57:24+00:00", "shoeSize": "9", "productId": null, "skuUuid": "08bf05b8-53cd-439c-8a93-5544f7b96574", "state": "480", "customerId": null, "localAmount": 265, "localCurrency": "USD"}, {"chainId": "12682952095682497274", "amount": 256, "createdAt": "2017-11-29T16:56:28+00:00", "shoeSize": "10", "productId": null, "skuUuid": "aa7ddef3-e08f-4f11-9e7d-7fc4c0f86fe8", "state": "480", "customerId": null, "localAmount": 256, "localCurrency": "USD"}, {"chainId": "12683012910948043398", "amount": 264, "createdAt": "2017-11-29T16:53:18+00:00", "shoeSize": "10.5", "productId": null, "skuUuid": "772eb7aa-0a94-49b8-9acc-ef9c6f196572", "state": "480", "customerId": null, "localAmount": 264, "localCurrency": "USD"}, {"chainId": "12683310234629931867", "amount": 270, "createdAt": "2017-11-29T16:18:01+00:00", "shoeSize": "12", "productId": null, "skuUuid": "46809f11-f27b-4731-af4e-c2e256f87680", "state": "480", "customerId": null, "localAmount": 270, "localCurrency": "USD"}, {"chainId": "12683297456559521159", "amount": 260, "createdAt": "2017-11-29T14:48:00+00:00", "shoeSize": "10.5", "productId": null, "skuUuid": "772eb7aa-0a94-49b8-9acc-ef9c6f196572", "state": "480", "customerId": null, "localAmount": 260, "localCurrency": "USD"}, {"chainId": "12681261345107510814", "amount": 269, "createdAt": "2017-11-29T13:40:10+00:00", "shoeSize": "10.5", "productId": null, "skuUuid": "772eb7aa-0a94-49b8-9acc-ef9c6f196572", "state": "480", "customerId": null, "localAmount": 269, "localCurrency": "USD"}, {"chainId": "12682152862501847439", "amount": 275, "createdAt": "2017-11-29T06:11:25+00:00", "shoeSize": "14", "productId": null, "skuUuid": "8355355c-08eb-417d-ab86-8ac4a5f6157a", "state": "480", "customerId": null, "localAmount": 275, "localCurrency": "USD"}, {"chainId": "12682299608690904121", "amount": 270, "createdAt": "2017-11-29T05:56:46+00:00", "shoeSize": "14", "productId": null, "skuUuid": "8355355c-08eb-417d-ab86-8ac4a5f6157a", "state": "480", "customerId": null, "localAmount": 270, "localCurrency": "USD"}, {"chainId": "12682999096940887443", "amount": 270, "createdAt": "2017-11-29T04:55:20+00:00", "shoeSize": "12", "productId": null, "skuUuid": "46809f11-f27b-4731-af4e-c2e256f87680", "state": "480", "customerId": null, "localAmount": 270, "localCurrency": "USD"}, {"chainId": "12682892232094998393", "amount": 270, "createdAt": "2017-11-29T03:56:05+00:00", "shoeSize": "10.5", "productId": null, "skuUuid": "772eb7aa-0a94-49b8-9acc-ef9c6f196572", "state": "480", "customerId": null, "localAmount": 270, "localCurrency": "USD"}, {"chainId": "12682581664938265306", "amount": 283, "createdAt": "2017-11-29T03:34:09+00:00", "shoeSize": "12", "productId": null, "skuUuid": "46809f11-f27b-4731-af4e-c2e256f87680", "state": "480", "customerId": null, "localAmount": 283, "localCurrency": "USD"}, {"chainId": "12682899584037305781", "amount": 273, "createdAt": "2017-11-29T03:29:56+00:00", "shoeSize": "9.5", "productId": null, "skuUuid": "e619b375-62a4-4d01-982a-c49c2df1f1e1", "state": "480", "customerId": null, "localAmount": 273, "localCurrency": "USD"}, {"chainId": "12682346126078366496", "amount": 270, "createdAt": "2017-11-29T03:02:04+00:00", "shoeSize": "9.5", "productId": null, "skuUuid": "e619b375-62a4-4d01-982a-c49c2df1f1e1", "state": "480", "customerId": null, "localAmount": 270, "localCurrency": "USD"}, {"chainId": "12682345959753549343", "amount": 270, "createdAt": "2017-11-29T03:01:10+00:00", "shoeSize": "9", "productId": null, "skuUuid": "08bf05b8-53cd-439c-8a93-5544f7b96574", "state": "480", "customerId": null, "localAmount": 270, "localCurrency": "USD"}, {"chainId": "12682722906800671229", "amount": 283, "createdAt": "2017-11-29T02:45:05+00:00", "shoeSize": "12", "productId": null, "skuUuid": "46809f11-f27b-4731-af4e-c2e256f87680", "state": "480", "customerId": null, "localAmount": 283, "localCurrency": "USD"}, {"chainId": "12681491440299777637", "amount": 265, "createdAt": "2017-11-29T02:44:38+00:00", "shoeSize": "10", "productId": null, "skuUuid": "aa7ddef3-e08f-4f11-9e7d-7fc4c0f86fe8", "state": "480", "customerId": null, "localAmount": 265, "localCurrency": "USD"}, {"chainId": "12682288347793616191", "amount": 269, "createdAt": "2017-11-29T02:44:12+00:00", "shoeSize": "10", "productId": null, "skuUuid": "aa7ddef3-e08f-4f11-9e7d-7fc4c0f86fe8", "state": "480", "customerId": null, "localAmount": 269, "localCurrency": "USD"}, {"chainId": "12682913010704666725", "amount": 255, "createdAt": "2017-11-29T02:41:14+00:00", "shoeSize": "11", "productId": null, "skuUuid": "7ad75d0d-0c77-4ff9-9f30-0d413be4cc1f", "state": "480", "customerId": null, "localAmount": 255, "localCurrency": "USD"}, {"chainId": "12682926293811481410", "amount": 261, "createdAt": "2017-11-29T02:30:34+00:00", "shoeSize": "10.5", "productId": null, "skuUuid": "772eb7aa-0a94-49b8-9acc-ef9c6f196572", "state": "480", "customerId": null, "localAmount": 261, "localCurrency": "USD"}, {"chainId": "12682122033452983576", "amount": 254, "createdAt": "2017-11-29T02:14:44+00:00", "shoeSize": "11", "productId": null, "skuUuid": "7ad75d0d-0c77-4ff9-9f30-0d413be4cc1f", "state": "480", "customerId": null, "localAmount": 254, "localCurrency": "USD"}, {"chainId": "12682872390878771027", "amount": 268, "createdAt": "2017-11-29T01:50:40+00:00", "shoeSize": "11", "productId": null, "skuUuid": "7ad75d0d-0c77-4ff9-9f30-0d413be4cc1f", "state": "480", "customerId": null, "localAmount": 268, "localCurrency": "USD"}, {"chainId": "12682492863595140112", "amount": 270, "createdAt": "2017-11-29T01:47:57+00:00", "shoeSize": "10.5", "productId": null, "skuUuid": "772eb7aa-0a94-49b8-9acc-ef9c6f196572", "state": "480", "customerId": null, "localAmount": 270, "localCurrency": "USD"}, {"chainId": "12682776302737321149", "amount": 265, "createdAt": "2017-11-29T01:42:00+00:00", "shoeSize": "9", "productId": null, "skuUuid": "08bf05b8-53cd-439c-8a93-5544f7b96574", "state": "480", "customerId": null, "localAmount": 265, "localCurrency": "USD"}, {"chainId": "12682565132169252931", "amount": 274, "createdAt": "2017-11-29T01:06:56+00:00", "shoeSize": "13", "productId": null, "skuUuid": "45760285-aa5a-4331-8658-0cb4f9c3e78c", "state": "480", "customerId": null, "localAmount": 274, "localCurrency": "USD"}, {"chainId": "12682211192904084963", "amount": 275, "createdAt": "2017-11-29T00:43:44+00:00", "shoeSize": "11.5", "productId": null, "skuUuid": "1612a1de-f5a5-441f-ae3c-5280b266e0b4", "state": "480", "customerId": null, "localAmount": 275, "localCurrency": "USD"}, {"chainId": "12682870423025775647", "amount": 262, "createdAt": "2017-11-29T00:41:36+00:00", "shoeSize": "11.5", "productId": null, "skuUuid": "1612a1de-f5a5-441f-ae3c-5280b266e0b4", "state": "480", "customerId": null, "localAmount": 262, "localCurrency": "USD"}, {"chainId": "12682150058157145458", "amount": 270, "createdAt": "2017-11-29T00:35:21+00:00", "shoeSize": "13", "productId": null, "skuUuid": "45760285-aa5a-4331-8658-0cb4f9c3e78c", "state": "480", "customerId": null, "localAmount": 270, "localCurrency": "USD"}, {"chainId": "12681274530744244426", "amount": 305, "createdAt": "2017-11-29T00:23:18+00:00", "shoeSize": "16", "productId": null, "skuUuid": "3842fde1-91e8-4dd4-8ff1-251e741cd469", "state": "480", "customerId": null, "localAmount": 305, "localCurrency": "USD"}, {"chainId": "12682852067507630998", "amount": 280, "createdAt": "2017-11-29T00:03:08+00:00", "shoeSize": "7.5", "productId": null, "skuUuid": "bf53b94a-e341-46e1-9207-83de46d0e5e9", "state": "480", "customerId": null, "localAmount": 280, "localCurrency": "USD"}, {"chainId": "12682319640319888151", "amount": 270, "createdAt": "2017-11-28T23:48:44+00:00", "shoeSize": "8.5", "productId": null, "skuUuid": "529b85b8-ae24-4939-a75b-8ac432f67dbd", "state": "480", "customerId": null, "localAmount": 270, "localCurrency": "USD"}, {"chainId": "12681985373906246131", "amount": 251, "createdAt": "2017-11-28T23:18:57+00:00", "shoeSize": "9", "productId": null, "skuUuid": "08bf05b8-53cd-439c-8a93-5544f7b96574", "state": "480", "customerId": null, "localAmount": 251, "localCurrency": "USD"}, {"chainId": "12682409810136612352", "amount": 288, "createdAt": "2017-11-28T23:10:29+00:00", "shoeSize": "12", "productId": null, "skuUuid": "46809f11-f27b-4731-af4e-c2e256f87680", "state": "480", "customerId": null, "localAmount": 288, "localCurrency": "USD"}, {"chainId": "12682774472815683901", "amount": 272, "createdAt": "2017-11-28T22:52:06+00:00", "shoeSize": "11.5", "productId": null, "skuUuid": "1612a1de-f5a5-441f-ae3c-5280b266e0b4", "state": "480", "customerId": null, "localAmount": 272, "localCurrency": "USD"}, {"chainId": "12682610161682304613", "amount": 269, "createdAt": "2017-11-28T22:44:27+00:00", "shoeSize": "9.5", "productId": null, "skuUuid": "e619b375-62a4-4d01-982a-c49c2df1f1e1", "state": "480", "customerId": null, "localAmount": 269, "localCurrency": "USD"}, {"chainId": "12682191840121434027", "amount": 287, "createdAt": "2017-11-28T22:38:15+00:00", "shoeSize": "12", "productId": null, "skuUuid": "46809f11-f27b-4731-af4e-c2e256f87680", "state": "480", "customerId": null, "localAmount": 287, "localCurrency": "USD"}, {"chainId": "12682748687630124093", "amount": 265, "createdAt": "2017-11-28T22:13:21+00:00", "shoeSize": "11", "productId": null, "skuUuid": "7ad75d0d-0c77-4ff9-9f30-0d413be4cc1f", "state": "480", "customerId": null, "localAmount": 265, "localCurrency": "USD"}, {"chainId": "12682633975688158408", "amount": 258, "createdAt": "2017-11-28T21:10:32+00:00", "shoeSize": "9.5", "productId": null, "skuUuid": "e619b375-62a4-4d01-982a-c49c2df1f1e1", "state": "480", "customerId": null, "localAmount": 258, "localCurrency": "USD"}, {"chainId": "12682274270582899287", "amount": 270, "createdAt": "2017-11-28T20:57:24+00:00", "shoeSize": "10.5", "productId": null, "skuUuid": "772eb7aa-0a94-49b8-9acc-ef9c6f196572", "state": "480", "customerId": null, "localAmount": 270, "localCurrency": "USD"}, {"chainId": "12682217028199284310", "amount": 270, "createdAt": "2017-11-28T19:20:41+00:00", "shoeSize": "11.5", "productId": null, "skuUuid": "1612a1de-f5a5-441f-ae3c-5280b266e0b4", "state": "480", "customerId": null, "localAmount": 270, "localCurrency": "USD"}, {"chainId": "12682480103236224139", "amount": 269, "createdAt": "2017-11-28T19:05:43+00:00", "shoeSize": "13", "productId": null, "skuUuid": "45760285-aa5a-4331-8658-0cb4f9c3e78c", "state": "480", "customerId": null, "localAmount": 269, "localCurrency": "USD"}, {"chainId": "12682614187848791228", "amount": 285, "createdAt": "2017-11-28T18:20:43+00:00", "shoeSize": "12", "productId": null, "skuUuid": "46809f11-f27b-4731-af4e-c2e256f87680", "state": "480", "customerId": null, "localAmount": 285, "localCurrency": "USD"}, {"chainId": "12682679562146166521", "amount": 286, "createdAt": "2017-11-28T18:20:22+00:00", "shoeSize": "12", "productId": null, "skuUuid": "46809f11-f27b-4731-af4e-c2e256f87680", "state": "480", "customerId": null, "localAmount": 286, "localCurrency": "USD"}, {"chainId": "12681962651575858268", "amount": 264, "createdAt": "2017-11-28T17:47:52+00:00", "shoeSize": "9.5", "productId": null, "skuUuid": "e619b375-62a4-4d01-982a-c49c2df1f1e1", "state": "480", "customerId": null, "localAmount": 264, "localCurrency": "USD"}, {"chainId": "12682641440448114542", "amount": 260, "createdAt": "2017-11-28T17:35:42+00:00", "shoeSize": "9", "productId": null, "skuUuid": "08bf05b8-53cd-439c-8a93-5544f7b96574", "state": "480", "customerId": null, "localAmount": 260, "localCurrency": "USD"}, {"chainId": "12682613310593002418", "amount": 273, "createdAt": "2017-11-28T17:29:17+00:00", "shoeSize": "10", "productId": null, "skuUuid": "aa7ddef3-e08f-4f11-9e7d-7fc4c0f86fe8", "state": "480", "customerId": null, "localAmount": 273, "localCurrency": "USD"}, {"chainId": "12682623568375608121", "amount": 290, "createdAt": "2017-11-28T17:05:18+00:00", "shoeSize": "8.5", "productId": null, "skuUuid": "529b85b8-ae24-4939-a75b-8ac432f67dbd", "state": "480", "customerId": null, "localAmount": 290, "localCurrency": "USD"}, {"chainId": "12681326198905092777", "amount": 300, "createdAt": "2017-11-28T17:01:20+00:00", "shoeSize": "12", "productId": null, "skuUuid": "46809f11-f27b-4731-af4e-c2e256f87680", "state": "480", "customerId": null, "localAmount": 300, "localCurrency": "USD"}, {"chainId": "12682620953752996313", "amount": 275, "createdAt": "2017-11-28T16:24:14+00:00", "shoeSize": "8.5", "productId": null, "skuUuid": "529b85b8-ae24-4939-a75b-8ac432f67dbd", "state": "480", "customerId": null, "localAmount": 275, "localCurrency": "USD"}, {"chainId": "12682607763718525092", "amount": 270, "createdAt": "2017-11-28T15:57:42+00:00", "shoeSize": "11.5", "productId": null, "skuUuid": "1612a1de-f5a5-441f-ae3c-5280b266e0b4", "state": "480", "customerId": null, "localAmount": 270, "localCurrency": "USD"}, {"chainId": "12682578996985723193", "amount": 275, "createdAt": "2017-11-28T15:53:29+00:00", "shoeSize": "11", "productId": null, "skuUuid": "7ad75d0d-0c77-4ff9-9f30-0d413be4cc1f", "state": "480", "customerId": null, "localAmount": 275, "localCurrency": "USD"}, {"chainId": "12682239548389623223", "amount": 480, "createdAt": "2017-11-28T15:15:19+00:00", "shoeSize": "15", "productId": null, "skuUuid": "499e8e89-0eb9-4eab-9f88-85b9f8184f10", "state": "480", "customerId": null, "localAmount": 480, "localCurrency": "USD"}, {"chainId": "12682278069707880834", "amount": 425, "createdAt": "2017-11-28T14:30:53+00:00", "shoeSize": "15", "productId": null, "skuUuid": "499e8e89-0eb9-4eab-9f88-85b9f8184f10", "state": "480", "customerId": null, "localAmount": 425, "localCurrency": "USD"}, {"chainId": "12682561758312344051", "amount": 270, "createdAt": "2017-11-28T14:26:18+00:00", "shoeSize": "13", "productId": null, "skuUuid": "45760285-aa5a-4331-8658-0cb4f9c3e78c", "state": "480", "customerId": null, "localAmount": 270, "localCurrency": "USD"}, {"chainId": "12682332822073839058", "amount": 300, "createdAt": "2017-11-28T14:15:39+00:00", "shoeSize": "12", "productId": null, "skuUuid": "46809f11-f27b-4731-af4e-c2e256f87680", "state": "480", "customerId": null, "localAmount": 300, "localCurrency": "USD"}, {"chainId": "12682365938934277503", "amount": 280, "createdAt": "2017-11-28T13:52:06+00:00", "shoeSize": "10", "productId": null, "skuUuid": "aa7ddef3-e08f-4f11-9e7d-7fc4c0f86fe8", "state": "480", "customerId": null, "localAmount": 280, "localCurrency": "USD"}, {"chainId": "12682520553993018593", "amount": 276, "createdAt": "2017-11-28T13:04:26+00:00", "shoeSize": "11", "productId": null, "skuUuid": "7ad75d0d-0c77-4ff9-9f30-0d413be4cc1f", "state": "480", "customerId": null, "localAmount": 276, "localCurrency": "USD"}, {"chainId": "12682147098655249949", "amount": 271, "createdAt": "2017-11-28T12:05:18+00:00", "shoeSize": "13", "productId": null, "skuUuid": "45760285-aa5a-4331-8658-0cb4f9c3e78c", "state": "480", "customerId": null, "localAmount": 271, "localCurrency": "USD"}, {"chainId": "12681288683175339214", "amount": 274, "createdAt": "2017-11-28T10:42:18+00:00", "shoeSize": "11.5", "productId": null, "skuUuid": "1612a1de-f5a5-441f-ae3c-5280b266e0b4", "state": "480", "customerId": null, "localAmount": 274, "localCurrency": "USD"}, {"chainId": "12682282349834036890", "amount": 280, "createdAt": "2017-11-28T10:02:10+00:00", "shoeSize": "10", "productId": null, "skuUuid": "aa7ddef3-e08f-4f11-9e7d-7fc4c0f86fe8", "state": "480", "customerId": null, "localAmount": 280, "localCurrency": "USD"}, {"chainId": "12682234227296034652", "amount": 275, "createdAt": "2017-11-28T09:28:10+00:00", "shoeSize": "13", "productId": null, "skuUuid": "45760285-aa5a-4331-8658-0cb4f9c3e78c", "state": "480", "customerId": null, "localAmount": 275, "localCurrency": "USD"}, {"chainId": "12682081809420811739", "amount": 280, "createdAt": "2017-11-28T06:21:00+00:00", "shoeSize": "12", "productId": null, "skuUuid": "46809f11-f27b-4731-af4e-c2e256f87680", "state": "480", "customerId": null, "localAmount": 280, "localCurrency": "USD"}, {"chainId": "12681965295378228636", "amount": 270, "createdAt": "2017-11-28T05:57:43+00:00", "shoeSize": "11.5", "productId": null, "skuUuid": "1612a1de-f5a5-441f-ae3c-5280b266e0b4", "state": "480", "customerId": null, "localAmount": 270, "localCurrency": "USD"}, {"chainId": "12678945227070717012", "amount": 265, "createdAt": "2017-11-28T05:34:58+00:00", "shoeSize": "9.5", "productId": null, "skuUuid": "e619b375-62a4-4d01-982a-c49c2df1f1e1", "state": "480", "customerId": null, "localAmount": 265, "localCurrency": "USD"}, {"chainId": "12681965220127025606", "amount": 390, "createdAt": "2017-11-28T05:01:14+00:00", "shoeSize": "15", "productId": null, "skuUuid": "499e8e89-0eb9-4eab-9f88-85b9f8184f10", "state": "480", "customerId": null, "localAmount": 390, "localCurrency": "USD"}, {"chainId": "12682209481262483140", "amount": 275, "createdAt": "2017-11-28T04:55:09+00:00", "shoeSize": "13", "productId": null, "skuUuid": "45760285-aa5a-4331-8658-0cb4f9c3e78c", "state": "480", "customerId": null, "localAmount": 275, "localCurrency": "USD"}, {"chainId": "12682176864879174204", "amount": 284, "createdAt": "2017-11-28T04:09:17+00:00", "shoeSize": "13", "productId": null, "skuUuid": "45760285-aa5a-4331-8658-0cb4f9c3e78c", "state": "480", "customerId": null, "localAmount": 284, "localCurrency": "USD"}, {"chainId": "12682218799901731980", "amount": 275, "createdAt": "2017-11-28T03:04:54+00:00", "shoeSize": "10.5", "productId": null, "skuUuid": "772eb7aa-0a94-49b8-9acc-ef9c6f196572", "state": "480", "customerId": null, "localAmount": 275, "localCurrency": "USD"}, {"chainId": "12682210597275203521", "amount": 280, "createdAt": "2017-11-28T02:52:22+00:00", "shoeSize": "11", "productId": null, "skuUuid": "7ad75d0d-0c77-4ff9-9f30-0d413be4cc1f", "state": "480", "customerId": null, "localAmount": 280, "localCurrency": "USD"}, {"chainId": "12682064900991492150", "amount": 281, "createdAt": "2017-11-28T02:52:04+00:00", "shoeSize": "10.5", "productId": null, "skuUuid": "772eb7aa-0a94-49b8-9acc-ef9c6f196572", "state": "480", "customerId": null, "localAmount": 281, "localCurrency": "USD"}, {"chainId": "12682196318694127913", "amount": 281, "createdAt": "2017-11-28T02:20:16+00:00", "shoeSize": "11", "productId": null, "skuUuid": "7ad75d0d-0c77-4ff9-9f30-0d413be4cc1f", "state": "480", "customerId": null, "localAmount": 281, "localCurrency": "USD"}, {"chainId": "12682045997300935205", "amount": 275, "createdAt": "2017-11-28T01:28:38+00:00", "shoeSize": "9.5", "productId": null, "skuUuid": "e619b375-62a4-4d01-982a-c49c2df1f1e1", "state": "480", "customerId": null, "localAmount": 275, "localCurrency": "USD"}, {"chainId": "12682170220536238013", "amount": 290, "createdAt": "2017-11-28T01:28:23+00:00", "shoeSize": "8.5", "productId": null, "skuUuid": "529b85b8-ae24-4939-a75b-8ac432f67dbd", "state": "480", "customerId": null, "localAmount": 290, "localCurrency": "USD"}, {"chainId": "12682160246232018222", "amount": 271, "createdAt": "2017-11-28T01:08:36+00:00", "shoeSize": "9.5", "productId": null, "skuUuid": "e619b375-62a4-4d01-982a-c49c2df1f1e1", "state": "480", "customerId": null, "localAmount": 271, "localCurrency": "USD"}, {"chainId": "12682077437607757387", "amount": 299, "createdAt": "2017-11-28T00:31:28+00:00", "shoeSize": "11", "productId": null, "skuUuid": "7ad75d0d-0c77-4ff9-9f30-0d413be4cc1f", "state": "480", "customerId": null, "localAmount": 299, "localCurrency": "USD"}, {"chainId": "12682138095747204583", "amount": 270, "createdAt": "2017-11-28T00:24:33+00:00", "shoeSize": "9.5", "productId": null, "skuUuid": "e619b375-62a4-4d01-982a-c49c2df1f1e1", "state": "480", "customerId": null, "localAmount": 270, "localCurrency": "USD"}, {"chainId": "12682137933222326945", "amount": 260, "createdAt": "2017-11-28T00:24:14+00:00", "shoeSize": "9", "productId": null, "skuUuid": "08bf05b8-53cd-439c-8a93-5544f7b96574", "state": "480", "customerId": null, "localAmount": 260, "localCurrency": "USD"}, {"chainId": "12682137842802189085", "amount": 281, "createdAt": "2017-11-28T00:24:03+00:00", "shoeSize": "8.5", "productId": null, "skuUuid": "529b85b8-ae24-4939-a75b-8ac432f67dbd", "state": "480", "customerId": null, "localAmount": 281, "localCurrency": "USD"}, {"chainId": "12682125020331704015", "amount": 290, "createdAt": "2017-11-28T00:20:52+00:00", "shoeSize": "11", "productId": null, "skuUuid": "7ad75d0d-0c77-4ff9-9f30-0d413be4cc1f", "state": "480", "customerId": null, "localAmount": 290, "localCurrency": "USD"}, {"chainId": "12682117260863210595", "amount": 291, "createdAt": "2017-11-27T23:43:12+00:00", "shoeSize": "10", "productId": null, "skuUuid": "aa7ddef3-e08f-4f11-9e7d-7fc4c0f86fe8", "state": "480", "customerId": null, "localAmount": 291, "localCurrency": "USD"}, {"chainId": "12682050831708832510", "amount": 305, "createdAt": "2017-11-27T21:35:05+00:00", "shoeSize": "11", "productId": null, "skuUuid": "7ad75d0d-0c77-4ff9-9f30-0d413be4cc1f", "state": "480", "customerId": null, "localAmount": 305, "localCurrency": "USD"}, {"chainId": "12682044861990007588", "amount": 296, "createdAt": "2017-11-27T21:19:19+00:00", "shoeSize": "10.5", "productId": null, "skuUuid": "772eb7aa-0a94-49b8-9acc-ef9c6f196572", "state": "480", "customerId": null, "localAmount": 296, "localCurrency": "USD"}, {"chainId": "12681985518878781030", "amount": 300, "createdAt": "2017-11-27T19:47:11+00:00", "shoeSize": "10", "productId": null, "skuUuid": "aa7ddef3-e08f-4f11-9e7d-7fc4c0f86fe8", "state": "480", "customerId": null, "localAmount": 300, "localCurrency": "USD"}, {"chainId": "12681339744917827619", "amount": 340, "createdAt": "2017-11-27T18:40:38+00:00", "shoeSize": "12", "productId": null, "skuUuid": "46809f11-f27b-4731-af4e-c2e256f87680", "state": "480", "customerId": null, "localAmount": 340, "localCurrency": "USD"}, {"chainId": "12681292091517600153", "amount": 302, "createdAt": "2017-11-27T06:39:18+00:00", "shoeSize": "9", "productId": null, "skuUuid": "08bf05b8-53cd-439c-8a93-5544f7b96574", "state": "480", "customerId": null, "localAmount": 302, "localCurrency": "USD"}, {"chainId": "12681334510886217677", "amount": 338, "createdAt": "2017-11-27T03:14:27+00:00", "shoeSize": "11", "productId": null, "skuUuid": "7ad75d0d-0c77-4ff9-9f30-0d413be4cc1f", "state": "480", "customerId": null, "localAmount": 338, "localCurrency": "USD"}, {"chainId": "12681288790918882221", "amount": 294, "createdAt": "2017-11-27T03:05:50+00:00", "shoeSize": "11.5", "productId": null, "skuUuid": "1612a1de-f5a5-441f-ae3c-5280b266e0b4", "state": "480", "customerId": null, "localAmount": 294, "localCurrency": "USD"}, {"chainId": "12681372873586487428", "amount": 350, "createdAt": "2017-11-27T01:21:34+00:00", "shoeSize": "7", "productId": null, "skuUuid": "136026da-fd3c-4cc2-82cb-2fd2f51e6b07", "state": "480", "customerId": null, "localAmount": 350, "localCurrency": "USD"}, {"chainId": "12681394423818484006", "amount": 310, "createdAt": "2017-11-27T00:14:49+00:00", "shoeSize": "9", "productId": null, "skuUuid": "08bf05b8-53cd-439c-8a93-5544f7b96574", "state": "480", "customerId": null, "localAmount": 310, "localCurrency": "USD"}, {"chainId": "12681285185260178197", "amount": 340, "createdAt": "2017-11-26T21:27:35+00:00", "shoeSize": "12", "productId": null, "skuUuid": "46809f11-f27b-4731-af4e-c2e256f87680", "state": "480", "customerId": null, "localAmount": 340, "localCurrency": "USD"}, {"chainId": "12681287710056932292", "amount": 305, "createdAt": "2017-11-26T20:15:24+00:00", "shoeSize": "11.5", "productId": null, "skuUuid": "1612a1de-f5a5-441f-ae3c-5280b266e0b4", "state": "480", "customerId": null, "localAmount": 305, "localCurrency": "USD"}, {"chainId": "12681286599153321750", "amount": 300, "createdAt": "2017-11-26T20:13:05+00:00", "shoeSize": "12", "productId": null, "skuUuid": "46809f11-f27b-4731-af4e-c2e256f87680", "state": "480", "customerId": null, "localAmount": 300, "localCurrency": "USD"}, {"chainId": "12681283508357386134", "amount": 305, "createdAt": "2017-11-26T20:06:41+00:00", "shoeSize": "9", "productId": null, "skuUuid": "08bf05b8-53cd-439c-8a93-5544f7b96574", "state": "480", "customerId": null, "localAmount": 305, "localCurrency": "USD"}, {"chainId": "12677552118755873841", "amount": 315, "createdAt": "2017-11-26T20:04:27+00:00", "shoeSize": "10.5", "productId": null, "skuUuid": "772eb7aa-0a94-49b8-9acc-ef9c6f196572", "state": "480", "customerId": null, "localAmount": 315, "localCurrency": "USD"}, {"chainId": "12681279856171252985", "amount": 300, "createdAt": "2017-11-26T19:59:29+00:00", "shoeSize": "11", "productId": null, "skuUuid": "7ad75d0d-0c77-4ff9-9f30-0d413be4cc1f", "state": "480", "customerId": null, "localAmount": 300, "localCurrency": "USD"}, {"chainId": "12681276384661851906", "amount": 300, "createdAt": "2017-11-26T19:52:29+00:00", "shoeSize": "13", "productId": null, "skuUuid": "45760285-aa5a-4331-8658-0cb4f9c3e78c", "state": "480", "customerId": null, "localAmount": 300, "localCurrency": "USD"}, {"chainId": "12681271970512782225", "amount": 310, "createdAt": "2017-11-26T19:43:47+00:00", "shoeSize": "9", "productId": null, "skuUuid": "08bf05b8-53cd-439c-8a93-5544f7b96574", "state": "480", "customerId": null, "localAmount": 310, "localCurrency": "USD"}, {"chainId": "12681264521695477961", "amount": 315, "createdAt": "2017-11-26T19:28:55+00:00", "shoeSize": "11.5", "productId": null, "skuUuid": "1612a1de-f5a5-441f-ae3c-5280b266e0b4", "state": "480", "customerId": null, "localAmount": 315, "localCurrency": "USD"}, {"chainId": "12681262710244091791", "amount": 315, "createdAt": "2017-11-26T19:25:37+00:00", "shoeSize": "13", "productId": null, "skuUuid": "45760285-aa5a-4331-8658-0cb4f9c3e78c", "state": "480", "customerId": null, "localAmount": 315, "localCurrency": "USD"}, {"chainId": "12681262582595763878", "amount": 320, "createdAt": "2017-11-26T19:25:06+00:00", "shoeSize": "13", "productId": null, "skuUuid": "45760285-aa5a-4331-8658-0cb4f9c3e78c", "state": "480", "customerId": null, "localAmount": 320, "localCurrency": "USD"}, {"chainId": "12679957646385822499", "amount": 330, "createdAt": "2017-11-26T03:43:46+00:00", "shoeSize": "9.5", "productId": null, "skuUuid": "e619b375-62a4-4d01-982a-c49c2df1f1e1", "state": "480", "customerId": null, "localAmount": 330, "localCurrency": "USD"}, {"chainId": "12678587427648220430", "amount": 310, "createdAt": "2017-11-26T02:40:56+00:00", "shoeSize": "9.5", "productId": null, "skuUuid": "e619b375-62a4-4d01-982a-c49c2df1f1e1", "state": "480", "customerId": null, "localAmount": 310, "localCurrency": "USD"}, {"chainId": "12680040639457185147", "amount": 301, "createdAt": "2017-11-26T00:15:57+00:00", "shoeSize": "10.5", "productId": null, "skuUuid": "772eb7aa-0a94-49b8-9acc-ef9c6f196572", "state": "480", "customerId": null, "localAmount": 301, "localCurrency": "USD"}, {"chainId": "12680592962133042718", "amount": 320, "createdAt": "2017-11-25T21:14:41+00:00", "shoeSize": "12", "productId": null, "skuUuid": "46809f11-f27b-4731-af4e-c2e256f87680", "state": "480", "customerId": null, "localAmount": 320, "localCurrency": "USD"}, {"chainId": "12679413356986098396", "amount": 330, "createdAt": "2017-11-25T21:13:44+00:00", "shoeSize": "11.5", "productId": null, "skuUuid": "1612a1de-f5a5-441f-ae3c-5280b266e0b4", "state": "480", "customerId": null, "localAmount": 330, "localCurrency": "USD"}, {"chainId": "12679927446462637928", "amount": 339, "createdAt": "2017-11-25T20:34:44+00:00", "shoeSize": "11", "productId": null, "skuUuid": "7ad75d0d-0c77-4ff9-9f30-0d413be4cc1f", "state": "480", "customerId": null, "localAmount": 339, "localCurrency": "USD"}, {"chainId": "12679084348582841128", "amount": 315, "createdAt": "2017-11-25T17:57:20+00:00", "shoeSize": "9.5", "productId": null, "skuUuid": "e619b375-62a4-4d01-982a-c49c2df1f1e1", "state": "480", "customerId": null, "localAmount": 315, "localCurrency": "USD"}, {"chainId": "12680137346041122316", "amount": 350, "createdAt": "2017-11-25T16:56:06+00:00", "shoeSize": "10", "productId": null, "skuUuid": "aa7ddef3-e08f-4f11-9e7d-7fc4c0f86fe8", "state": "480", "customerId": null, "localAmount": 350, "localCurrency": "USD"}, {"chainId": "12680353016681452094", "amount": 325, "createdAt": "2017-11-25T13:17:57+00:00", "shoeSize": "12", "productId": null, "skuUuid": "46809f11-f27b-4731-af4e-c2e256f87680", "state": "480", "customerId": null, "localAmount": 325, "localCurrency": "USD"}, {"chainId": "12680137799287570471", "amount": 335, "createdAt": "2017-11-25T13:13:50+00:00", "shoeSize": "11", "productId": null, "skuUuid": "7ad75d0d-0c77-4ff9-9f30-0d413be4cc1f", "state": "480", "customerId": null, "localAmount": 335, "localCurrency": "USD"}, {"chainId": "12679612894342597079", "amount": 370, "createdAt": "2017-11-25T02:06:35+00:00", "shoeSize": "14", "productId": null, "skuUuid": "8355355c-08eb-417d-ab86-8ac4a5f6157a", "state": "480", "customerId": null, "localAmount": 370, "localCurrency": "USD"}, {"chainId": "12679180721305133315", "amount": 325, "createdAt": "2017-11-24T22:01:40+00:00", "shoeSize": "10.5", "productId": null, "skuUuid": "772eb7aa-0a94-49b8-9acc-ef9c6f196572", "state": "480", "customerId": null, "localAmount": 325, "localCurrency": "USD"}, {"chainId": "12679413433512651080", "amount": 340, "createdAt": "2017-11-24T20:33:32+00:00", "shoeSize": "12", "productId": null, "skuUuid": "46809f11-f27b-4731-af4e-c2e256f87680", "state": "480", "customerId": null, "localAmount": 340, "localCurrency": "USD"}, {"chainId": "12679324075107641193", "amount": 300, "createdAt": "2017-11-24T16:36:28+00:00", "shoeSize": "12", "productId": null, "skuUuid": "46809f11-f27b-4731-af4e-c2e256f87680", "state": "480", "customerId": null, "localAmount": 300, "localCurrency": "USD"}, {"chainId": "12679413277428484491", "amount": 335, "createdAt": "2017-11-24T12:46:17+00:00", "shoeSize": "11", "productId": null, "skuUuid": "7ad75d0d-0c77-4ff9-9f30-0d413be4cc1f", "state": "480", "customerId": null, "localAmount": 335, "localCurrency": "USD"}, {"chainId": "12679418653144862116", "amount": 370, "createdAt": "2017-11-24T09:49:34+00:00", "shoeSize": "14", "productId": null, "skuUuid": "8355355c-08eb-417d-ab86-8ac4a5f6157a", "state": "480", "customerId": null, "localAmount": 370, "localCurrency": "USD"}, {"chainId": "12679413600592538300", "amount": 355, "createdAt": "2017-11-24T06:20:36+00:00", "shoeSize": "14", "productId": null, "skuUuid": "8355355c-08eb-417d-ab86-8ac4a5f6157a", "state": "480", "customerId": null, "localAmount": 355, "localCurrency": "USD"}, {"chainId": "12678641849227526253", "amount": 345, "createdAt": "2017-11-24T05:31:21+00:00", "shoeSize": "13", "productId": null, "skuUuid": "45760285-aa5a-4331-8658-0cb4f9c3e78c", "state": "480", "customerId": null, "localAmount": 345, "localCurrency": "USD"}, {"chainId": "12679366933825976629", "amount": 290, "createdAt": "2017-11-24T04:38:45+00:00", "shoeSize": "12", "productId": null, "skuUuid": "46809f11-f27b-4731-af4e-c2e256f87680", "state": "480", "customerId": null, "localAmount": 290, "localCurrency": "USD"}, {"chainId": "12679352208823882105", "amount": 300, "createdAt": "2017-11-24T04:09:32+00:00", "shoeSize": "12", "productId": null, "skuUuid": "46809f11-f27b-4731-af4e-c2e256f87680", "state": "480", "customerId": null, "localAmount": 300, "localCurrency": "USD"}, {"chainId": "12679060350221332263", "amount": 350, "createdAt": "2017-11-24T03:09:10+00:00", "shoeSize": "10", "productId": null, "skuUuid": "aa7ddef3-e08f-4f11-9e7d-7fc4c0f86fe8", "state": "480", "customerId": null, "localAmount": 350, "localCurrency": "USD"}, {"chainId": "12678731529877974194", "amount": 390, "createdAt": "2017-11-24T01:06:24+00:00", "shoeSize": "11.5", "productId": null, "skuUuid": "1612a1de-f5a5-441f-ae3c-5280b266e0b4", "state": "480", "customerId": null, "localAmount": 390, "localCurrency": "USD"}, {"chainId": "12678713459965133819", "amount": 335, "createdAt": "2017-11-24T00:53:01+00:00", "shoeSize": "12", "productId": null, "skuUuid": "46809f11-f27b-4731-af4e-c2e256f87680", "state": "480", "customerId": null, "localAmount": 335, "localCurrency": "USD"}, {"chainId": "12679124137056763216", "amount": 310, "createdAt": "2017-11-23T20:36:21+00:00", "shoeSize": "10.5", "productId": null, "skuUuid": "772eb7aa-0a94-49b8-9acc-ef9c6f196572", "state": "480", "customerId": null, "localAmount": 310, "localCurrency": "USD"}, {"chainId": "12678696836430307877", "amount": 300, "createdAt": "2017-11-23T20:03:38+00:00", "shoeSize": "9", "productId": null, "skuUuid": "08bf05b8-53cd-439c-8a93-5544f7b96574", "state": "480", "customerId": null, "localAmount": 300, "localCurrency": "USD"}, {"chainId": "12678518391878201505", "amount": 350, "createdAt": "2017-11-23T19:03:39+00:00", "shoeSize": "11.5", "productId": null, "skuUuid": "1612a1de-f5a5-441f-ae3c-5280b266e0b4", "state": "480", "customerId": null, "localAmount": 350, "localCurrency": "USD"}, {"chainId": "12677860016818659731", "amount": 350, "createdAt": "2017-11-23T08:24:24+00:00", "shoeSize": "8", "productId": null, "skuUuid": "419bc00e-dc9c-444c-bcb5-c44ebf034b6d", "state": "480", "customerId": null, "localAmount": 350, "localCurrency": "USD"}, {"chainId": "12678671700334107332", "amount": 350, "createdAt": "2017-11-23T07:27:04+00:00", "shoeSize": "8.5", "productId": null, "skuUuid": "529b85b8-ae24-4939-a75b-8ac432f67dbd", "state": "480", "customerId": null, "localAmount": 350, "localCurrency": "USD"}, {"chainId": "12678678654470358050", "amount": 310, "createdAt": "2017-11-23T05:51:15+00:00", "shoeSize": "10.5", "productId": null, "skuUuid": "772eb7aa-0a94-49b8-9acc-ef9c6f196572", "state": "480", "customerId": null, "localAmount": 310, "localCurrency": "USD"}, {"chainId": "12678666852862779545", "amount": 320, "createdAt": "2017-11-23T05:27:51+00:00", "shoeSize": "13", "productId": null, "skuUuid": "45760285-aa5a-4331-8658-0cb4f9c3e78c", "state": "480", "customerId": null, "localAmount": 320, "localCurrency": "USD"}, {"chainId": "12678655946722024241", "amount": 321, "createdAt": "2017-11-23T05:06:08+00:00", "shoeSize": "9", "productId": null, "skuUuid": "08bf05b8-53cd-439c-8a93-5544f7b96574", "state": "480", "customerId": null, "localAmount": 321, "localCurrency": "USD"}, {"chainId": "12678650539791361071", "amount": 320, "createdAt": "2017-11-23T04:55:24+00:00", "shoeSize": "13", "productId": null, "skuUuid": "45760285-aa5a-4331-8658-0cb4f9c3e78c", "state": "480", "customerId": null, "localAmount": 320, "localCurrency": "USD"}, {"chainId": "12678649980476929223", "amount": 325, "createdAt": "2017-11-23T04:54:18+00:00", "shoeSize": "10.5", "productId": null, "skuUuid": "772eb7aa-0a94-49b8-9acc-ef9c6f196572", "state": "480", "customerId": null, "localAmount": 325, "localCurrency": "USD"}, {"chainId": "12677613897159491218", "amount": 395, "createdAt": "2017-11-22T22:21:49+00:00", "shoeSize": "10", "productId": null, "skuUuid": "aa7ddef3-e08f-4f11-9e7d-7fc4c0f86fe8", "state": "480", "customerId": null, "localAmount": 395, "localCurrency": "USD"}, {"chainId": "12678234641521489331", "amount": 350, "createdAt": "2017-11-22T22:19:10+00:00", "shoeSize": "11", "productId": null, "skuUuid": "7ad75d0d-0c77-4ff9-9f30-0d413be4cc1f", "state": "480", "customerId": null, "localAmount": 350, "localCurrency": "USD"}, {"chainId": "12677782947486350883", "amount": 400, "createdAt": "2017-11-22T20:17:33+00:00", "shoeSize": "9.5", "productId": null, "skuUuid": "e619b375-62a4-4d01-982a-c49c2df1f1e1", "state": "480", "customerId": null, "localAmount": 400, "localCurrency": "USD"}, {"chainId": "12677606473866198423", "amount": 337, "createdAt": "2017-11-22T00:37:17+00:00", "shoeSize": "11", "productId": null, "skuUuid": "7ad75d0d-0c77-4ff9-9f30-0d413be4cc1f", "state": "480", "customerId": null, "localAmount": 337, "localCurrency": "USD"}, {"chainId": "12674867704619016262", "amount": 400, "createdAt": "2017-11-21T22:54:32+00:00", "shoeSize": "9.5", "productId": null, "skuUuid": "e619b375-62a4-4d01-982a-c49c2df1f1e1", "state": "480", "customerId": null, "localAmount": 400, "localCurrency": "USD"}, {"chainId": "12674868409931720814", "amount": 400, "createdAt": "2017-11-21T20:04:43+00:00", "shoeSize": "8", "productId": null, "skuUuid": "419bc00e-dc9c-444c-bcb5-c44ebf034b6d", "state": "480", "customerId": null, "localAmount": 400, "localCurrency": "USD"}, {"chainId": "12675335815688315178", "amount": 400, "createdAt": "2017-11-21T13:49:58+00:00", "shoeSize": "10", "productId": null, "skuUuid": "aa7ddef3-e08f-4f11-9e7d-7fc4c0f86fe8", "state": "480", "customerId": null, "localAmount": 400, "localCurrency": "USD"}, {"chainId": "12675998647514831589", "amount": 338, "createdAt": "2017-11-20T01:08:06+00:00", "shoeSize": "12", "productId": null, "skuUuid": "46809f11-f27b-4731-af4e-c2e256f87680", "state": "480", "customerId": null, "localAmount": 338, "localCurrency": "USD"}, {"chainId": "12675653022370141013", "amount": 330, "createdAt": "2017-11-19T01:39:52+00:00", "shoeSize": "11", "productId": null, "skuUuid": "7ad75d0d-0c77-4ff9-9f30-0d413be4cc1f", "state": "480", "customerId": null, "localAmount": 330, "localCurrency": "USD"}, {"chainId": "12675652749983820110", "amount": 335, "createdAt": "2017-11-19T01:39:20+00:00", "shoeSize": "11.5", "productId": null, "skuUuid": "1612a1de-f5a5-441f-ae3c-5280b266e0b4", "state": "480", "customerId": null, "localAmount": 335, "localCurrency": "USD"}, {"chainId": "12674942054697091928", "amount": 300, "createdAt": "2017-11-18T02:07:20+00:00", "shoeSize": "10", "productId": null, "skuUuid": "aa7ddef3-e08f-4f11-9e7d-7fc4c0f86fe8", "state": "480", "customerId": null, "localAmount": 300, "localCurrency": "USD"}, {"chainId": "12674372671752356191", "amount": 356, "createdAt": "2017-11-17T07:16:06+00:00", "shoeSize": "12", "productId": null, "skuUuid": "46809f11-f27b-4731-af4e-c2e256f87680", "state": "480", "customerId": null, "localAmount": 356, "localCurrency": "USD"}, {"chainId": "12671407608787520687", "amount": 850, "createdAt": "2017-11-17T06:39:26+00:00", "shoeSize": "14", "productId": null, "skuUuid": "8355355c-08eb-417d-ab86-8ac4a5f6157a", "state": "480", "customerId": null, "localAmount": 850, "localCurrency": "USD"}, {"chainId": "12674202188475157803", "amount": 375, "createdAt": "2017-11-17T01:37:22+00:00", "shoeSize": "11", "productId": null, "skuUuid": "7ad75d0d-0c77-4ff9-9f30-0d413be4cc1f", "state": "480", "customerId": null, "localAmount": 375, "localCurrency": "USD"}, {"chainId": "12674201972663479815", "amount": 380, "createdAt": "2017-11-17T01:36:53+00:00", "shoeSize": "10.5", "productId": null, "skuUuid": "772eb7aa-0a94-49b8-9acc-ef9c6f196572", "state": "480", "customerId": null, "localAmount": 380, "localCurrency": "USD"}, {"chainId": "12674196626868613362", "amount": 400, "createdAt": "2017-11-17T01:26:16+00:00", "shoeSize": "13", "productId": null, "skuUuid": "45760285-aa5a-4331-8658-0cb4f9c3e78c", "state": "480", "customerId": null, "localAmount": 400, "localCurrency": "USD"}, {"chainId": "12674196282942848469", "amount": 376, "createdAt": "2017-11-17T01:25:35+00:00", "shoeSize": "11", "productId": null, "skuUuid": "7ad75d0d-0c77-4ff9-9f30-0d413be4cc1f", "state": "480", "customerId": null, "localAmount": 376, "localCurrency": "USD"}, {"chainId": "12674193874601667550", "amount": 401, "createdAt": "2017-11-17T01:20:48+00:00", "shoeSize": "13", "productId": null, "skuUuid": "45760285-aa5a-4331-8658-0cb4f9c3e78c", "state": "480", "customerId": null, "localAmount": 401, "localCurrency": "USD"}, {"chainId": "12674187257304968513", "amount": 390, "createdAt": "2017-11-17T01:07:40+00:00", "shoeSize": "11.5", "productId": null, "skuUuid": "1612a1de-f5a5-441f-ae3c-5280b266e0b4", "state": "480", "customerId": null, "localAmount": 390, "localCurrency": "USD"}, {"chainId": "12674185565757936259", "amount": 380, "createdAt": "2017-11-17T01:04:18+00:00", "shoeSize": "11", "productId": null, "skuUuid": "7ad75d0d-0c77-4ff9-9f30-0d413be4cc1f", "state": "480", "customerId": null, "localAmount": 380, "localCurrency": "USD"}, {"chainId": "12674183635951275088", "amount": 400, "createdAt": "2017-11-17T01:00:30+00:00", "shoeSize": "10.5", "productId": null, "skuUuid": "772eb7aa-0a94-49b8-9acc-ef9c6f196572", "state": "480", "customerId": null, "localAmount": 400, "localCurrency": "USD"}, {"chainId": "12671969227356377631", "amount": 345, "createdAt": "2017-11-16T07:35:52+00:00", "shoeSize": "8.5", "productId": null, "skuUuid": "529b85b8-ae24-4939-a75b-8ac432f67dbd", "state": "480", "customerId": null, "localAmount": 345, "localCurrency": "USD"}, {"chainId": "12667449773454964805", "amount": 550, "createdAt": "2017-11-16T03:47:48+00:00", "shoeSize": "10", "productId": null, "skuUuid": "aa7ddef3-e08f-4f11-9e7d-7fc4c0f86fe8", "state": "480", "customerId": null, "localAmount": 550, "localCurrency": "USD"}, {"chainId": "12673329411699032875", "amount": 320, "createdAt": "2017-11-16T03:15:48+00:00", "shoeSize": "9.5", "productId": null, "skuUuid": "e619b375-62a4-4d01-982a-c49c2df1f1e1", "state": "480", "customerId": null, "localAmount": 320, "localCurrency": "USD"}, {"chainId": "12673136090475109760", "amount": 350, "createdAt": "2017-11-15T14:19:15+00:00", "shoeSize": "8", "productId": null, "skuUuid": "419bc00e-dc9c-444c-bcb5-c44ebf034b6d", "state": "480", "customerId": null, "localAmount": 350, "localCurrency": "USD"}, {"chainId": "12669259771310833777", "amount": 379, "createdAt": "2017-11-15T09:15:52+00:00", "shoeSize": "10.5", "productId": null, "skuUuid": "772eb7aa-0a94-49b8-9acc-ef9c6f196572", "state": "480", "customerId": null, "localAmount": 379, "localCurrency": "USD"}, {"chainId": "12671053228114196423", "amount": 355, "createdAt": "2017-11-12T17:20:57+00:00", "shoeSize": "9", "productId": null, "skuUuid": "08bf05b8-53cd-439c-8a93-5544f7b96574", "state": "480", "customerId": null, "localAmount": 355, "localCurrency": "USD"}, {"chainId": "12671053045688492679", "amount": 390, "createdAt": "2017-11-12T17:20:39+00:00", "shoeSize": "10", "productId": null, "skuUuid": "aa7ddef3-e08f-4f11-9e7d-7fc4c0f86fe8", "state": "480", "customerId": null, "localAmount": 390, "localCurrency": "USD"}, {"chainId": "12671052473344540671", "amount": 377, "createdAt": "2017-11-12T17:19:24+00:00", "shoeSize": "9.5", "productId": null, "skuUuid": "e619b375-62a4-4d01-982a-c49c2df1f1e1", "state": "480", "customerId": null, "localAmount": 377, "localCurrency": "USD"}, {"chainId": "12669542383638269049", "amount": 390, "createdAt": "2017-11-10T15:19:13+00:00", "shoeSize": "11", "productId": null, "skuUuid": "7ad75d0d-0c77-4ff9-9f30-0d413be4cc1f", "state": "480", "customerId": null, "localAmount": 390, "localCurrency": "USD"}, {"chainId": "12666642576174213842", "amount": 420, "createdAt": "2017-11-10T14:59:12+00:00", "shoeSize": "11.5", "productId": null, "skuUuid": "1612a1de-f5a5-441f-ae3c-5280b266e0b4", "state": "480", "customerId": null, "localAmount": 420, "localCurrency": "USD"}, {"chainId": "12668938257243814443", "amount": 450, "createdAt": "2017-11-09T19:18:50+00:00", "shoeSize": "10", "productId": null, "skuUuid": "aa7ddef3-e08f-4f11-9e7d-7fc4c0f86fe8", "state": "480", "customerId": null, "localAmount": 450, "localCurrency": "USD"}, {"chainId": "12668918735394588509", "amount": 451, "createdAt": "2017-11-09T18:40:02+00:00", "shoeSize": "10", "productId": null, "skuUuid": "aa7ddef3-e08f-4f11-9e7d-7fc4c0f86fe8", "state": "480", "customerId": null, "localAmount": 451, "localCurrency": "USD"}, {"chainId": "12666795376752247722", "amount": 450, "createdAt": "2017-11-06T20:21:19+00:00", "shoeSize": "8", "productId": null, "skuUuid": "419bc00e-dc9c-444c-bcb5-c44ebf034b6d", "state": "480", "customerId": null, "localAmount": 450, "localCurrency": "USD"}, {"chainId": "12665370893692701800", "amount": 600, "createdAt": "2017-11-04T22:22:25+00:00", "shoeSize": "10", "productId": null, "skuUuid": "aa7ddef3-e08f-4f11-9e7d-7fc4c0f86fe8", "state": "480", "customerId": null, "localAmount": 600, "localCurrency": "USD"}, {"chainId": "12664411868057484795", "amount": 500, "createdAt": "2017-11-04T03:27:45+00:00", "shoeSize": "13", "productId": null, "skuUuid": "45760285-aa5a-4331-8658-0cb4f9c3e78c", "state": "480", "customerId": null, "localAmount": 500, "localCurrency": "USD"}, {"chainId": "12663258399661946196", "amount": 425, "createdAt": "2017-11-03T16:23:51+00:00", "shoeSize": "10.5", "productId": null, "skuUuid": "772eb7aa-0a94-49b8-9acc-ef9c6f196572", "state": "480", "customerId": null, "localAmount": 425, "localCurrency": "USD"}, {"chainId": "12663258264118800237", "amount": 425, "createdAt": "2017-11-02T05:30:21+00:00", "shoeSize": "10", "productId": null, "skuUuid": "aa7ddef3-e08f-4f11-9e7d-7fc4c0f86fe8", "state": "480", "customerId": null, "localAmount": 425, "localCurrency": "USD"}, {"chainId": "12663257770383594733", "amount": 425, "createdAt": "2017-11-01T23:25:19+00:00", "shoeSize": "8", "productId": null, "skuUuid": "419bc00e-dc9c-444c-bcb5-c44ebf034b6d", "state": "480", "customerId": null, "localAmount": 425, "localCurrency": "USD"}, {"chainId": "12663258486854468068", "amount": 425, "createdAt": "2017-11-01T23:15:21+00:00", "shoeSize": "11", "productId": null, "skuUuid": "7ad75d0d-0c77-4ff9-9f30-0d413be4cc1f", "state": "480", "customerId": null, "localAmount": 425, "localCurrency": "USD"}, {"chainId": "12662679051736191516", "amount": 381, "createdAt": "2017-11-01T04:02:57+00:00", "shoeSize": "11", "productId": null, "skuUuid": "7ad75d0d-0c77-4ff9-9f30-0d413be4cc1f", "state": "480", "customerId": null, "localAmount": 381, "localCurrency": "USD"}, {"chainId": "12662678628604493186", "amount": 400, "createdAt": "2017-11-01T04:02:33+00:00", "shoeSize": "10.5", "productId": null, "skuUuid": "772eb7aa-0a94-49b8-9acc-ef9c6f196572", "state": "480", "customerId": null, "localAmount": 400, "localCurrency": "USD"}, {"chainId": "12662447420373530538", "amount": 377, "createdAt": "2017-10-31T20:22:45+00:00", "shoeSize": "9.5", "productId": null, "skuUuid": "e619b375-62a4-4d01-982a-c49c2df1f1e1", "state": "480", "customerId": null, "localAmount": 377, "localCurrency": "USD"}, {"chainId": "12662403551588135891", "amount": 400, "createdAt": "2017-10-31T18:55:32+00:00", "shoeSize": "9.5", "productId": null, "skuUuid": "e619b375-62a4-4d01-982a-c49c2df1f1e1", "state": "480", "customerId": null, "localAmount": 400, "localCurrency": "USD"}, {"chainId": "12662402969029225310", "amount": 400, "createdAt": "2017-10-31T18:54:25+00:00", "shoeSize": "10", "productId": null, "skuUuid": "aa7ddef3-e08f-4f11-9e7d-7fc4c0f86fe8", "state": "480", "customerId": null, "localAmount": 400, "localCurrency": "USD"}, {"chainId": "12662402802845885766", "amount": 402, "createdAt": "2017-10-31T18:54:05+00:00", "shoeSize": "10.5", "productId": null, "skuUuid": "772eb7aa-0a94-49b8-9acc-ef9c6f196572", "state": "480", "customerId": null, "localAmount": 402, "localCurrency": "USD"}, {"chainId": "12653251853554129568", "amount": 400, "createdAt": "2017-10-30T20:06:43+00:00", "shoeSize": "10", "productId": null, "skuUuid": "aa7ddef3-e08f-4f11-9e7d-7fc4c0f86fe8", "state": "480", "customerId": null, "localAmount": 400, "localCurrency": "USD"}, {"chainId": "12656035510107627277", "amount": 500, "createdAt": "2017-10-29T20:40:36+00:00", "shoeSize": "13", "productId": null, "skuUuid": "45760285-aa5a-4331-8658-0cb4f9c3e78c", "state": "480", "customerId": null, "localAmount": 500, "localCurrency": "USD"}, {"chainId": "12651784234674175736", "amount": 475, "createdAt": "2017-10-26T03:48:32+00:00", "shoeSize": "9", "productId": null, "skuUuid": "08bf05b8-53cd-439c-8a93-5544f7b96574", "state": "480", "customerId": null, "localAmount": 475, "localCurrency": "USD"}, {"chainId": "12651392855212736912", "amount": 475, "createdAt": "2017-10-24T21:38:01+00:00", "shoeSize": "8.5", "productId": null, "skuUuid": "529b85b8-ae24-4939-a75b-8ac432f67dbd", "state": "480", "customerId": null, "localAmount": 475, "localCurrency": "USD"}, {"chainId": "12653652501346429793", "amount": 475, "createdAt": "2017-10-24T17:09:21+00:00", "shoeSize": "11", "productId": null, "skuUuid": "7ad75d0d-0c77-4ff9-9f30-0d413be4cc1f", "state": "480", "customerId": null, "localAmount": 475, "localCurrency": "USD"}, {"chainId": "12656729394761981517", "amount": 400, "createdAt": "2017-10-23T23:02:00+00:00", "shoeSize": "9.5", "productId": null, "skuUuid": "e619b375-62a4-4d01-982a-c49c2df1f1e1", "state": "480", "customerId": null, "localAmount": 400, "localCurrency": "USD"}, {"chainId": "12656109807603936887", "amount": 420, "createdAt": "2017-10-23T02:31:01+00:00", "shoeSize": "9.5", "productId": null, "skuUuid": "e619b375-62a4-4d01-982a-c49c2df1f1e1", "state": "480", "customerId": null, "localAmount": 420, "localCurrency": "USD"}, {"chainId": "12655774431572664633", "amount": 400, "createdAt": "2017-10-22T15:24:39+00:00", "shoeSize": "10", "productId": null, "skuUuid": "aa7ddef3-e08f-4f11-9e7d-7fc4c0f86fe8", "state": "480", "customerId": null, "localAmount": 400, "localCurrency": "USD"}, {"chainId": "12654671678006580163", "amount": 495, "createdAt": "2017-10-22T02:47:02+00:00", "shoeSize": "13", "productId": null, "skuUuid": "45760285-aa5a-4331-8658-0cb4f9c3e78c", "state": "480", "customerId": null, "localAmount": 495, "localCurrency": "USD"}, {"chainId": "12655221443116070827", "amount": 400, "createdAt": "2017-10-21T21:05:58+00:00", "shoeSize": "11", "productId": null, "skuUuid": "7ad75d0d-0c77-4ff9-9f30-0d413be4cc1f", "state": "480", "customerId": null, "localAmount": 400, "localCurrency": "USD"}, {"chainId": "12651393221846954024", "amount": 499, "createdAt": "2017-10-21T09:32:35+00:00", "shoeSize": "10", "productId": null, "skuUuid": "aa7ddef3-e08f-4f11-9e7d-7fc4c0f86fe8", "state": "480", "customerId": null, "localAmount": 499, "localCurrency": "USD"}, {"chainId": "12653555751385662242", "amount": 495, "createdAt": "2017-10-20T22:10:41+00:00", "shoeSize": "13", "productId": null, "skuUuid": "45760285-aa5a-4331-8658-0cb4f9c3e78c", "state": "480", "customerId": null, "localAmount": 495, "localCurrency": "USD"}, {"chainId": "12653313941393847167", "amount": 395, "createdAt": "2017-10-19T05:56:06+00:00", "shoeSize": "13", "productId": null, "skuUuid": "45760285-aa5a-4331-8658-0cb4f9c3e78c", "state": "480", "customerId": null, "localAmount": 395, "localCurrency": "USD"}, {"chainId": "12653048751223572189", "amount": 400, "createdAt": "2017-10-18T21:09:13+00:00", "shoeSize": "8", "productId": null, "skuUuid": "419bc00e-dc9c-444c-bcb5-c44ebf034b6d", "state": "480", "customerId": null, "localAmount": 400, "localCurrency": "USD"}, {"chainId": "12651392969713902316", "amount": 499, "createdAt": "2017-10-17T01:48:47+00:00", "shoeSize": "9", "productId": null, "skuUuid": "08bf05b8-53cd-439c-8a93-5544f7b96574", "state": "480", "customerId": null, "localAmount": 499, "localCurrency": "USD"}, {"chainId": "12651338408786956214", "amount": 602, "createdAt": "2017-10-16T12:31:05+00:00", "shoeSize": "10", "productId": null, "skuUuid": "aa7ddef3-e08f-4f11-9e7d-7fc4c0f86fe8", "state": "480", "customerId": null, "localAmount": 602, "localCurrency": "USD"}]