[{"chainId": "12979074931881584158", "amount": 205, "createdAt": "2019-01-23T18:19:47+00:00", "shoeSize": "4.5Y", "productId": null, "skuUuid": "182b2480-ad55-40f1-aa2a-e55fe9c3c4a1", "state": "480", "customerId": null, "localAmount": 205, "localCurrency": "USD"}, {"chainId": "12956476176415105406", "amount": 185, "createdAt": "2019-01-22T22:22:55+00:00", "shoeSize": "5Y", "productId": null, "skuUuid": "54c57068-8422-4711-923a-16e65eb4a48d", "state": "480", "customerId": null, "localAmount": 185, "localCurrency": "USD"}, {"chainId": "12984263801757242655", "amount": 240, "createdAt": "2019-01-18T20:54:26+00:00", "shoeSize": "6.5Y", "productId": null, "skuUuid": "1dffe4eb-f337-4c85-abf5-1169bd9fc335", "state": "480", "customerId": null, "localAmount": 240, "localCurrency": "USD"}, {"chainId": "12979929318000556959", "amount": 220, "createdAt": "2019-01-14T18:39:44+00:00", "shoeSize": "4.5Y", "productId": null, "skuUuid": "182b2480-ad55-40f1-aa2a-e55fe9c3c4a1", "state": "480", "customerId": null, "localAmount": 220, "localCurrency": "USD"}, {"chainId": "12972667459098605415", "amount": 268, "createdAt": "2019-01-13T01:10:50+00:00", "shoeSize": "9.5Y", "productId": null, "skuUuid": "77815792-7738-48ef-a542-dd2ca27ea01f", "state": "480", "customerId": null, "localAmount": 268, "localCurrency": "USD"}, {"chainId": "12977374417269913711", "amount": 188, "createdAt": "2019-01-10T11:29:40+00:00", "shoeSize": "7.5Y", "productId": null, "skuUuid": "0745b6e5-5cbe-43f1-9454-e2d63165a5ce", "state": "480", "customerId": null, "localAmount": 188, "localCurrency": "USD"}, {"chainId": "12974215228013337070", "amount": 186, "createdAt": "2019-01-08T18:57:07+00:00", "shoeSize": "6Y", "productId": null, "skuUuid": "a24657c7-cc87-4d4d-b79e-2b9bc1852838", "state": "480", "customerId": null, "localAmount": 186, "localCurrency": "USD"}, {"chainId": "12964053806697682972", "amount": 200, "createdAt": "2019-01-08T02:05:12+00:00", "shoeSize": "7Y", "productId": null, "skuUuid": "e737af2d-2f31-452f-8189-244f8041e29a", "state": "480", "customerId": null, "localAmount": 200, "localCurrency": "USD"}, {"chainId": "12972791857077919660", "amount": 275, "createdAt": "2019-01-07T04:19:06+00:00", "shoeSize": "9.5Y", "productId": null, "skuUuid": "77815792-7738-48ef-a542-dd2ca27ea01f", "state": "480", "customerId": null, "localAmount": 275, "localCurrency": "USD"}, {"chainId": "12973988823153477434", "amount": 190, "createdAt": "2019-01-04T16:39:53+00:00", "shoeSize": "5Y", "productId": null, "skuUuid": "54c57068-8422-4711-923a-16e65eb4a48d", "state": "480", "customerId": null, "localAmount": 190, "localCurrency": "USD"}, {"chainId": "12973988642505641597", "amount": 202, "createdAt": "2019-01-04T16:39:31+00:00", "shoeSize": "5Y", "productId": null, "skuUuid": "54c57068-8422-4711-923a-16e65eb4a48d", "state": "480", "customerId": null, "localAmount": 202, "localCurrency": "USD"}, {"chainId": "12973420850577153109", "amount": 200, "createdAt": "2019-01-03T21:51:25+00:00", "shoeSize": "5.5Y", "productId": null, "skuUuid": "11f149c7-c097-4939-b298-6a6164b01b85", "state": "480", "customerId": null, "localAmount": 200, "localCurrency": "USD"}, {"chainId": "12972708595661921451", "amount": 220, "createdAt": "2019-01-02T22:16:18+00:00", "shoeSize": "6Y", "productId": null, "skuUuid": "a24657c7-cc87-4d4d-b79e-2b9bc1852838", "state": "480", "customerId": null, "localAmount": 220, "localCurrency": "USD"}, {"chainId": "12972033062859558517", "amount": 201, "createdAt": "2019-01-02T20:45:43+00:00", "shoeSize": "5.5Y", "productId": null, "skuUuid": "11f149c7-c097-4939-b298-6a6164b01b85", "state": "480", "customerId": null, "localAmount": 201, "localCurrency": "USD"}, {"chainId": "12887671865251023280", "amount": 200, "createdAt": "2019-01-02T15:23:29+00:00", "shoeSize": "4Y", "productId": null, "skuUuid": "576211fc-6e9a-4798-b1a0-e08a19fe0e89", "state": "480", "customerId": null, "localAmount": 200, "localCurrency": "USD"}, {"chainId": "12956758674951899468", "amount": 282, "createdAt": "2018-12-31T22:29:39+00:00", "shoeSize": "9Y", "productId": null, "skuUuid": "3cdf1eac-90a8-4428-9a23-098aaba2b5dd", "state": "480", "customerId": null, "localAmount": 282, "localCurrency": "USD"}, {"chainId": "12961246463842621755", "amount": 171, "createdAt": "2018-12-28T23:19:45+00:00", "shoeSize": "4Y", "productId": null, "skuUuid": "576211fc-6e9a-4798-b1a0-e08a19fe0e89", "state": "480", "customerId": null, "localAmount": 171, "localCurrency": "USD"}, {"chainId": "12938535624990159419", "amount": 188, "createdAt": "2018-12-27T00:48:55+00:00", "shoeSize": "4.5Y", "productId": null, "skuUuid": "182b2480-ad55-40f1-aa2a-e55fe9c3c4a1", "state": "480", "customerId": null, "localAmount": 188, "localCurrency": "USD"}, {"chainId": "12966816557644347985", "amount": 250, "createdAt": "2018-12-26T22:16:51+00:00", "shoeSize": "7Y", "productId": null, "skuUuid": "e737af2d-2f31-452f-8189-244f8041e29a", "state": "480", "customerId": null, "localAmount": 250, "localCurrency": "USD"}, {"chainId": "12955905496562467893", "amount": 172, "createdAt": "2018-12-24T15:57:56+00:00", "shoeSize": "4.5Y", "productId": null, "skuUuid": "182b2480-ad55-40f1-aa2a-e55fe9c3c4a1", "state": "480", "customerId": null, "localAmount": 172, "localCurrency": "USD"}, {"chainId": "12956476848752880431", "amount": 274, "createdAt": "2018-12-18T09:44:21+00:00", "shoeSize": "7Y", "productId": null, "skuUuid": "e737af2d-2f31-452f-8189-244f8041e29a", "state": "480", "customerId": null, "localAmount": 274, "localCurrency": "USD"}, {"chainId": "12958434189071162155", "amount": 230, "createdAt": "2018-12-14T08:47:56+00:00", "shoeSize": "6Y", "productId": null, "skuUuid": "a24657c7-cc87-4d4d-b79e-2b9bc1852838", "state": "480", "customerId": null, "localAmount": 230, "localCurrency": "USD"}, {"chainId": "12955793080108297763", "amount": 350, "createdAt": "2018-12-10T15:15:18+00:00", "shoeSize": "6.5Y", "productId": null, "skuUuid": "1dffe4eb-f337-4c85-abf5-1169bd9fc335", "state": "480", "customerId": null, "localAmount": 350, "localCurrency": "USD"}, {"chainId": "12954630864481708892", "amount": 215, "createdAt": "2018-12-08T23:43:00+00:00", "shoeSize": "4.5Y", "productId": null, "skuUuid": "182b2480-ad55-40f1-aa2a-e55fe9c3c4a1", "state": "480", "customerId": null, "localAmount": 215, "localCurrency": "USD"}, {"chainId": "12952799764353335513", "amount": 200, "createdAt": "2018-12-06T22:05:58+00:00", "shoeSize": "7Y", "productId": null, "skuUuid": "e737af2d-2f31-452f-8189-244f8041e29a", "state": "480", "customerId": null, "localAmount": 200, "localCurrency": "USD"}, {"chainId": "12874270266777373736", "amount": 350, "createdAt": "2018-12-04T17:05:23+00:00", "shoeSize": "6Y", "productId": null, "skuUuid": "a24657c7-cc87-4d4d-b79e-2b9bc1852838", "state": "480", "customerId": null, "localAmount": 350, "localCurrency": "USD"}, {"chainId": "12917777815740698218", "amount": 298, "createdAt": "2018-11-26T01:56:23+00:00", "shoeSize": "5Y", "productId": null, "skuUuid": "54c57068-8422-4711-923a-16e65eb4a48d", "state": "480", "customerId": null, "localAmount": 298, "localCurrency": "USD"}, {"chainId": "12940772311585621905", "amount": 312, "createdAt": "2018-11-19T20:44:36+00:00", "shoeSize": "9Y", "productId": null, "skuUuid": "3cdf1eac-90a8-4428-9a23-098aaba2b5dd", "state": "480", "customerId": null, "localAmount": 312, "localCurrency": "USD"}, {"chainId": "12940060081989151308", "amount": 285, "createdAt": "2018-11-18T21:09:36+00:00", "shoeSize": "6Y", "productId": null, "skuUuid": "a24657c7-cc87-4d4d-b79e-2b9bc1852838", "state": "480", "customerId": null, "localAmount": 285, "localCurrency": "USD"}, {"chainId": "12824175820254650260", "amount": 264, "createdAt": "2018-11-02T08:39:28+00:00", "shoeSize": "5.5Y", "productId": null, "skuUuid": "11f149c7-c097-4939-b298-6a6164b01b85", "state": "480", "customerId": null, "localAmount": 264, "localCurrency": "USD"}, {"chainId": "12899303717739206298", "amount": 300, "createdAt": "2018-10-29T01:09:13+00:00", "shoeSize": "9.5Y", "productId": null, "skuUuid": "77815792-7738-48ef-a542-dd2ca27ea01f", "state": "480", "customerId": null, "localAmount": 300, "localCurrency": "USD"}, {"chainId": "12924203858263681202", "amount": 250, "createdAt": "2018-10-28T00:06:03+00:00", "shoeSize": "8Y", "productId": null, "skuUuid": "b3ffbb30-76e8-4454-bad3-1eeb8273ac35", "state": "480", "customerId": null, "localAmount": 250, "localCurrency": "USD"}, {"chainId": "12919452229728008028", "amount": 138, "createdAt": "2018-10-25T21:43:36+00:00", "shoeSize": "3.5Y", "productId": null, "skuUuid": "d99914c9-587f-4fd7-b06f-5ed26ade5b87", "state": "480", "customerId": null, "localAmount": 138, "localCurrency": "USD"}, {"chainId": "12920947878491521375", "amount": 265, "createdAt": "2018-10-24T15:48:44+00:00", "shoeSize": "8.5Y", "productId": null, "skuUuid": "57f4fa42-2248-49e3-bc66-b59eed464dd8", "state": "480", "customerId": null, "localAmount": 265, "localCurrency": "USD"}, {"chainId": "12919867510130969822", "amount": 335, "createdAt": "2018-10-22T00:53:05+00:00", "shoeSize": "6Y", "productId": null, "skuUuid": "a24657c7-cc87-4d4d-b79e-2b9bc1852838", "state": "480", "customerId": null, "localAmount": 335, "localCurrency": "USD"}, {"chainId": "12894969039143595348", "amount": 200, "createdAt": "2018-10-16T02:58:17+00:00", "shoeSize": "5Y", "productId": null, "skuUuid": "54c57068-8422-4711-923a-16e65eb4a48d", "state": "480", "customerId": null, "localAmount": 200, "localCurrency": "USD"}, {"chainId": "12907540832766596993", "amount": 170, "createdAt": "2018-10-05T21:06:42+00:00", "shoeSize": "4.5Y", "productId": null, "skuUuid": "182b2480-ad55-40f1-aa2a-e55fe9c3c4a1", "state": "480", "customerId": null, "localAmount": 170, "localCurrency": "USD"}, {"chainId": "12512121035204615976", "amount": 170, "createdAt": "2018-10-05T05:14:24+00:00", "shoeSize": "5Y", "productId": null, "skuUuid": "54c57068-8422-4711-923a-16e65eb4a48d", "state": "480", "customerId": null, "localAmount": 170, "localCurrency": "USD"}, {"chainId": "12881318703058671350", "amount": 180, "createdAt": "2018-09-24T18:39:44+00:00", "shoeSize": "5Y", "productId": null, "skuUuid": "54c57068-8422-4711-923a-16e65eb4a48d", "state": "480", "customerId": null, "localAmount": 180, "localCurrency": "USD"}, {"chainId": "12897946078799394141", "amount": 180, "createdAt": "2018-09-21T18:36:30+00:00", "shoeSize": "4.5Y", "productId": null, "skuUuid": "182b2480-ad55-40f1-aa2a-e55fe9c3c4a1", "state": "480", "customerId": null, "localAmount": 180, "localCurrency": "USD"}, {"chainId": "12882098440288311493", "amount": 196, "createdAt": "2018-09-19T12:18:48+00:00", "shoeSize": "5.5Y", "productId": null, "skuUuid": "11f149c7-c097-4939-b298-6a6164b01b85", "state": "480", "customerId": null, "localAmount": 196, "localCurrency": "USD"}, {"chainId": "12888423720506175443", "amount": 180, "createdAt": "2018-09-10T10:30:42+00:00", "shoeSize": "8Y", "productId": null, "skuUuid": "b3ffbb30-76e8-4454-bad3-1eeb8273ac35", "state": "480", "customerId": null, "localAmount": 180, "localCurrency": "USD"}, {"chainId": "12881318533486289298", "amount": 178, "createdAt": "2018-09-07T04:53:53+00:00", "shoeSize": "4.5Y", "productId": null, "skuUuid": "182b2480-ad55-40f1-aa2a-e55fe9c3c4a1", "state": "480", "customerId": null, "localAmount": 178, "localCurrency": "USD"}, {"chainId": "12883293646046192901", "amount": 132, "createdAt": "2018-09-01T13:24:46+00:00", "shoeSize": "5.5Y", "productId": null, "skuUuid": "11f149c7-c097-4939-b298-6a6164b01b85", "state": "480", "customerId": null, "localAmount": 132, "localCurrency": "USD"}, {"chainId": "12882557867244858402", "amount": 289, "createdAt": "2018-08-31T21:48:17+00:00", "shoeSize": "6Y", "productId": null, "skuUuid": "a24657c7-cc87-4d4d-b79e-2b9bc1852838", "state": "480", "customerId": null, "localAmount": 289, "localCurrency": "USD"}, {"chainId": "12876764535274117023", "amount": 198, "createdAt": "2018-08-29T01:42:39+00:00", "shoeSize": "5.5Y", "productId": null, "skuUuid": "11f149c7-c097-4939-b298-6a6164b01b85", "state": "480", "customerId": null, "localAmount": 198, "localCurrency": "USD"}, {"chainId": "12880470779330011403", "amount": 185, "createdAt": "2018-08-29T01:14:56+00:00", "shoeSize": "6.5Y", "productId": null, "skuUuid": "1dffe4eb-f337-4c85-abf5-1169bd9fc335", "state": "480", "customerId": null, "localAmount": 185, "localCurrency": "USD"}, {"chainId": "12873060052315333430", "amount": 300, "createdAt": "2018-08-19T22:19:18+00:00", "shoeSize": "9Y", "productId": null, "skuUuid": "3cdf1eac-90a8-4428-9a23-098aaba2b5dd", "state": "480", "customerId": null, "localAmount": 300, "localCurrency": "USD"}, {"chainId": "12850626234817320544", "amount": 230, "createdAt": "2018-08-19T22:18:32+00:00", "shoeSize": "7.5Y", "productId": null, "skuUuid": "0745b6e5-5cbe-43f1-9454-e2d63165a5ce", "state": "480", "customerId": null, "localAmount": 230, "localCurrency": "USD"}, {"chainId": "12872616324375604039", "amount": 198, "createdAt": "2018-08-19T22:18:13+00:00", "shoeSize": "5.5Y", "productId": null, "skuUuid": "11f149c7-c097-4939-b298-6a6164b01b85", "state": "480", "customerId": null, "localAmount": 198, "localCurrency": "USD"}, {"chainId": "12595612980129308419", "amount": 200, "createdAt": "2018-08-19T22:08:36+00:00", "shoeSize": "5Y", "productId": null, "skuUuid": "54c57068-8422-4711-923a-16e65eb4a48d", "state": "480", "customerId": null, "localAmount": 200, "localCurrency": "USD"}, {"chainId": "12806897960540919051", "amount": 175, "createdAt": "2018-08-17T16:35:29+00:00", "shoeSize": "4.5Y", "productId": null, "skuUuid": "182b2480-ad55-40f1-aa2a-e55fe9c3c4a1", "state": "480", "customerId": null, "localAmount": 175, "localCurrency": "USD"}, {"chainId": "12854614379529418049", "amount": 375, "createdAt": "2018-08-13T21:44:51+00:00", "shoeSize": "7Y", "productId": null, "skuUuid": "e737af2d-2f31-452f-8189-244f8041e29a", "state": "480", "customerId": null, "localAmount": 375, "localCurrency": "USD"}, {"chainId": "12862709241530565673", "amount": 148, "createdAt": "2018-08-09T19:11:25+00:00", "shoeSize": "6.5Y", "productId": null, "skuUuid": "1dffe4eb-f337-4c85-abf5-1169bd9fc335", "state": "480", "customerId": null, "localAmount": 148, "localCurrency": "USD"}, {"chainId": "12855213305647748561", "amount": 240, "createdAt": "2018-08-04T21:55:28+00:00", "shoeSize": "4Y", "productId": null, "skuUuid": "576211fc-6e9a-4798-b1a0-e08a19fe0e89", "state": "480", "customerId": null, "localAmount": 240, "localCurrency": "USD"}, {"chainId": "12860908561778265778", "amount": 120, "createdAt": "2018-08-01T16:30:53+00:00", "shoeSize": "9.5Y", "productId": null, "skuUuid": "77815792-7738-48ef-a542-dd2ca27ea01f", "state": "480", "customerId": null, "localAmount": 120, "localCurrency": "USD"}, {"chainId": "12848742896010138495", "amount": 300, "createdAt": "2018-07-30T01:16:54+00:00", "shoeSize": "6Y", "productId": null, "skuUuid": "a24657c7-cc87-4d4d-b79e-2b9bc1852838", "state": "480", "customerId": null, "localAmount": 300, "localCurrency": "USD"}, {"chainId": "12839391633906496860", "amount": 135, "createdAt": "2018-07-02T23:39:24+00:00", "shoeSize": "6Y", "productId": null, "skuUuid": "a24657c7-cc87-4d4d-b79e-2b9bc1852838", "state": "480", "customerId": null, "localAmount": 135, "localCurrency": "USD"}, {"chainId": "12827776923865543100", "amount": 100, "createdAt": "2018-06-16T23:02:57+00:00", "shoeSize": "5Y", "productId": null, "skuUuid": "54c57068-8422-4711-923a-16e65eb4a48d", "state": "480", "customerId": null, "localAmount": 100, "localCurrency": "USD"}, {"chainId": "12825529160645923591", "amount": 200, "createdAt": "2018-06-13T20:37:03+00:00", "shoeSize": "7Y", "productId": null, "skuUuid": "e737af2d-2f31-452f-8189-244f8041e29a", "state": "480", "customerId": null, "localAmount": 200, "localCurrency": "USD"}, {"chainId": "12791343033564778908", "amount": 305, "createdAt": "2018-05-27T00:21:08+00:00", "shoeSize": "6.5Y", "productId": null, "skuUuid": "1dffe4eb-f337-4c85-abf5-1169bd9fc335", "state": "480", "customerId": null, "localAmount": 305, "localCurrency": "USD"}, {"chainId": "12798832918330760016", "amount": 279, "createdAt": "2018-05-22T15:36:02+00:00", "shoeSize": "8Y", "productId": null, "skuUuid": "b3ffbb30-76e8-4454-bad3-1eeb8273ac35", "state": "480", "customerId": null, "localAmount": 279, "localCurrency": "USD"}, {"chainId": "12806454384234123003", "amount": 200, "createdAt": "2018-05-20T01:27:14+00:00", "shoeSize": "5Y", "productId": null, "skuUuid": "54c57068-8422-4711-923a-16e65eb4a48d", "state": "480", "customerId": null, "localAmount": 200, "localCurrency": "USD"}, {"chainId": "12789912461836361788", "amount": 300, "createdAt": "2018-05-11T03:33:58+00:00", "shoeSize": "4Y", "productId": null, "skuUuid": "576211fc-6e9a-4798-b1a0-e08a19fe0e89", "state": "480", "customerId": null, "localAmount": 300, "localCurrency": "USD"}, {"chainId": "12490779809885251871", "amount": 300, "createdAt": "2018-05-09T07:12:13+00:00", "shoeSize": "9.5Y", "productId": null, "skuUuid": "77815792-7738-48ef-a542-dd2ca27ea01f", "state": "480", "customerId": null, "localAmount": 300, "localCurrency": "USD"}, {"chainId": "12769181171176229489", "amount": 300, "createdAt": "2018-05-06T12:31:27+00:00", "shoeSize": "7.5Y", "productId": null, "skuUuid": "0745b6e5-5cbe-43f1-9454-e2d63165a5ce", "state": "480", "customerId": null, "localAmount": 300, "localCurrency": "USD"}, {"chainId": "12786337644344028229", "amount": 230, "createdAt": "2018-04-21T14:19:04+00:00", "shoeSize": "8Y", "productId": null, "skuUuid": "b3ffbb30-76e8-4454-bad3-1eeb8273ac35", "state": "480", "customerId": null, "localAmount": 230, "localCurrency": "USD"}, {"chainId": "12741548178156152493", "amount": 300, "createdAt": "2018-04-19T15:24:57+00:00", "shoeSize": "4Y", "productId": null, "skuUuid": "576211fc-6e9a-4798-b1a0-e08a19fe0e89", "state": "480", "customerId": null, "localAmount": 300, "localCurrency": "USD"}, {"chainId": "12769686590075238102", "amount": 175, "createdAt": "2018-04-14T01:17:09+00:00", "shoeSize": "4Y", "productId": null, "skuUuid": "576211fc-6e9a-4798-b1a0-e08a19fe0e89", "state": "480", "customerId": null, "localAmount": 175, "localCurrency": "USD"}, {"chainId": "12748786920404811980", "amount": 350, "createdAt": "2018-04-05T01:19:00+00:00", "shoeSize": "5.5Y", "productId": null, "skuUuid": "11f149c7-c097-4939-b298-6a6164b01b85", "state": "480", "customerId": null, "localAmount": 350, "localCurrency": "USD"}, {"chainId": "12406972918966546769", "amount": 200, "createdAt": "2018-03-25T08:32:36+00:00", "shoeSize": "9Y", "productId": null, "skuUuid": "3cdf1eac-90a8-4428-9a23-098aaba2b5dd", "state": "480", "customerId": null, "localAmount": 200, "localCurrency": "USD"}, {"chainId": "12764105969774682242", "amount": 300, "createdAt": "2018-03-22T01:45:07+00:00", "shoeSize": "6.5Y", "productId": null, "skuUuid": "1dffe4eb-f337-4c85-abf5-1169bd9fc335", "state": "480", "customerId": null, "localAmount": 300, "localCurrency": "USD"}, {"chainId": "12755816354331175824", "amount": 175, "createdAt": "2018-03-19T02:33:46+00:00", "shoeSize": "4Y", "productId": null, "skuUuid": "576211fc-6e9a-4798-b1a0-e08a19fe0e89", "state": "480", "customerId": null, "localAmount": 175, "localCurrency": "USD"}, {"chainId": "12752474361446942173", "amount": 270, "createdAt": "2018-03-17T04:43:35+00:00", "shoeSize": "9.5Y", "productId": null, "skuUuid": "77815792-7738-48ef-a542-dd2ca27ea01f", "state": "480", "customerId": null, "localAmount": 270, "localCurrency": "USD"}, {"chainId": "12746680087076585121", "amount": 190, "createdAt": "2018-03-02T03:48:01+00:00", "shoeSize": "6Y", "productId": null, "skuUuid": "a24657c7-cc87-4d4d-b79e-2b9bc1852838", "state": "480", "customerId": null, "localAmount": 190, "localCurrency": "USD"}, {"chainId": "12746620401011527796", "amount": 280, "createdAt": "2018-02-25T04:25:26+00:00", "shoeSize": "9.5Y", "productId": null, "skuUuid": "77815792-7738-48ef-a542-dd2ca27ea01f", "state": "480", "customerId": null, "localAmount": 280, "localCurrency": "USD"}, {"chainId": "12737235332782473587", "amount": 275, "createdAt": "2018-02-12T00:59:46+00:00", "shoeSize": "7.5Y", "productId": null, "skuUuid": "0745b6e5-5cbe-43f1-9454-e2d63165a5ce", "state": "480", "customerId": null, "localAmount": 275, "localCurrency": "USD"}, {"chainId": "12672680367212845175", "amount": 230, "createdAt": "2018-01-22T11:41:49+00:00", "shoeSize": "9Y", "productId": null, "skuUuid": "3cdf1eac-90a8-4428-9a23-098aaba2b5dd", "state": "480", "customerId": null, "localAmount": 230, "localCurrency": "USD"}, {"chainId": "12722038276828329771", "amount": 195, "createdAt": "2018-01-22T01:39:11+00:00", "shoeSize": "9Y", "productId": null, "skuUuid": "3cdf1eac-90a8-4428-9a23-098aaba2b5dd", "state": "480", "customerId": null, "localAmount": 195, "localCurrency": "USD"}, {"chainId": "12719243929213971226", "amount": 130, "createdAt": "2018-01-18T05:07:13+00:00", "shoeSize": "7Y", "productId": null, "skuUuid": "e737af2d-2f31-452f-8189-244f8041e29a", "state": "480", "customerId": null, "localAmount": 130, "localCurrency": "USD"}, {"chainId": "12714749289951927375", "amount": 150, "createdAt": "2018-01-12T00:17:11+00:00", "shoeSize": "4.5Y", "productId": null, "skuUuid": "182b2480-ad55-40f1-aa2a-e55fe9c3c4a1", "state": "480", "customerId": null, "localAmount": 150, "localCurrency": "USD"}, {"chainId": "12710695582510278506", "amount": 160, "createdAt": "2018-01-06T14:24:53+00:00", "shoeSize": "5.5Y", "productId": null, "skuUuid": "11f149c7-c097-4939-b298-6a6164b01b85", "state": "480", "customerId": null, "localAmount": 160, "localCurrency": "USD"}, {"chainId": "12702922062600089260", "amount": 181, "createdAt": "2017-12-29T03:36:37+00:00", "shoeSize": "6.5Y", "productId": null, "skuUuid": "1dffe4eb-f337-4c85-abf5-1169bd9fc335", "state": "480", "customerId": null, "localAmount": 181, "localCurrency": "USD"}, {"chainId": "12608398498555675706", "amount": 220, "createdAt": "2017-12-27T23:59:21+00:00", "shoeSize": "7Y", "productId": null, "skuUuid": "e737af2d-2f31-452f-8189-244f8041e29a", "state": "480", "customerId": null, "localAmount": 220, "localCurrency": "USD"}, {"chainId": "12516781530858312361", "amount": 350, "createdAt": "2017-12-23T07:49:17+00:00", "shoeSize": "6Y", "productId": null, "skuUuid": "a24657c7-cc87-4d4d-b79e-2b9bc1852838", "state": "480", "customerId": null, "localAmount": 350, "localCurrency": "USD"}, {"chainId": "12629863904480018429", "amount": 345, "createdAt": "2017-12-17T00:48:12+00:00", "shoeSize": "9.5Y", "productId": null, "skuUuid": "77815792-7738-48ef-a542-dd2ca27ea01f", "state": "480", "customerId": null, "localAmount": 345, "localCurrency": "USD"}, {"chainId": "12693444370418876594", "amount": 163, "createdAt": "2017-12-13T14:48:06+00:00", "shoeSize": "8.5Y", "productId": null, "skuUuid": "57f4fa42-2248-49e3-bc66-b59eed464dd8", "state": "480", "customerId": null, "localAmount": 163, "localCurrency": "USD"}, {"chainId": "12533349502673071963", "amount": 300, "createdAt": "2017-12-05T19:07:00+00:00", "shoeSize": "6.5Y", "productId": null, "skuUuid": "1dffe4eb-f337-4c85-abf5-1169bd9fc335", "state": "480", "customerId": null, "localAmount": 300, "localCurrency": "USD"}, {"chainId": "12681144048170652299", "amount": 250, "createdAt": "2017-12-03T13:34:00+00:00", "shoeSize": "6.5Y", "productId": null, "skuUuid": "1dffe4eb-f337-4c85-abf5-1169bd9fc335", "state": "480", "customerId": null, "localAmount": 250, "localCurrency": "USD"}, {"chainId": "12673474988392791452", "amount": 230, "createdAt": "2017-12-02T05:38:43+00:00", "shoeSize": "5Y", "productId": null, "skuUuid": "54c57068-8422-4711-923a-16e65eb4a48d", "state": "480", "customerId": null, "localAmount": 230, "localCurrency": "USD"}, {"chainId": "12671209574518347663", "amount": 190, "createdAt": "2017-11-28T04:10:56+00:00", "shoeSize": "5.5Y", "productId": null, "skuUuid": "11f149c7-c097-4939-b298-6a6164b01b85", "state": "480", "customerId": null, "localAmount": 190, "localCurrency": "USD"}, {"chainId": "12677741987080821805", "amount": 155, "createdAt": "2017-11-22T20:36:25+00:00", "shoeSize": "5Y", "productId": null, "skuUuid": "54c57068-8422-4711-923a-16e65eb4a48d", "state": "480", "customerId": null, "localAmount": 155, "localCurrency": "USD"}, {"chainId": "12672817867696522189", "amount": 200, "createdAt": "2017-11-16T14:06:52+00:00", "shoeSize": "6Y", "productId": null, "skuUuid": "a24657c7-cc87-4d4d-b79e-2b9bc1852838", "state": "480", "customerId": null, "localAmount": 200, "localCurrency": "USD"}, {"chainId": "12671213376296147159", "amount": 205, "createdAt": "2017-11-14T22:45:17+00:00", "shoeSize": "9Y", "productId": null, "skuUuid": "3cdf1eac-90a8-4428-9a23-098aaba2b5dd", "state": "480", "customerId": null, "localAmount": 205, "localCurrency": "USD"}, {"chainId": "12671209355744518795", "amount": 195, "createdAt": "2017-11-12T23:24:01+00:00", "shoeSize": "7Y", "productId": null, "skuUuid": "e737af2d-2f31-452f-8189-244f8041e29a", "state": "480", "customerId": null, "localAmount": 195, "localCurrency": "USD"}, {"chainId": "12667337830690751934", "amount": 200, "createdAt": "2017-11-07T14:19:04+00:00", "shoeSize": "7Y", "productId": null, "skuUuid": "e737af2d-2f31-452f-8189-244f8041e29a", "state": "480", "customerId": null, "localAmount": 200, "localCurrency": "USD"}, {"chainId": "12476164147782022199", "amount": 200, "createdAt": "2017-11-07T09:41:12+00:00", "shoeSize": "7.5Y", "productId": null, "skuUuid": "0745b6e5-5cbe-43f1-9454-e2d63165a5ce", "state": "480", "customerId": null, "localAmount": 200, "localCurrency": "USD"}, {"chainId": "12652937435591960375", "amount": 310, "createdAt": "2017-10-20T21:46:29+00:00", "shoeSize": "8.5Y", "productId": null, "skuUuid": "57f4fa42-2248-49e3-bc66-b59eed464dd8", "state": "480", "customerId": null, "localAmount": 310, "localCurrency": "USD"}, {"chainId": "12652838897136005685", "amount": 200, "createdAt": "2017-10-18T14:12:26+00:00", "shoeSize": "7Y", "productId": null, "skuUuid": "e737af2d-2f31-452f-8189-244f8041e29a", "state": "480", "customerId": null, "localAmount": 200, "localCurrency": "USD"}, {"chainId": "12638147957349524037", "amount": 250, "createdAt": "2017-09-28T19:30:05+00:00", "shoeSize": "7Y", "productId": null, "skuUuid": "e737af2d-2f31-452f-8189-244f8041e29a", "state": "480", "customerId": null, "localAmount": 250, "localCurrency": "USD"}, {"chainId": "12612441822493676103", "amount": 250, "createdAt": "2017-09-25T23:58:22+00:00", "shoeSize": "9.5Y", "productId": null, "skuUuid": "77815792-7738-48ef-a542-dd2ca27ea01f", "state": "480", "customerId": null, "localAmount": 250, "localCurrency": "USD"}, {"chainId": "12613948699047016578", "amount": 200, "createdAt": "2017-09-07T01:14:54+00:00", "shoeSize": "6Y", "productId": null, "skuUuid": "a24657c7-cc87-4d4d-b79e-2b9bc1852838", "state": "480", "customerId": null, "localAmount": 200, "localCurrency": "USD"}, {"chainId": "12512799399955953667", "amount": 300, "createdAt": "2017-09-06T08:39:46+00:00", "shoeSize": "6.5Y", "productId": null, "skuUuid": "1dffe4eb-f337-4c85-abf5-1169bd9fc335", "state": "480", "customerId": null, "localAmount": 300, "localCurrency": "USD"}, {"chainId": "12601042737844333200", "amount": 250, "createdAt": "2017-09-02T13:47:00+00:00", "shoeSize": "8.5Y", "productId": null, "skuUuid": "57f4fa42-2248-49e3-bc66-b59eed464dd8", "state": "480", "customerId": null, "localAmount": 250, "localCurrency": "USD"}, {"chainId": "12606420856490566405", "amount": 143, "createdAt": "2017-08-15T22:20:09+00:00", "shoeSize": "6.5Y", "productId": null, "skuUuid": "1dffe4eb-f337-4c85-abf5-1169bd9fc335", "state": "480", "customerId": null, "localAmount": 143, "localCurrency": "USD"}, {"chainId": "12452463050570317041", "amount": 199, "createdAt": "2017-07-23T19:23:11+00:00", "shoeSize": "8Y", "productId": null, "skuUuid": "b3ffbb30-76e8-4454-bad3-1eeb8273ac35", "state": "480", "customerId": null, "localAmount": 199, "localCurrency": "USD"}, {"chainId": "12487756855774084072", "amount": 225, "createdAt": "2017-07-21T19:43:28+00:00", "shoeSize": "6.5Y", "productId": null, "skuUuid": "1dffe4eb-f337-4c85-abf5-1169bd9fc335", "state": "480", "customerId": null, "localAmount": 225, "localCurrency": "USD"}, {"chainId": "12588003681698648787", "amount": 195, "createdAt": "2017-07-21T03:16:22+00:00", "shoeSize": "5Y", "productId": null, "skuUuid": "54c57068-8422-4711-923a-16e65eb4a48d", "state": "480", "customerId": null, "localAmount": 195, "localCurrency": "USD"}, {"chainId": "12582471796361286873", "amount": 200, "createdAt": "2017-07-16T18:11:27+00:00", "shoeSize": "5.5Y", "productId": null, "skuUuid": "11f149c7-c097-4939-b298-6a6164b01b85", "state": "480", "customerId": null, "localAmount": 200, "localCurrency": "USD"}, {"chainId": "12525688657272206021", "amount": 200, "createdAt": "2017-07-16T16:01:21+00:00", "shoeSize": "5.5Y", "productId": null, "skuUuid": "11f149c7-c097-4939-b298-6a6164b01b85", "state": "480", "customerId": null, "localAmount": 200, "localCurrency": "USD"}, {"chainId": "12579724653704671068", "amount": 170, "createdAt": "2017-07-09T17:07:26+00:00", "shoeSize": "5.5Y", "productId": null, "skuUuid": "11f149c7-c097-4939-b298-6a6164b01b85", "state": "480", "customerId": null, "localAmount": 170, "localCurrency": "USD"}, {"chainId": "12546500554590633759", "amount": 245, "createdAt": "2017-06-28T01:19:02+00:00", "shoeSize": "6.5Y", "productId": null, "skuUuid": "1dffe4eb-f337-4c85-abf5-1169bd9fc335", "state": "480", "customerId": null, "localAmount": 245, "localCurrency": "USD"}, {"chainId": "12553803913275617841", "amount": 200, "createdAt": "2017-06-22T22:02:31+00:00", "shoeSize": "7Y", "productId": null, "skuUuid": "e737af2d-2f31-452f-8189-244f8041e29a", "state": "480", "customerId": null, "localAmount": 200, "localCurrency": "USD"}, {"chainId": "12561164308800113337", "amount": 225, "createdAt": "2017-06-22T16:19:24+00:00", "shoeSize": "6.5Y", "productId": null, "skuUuid": "1dffe4eb-f337-4c85-abf5-1169bd9fc335", "state": "480", "customerId": null, "localAmount": 225, "localCurrency": "USD"}, {"chainId": "12565947061295960185", "amount": 180, "createdAt": "2017-06-21T04:19:31+00:00", "shoeSize": "8Y", "productId": null, "skuUuid": "b3ffbb30-76e8-4454-bad3-1eeb8273ac35", "state": "480", "customerId": null, "localAmount": 180, "localCurrency": "USD"}, {"chainId": "12545279565885654981", "amount": 157, "createdAt": "2017-06-19T05:15:11+00:00", "shoeSize": "7Y", "productId": null, "skuUuid": "e737af2d-2f31-452f-8189-244f8041e29a", "state": "480", "customerId": null, "localAmount": 157, "localCurrency": "USD"}, {"chainId": "12495019542367225475", "amount": 240, "createdAt": "2017-06-16T23:48:34+00:00", "shoeSize": "9.5Y", "productId": null, "skuUuid": "77815792-7738-48ef-a542-dd2ca27ea01f", "state": "480", "customerId": null, "localAmount": 240, "localCurrency": "USD"}, {"chainId": "12527532426462518351", "amount": 250, "createdAt": "2017-05-31T16:28:40+00:00", "shoeSize": "7Y", "productId": null, "skuUuid": "e737af2d-2f31-452f-8189-244f8041e29a", "state": "480", "customerId": null, "localAmount": 250, "localCurrency": "USD"}, {"chainId": "12532889350615409585", "amount": 250, "createdAt": "2017-05-26T01:25:13+00:00", "shoeSize": "5.5Y", "productId": null, "skuUuid": "11f149c7-c097-4939-b298-6a6164b01b85", "state": "480", "customerId": null, "localAmount": 250, "localCurrency": "USD"}, {"chainId": "12541034538734896517", "amount": 200, "createdAt": "2017-05-20T11:32:50+00:00", "shoeSize": "6Y", "productId": null, "skuUuid": "a24657c7-cc87-4d4d-b79e-2b9bc1852838", "state": "480", "customerId": null, "localAmount": 200, "localCurrency": "USD"}, {"chainId": "12513181352059899448", "amount": 185, "createdAt": "2017-04-25T13:07:43+00:00", "shoeSize": "5.5Y", "productId": null, "skuUuid": "11f149c7-c097-4939-b298-6a6164b01b85", "state": "480", "customerId": null, "localAmount": 185, "localCurrency": "USD"}, {"chainId": "12521384832122435203", "amount": 188, "createdAt": "2017-04-20T22:07:03+00:00", "shoeSize": "8Y", "productId": null, "skuUuid": "b3ffbb30-76e8-4454-bad3-1eeb8273ac35", "state": "480", "customerId": null, "localAmount": 188, "localCurrency": "USD"}, {"chainId": "12519705295914705745", "amount": 175, "createdAt": "2017-04-17T21:39:35+00:00", "shoeSize": "8Y", "productId": null, "skuUuid": "b3ffbb30-76e8-4454-bad3-1eeb8273ac35", "state": "480", "customerId": null, "localAmount": 175, "localCurrency": "USD"}, {"chainId": "12503757229476934312", "amount": 170, "createdAt": "2017-04-17T00:15:27+00:00", "shoeSize": "4Y", "productId": null, "skuUuid": "576211fc-6e9a-4798-b1a0-e08a19fe0e89", "state": "480", "customerId": null, "localAmount": 170, "localCurrency": "USD"}, {"chainId": "12503756817759784089", "amount": 191, "createdAt": "2017-04-10T19:38:16+00:00", "shoeSize": "7Y", "productId": null, "skuUuid": "e737af2d-2f31-452f-8189-244f8041e29a", "state": "480", "customerId": null, "localAmount": 191, "localCurrency": "USD"}, {"chainId": "12511760827027835994", "amount": 200, "createdAt": "2017-04-06T22:35:20+00:00", "shoeSize": "8.5Y", "productId": null, "skuUuid": "57f4fa42-2248-49e3-bc66-b59eed464dd8", "state": "480", "customerId": null, "localAmount": 200, "localCurrency": "USD"}, {"chainId": "12505151647373460515", "amount": 200, "createdAt": "2017-04-01T15:23:53+00:00", "shoeSize": "9.5Y", "productId": null, "skuUuid": "77815792-7738-48ef-a542-dd2ca27ea01f", "state": "480", "customerId": null, "localAmount": 200, "localCurrency": "USD"}, {"chainId": "12504501437476248796", "amount": 210, "createdAt": "2017-03-27T22:12:16+00:00", "shoeSize": "5Y", "productId": null, "skuUuid": "54c57068-8422-4711-923a-16e65eb4a48d", "state": "480", "customerId": null, "localAmount": 210, "localCurrency": "USD"}, {"chainId": "12501724567241345502", "amount": 170, "createdAt": "2017-03-27T05:46:23+00:00", "shoeSize": "9.5Y", "productId": null, "skuUuid": "77815792-7738-48ef-a542-dd2ca27ea01f", "state": "480", "customerId": null, "localAmount": 170, "localCurrency": "USD"}, {"chainId": "12474714075439883504", "amount": 169, "createdAt": "2017-03-22T22:42:19+00:00", "shoeSize": "8Y", "productId": null, "skuUuid": "b3ffbb30-76e8-4454-bad3-1eeb8273ac35", "state": "480", "customerId": null, "localAmount": 169, "localCurrency": "USD"}, {"chainId": "12486525573942616949", "amount": 280, "createdAt": "2017-03-19T01:44:45+00:00", "shoeSize": "7Y", "productId": null, "skuUuid": "e737af2d-2f31-452f-8189-244f8041e29a", "state": "480", "customerId": null, "localAmount": 280, "localCurrency": "USD"}, {"chainId": "12402330794769045079", "amount": 220, "createdAt": "2017-03-06T12:20:33+00:00", "shoeSize": "9Y", "productId": null, "skuUuid": "3cdf1eac-90a8-4428-9a23-098aaba2b5dd", "state": "480", "customerId": null, "localAmount": 220, "localCurrency": "USD"}, {"chainId": "12470525871712497248", "amount": 250, "createdAt": "2017-03-03T03:08:16+00:00", "shoeSize": "7Y", "productId": null, "skuUuid": "e737af2d-2f31-452f-8189-244f8041e29a", "state": "480", "customerId": null, "localAmount": 250, "localCurrency": "USD"}, {"chainId": "12479172477181554117", "amount": 175, "createdAt": "2017-03-02T00:38:06+00:00", "shoeSize": "7Y", "productId": null, "skuUuid": "e737af2d-2f31-452f-8189-244f8041e29a", "state": "480", "customerId": null, "localAmount": 175, "localCurrency": "USD"}, {"chainId": "12480206626036556756", "amount": 175, "createdAt": "2017-02-22T09:42:50+00:00", "shoeSize": "6Y", "productId": null, "skuUuid": "a24657c7-cc87-4d4d-b79e-2b9bc1852838", "state": "480", "customerId": null, "localAmount": 175, "localCurrency": "USD"}, {"chainId": "12472460655980099109", "amount": 160, "createdAt": "2017-02-16T21:41:42+00:00", "shoeSize": "6.5Y", "productId": null, "skuUuid": "1dffe4eb-f337-4c85-abf5-1169bd9fc335", "state": "480", "customerId": null, "localAmount": 160, "localCurrency": "USD"}, {"chainId": "12427228785033529964", "amount": 220, "createdAt": "2017-02-11T05:28:53+00:00", "shoeSize": "9Y", "productId": null, "skuUuid": "3cdf1eac-90a8-4428-9a23-098aaba2b5dd", "state": "480", "customerId": null, "localAmount": 220, "localCurrency": "USD"}, {"chainId": "12460123495696449948", "amount": 250, "createdAt": "2017-02-09T17:51:30+00:00", "shoeSize": "5.5Y", "productId": null, "skuUuid": "11f149c7-c097-4939-b298-6a6164b01b85", "state": "480", "customerId": null, "localAmount": 250, "localCurrency": "USD"}, {"chainId": "12457977370626180639", "amount": 200, "createdAt": "2017-02-07T03:01:39+00:00", "shoeSize": "6Y", "productId": null, "skuUuid": "a24657c7-cc87-4d4d-b79e-2b9bc1852838", "state": "480", "customerId": null, "localAmount": 200, "localCurrency": "USD"}, {"chainId": "12462495012181306152", "amount": 175, "createdAt": "2017-02-05T02:22:42+00:00", "shoeSize": "5.5Y", "productId": null, "skuUuid": "11f149c7-c097-4939-b298-6a6164b01b85", "state": "480", "customerId": null, "localAmount": 175, "localCurrency": "USD"}, {"chainId": "12460791247477529411", "amount": 180, "createdAt": "2017-01-26T14:47:53+00:00", "shoeSize": "7.5Y", "productId": null, "skuUuid": "0745b6e5-5cbe-43f1-9454-e2d63165a5ce", "state": "480", "customerId": null, "localAmount": 180, "localCurrency": "USD"}, {"chainId": "12444509047918386749", "amount": 180, "createdAt": "2017-01-06T03:46:06+00:00", "shoeSize": "8.5Y", "productId": null, "skuUuid": "57f4fa42-2248-49e3-bc66-b59eed464dd8", "state": "480", "customerId": null, "localAmount": 180, "localCurrency": "USD"}, {"chainId": "12440907255229214179", "amount": 235, "createdAt": "2016-12-31T19:36:51+00:00", "shoeSize": "7Y", "productId": null, "skuUuid": "e737af2d-2f31-452f-8189-244f8041e29a", "state": "480", "customerId": null, "localAmount": 235, "localCurrency": "USD"}, {"chainId": "12431344645996658367", "amount": 199, "createdAt": "2016-12-23T16:46:57+00:00", "shoeSize": "3.5Y", "productId": null, "skuUuid": "d99914c9-587f-4fd7-b06f-5ed26ade5b87", "state": "480", "customerId": null, "localAmount": 199, "localCurrency": "USD"}, {"chainId": "12399521861290431795", "amount": 200, "createdAt": "2016-12-19T02:24:17+00:00", "shoeSize": "7Y", "productId": null, "skuUuid": "e737af2d-2f31-452f-8189-244f8041e29a", "state": "480", "customerId": null, "localAmount": 200, "localCurrency": "USD"}, {"chainId": "12429395554014389356", "amount": 160, "createdAt": "2016-12-17T22:27:33+00:00", "shoeSize": "6.5Y", "productId": null, "skuUuid": "1dffe4eb-f337-4c85-abf5-1169bd9fc335", "state": "480", "customerId": null, "localAmount": 160, "localCurrency": "USD"}, {"chainId": "12423804765159051391", "amount": 199, "createdAt": "2016-12-13T16:27:01+00:00", "shoeSize": "7Y", "productId": null, "skuUuid": "e737af2d-2f31-452f-8189-244f8041e29a", "state": "480", "customerId": null, "localAmount": 199, "localCurrency": "USD"}, {"chainId": "12400362488355325983", "amount": 165, "createdAt": "2016-12-07T14:50:50+00:00", "shoeSize": "9Y", "productId": null, "skuUuid": "3cdf1eac-90a8-4428-9a23-098aaba2b5dd", "state": "480", "customerId": null, "localAmount": 165, "localCurrency": "USD"}, {"chainId": "12420668544697794998", "amount": 160, "createdAt": "2016-12-02T06:11:16+00:00", "shoeSize": "7Y", "productId": null, "skuUuid": "e737af2d-2f31-452f-8189-244f8041e29a", "state": "480", "customerId": null, "localAmount": 160, "localCurrency": "USD"}, {"chainId": "12418447547889126037", "amount": 140, "createdAt": "2016-12-01T03:54:51+00:00", "shoeSize": "5.5Y", "productId": null, "skuUuid": "11f149c7-c097-4939-b298-6a6164b01b85", "state": "480", "customerId": null, "localAmount": 140, "localCurrency": "USD"}, {"chainId": "12409352608910933620", "amount": 160, "createdAt": "2016-11-26T06:06:55+00:00", "shoeSize": "6Y", "productId": null, "skuUuid": "a24657c7-cc87-4d4d-b79e-2b9bc1852838", "state": "480", "customerId": null, "localAmount": 160, "localCurrency": "USD"}, {"chainId": "12416201030678615735", "amount": 125, "createdAt": "2016-11-26T02:15:20+00:00", "shoeSize": "7Y", "productId": null, "skuUuid": "e737af2d-2f31-452f-8189-244f8041e29a", "state": "480", "customerId": null, "localAmount": 125, "localCurrency": "USD"}, {"chainId": "12416009720050643249", "amount": 140, "createdAt": "2016-11-25T19:55:02+00:00", "shoeSize": "5Y", "productId": null, "skuUuid": "54c57068-8422-4711-923a-16e65eb4a48d", "state": "480", "customerId": null, "localAmount": 140, "localCurrency": "USD"}, {"chainId": "12410832762055526207", "amount": 185, "createdAt": "2016-11-22T22:38:36+00:00", "shoeSize": "5Y", "productId": null, "skuUuid": "54c57068-8422-4711-923a-16e65eb4a48d", "state": "480", "customerId": null, "localAmount": 185, "localCurrency": "USD"}, {"chainId": "12409352003983389842", "amount": 160, "createdAt": "2016-11-22T03:57:51+00:00", "shoeSize": "6.5Y", "productId": null, "skuUuid": "1dffe4eb-f337-4c85-abf5-1169bd9fc335", "state": "480", "customerId": null, "localAmount": 160, "localCurrency": "USD"}, {"chainId": "12410846100757559619", "amount": 180, "createdAt": "2016-11-19T16:56:10+00:00", "shoeSize": "7Y", "productId": null, "skuUuid": "e737af2d-2f31-452f-8189-244f8041e29a", "state": "480", "customerId": null, "localAmount": 180, "localCurrency": "USD"}, {"chainId": "12409352540055177425", "amount": 160, "createdAt": "2016-11-18T12:36:51+00:00", "shoeSize": "7Y", "productId": null, "skuUuid": "e737af2d-2f31-452f-8189-244f8041e29a", "state": "480", "customerId": null, "localAmount": 160, "localCurrency": "USD"}, {"chainId": "12400689583338347403", "amount": 155, "createdAt": "2016-11-16T04:47:00+00:00", "shoeSize": "7.5Y", "productId": null, "skuUuid": "0745b6e5-5cbe-43f1-9454-e2d63165a5ce", "state": "480", "customerId": null, "localAmount": 155, "localCurrency": "USD"}, {"chainId": "12404333823686425651", "amount": 150, "createdAt": "2016-11-10T18:51:06+00:00", "shoeSize": "6.5Y", "productId": null, "skuUuid": "1dffe4eb-f337-4c85-abf5-1169bd9fc335", "state": "480", "customerId": null, "localAmount": 150, "localCurrency": "USD"}, {"chainId": "12403613261865271831", "amount": 150, "createdAt": "2016-11-10T16:54:56+00:00", "shoeSize": "7Y", "productId": null, "skuUuid": "e737af2d-2f31-452f-8189-244f8041e29a", "state": "480", "customerId": null, "localAmount": 150, "localCurrency": "USD"}, {"chainId": "12400099120247808416", "amount": 165, "createdAt": "2016-11-08T18:52:35+00:00", "shoeSize": "6.5Y", "productId": null, "skuUuid": "1dffe4eb-f337-4c85-abf5-1169bd9fc335", "state": "480", "customerId": null, "localAmount": 165, "localCurrency": "USD"}, {"chainId": "12400055155330066739", "amount": 140, "createdAt": "2016-11-06T03:26:38+00:00", "shoeSize": "6.5Y", "productId": null, "skuUuid": "1dffe4eb-f337-4c85-abf5-1169bd9fc335", "state": "480", "customerId": null, "localAmount": 140, "localCurrency": "USD"}, {"chainId": "12401069826358491567", "amount": 150, "createdAt": "2016-11-05T05:12:17+00:00", "shoeSize": "7Y", "productId": null, "skuUuid": "e737af2d-2f31-452f-8189-244f8041e29a", "state": "480", "customerId": null, "localAmount": 150, "localCurrency": "USD"}, {"chainId": "12399142859918603780", "amount": 180, "createdAt": "2016-11-02T19:26:19+00:00", "shoeSize": "4.5Y", "productId": null, "skuUuid": "182b2480-ad55-40f1-aa2a-e55fe9c3c4a1", "state": "480", "customerId": null, "localAmount": 180, "localCurrency": "USD"}]