[{"chainId": "12864592269642916317", "amount": 574, "createdAt": "2019-01-20T21:55:06+00:00", "shoeSize": "11", "productId": null, "skuUuid": "bfa210b7-f58a-4f00-b8db-99e4e4ab1a11", "state": "480", "customerId": null, "localAmount": 574, "localCurrency": "USD"}, {"chainId": "12945855703483956022", "amount": 570, "createdAt": "2019-01-14T17:23:49+00:00", "shoeSize": "12", "productId": null, "skuUuid": "a5e96e5e-2d7a-434c-b252-0ac171db47e1", "state": "480", "customerId": null, "localAmount": 570, "localCurrency": "USD"}, {"chainId": "12975408369929699128", "amount": 536, "createdAt": "2019-01-08T08:43:12+00:00", "shoeSize": "11", "productId": null, "skuUuid": "bfa210b7-f58a-4f00-b8db-99e4e4ab1a11", "state": "480", "customerId": null, "localAmount": 536, "localCurrency": "USD"}, {"chainId": "12957571379206049722", "amount": 635, "createdAt": "2018-12-28T19:55:36+00:00", "shoeSize": "10.5", "productId": null, "skuUuid": "2cdcaf49-5108-4cc1-a38f-d40cb53b4c0c", "state": "480", "customerId": null, "localAmount": 635, "localCurrency": "USD"}, {"chainId": "12961730962966964172", "amount": 399, "createdAt": "2018-12-27T08:36:05+00:00", "shoeSize": "11", "productId": null, "skuUuid": "bfa210b7-f58a-4f00-b8db-99e4e4ab1a11", "state": "480", "customerId": null, "localAmount": 399, "localCurrency": "USD"}, {"chainId": "12649185881820200390", "amount": 460, "createdAt": "2018-12-25T15:27:35+00:00", "shoeSize": "11.5", "productId": null, "skuUuid": "57f997a4-2e97-4513-a16f-858cbf117ba4", "state": "480", "customerId": null, "localAmount": 460, "localCurrency": "USD"}, {"chainId": "12888460652041115470", "amount": 563, "createdAt": "2018-12-22T17:07:01+00:00", "shoeSize": "9", "productId": null, "skuUuid": "0edc2cfc-c909-41d9-9f7f-864c367df6fe", "state": "480", "customerId": null, "localAmount": 563, "localCurrency": "USD"}, {"chainId": "12764612414463304783", "amount": 460, "createdAt": "2018-12-17T10:19:34+00:00", "shoeSize": "11.5", "productId": null, "skuUuid": "57f997a4-2e97-4513-a16f-858cbf117ba4", "state": "480", "customerId": null, "localAmount": 460, "localCurrency": "USD"}, {"chainId": "12924909277968057351", "amount": 799, "createdAt": "2018-12-12T14:29:38+00:00", "shoeSize": "13", "productId": null, "skuUuid": "2f18b3c4-f713-4c39-8837-23e08dd44401", "state": "480", "customerId": null, "localAmount": 799, "localCurrency": "USD"}, {"chainId": "12945930411433265520", "amount": 498, "createdAt": "2018-12-07T06:46:35+00:00", "shoeSize": "11", "productId": null, "skuUuid": "bfa210b7-f58a-4f00-b8db-99e4e4ab1a11", "state": "480", "customerId": null, "localAmount": 498, "localCurrency": "USD"}, {"chainId": "12952045835536441378", "amount": 406, "createdAt": "2018-12-05T10:03:08+00:00", "shoeSize": "9", "productId": null, "skuUuid": "0edc2cfc-c909-41d9-9f7f-864c367df6fe", "state": "480", "customerId": null, "localAmount": 406, "localCurrency": "USD"}, {"chainId": "12644314903277637782", "amount": 468, "createdAt": "2018-12-02T22:56:19+00:00", "shoeSize": "12", "productId": null, "skuUuid": "a5e96e5e-2d7a-434c-b252-0ac171db47e1", "state": "480", "customerId": null, "localAmount": 468, "localCurrency": "USD"}, {"chainId": "12947614280551962477", "amount": 680, "createdAt": "2018-11-29T07:18:21+00:00", "shoeSize": "10", "productId": null, "skuUuid": "e13ae47a-2ff1-4146-ace3-a0d497612716", "state": "480", "customerId": null, "localAmount": 680, "localCurrency": "USD"}, {"chainId": "12926855413077772196", "amount": 585, "createdAt": "2018-11-02T19:58:44+00:00", "shoeSize": "10.5", "productId": null, "skuUuid": "2cdcaf49-5108-4cc1-a38f-d40cb53b4c0c", "state": "480", "customerId": null, "localAmount": 585, "localCurrency": "USD"}, {"chainId": "12626174561235664727", "amount": 685, "createdAt": "2018-10-26T20:00:43+00:00", "shoeSize": "10.5", "productId": null, "skuUuid": "2cdcaf49-5108-4cc1-a38f-d40cb53b4c0c", "state": "480", "customerId": null, "localAmount": 685, "localCurrency": "USD"}, {"chainId": "12799362938194412076", "amount": 550, "createdAt": "2018-10-12T20:19:52+00:00", "shoeSize": "9", "productId": null, "skuUuid": "0edc2cfc-c909-41d9-9f7f-864c367df6fe", "state": "480", "customerId": null, "localAmount": 550, "localCurrency": "USD"}, {"chainId": "12903197994044472926", "amount": 550, "createdAt": "2018-10-12T20:02:14+00:00", "shoeSize": "11", "productId": null, "skuUuid": "bfa210b7-f58a-4f00-b8db-99e4e4ab1a11", "state": "480", "customerId": null, "localAmount": 550, "localCurrency": "USD"}, {"chainId": "12909611878597392467", "amount": 550, "createdAt": "2018-10-07T20:54:22+00:00", "shoeSize": "13", "productId": null, "skuUuid": "2f18b3c4-f713-4c39-8837-23e08dd44401", "state": "480", "customerId": null, "localAmount": 550, "localCurrency": "USD"}, {"chainId": "12890624484393749247", "amount": 575, "createdAt": "2018-09-20T00:14:21+00:00", "shoeSize": "10.5", "productId": null, "skuUuid": "2cdcaf49-5108-4cc1-a38f-d40cb53b4c0c", "state": "480", "customerId": null, "localAmount": 575, "localCurrency": "USD"}, {"chainId": "12881870462845557540", "amount": 425, "createdAt": "2018-09-09T22:20:36+00:00", "shoeSize": "10.5", "productId": null, "skuUuid": "2cdcaf49-5108-4cc1-a38f-d40cb53b4c0c", "state": "480", "customerId": null, "localAmount": 425, "localCurrency": "USD"}, {"chainId": "12844220049118560643", "amount": 515, "createdAt": "2018-09-05T15:32:53+00:00", "shoeSize": "9", "productId": null, "skuUuid": "0edc2cfc-c909-41d9-9f7f-864c367df6fe", "state": "480", "customerId": null, "localAmount": 515, "localCurrency": "USD"}, {"chainId": "12844218972487020683", "amount": 450, "createdAt": "2018-08-30T15:35:25+00:00", "shoeSize": "9", "productId": null, "skuUuid": "0edc2cfc-c909-41d9-9f7f-864c367df6fe", "state": "480", "customerId": null, "localAmount": 450, "localCurrency": "USD"}, {"chainId": "12865987364007780769", "amount": 500, "createdAt": "2018-08-08T16:20:14+00:00", "shoeSize": "10.5", "productId": null, "skuUuid": "2cdcaf49-5108-4cc1-a38f-d40cb53b4c0c", "state": "480", "customerId": null, "localAmount": 500, "localCurrency": "USD"}, {"chainId": "12856640784634490273", "amount": 595, "createdAt": "2018-08-04T06:12:40+00:00", "shoeSize": "9", "productId": null, "skuUuid": "0edc2cfc-c909-41d9-9f7f-864c367df6fe", "state": "480", "customerId": null, "localAmount": 595, "localCurrency": "USD"}, {"chainId": "12859156083681392023", "amount": 680, "createdAt": "2018-08-01T18:59:40+00:00", "shoeSize": "10.5", "productId": null, "skuUuid": "2cdcaf49-5108-4cc1-a38f-d40cb53b4c0c", "state": "480", "customerId": null, "localAmount": 680, "localCurrency": "USD"}, {"chainId": "12826072515399553251", "amount": 595, "createdAt": "2018-07-26T12:33:01+00:00", "shoeSize": "9", "productId": null, "skuUuid": "0edc2cfc-c909-41d9-9f7f-864c367df6fe", "state": "480", "customerId": null, "localAmount": 595, "localCurrency": "USD"}, {"chainId": "12844189023081692157", "amount": 500, "createdAt": "2018-07-09T23:01:29+00:00", "shoeSize": "11", "productId": null, "skuUuid": "bfa210b7-f58a-4f00-b8db-99e4e4ab1a11", "state": "480", "customerId": null, "localAmount": 500, "localCurrency": "USD"}, {"chainId": "12809498707613451992", "amount": 541, "createdAt": "2018-06-28T20:33:11+00:00", "shoeSize": "9.5", "productId": null, "skuUuid": "3a812738-6b93-4dbc-896f-de826773df0d", "state": "480", "customerId": null, "localAmount": 541, "localCurrency": "USD"}, {"chainId": "12789166243142427043", "amount": 450, "createdAt": "2018-04-24T16:42:02+00:00", "shoeSize": "10", "productId": null, "skuUuid": "e13ae47a-2ff1-4146-ace3-a0d497612716", "state": "480", "customerId": null, "localAmount": 450, "localCurrency": "USD"}, {"chainId": "12766700593256354232", "amount": 500, "createdAt": "2018-03-24T16:35:16+00:00", "shoeSize": "9.5", "productId": null, "skuUuid": "3a812738-6b93-4dbc-896f-de826773df0d", "state": "480", "customerId": null, "localAmount": 500, "localCurrency": "USD"}, {"chainId": "12526242441750841280", "amount": 440, "createdAt": "2018-03-11T19:53:50+00:00", "shoeSize": "11.5", "productId": null, "skuUuid": "57f997a4-2e97-4513-a16f-858cbf117ba4", "state": "480", "customerId": null, "localAmount": 440, "localCurrency": "USD"}, {"chainId": "12676400797755050513", "amount": 495, "createdAt": "2018-03-06T19:01:49+00:00", "shoeSize": "11", "productId": null, "skuUuid": "bfa210b7-f58a-4f00-b8db-99e4e4ab1a11", "state": "480", "customerId": null, "localAmount": 495, "localCurrency": "USD"}, {"chainId": "12741529378575991342", "amount": 690, "createdAt": "2018-02-22T00:49:01+00:00", "shoeSize": "10.5", "productId": null, "skuUuid": "2cdcaf49-5108-4cc1-a38f-d40cb53b4c0c", "state": "480", "customerId": null, "localAmount": 690, "localCurrency": "USD"}, {"chainId": "12703066365506054488", "amount": 524, "createdAt": "2018-02-17T23:11:40+00:00", "shoeSize": "11", "productId": null, "skuUuid": "bfa210b7-f58a-4f00-b8db-99e4e4ab1a11", "state": "480", "customerId": null, "localAmount": 524, "localCurrency": "USD"}, {"chainId": "12456582588358559362", "amount": 534, "createdAt": "2018-01-22T17:41:56+00:00", "shoeSize": "10.5", "productId": null, "skuUuid": "2cdcaf49-5108-4cc1-a38f-d40cb53b4c0c", "state": "480", "customerId": null, "localAmount": 534, "localCurrency": "USD"}, {"chainId": "12716037574554303530", "amount": 610, "createdAt": "2018-01-13T10:23:07+00:00", "shoeSize": "9", "productId": null, "skuUuid": "0edc2cfc-c909-41d9-9f7f-864c367df6fe", "state": "480", "customerId": null, "localAmount": 610, "localCurrency": "USD"}, {"chainId": "12694526068450374992", "amount": 572, "createdAt": "2018-01-11T13:25:22+00:00", "shoeSize": "11", "productId": null, "skuUuid": "bfa210b7-f58a-4f00-b8db-99e4e4ab1a11", "state": "480", "customerId": null, "localAmount": 572, "localCurrency": "USD"}, {"chainId": "12522703460140136574", "amount": 480, "createdAt": "2017-12-23T04:07:11+00:00", "shoeSize": "11.5", "productId": null, "skuUuid": "57f997a4-2e97-4513-a16f-858cbf117ba4", "state": "480", "customerId": null, "localAmount": 480, "localCurrency": "USD"}, {"chainId": "12682345454309154886", "amount": 580, "createdAt": "2017-12-05T22:57:51+00:00", "shoeSize": "9.5", "productId": null, "skuUuid": "3a812738-6b93-4dbc-896f-de826773df0d", "state": "480", "customerId": null, "localAmount": 580, "localCurrency": "USD"}, {"chainId": "12667443047234287771", "amount": 455, "createdAt": "2017-11-24T15:53:53+00:00", "shoeSize": "12", "productId": null, "skuUuid": "a5e96e5e-2d7a-434c-b252-0ac171db47e1", "state": "480", "customerId": null, "localAmount": 455, "localCurrency": "USD"}, {"chainId": "12673348233442760459", "amount": 460, "createdAt": "2017-11-15T21:20:40+00:00", "shoeSize": "10.5", "productId": null, "skuUuid": "2cdcaf49-5108-4cc1-a38f-d40cb53b4c0c", "state": "480", "customerId": null, "localAmount": 460, "localCurrency": "USD"}, {"chainId": "12672320030784321427", "amount": 750, "createdAt": "2017-11-13T23:28:16+00:00", "shoeSize": "9", "productId": null, "skuUuid": "0edc2cfc-c909-41d9-9f7f-864c367df6fe", "state": "480", "customerId": null, "localAmount": 750, "localCurrency": "USD"}, {"chainId": "12670387318418971972", "amount": 750, "createdAt": "2017-11-11T07:28:51+00:00", "shoeSize": "9", "productId": null, "skuUuid": "0edc2cfc-c909-41d9-9f7f-864c367df6fe", "state": "480", "customerId": null, "localAmount": 750, "localCurrency": "USD"}, {"chainId": "12669664853951212911", "amount": 580, "createdAt": "2017-11-10T05:42:24+00:00", "shoeSize": "12", "productId": null, "skuUuid": "a5e96e5e-2d7a-434c-b252-0ac171db47e1", "state": "480", "customerId": null, "localAmount": 580, "localCurrency": "USD"}, {"chainId": "12504768574214086881", "amount": 828, "createdAt": "2017-11-05T20:10:44+00:00", "shoeSize": "9.5", "productId": null, "skuUuid": "3a812738-6b93-4dbc-896f-de826773df0d", "state": "480", "customerId": null, "localAmount": 828, "localCurrency": "USD"}, {"chainId": "12659753138432538527", "amount": 750, "createdAt": "2017-10-27T17:30:05+00:00", "shoeSize": "10", "productId": null, "skuUuid": "e13ae47a-2ff1-4146-ace3-a0d497612716", "state": "480", "customerId": null, "localAmount": 750, "localCurrency": "USD"}, {"chainId": "12653782159285659976", "amount": 750, "createdAt": "2017-10-19T04:56:13+00:00", "shoeSize": "10", "productId": null, "skuUuid": "e13ae47a-2ff1-4146-ace3-a0d497612716", "state": "480", "customerId": null, "localAmount": 750, "localCurrency": "USD"}, {"chainId": "12641269453748852205", "amount": 495, "createdAt": "2017-10-02T17:11:06+00:00", "shoeSize": "10.5", "productId": null, "skuUuid": "2cdcaf49-5108-4cc1-a38f-d40cb53b4c0c", "state": "480", "customerId": null, "localAmount": 495, "localCurrency": "USD"}, {"chainId": "12511694498158928316", "amount": 500, "createdAt": "2017-09-22T13:46:28+00:00", "shoeSize": "9", "productId": null, "skuUuid": "0edc2cfc-c909-41d9-9f7f-864c367df6fe", "state": "480", "customerId": null, "localAmount": 500, "localCurrency": "USD"}, {"chainId": "12606842467328490206", "amount": 879, "createdAt": "2017-09-16T14:45:44+00:00", "shoeSize": "8", "productId": null, "skuUuid": "5cbe05c1-2660-424c-a44f-fdf5a2cd86f1", "state": "480", "customerId": null, "localAmount": 879, "localCurrency": "USD"}, {"chainId": "12593448720343942801", "amount": 488, "createdAt": "2017-09-06T01:43:53+00:00", "shoeSize": "12", "productId": null, "skuUuid": "a5e96e5e-2d7a-434c-b252-0ac171db47e1", "state": "480", "customerId": null, "localAmount": 488, "localCurrency": "USD"}, {"chainId": "12618366661578033093", "amount": 500, "createdAt": "2017-09-01T00:42:06+00:00", "shoeSize": "10.5", "productId": null, "skuUuid": "2cdcaf49-5108-4cc1-a38f-d40cb53b4c0c", "state": "480", "customerId": null, "localAmount": 500, "localCurrency": "USD"}, {"chainId": "12606353155196846373", "amount": 500, "createdAt": "2017-08-14T12:11:04+00:00", "shoeSize": "10.5", "productId": null, "skuUuid": "2cdcaf49-5108-4cc1-a38f-d40cb53b4c0c", "state": "480", "customerId": null, "localAmount": 500, "localCurrency": "USD"}, {"chainId": "12590708575467015445", "amount": 465, "createdAt": "2017-08-02T03:01:20+00:00", "shoeSize": "12", "productId": null, "skuUuid": "a5e96e5e-2d7a-434c-b252-0ac171db47e1", "state": "480", "customerId": null, "localAmount": 465, "localCurrency": "USD"}, {"chainId": "12504532037645058803", "amount": 650, "createdAt": "2017-06-26T22:39:09+00:00", "shoeSize": "11", "productId": null, "skuUuid": "bfa210b7-f58a-4f00-b8db-99e4e4ab1a11", "state": "480", "customerId": null, "localAmount": 650, "localCurrency": "USD"}, {"chainId": "12536048505551512137", "amount": 700, "createdAt": "2017-05-09T20:52:57+00:00", "shoeSize": "10.5", "productId": null, "skuUuid": "2cdcaf49-5108-4cc1-a38f-d40cb53b4c0c", "state": "480", "customerId": null, "localAmount": 700, "localCurrency": "USD"}, {"chainId": "12513175224110917162", "amount": 490, "createdAt": "2017-05-01T11:08:14+00:00", "shoeSize": "10.5", "productId": null, "skuUuid": "2cdcaf49-5108-4cc1-a38f-d40cb53b4c0c", "state": "480", "customerId": null, "localAmount": 490, "localCurrency": "USD"}, {"chainId": "12528800250435797437", "amount": 700, "createdAt": "2017-04-29T22:59:54+00:00", "shoeSize": "10", "productId": null, "skuUuid": "e13ae47a-2ff1-4146-ace3-a0d497612716", "state": "480", "customerId": null, "localAmount": 700, "localCurrency": "USD"}, {"chainId": "12476041275027818451", "amount": 650, "createdAt": "2017-03-11T20:21:57+00:00", "shoeSize": "10.5", "productId": null, "skuUuid": "2cdcaf49-5108-4cc1-a38f-d40cb53b4c0c", "state": "480", "customerId": null, "localAmount": 650, "localCurrency": "USD"}, {"chainId": "12485201038386960945", "amount": 700, "createdAt": "2017-03-01T00:31:05+00:00", "shoeSize": "12", "productId": null, "skuUuid": "a5e96e5e-2d7a-434c-b252-0ac171db47e1", "state": "480", "customerId": null, "localAmount": 700, "localCurrency": "USD"}, {"chainId": "12312395827814452241", "amount": 665, "createdAt": "2017-02-25T22:03:54+00:00", "shoeSize": "9.5", "productId": null, "skuUuid": "3a812738-6b93-4dbc-896f-de826773df0d", "state": "480", "customerId": null, "localAmount": 665, "localCurrency": "USD"}, {"chainId": "12455172208542792632", "amount": 525, "createdAt": "2017-02-21T04:39:01+00:00", "shoeSize": "10", "productId": null, "skuUuid": "e13ae47a-2ff1-4146-ace3-a0d497612716", "state": "480", "customerId": null, "localAmount": 525, "localCurrency": "USD"}, {"chainId": "12469134105040793162", "amount": 700, "createdAt": "2017-02-06T14:26:50+00:00", "shoeSize": "12", "productId": null, "skuUuid": "a5e96e5e-2d7a-434c-b252-0ac171db47e1", "state": "480", "customerId": null, "localAmount": 700, "localCurrency": "USD"}, {"chainId": "12452315801401158916", "amount": 595, "createdAt": "2017-01-14T22:08:54+00:00", "shoeSize": "10", "productId": null, "skuUuid": "e13ae47a-2ff1-4146-ace3-a0d497612716", "state": "480", "customerId": null, "localAmount": 595, "localCurrency": "USD"}, {"chainId": "12448355166479214317", "amount": 700, "createdAt": "2017-01-08T13:18:52+00:00", "shoeSize": "9.5", "productId": null, "skuUuid": "3a812738-6b93-4dbc-896f-de826773df0d", "state": "480", "customerId": null, "localAmount": 700, "localCurrency": "USD"}, {"chainId": "12440140264442059530", "amount": 98, "createdAt": "2016-12-28T05:02:21+00:00", "shoeSize": "9.5", "productId": null, "skuUuid": "3a812738-6b93-4dbc-896f-de826773df0d", "state": "480", "customerId": null, "localAmount": 98, "localCurrency": "USD"}, {"chainId": "12424435401233710473", "amount": 665, "createdAt": "2016-12-09T13:42:02+00:00", "shoeSize": "7", "productId": null, "skuUuid": "220cb4f1-46b4-46e3-ba60-1936660e7418", "state": "480", "customerId": null, "localAmount": 665, "localCurrency": "USD"}, {"chainId": "12143403659796508432", "amount": 665, "createdAt": "2016-12-04T23:47:57+00:00", "shoeSize": "11", "productId": null, "skuUuid": "bfa210b7-f58a-4f00-b8db-99e4e4ab1a11", "state": "480", "customerId": null, "localAmount": 665, "localCurrency": "USD"}, {"chainId": "12417667763965218794", "amount": 750, "createdAt": "2016-11-27T11:40:03+00:00", "shoeSize": "9", "productId": null, "skuUuid": "0edc2cfc-c909-41d9-9f7f-864c367df6fe", "state": "480", "customerId": null, "localAmount": 750, "localCurrency": "USD"}, {"chainId": "12416217663461202341", "amount": 650, "createdAt": "2016-11-25T12:08:51+00:00", "shoeSize": "10.5", "productId": null, "skuUuid": "2cdcaf49-5108-4cc1-a38f-d40cb53b4c0c", "state": "480", "customerId": null, "localAmount": 650, "localCurrency": "USD"}, {"chainId": "12409075180419194859", "amount": 500, "createdAt": "2016-11-18T07:37:03+00:00", "shoeSize": "10.5", "productId": null, "skuUuid": "2cdcaf49-5108-4cc1-a38f-d40cb53b4c0c", "state": "480", "customerId": null, "localAmount": 500, "localCurrency": "USD"}, {"chainId": "12211949449186260233", "amount": 665, "createdAt": "2016-11-06T18:25:08+00:00", "shoeSize": "7.5", "productId": null, "skuUuid": "af5c5ac5-efbd-4410-9f33-0f9b9b27d7c0", "state": "480", "customerId": null, "localAmount": 665, "localCurrency": "USD"}, {"chainId": "12339975680412820783", "amount": 665, "createdAt": "2016-08-12T18:43:23+00:00", "shoeSize": "9", "productId": null, "skuUuid": "0edc2cfc-c909-41d9-9f7f-864c367df6fe", "state": "480", "customerId": null, "localAmount": 665, "localCurrency": "USD"}, {"chainId": "12143403659000240779", "amount": 665, "createdAt": "2016-07-20T20:15:53+00:00", "shoeSize": "10", "productId": null, "skuUuid": "e13ae47a-2ff1-4146-ace3-a0d497612716", "state": "480", "customerId": null, "localAmount": 665, "localCurrency": "USD"}, {"chainId": "12319076868915329340", "amount": 665, "createdAt": "2016-07-15T05:33:40+00:00", "shoeSize": "8", "productId": null, "skuUuid": "5cbe05c1-2660-424c-a44f-fdf5a2cd86f1", "state": "480", "customerId": null, "localAmount": 665, "localCurrency": "USD"}, {"chainId": "12154681601654251341", "amount": 665, "createdAt": "2016-07-05T13:26:41+00:00", "shoeSize": "8.5", "productId": null, "skuUuid": "1133d130-355f-4886-b90f-918ce06cbc50", "state": "480", "customerId": null, "localAmount": 665, "localCurrency": "USD"}, {"chainId": "12197329181610586148", "amount": 650, "createdAt": "2016-02-23T17:01:29+00:00", "shoeSize": "10", "productId": null, "skuUuid": "e13ae47a-2ff1-4146-ace3-a0d497612716", "state": "480", "customerId": null, "localAmount": 650, "localCurrency": "USD"}, {"chainId": "12160355957582165708", "amount": 615, "createdAt": "2016-01-25T20:04:34+00:00", "shoeSize": "10", "productId": null, "skuUuid": "e13ae47a-2ff1-4146-ace3-a0d497612716", "state": "480", "customerId": null, "localAmount": 615, "localCurrency": "USD"}, {"chainId": "12132630475230405003", "amount": 700, "createdAt": "2015-11-05T00:24:59+00:00", "shoeSize": "12", "productId": null, "skuUuid": "a5e96e5e-2d7a-434c-b252-0ac171db47e1", "state": "480", "customerId": null, "localAmount": 700, "localCurrency": "USD"}, {"chainId": "12131067703417258244", "amount": 750, "createdAt": "2015-10-27T12:13:53+00:00", "shoeSize": "11.5", "productId": null, "skuUuid": "57f997a4-2e97-4513-a16f-858cbf117ba4", "state": "480", "customerId": null, "localAmount": 750, "localCurrency": "USD"}, {"chainId": "12131067703182230745", "amount": 800, "createdAt": "2015-09-30T20:21:50+00:00", "shoeSize": "10", "productId": null, "skuUuid": "e13ae47a-2ff1-4146-ace3-a0d497612716", "state": "480", "customerId": null, "localAmount": 800, "localCurrency": "USD"}, {"chainId": "12140462528298580836", "amount": 616, "createdAt": "2015-06-12T16:10:37+00:00", "shoeSize": "10", "productId": null, "skuUuid": "e13ae47a-2ff1-4146-ace3-a0d497612716", "state": "480", "customerId": null, "localAmount": 616, "localCurrency": "USD"}]