[{"chainId": "12873860881523932955", "amount": 180, "createdAt": "2018-08-20T12:18:17+00:00", "shoeSize": "10", "productId": null, "skuUuid": "2e8a166a-fb6e-476b-814a-d2018c789a5c", "state": "480", "customerId": null, "localAmount": 180, "localCurrency": "USD"}, {"chainId": "12857323211083098558", "amount": 160, "createdAt": "2018-08-20T11:24:50+00:00", "shoeSize": "9", "productId": null, "skuUuid": "f3243d20-e5e5-4a60-ac42-0b7d92c49f67", "state": "480", "customerId": null, "localAmount": 160, "localCurrency": "USD"}, {"chainId": "12873157009588096755", "amount": 176, "createdAt": "2018-08-20T01:46:16+00:00", "shoeSize": "11", "productId": null, "skuUuid": "fc4d308e-7ba7-4a6d-b743-3f99aa16f755", "state": "480", "customerId": null, "localAmount": 176, "localCurrency": "USD"}, {"chainId": "12871243580058267500", "amount": 142, "createdAt": "2018-08-19T22:00:39+00:00", "shoeSize": "8", "productId": null, "skuUuid": "a1a1f132-1bff-49c2-9c5d-97cff1c9736d", "state": "480", "customerId": null, "localAmount": 142, "localCurrency": "USD"}, {"chainId": "12871180640045100753", "amount": 165, "createdAt": "2018-08-19T20:54:46+00:00", "shoeSize": "11", "productId": null, "skuUuid": "fc4d308e-7ba7-4a6d-b743-3f99aa16f755", "state": "480", "customerId": null, "localAmount": 165, "localCurrency": "USD"}, {"chainId": "12873372028947804411", "amount": 170, "createdAt": "2018-08-19T20:28:08+00:00", "shoeSize": "9.5", "productId": null, "skuUuid": "28f52e10-dd6f-4179-bd7e-4274a8856c23", "state": "480", "customerId": null, "localAmount": 170, "localCurrency": "USD"}, {"chainId": "12873988328322232867", "amount": 138, "createdAt": "2018-08-19T17:16:45+00:00", "shoeSize": "8", "productId": null, "skuUuid": "a1a1f132-1bff-49c2-9c5d-97cff1c9736d", "state": "480", "customerId": null, "localAmount": 138, "localCurrency": "USD"}, {"chainId": "12871245218025584067", "amount": 158, "createdAt": "2018-08-19T14:16:34+00:00", "shoeSize": "9", "productId": null, "skuUuid": "f3243d20-e5e5-4a60-ac42-0b7d92c49f67", "state": "480", "customerId": null, "localAmount": 158, "localCurrency": "USD"}, {"chainId": "12868329775734096601", "amount": 165, "createdAt": "2018-08-19T14:14:56+00:00", "shoeSize": "9.5", "productId": null, "skuUuid": "28f52e10-dd6f-4179-bd7e-4274a8856c23", "state": "480", "customerId": null, "localAmount": 165, "localCurrency": "USD"}, {"chainId": "12869840478879618585", "amount": 175, "createdAt": "2018-08-19T04:47:58+00:00", "shoeSize": "10", "productId": null, "skuUuid": "2e8a166a-fb6e-476b-814a-d2018c789a5c", "state": "480", "customerId": null, "localAmount": 175, "localCurrency": "USD"}, {"chainId": "12869760421043032082", "amount": 163, "createdAt": "2018-08-19T01:59:12+00:00", "shoeSize": "9.5", "productId": null, "skuUuid": "28f52e10-dd6f-4179-bd7e-4274a8856c23", "state": "480", "customerId": null, "localAmount": 163, "localCurrency": "USD"}, {"chainId": "12868329448643776687", "amount": 168, "createdAt": "2018-08-18T22:51:43+00:00", "shoeSize": "11.5", "productId": null, "skuUuid": "971b2562-1dbf-4dcc-88b5-3c84b388e1f8", "state": "480", "customerId": null, "localAmount": 168, "localCurrency": "USD"}, {"chainId": "12869760816540255915", "amount": 166, "createdAt": "2018-08-18T21:03:07+00:00", "shoeSize": "11.5", "productId": null, "skuUuid": "971b2562-1dbf-4dcc-88b5-3c84b388e1f8", "state": "480", "customerId": null, "localAmount": 166, "localCurrency": "USD"}, {"chainId": "12872638508209043039", "amount": 168, "createdAt": "2018-08-18T20:40:56+00:00", "shoeSize": "10.5", "productId": null, "skuUuid": "62c2cb16-2947-412e-8f63-d1b150e6c1d6", "state": "480", "customerId": null, "localAmount": 168, "localCurrency": "USD"}, {"chainId": "12871247341418956566", "amount": 159, "createdAt": "2018-08-18T20:11:44+00:00", "shoeSize": "9.5", "productId": null, "skuUuid": "28f52e10-dd6f-4179-bd7e-4274a8856c23", "state": "480", "customerId": null, "localAmount": 159, "localCurrency": "USD"}, {"chainId": "12871247663681305235", "amount": 148, "createdAt": "2018-08-18T19:36:49+00:00", "shoeSize": "9.5", "productId": null, "skuUuid": "28f52e10-dd6f-4179-bd7e-4274a8856c23", "state": "480", "customerId": null, "localAmount": 148, "localCurrency": "USD"}, {"chainId": "12865980530030117814", "amount": 186, "createdAt": "2018-08-18T17:18:54+00:00", "shoeSize": "15", "productId": null, "skuUuid": "bb36bee9-4590-49b6-a82f-d60165719b8d", "state": "480", "customerId": null, "localAmount": 186, "localCurrency": "USD"}, {"chainId": "12873234500597178918", "amount": 140, "createdAt": "2018-08-18T16:19:00+00:00", "shoeSize": "9", "productId": null, "skuUuid": "f3243d20-e5e5-4a60-ac42-0b7d92c49f67", "state": "480", "customerId": null, "localAmount": 140, "localCurrency": "USD"}, {"chainId": "12873234298284631756", "amount": 140, "createdAt": "2018-08-18T16:18:38+00:00", "shoeSize": "11", "productId": null, "skuUuid": "fc4d308e-7ba7-4a6d-b743-3f99aa16f755", "state": "480", "customerId": null, "localAmount": 140, "localCurrency": "USD"}, {"chainId": "12873234151672839825", "amount": 140, "createdAt": "2018-08-18T16:18:19+00:00", "shoeSize": "11.5", "productId": null, "skuUuid": "971b2562-1dbf-4dcc-88b5-3c84b388e1f8", "state": "480", "customerId": null, "localAmount": 140, "localCurrency": "USD"}, {"chainId": "12873233610481666771", "amount": 140, "createdAt": "2018-08-18T16:17:31+00:00", "shoeSize": "12", "productId": null, "skuUuid": "5723bca0-413b-41bc-b71d-e56140f3c3af", "state": "480", "customerId": null, "localAmount": 140, "localCurrency": "USD"}, {"chainId": "12873233288100165285", "amount": 150, "createdAt": "2018-08-18T16:16:39+00:00", "shoeSize": "8.5", "productId": null, "skuUuid": "51283f92-da3e-472a-8e6d-9a37a919d3b6", "state": "480", "customerId": null, "localAmount": 150, "localCurrency": "USD"}, {"chainId": "12873233103935264004", "amount": 145, "createdAt": "2018-08-18T16:16:15+00:00", "shoeSize": "9", "productId": null, "skuUuid": "f3243d20-e5e5-4a60-ac42-0b7d92c49f67", "state": "480", "customerId": null, "localAmount": 145, "localCurrency": "USD"}, {"chainId": "12873232924857824227", "amount": 145, "createdAt": "2018-08-18T16:15:55+00:00", "shoeSize": "10.5", "productId": null, "skuUuid": "62c2cb16-2947-412e-8f63-d1b150e6c1d6", "state": "480", "customerId": null, "localAmount": 145, "localCurrency": "USD"}, {"chainId": "12873232678402277088", "amount": 147, "createdAt": "2018-08-18T16:15:23+00:00", "shoeSize": "11.5", "productId": null, "skuUuid": "971b2562-1dbf-4dcc-88b5-3c84b388e1f8", "state": "480", "customerId": null, "localAmount": 147, "localCurrency": "USD"}, {"chainId": "12873232396574636048", "amount": 150, "createdAt": "2018-08-18T16:14:49+00:00", "shoeSize": "11", "productId": null, "skuUuid": "fc4d308e-7ba7-4a6d-b743-3f99aa16f755", "state": "480", "customerId": null, "localAmount": 150, "localCurrency": "USD"}, {"chainId": "12873213226653570628", "amount": 150, "createdAt": "2018-08-18T15:44:34+00:00", "shoeSize": "10", "productId": null, "skuUuid": "2e8a166a-fb6e-476b-814a-d2018c789a5c", "state": "480", "customerId": null, "localAmount": 150, "localCurrency": "USD"}, {"chainId": "12872812846951472963", "amount": 165, "createdAt": "2018-08-18T15:05:11+00:00", "shoeSize": "10.5", "productId": null, "skuUuid": "62c2cb16-2947-412e-8f63-d1b150e6c1d6", "state": "480", "customerId": null, "localAmount": 165, "localCurrency": "USD"}, {"chainId": "12866796749067909026", "amount": 146, "createdAt": "2018-08-18T14:54:51+00:00", "shoeSize": "9.5", "productId": null, "skuUuid": "28f52e10-dd6f-4179-bd7e-4274a8856c23", "state": "480", "customerId": null, "localAmount": 146, "localCurrency": "USD"}, {"chainId": "12871248753420436748", "amount": 150, "createdAt": "2018-08-18T13:35:21+00:00", "shoeSize": "10", "productId": null, "skuUuid": "2e8a166a-fb6e-476b-814a-d2018c789a5c", "state": "480", "customerId": null, "localAmount": 150, "localCurrency": "USD"}, {"chainId": "12871362190473781646", "amount": 164, "createdAt": "2018-08-18T13:34:30+00:00", "shoeSize": "11", "productId": null, "skuUuid": "fc4d308e-7ba7-4a6d-b743-3f99aa16f755", "state": "480", "customerId": null, "localAmount": 164, "localCurrency": "USD"}, {"chainId": "12871249860199436654", "amount": 162, "createdAt": "2018-08-18T12:01:30+00:00", "shoeSize": "11", "productId": null, "skuUuid": "fc4d308e-7ba7-4a6d-b743-3f99aa16f755", "state": "480", "customerId": null, "localAmount": 162, "localCurrency": "USD"}, {"chainId": "12871246510557046099", "amount": 147, "createdAt": "2018-08-18T06:08:51+00:00", "shoeSize": "9.5", "productId": null, "skuUuid": "28f52e10-dd6f-4179-bd7e-4274a8856c23", "state": "480", "customerId": null, "localAmount": 147, "localCurrency": "USD"}, {"chainId": "12871245006285431167", "amount": 158, "createdAt": "2018-08-18T03:28:05+00:00", "shoeSize": "9", "productId": null, "skuUuid": "f3243d20-e5e5-4a60-ac42-0b7d92c49f67", "state": "480", "customerId": null, "localAmount": 158, "localCurrency": "USD"}, {"chainId": "12871243385703658399", "amount": 149, "createdAt": "2018-08-18T02:36:27+00:00", "shoeSize": "8", "productId": null, "skuUuid": "a1a1f132-1bff-49c2-9c5d-97cff1c9736d", "state": "480", "customerId": null, "localAmount": 149, "localCurrency": "USD"}, {"chainId": "12871244819148458051", "amount": 158, "createdAt": "2018-08-18T02:28:33+00:00", "shoeSize": "9", "productId": null, "skuUuid": "f3243d20-e5e5-4a60-ac42-0b7d92c49f67", "state": "480", "customerId": null, "localAmount": 158, "localCurrency": "USD"}, {"chainId": "12871249365628906779", "amount": 162, "createdAt": "2018-08-18T00:53:31+00:00", "shoeSize": "11", "productId": null, "skuUuid": "fc4d308e-7ba7-4a6d-b743-3f99aa16f755", "state": "480", "customerId": null, "localAmount": 162, "localCurrency": "USD"}, {"chainId": "12872409017434473117", "amount": 177, "createdAt": "2018-08-17T21:38:02+00:00", "shoeSize": "12", "productId": null, "skuUuid": "5723bca0-413b-41bc-b71d-e56140f3c3af", "state": "480", "customerId": null, "localAmount": 177, "localCurrency": "USD"}, {"chainId": "12872637855682693524", "amount": 170, "createdAt": "2018-08-17T20:33:35+00:00", "shoeSize": "10.5", "productId": null, "skuUuid": "62c2cb16-2947-412e-8f63-d1b150e6c1d6", "state": "480", "customerId": null, "localAmount": 170, "localCurrency": "USD"}, {"chainId": "12872218597179373269", "amount": 172, "createdAt": "2018-08-17T20:27:40+00:00", "shoeSize": "10.5", "productId": null, "skuUuid": "62c2cb16-2947-412e-8f63-d1b150e6c1d6", "state": "480", "customerId": null, "localAmount": 172, "localCurrency": "USD"}, {"chainId": "12871248598995818616", "amount": 161, "createdAt": "2018-08-17T17:34:34+00:00", "shoeSize": "10", "productId": null, "skuUuid": "2e8a166a-fb6e-476b-814a-d2018c789a5c", "state": "480", "customerId": null, "localAmount": 161, "localCurrency": "USD"}, {"chainId": "12866796515052819482", "amount": 160, "createdAt": "2018-08-17T14:54:18+00:00", "shoeSize": "8.5", "productId": null, "skuUuid": "51283f92-da3e-472a-8e6d-9a37a919d3b6", "state": "480", "customerId": null, "localAmount": 160, "localCurrency": "USD"}, {"chainId": "12871249516764374267", "amount": 162, "createdAt": "2018-08-17T14:49:49+00:00", "shoeSize": "11", "productId": null, "skuUuid": "fc4d308e-7ba7-4a6d-b743-3f99aa16f755", "state": "480", "customerId": null, "localAmount": 162, "localCurrency": "USD"}, {"chainId": "12870407151023256172", "amount": 160, "createdAt": "2018-08-17T13:38:45+00:00", "shoeSize": "10.5", "productId": null, "skuUuid": "62c2cb16-2947-412e-8f63-d1b150e6c1d6", "state": "480", "customerId": null, "localAmount": 160, "localCurrency": "USD"}, {"chainId": "12871594916446800326", "amount": 165, "createdAt": "2018-08-17T12:51:04+00:00", "shoeSize": "12", "productId": null, "skuUuid": "5723bca0-413b-41bc-b71d-e56140f3c3af", "state": "480", "customerId": null, "localAmount": 165, "localCurrency": "USD"}, {"chainId": "12871249673704620050", "amount": 162, "createdAt": "2018-08-17T12:25:49+00:00", "shoeSize": "11", "productId": null, "skuUuid": "fc4d308e-7ba7-4a6d-b743-3f99aa16f755", "state": "480", "customerId": null, "localAmount": 162, "localCurrency": "USD"}, {"chainId": "12871246276345295778", "amount": 149, "createdAt": "2018-08-17T09:47:19+00:00", "shoeSize": "9.5", "productId": null, "skuUuid": "28f52e10-dd6f-4179-bd7e-4274a8856c23", "state": "480", "customerId": null, "localAmount": 149, "localCurrency": "USD"}, {"chainId": "12872177356036969747", "amount": 175, "createdAt": "2018-08-17T05:18:39+00:00", "shoeSize": "13", "productId": null, "skuUuid": "c1ebae2b-df82-4f7e-90db-65dc3694c124", "state": "480", "customerId": null, "localAmount": 175, "localCurrency": "USD"}, {"chainId": "12870208517510590660", "amount": 168, "createdAt": "2018-08-17T04:26:55+00:00", "shoeSize": "10.5", "productId": null, "skuUuid": "62c2cb16-2947-412e-8f63-d1b150e6c1d6", "state": "480", "customerId": null, "localAmount": 168, "localCurrency": "USD"}, {"chainId": "12871246044805167123", "amount": 149, "createdAt": "2018-08-17T02:59:37+00:00", "shoeSize": "9.5", "productId": null, "skuUuid": "28f52e10-dd6f-4179-bd7e-4274a8856c23", "state": "480", "customerId": null, "localAmount": 149, "localCurrency": "USD"}, {"chainId": "12871250331050712638", "amount": 163, "createdAt": "2018-08-17T01:19:22+00:00", "shoeSize": "11.5", "productId": null, "skuUuid": "971b2562-1dbf-4dcc-88b5-3c84b388e1f8", "state": "480", "customerId": null, "localAmount": 163, "localCurrency": "USD"}, {"chainId": "12866796312885312916", "amount": 147, "createdAt": "2018-08-17T00:42:43+00:00", "shoeSize": "8", "productId": null, "skuUuid": "a1a1f132-1bff-49c2-9c5d-97cff1c9736d", "state": "480", "customerId": null, "localAmount": 147, "localCurrency": "USD"}, {"chainId": "12871250838556323262", "amount": 190, "createdAt": "2018-08-17T00:05:02+00:00", "shoeSize": "13", "productId": null, "skuUuid": "c1ebae2b-df82-4f7e-90db-65dc3694c124", "state": "480", "customerId": null, "localAmount": 190, "localCurrency": "USD"}, {"chainId": "12871891317854691202", "amount": 150, "createdAt": "2018-08-16T19:50:20+00:00", "shoeSize": "10", "productId": null, "skuUuid": "2e8a166a-fb6e-476b-814a-d2018c789a5c", "state": "480", "customerId": null, "localAmount": 150, "localCurrency": "USD"}, {"chainId": "12871891013664779457", "amount": 175, "createdAt": "2018-08-16T19:49:46+00:00", "shoeSize": "13", "productId": null, "skuUuid": "c1ebae2b-df82-4f7e-90db-65dc3694c124", "state": "480", "customerId": null, "localAmount": 175, "localCurrency": "USD"}, {"chainId": "12867146738719615068", "amount": 180, "createdAt": "2018-08-16T10:23:00+00:00", "shoeSize": "14", "productId": null, "skuUuid": "b47159b1-f2db-455c-acbd-20ca0492f617", "state": "480", "customerId": null, "localAmount": 180, "localCurrency": "USD"}, {"chainId": "12871243918180336414", "amount": 159, "createdAt": "2018-08-16T09:48:35+00:00", "shoeSize": "8.5", "productId": null, "skuUuid": "51283f92-da3e-472a-8e6d-9a37a919d3b6", "state": "480", "customerId": null, "localAmount": 159, "localCurrency": "USD"}, {"chainId": "12871249052558089410", "amount": 162, "createdAt": "2018-08-16T08:19:38+00:00", "shoeSize": "10.5", "productId": null, "skuUuid": "62c2cb16-2947-412e-8f63-d1b150e6c1d6", "state": "480", "customerId": null, "localAmount": 162, "localCurrency": "USD"}, {"chainId": "12871220103214056391", "amount": 175, "createdAt": "2018-08-16T05:01:14+00:00", "shoeSize": "12", "productId": null, "skuUuid": "5723bca0-413b-41bc-b71d-e56140f3c3af", "state": "480", "customerId": null, "localAmount": 175, "localCurrency": "USD"}, {"chainId": "12868330581943931329", "amount": 155, "createdAt": "2018-08-16T02:16:32+00:00", "shoeSize": "12", "productId": null, "skuUuid": "5723bca0-413b-41bc-b71d-e56140f3c3af", "state": "480", "customerId": null, "localAmount": 155, "localCurrency": "USD"}, {"chainId": "12871250615225666919", "amount": 160, "createdAt": "2018-08-16T00:14:48+00:00", "shoeSize": "12", "productId": null, "skuUuid": "5723bca0-413b-41bc-b71d-e56140f3c3af", "state": "480", "customerId": null, "localAmount": 160, "localCurrency": "USD"}, {"chainId": "12868328826566790921", "amount": 150, "createdAt": "2018-08-15T22:52:47+00:00", "shoeSize": "12", "productId": null, "skuUuid": "5723bca0-413b-41bc-b71d-e56140f3c3af", "state": "480", "customerId": null, "localAmount": 150, "localCurrency": "USD"}, {"chainId": "12871198836275985425", "amount": 185, "createdAt": "2018-08-15T20:54:32+00:00", "shoeSize": "14", "productId": null, "skuUuid": "b47159b1-f2db-455c-acbd-20ca0492f617", "state": "480", "customerId": null, "localAmount": 185, "localCurrency": "USD"}, {"chainId": "12865555962730104637", "amount": 200, "createdAt": "2018-08-15T19:44:21+00:00", "shoeSize": "11", "productId": null, "skuUuid": "fc4d308e-7ba7-4a6d-b743-3f99aa16f755", "state": "480", "customerId": null, "localAmount": 200, "localCurrency": "USD"}, {"chainId": "12871062480690314007", "amount": 135, "createdAt": "2018-08-15T16:23:37+00:00", "shoeSize": "9", "productId": null, "skuUuid": "f3243d20-e5e5-4a60-ac42-0b7d92c49f67", "state": "480", "customerId": null, "localAmount": 135, "localCurrency": "USD"}, {"chainId": "12869760718064128818", "amount": 164, "createdAt": "2018-08-15T16:03:40+00:00", "shoeSize": "11", "productId": null, "skuUuid": "fc4d308e-7ba7-4a6d-b743-3f99aa16f755", "state": "480", "customerId": null, "localAmount": 164, "localCurrency": "USD"}, {"chainId": "12871034564726865261", "amount": 125, "createdAt": "2018-08-15T15:28:08+00:00", "shoeSize": "10", "productId": null, "skuUuid": "2e8a166a-fb6e-476b-814a-d2018c789a5c", "state": "480", "customerId": null, "localAmount": 125, "localCurrency": "USD"}, {"chainId": "12870407304246459919", "amount": 160, "createdAt": "2018-08-15T14:14:34+00:00", "shoeSize": "9.5", "productId": null, "skuUuid": "28f52e10-dd6f-4179-bd7e-4274a8856c23", "state": "480", "customerId": null, "localAmount": 160, "localCurrency": "USD"}, {"chainId": "12870959803802853375", "amount": 150, "createdAt": "2018-08-15T12:59:35+00:00", "shoeSize": "12", "productId": null, "skuUuid": "5723bca0-413b-41bc-b71d-e56140f3c3af", "state": "480", "customerId": null, "localAmount": 150, "localCurrency": "USD"}, {"chainId": "12870959515652701483", "amount": 155, "createdAt": "2018-08-15T12:59:00+00:00", "shoeSize": "8.5", "productId": null, "skuUuid": "51283f92-da3e-472a-8e6d-9a37a919d3b6", "state": "480", "customerId": null, "localAmount": 155, "localCurrency": "USD"}, {"chainId": "12870959354603655935", "amount": 155, "createdAt": "2018-08-15T12:58:42+00:00", "shoeSize": "10.5", "productId": null, "skuUuid": "62c2cb16-2947-412e-8f63-d1b150e6c1d6", "state": "480", "customerId": null, "localAmount": 155, "localCurrency": "USD"}, {"chainId": "12870958854855593772", "amount": 156, "createdAt": "2018-08-15T12:57:42+00:00", "shoeSize": "11", "productId": null, "skuUuid": "fc4d308e-7ba7-4a6d-b743-3f99aa16f755", "state": "480", "customerId": null, "localAmount": 156, "localCurrency": "USD"}, {"chainId": "12869760930671294311", "amount": 166, "createdAt": "2018-08-15T01:32:26+00:00", "shoeSize": "12", "productId": null, "skuUuid": "5723bca0-413b-41bc-b71d-e56140f3c3af", "state": "480", "customerId": null, "localAmount": 166, "localCurrency": "USD"}, {"chainId": "12867147560593324102", "amount": 215, "createdAt": "2018-08-15T00:57:39+00:00", "shoeSize": "15", "productId": null, "skuUuid": "bb36bee9-4590-49b6-a82f-d60165719b8d", "state": "480", "customerId": null, "localAmount": 215, "localCurrency": "USD"}, {"chainId": "12869760310612501246", "amount": 166, "createdAt": "2018-08-14T22:27:21+00:00", "shoeSize": "9", "productId": null, "skuUuid": "f3243d20-e5e5-4a60-ac42-0b7d92c49f67", "state": "480", "customerId": null, "localAmount": 166, "localCurrency": "USD"}, {"chainId": "12869780890806365824", "amount": 168, "createdAt": "2018-08-14T22:01:28+00:00", "shoeSize": "8.5", "productId": null, "skuUuid": "51283f92-da3e-472a-8e6d-9a37a919d3b6", "state": "480", "customerId": null, "localAmount": 168, "localCurrency": "USD"}, {"chainId": "12870299234622656676", "amount": 160, "createdAt": "2018-08-14T15:07:09+00:00", "shoeSize": "13", "productId": null, "skuUuid": "c1ebae2b-df82-4f7e-90db-65dc3694c124", "state": "480", "customerId": null, "localAmount": 160, "localCurrency": "USD"}, {"chainId": "12869781773719423175", "amount": 165, "createdAt": "2018-08-14T14:57:31+00:00", "shoeSize": "12", "productId": null, "skuUuid": "5723bca0-413b-41bc-b71d-e56140f3c3af", "state": "480", "customerId": null, "localAmount": 165, "localCurrency": "USD"}, {"chainId": "12867309658848091852", "amount": 163, "createdAt": "2018-08-14T14:33:29+00:00", "shoeSize": "10", "productId": null, "skuUuid": "2e8a166a-fb6e-476b-814a-d2018c789a5c", "state": "480", "customerId": null, "localAmount": 163, "localCurrency": "USD"}, {"chainId": "12869760635387019804", "amount": 166, "createdAt": "2018-08-14T11:40:25+00:00", "shoeSize": "10.5", "productId": null, "skuUuid": "62c2cb16-2947-412e-8f63-d1b150e6c1d6", "state": "480", "customerId": null, "localAmount": 166, "localCurrency": "USD"}, {"chainId": "12866804157194972698", "amount": 165, "createdAt": "2018-08-14T07:47:06+00:00", "shoeSize": "9", "productId": null, "skuUuid": "f3243d20-e5e5-4a60-ac42-0b7d92c49f67", "state": "480", "customerId": null, "localAmount": 165, "localCurrency": "USD"}, {"chainId": "12869600144537013446", "amount": 165, "createdAt": "2018-08-14T04:07:43+00:00", "shoeSize": "10.5", "productId": null, "skuUuid": "62c2cb16-2947-412e-8f63-d1b150e6c1d6", "state": "480", "customerId": null, "localAmount": 165, "localCurrency": "USD"}, {"chainId": "12869812058862667666", "amount": 165, "createdAt": "2018-08-13T22:59:16+00:00", "shoeSize": "10", "productId": null, "skuUuid": "2e8a166a-fb6e-476b-814a-d2018c789a5c", "state": "480", "customerId": null, "localAmount": 165, "localCurrency": "USD"}, {"chainId": "12869760536950930295", "amount": 168, "createdAt": "2018-08-13T22:23:06+00:00", "shoeSize": "10", "productId": null, "skuUuid": "2e8a166a-fb6e-476b-814a-d2018c789a5c", "state": "480", "customerId": null, "localAmount": 168, "localCurrency": "USD"}, {"chainId": "12868328569715305449", "amount": 160, "createdAt": "2018-08-13T22:05:41+00:00", "shoeSize": "11.5", "productId": null, "skuUuid": "971b2562-1dbf-4dcc-88b5-3c84b388e1f8", "state": "480", "customerId": null, "localAmount": 160, "localCurrency": "USD"}, {"chainId": "12867387060894829149", "amount": 169, "createdAt": "2018-08-13T18:27:56+00:00", "shoeSize": "8.5", "productId": null, "skuUuid": "51283f92-da3e-472a-8e6d-9a37a919d3b6", "state": "480", "customerId": null, "localAmount": 169, "localCurrency": "USD"}, {"chainId": "12869536559425856684", "amount": 140, "createdAt": "2018-08-13T13:52:46+00:00", "shoeSize": "9", "productId": null, "skuUuid": "f3243d20-e5e5-4a60-ac42-0b7d92c49f67", "state": "480", "customerId": null, "localAmount": 140, "localCurrency": "USD"}, {"chainId": "12868325249503764942", "amount": 170, "createdAt": "2018-08-13T07:52:59+00:00", "shoeSize": "9.5", "productId": null, "skuUuid": "28f52e10-dd6f-4179-bd7e-4274a8856c23", "state": "480", "customerId": null, "localAmount": 170, "localCurrency": "USD"}, {"chainId": "12868328315847265148", "amount": 168, "createdAt": "2018-08-13T07:51:45+00:00", "shoeSize": "8.5", "productId": null, "skuUuid": "51283f92-da3e-472a-8e6d-9a37a919d3b6", "state": "480", "customerId": null, "localAmount": 168, "localCurrency": "USD"}, {"chainId": "12867507979511327518", "amount": 179, "createdAt": "2018-08-13T06:38:06+00:00", "shoeSize": "11.5", "productId": null, "skuUuid": "971b2562-1dbf-4dcc-88b5-3c84b388e1f8", "state": "480", "customerId": null, "localAmount": 179, "localCurrency": "USD"}, {"chainId": "12869037993630434055", "amount": 175, "createdAt": "2018-08-13T01:47:42+00:00", "shoeSize": "10.5", "productId": null, "skuUuid": "62c2cb16-2947-412e-8f63-d1b150e6c1d6", "state": "480", "customerId": null, "localAmount": 175, "localCurrency": "USD"}, {"chainId": "12869155211544794396", "amount": 174, "createdAt": "2018-08-13T01:42:42+00:00", "shoeSize": "10.5", "productId": null, "skuUuid": "62c2cb16-2947-412e-8f63-d1b150e6c1d6", "state": "480", "customerId": null, "localAmount": 174, "localCurrency": "USD"}, {"chainId": "12867507732726456905", "amount": 170, "createdAt": "2018-08-13T01:13:09+00:00", "shoeSize": "10.5", "productId": null, "skuUuid": "62c2cb16-2947-412e-8f63-d1b150e6c1d6", "state": "480", "customerId": null, "localAmount": 170, "localCurrency": "USD"}, {"chainId": "12867388247837398744", "amount": 200, "createdAt": "2018-08-12T23:31:37+00:00", "shoeSize": "13", "productId": null, "skuUuid": "c1ebae2b-df82-4f7e-90db-65dc3694c124", "state": "480", "customerId": null, "localAmount": 200, "localCurrency": "USD"}, {"chainId": "12869084665625976977", "amount": 175, "createdAt": "2018-08-12T22:54:03+00:00", "shoeSize": "11.5", "productId": null, "skuUuid": "971b2562-1dbf-4dcc-88b5-3c84b388e1f8", "state": "480", "customerId": null, "localAmount": 175, "localCurrency": "USD"}, {"chainId": "12869084423841362893", "amount": 181, "createdAt": "2018-08-12T22:53:33+00:00", "shoeSize": "11", "productId": null, "skuUuid": "fc4d308e-7ba7-4a6d-b743-3f99aa16f755", "state": "480", "customerId": null, "localAmount": 181, "localCurrency": "USD"}, {"chainId": "12863296246963960672", "amount": 170, "createdAt": "2018-08-12T14:49:28+00:00", "shoeSize": "10", "productId": null, "skuUuid": "2e8a166a-fb6e-476b-814a-d2018c789a5c", "state": "480", "customerId": null, "localAmount": 170, "localCurrency": "USD"}, {"chainId": "12867387957708043889", "amount": 175, "createdAt": "2018-08-12T11:32:33+00:00", "shoeSize": "12", "productId": null, "skuUuid": "5723bca0-413b-41bc-b71d-e56140f3c3af", "state": "480", "customerId": null, "localAmount": 175, "localCurrency": "USD"}, {"chainId": "12868329148307145913", "amount": 175, "createdAt": "2018-08-11T23:45:05+00:00", "shoeSize": "12", "productId": null, "skuUuid": "5723bca0-413b-41bc-b71d-e56140f3c3af", "state": "480", "customerId": null, "localAmount": 175, "localCurrency": "USD"}, {"chainId": "12867632259256923288", "amount": 188, "createdAt": "2018-08-11T00:46:36+00:00", "shoeSize": "11.5", "productId": null, "skuUuid": "971b2562-1dbf-4dcc-88b5-3c84b388e1f8", "state": "480", "customerId": null, "localAmount": 188, "localCurrency": "USD"}, {"chainId": "12867632790670729416", "amount": 175, "createdAt": "2018-08-10T22:49:24+00:00", "shoeSize": "10", "productId": null, "skuUuid": "2e8a166a-fb6e-476b-814a-d2018c789a5c", "state": "480", "customerId": null, "localAmount": 175, "localCurrency": "USD"}, {"chainId": "12867631739099259617", "amount": 175, "createdAt": "2018-08-10T22:47:20+00:00", "shoeSize": "10.5", "productId": null, "skuUuid": "62c2cb16-2947-412e-8f63-d1b150e6c1d6", "state": "480", "customerId": null, "localAmount": 175, "localCurrency": "USD"}, {"chainId": "12867631202343937513", "amount": 180, "createdAt": "2018-08-10T22:46:16+00:00", "shoeSize": "8.5", "productId": null, "skuUuid": "51283f92-da3e-472a-8e6d-9a37a919d3b6", "state": "480", "customerId": null, "localAmount": 180, "localCurrency": "USD"}, {"chainId": "12867388480193829866", "amount": 210, "createdAt": "2018-08-10T19:16:12+00:00", "shoeSize": "14", "productId": null, "skuUuid": "b47159b1-f2db-455c-acbd-20ca0492f617", "state": "480", "customerId": null, "localAmount": 210, "localCurrency": "USD"}, {"chainId": "12864408123487917104", "amount": 204, "createdAt": "2018-08-10T18:09:36+00:00", "shoeSize": "12", "productId": null, "skuUuid": "5723bca0-413b-41bc-b71d-e56140f3c3af", "state": "480", "customerId": null, "localAmount": 204, "localCurrency": "USD"}, {"chainId": "12866664760459147500", "amount": 189, "createdAt": "2018-08-10T17:56:51+00:00", "shoeSize": "10.5", "productId": null, "skuUuid": "62c2cb16-2947-412e-8f63-d1b150e6c1d6", "state": "480", "customerId": null, "localAmount": 189, "localCurrency": "USD"}, {"chainId": "12867387353665355930", "amount": 205, "createdAt": "2018-08-10T17:32:05+00:00", "shoeSize": "11.5", "productId": null, "skuUuid": "971b2562-1dbf-4dcc-88b5-3c84b388e1f8", "state": "480", "customerId": null, "localAmount": 205, "localCurrency": "USD"}, {"chainId": "12864407958175766006", "amount": 227, "createdAt": "2018-08-10T14:26:17+00:00", "shoeSize": "13", "productId": null, "skuUuid": "c1ebae2b-df82-4f7e-90db-65dc3694c124", "state": "480", "customerId": null, "localAmount": 227, "localCurrency": "USD"}, {"chainId": "12866664496101036126", "amount": 195, "createdAt": "2018-08-10T10:12:34+00:00", "shoeSize": "10", "productId": null, "skuUuid": "2e8a166a-fb6e-476b-814a-d2018c789a5c", "state": "480", "customerId": null, "localAmount": 195, "localCurrency": "USD"}, {"chainId": "12866666747876746390", "amount": 225, "createdAt": "2018-08-10T05:06:02+00:00", "shoeSize": "13", "productId": null, "skuUuid": "c1ebae2b-df82-4f7e-90db-65dc3694c124", "state": "480", "customerId": null, "localAmount": 225, "localCurrency": "USD"}, {"chainId": "12866797006690959740", "amount": 185, "createdAt": "2018-08-10T00:01:15+00:00", "shoeSize": "10.5", "productId": null, "skuUuid": "62c2cb16-2947-412e-8f63-d1b150e6c1d6", "state": "480", "customerId": null, "localAmount": 185, "localCurrency": "USD"}, {"chainId": "12866865635550336820", "amount": 180, "createdAt": "2018-08-09T21:25:12+00:00", "shoeSize": "8.5", "productId": null, "skuUuid": "51283f92-da3e-472a-8e6d-9a37a919d3b6", "state": "480", "customerId": null, "localAmount": 180, "localCurrency": "USD"}, {"chainId": "12866865447340116280", "amount": 180, "createdAt": "2018-08-09T21:24:52+00:00", "shoeSize": "10", "productId": null, "skuUuid": "2e8a166a-fb6e-476b-814a-d2018c789a5c", "state": "480", "customerId": null, "localAmount": 180, "localCurrency": "USD"}, {"chainId": "12866865289472731228", "amount": 201, "createdAt": "2018-08-09T21:24:31+00:00", "shoeSize": "12", "productId": null, "skuUuid": "5723bca0-413b-41bc-b71d-e56140f3c3af", "state": "480", "customerId": null, "localAmount": 201, "localCurrency": "USD"}, {"chainId": "12866865093620997501", "amount": 205, "createdAt": "2018-08-09T21:24:12+00:00", "shoeSize": "11.5", "productId": null, "skuUuid": "971b2562-1dbf-4dcc-88b5-3c84b388e1f8", "state": "480", "customerId": null, "localAmount": 205, "localCurrency": "USD"}, {"chainId": "12866864932015754002", "amount": 201, "createdAt": "2018-08-09T21:23:48+00:00", "shoeSize": "13", "productId": null, "skuUuid": "c1ebae2b-df82-4f7e-90db-65dc3694c124", "state": "480", "customerId": null, "localAmount": 201, "localCurrency": "USD"}, {"chainId": "12866864747005127884", "amount": 190, "createdAt": "2018-08-09T21:23:29+00:00", "shoeSize": "8.5", "productId": null, "skuUuid": "51283f92-da3e-472a-8e6d-9a37a919d3b6", "state": "480", "customerId": null, "localAmount": 190, "localCurrency": "USD"}, {"chainId": "12866797118543829565", "amount": 190, "createdAt": "2018-08-09T19:24:17+00:00", "shoeSize": "11", "productId": null, "skuUuid": "fc4d308e-7ba7-4a6d-b743-3f99aa16f755", "state": "480", "customerId": null, "localAmount": 190, "localCurrency": "USD"}, {"chainId": "12866796647586907878", "amount": 190, "createdAt": "2018-08-09T19:23:26+00:00", "shoeSize": "9", "productId": null, "skuUuid": "f3243d20-e5e5-4a60-ac42-0b7d92c49f67", "state": "480", "customerId": null, "localAmount": 190, "localCurrency": "USD"}, {"chainId": "12866663999705907569", "amount": 195, "createdAt": "2018-08-09T19:21:12+00:00", "shoeSize": "9", "productId": null, "skuUuid": "f3243d20-e5e5-4a60-ac42-0b7d92c49f67", "state": "480", "customerId": null, "localAmount": 195, "localCurrency": "USD"}, {"chainId": "12866796858570399892", "amount": 195, "createdAt": "2018-08-09T19:18:15+00:00", "shoeSize": "10", "productId": null, "skuUuid": "2e8a166a-fb6e-476b-814a-d2018c789a5c", "state": "480", "customerId": null, "localAmount": 195, "localCurrency": "USD"}, {"chainId": "12866665031044393258", "amount": 191, "createdAt": "2018-08-09T19:12:26+00:00", "shoeSize": "11", "productId": null, "skuUuid": "fc4d308e-7ba7-4a6d-b743-3f99aa16f755", "state": "480", "customerId": null, "localAmount": 191, "localCurrency": "USD"}, {"chainId": "12866269003958405271", "amount": 195, "createdAt": "2018-08-09T18:34:24+00:00", "shoeSize": "11", "productId": null, "skuUuid": "fc4d308e-7ba7-4a6d-b743-3f99aa16f755", "state": "480", "customerId": null, "localAmount": 195, "localCurrency": "USD"}, {"chainId": "12863443221834346263", "amount": 210, "createdAt": "2018-08-08T18:26:37+00:00", "shoeSize": "14", "productId": null, "skuUuid": "b47159b1-f2db-455c-acbd-20ca0492f617", "state": "480", "customerId": null, "localAmount": 210, "localCurrency": "USD"}, {"chainId": "12865105118296821697", "amount": 180, "createdAt": "2018-08-08T11:37:53+00:00", "shoeSize": "10.5", "productId": null, "skuUuid": "62c2cb16-2947-412e-8f63-d1b150e6c1d6", "state": "480", "customerId": null, "localAmount": 180, "localCurrency": "USD"}, {"chainId": "12863442000970726453", "amount": 210, "createdAt": "2018-08-08T02:44:49+00:00", "shoeSize": "9.5", "productId": null, "skuUuid": "28f52e10-dd6f-4179-bd7e-4274a8856c23", "state": "480", "customerId": null, "localAmount": 210, "localCurrency": "USD"}, {"chainId": "12863970828242017532", "amount": 204, "createdAt": "2018-08-07T18:45:41+00:00", "shoeSize": "15", "productId": null, "skuUuid": "bb36bee9-4590-49b6-a82f-d60165719b8d", "state": "480", "customerId": null, "localAmount": 204, "localCurrency": "USD"}, {"chainId": "12863442755880714201", "amount": 210, "createdAt": "2018-08-07T18:00:35+00:00", "shoeSize": "11.5", "productId": null, "skuUuid": "971b2562-1dbf-4dcc-88b5-3c84b388e1f8", "state": "480", "customerId": null, "localAmount": 210, "localCurrency": "USD"}, {"chainId": "12862449723482554136", "amount": 190, "createdAt": "2018-08-05T21:22:03+00:00", "shoeSize": "15", "productId": null, "skuUuid": "bb36bee9-4590-49b6-a82f-d60165719b8d", "state": "480", "customerId": null, "localAmount": 190, "localCurrency": "USD"}, {"chainId": "12863438123954400772", "amount": 218, "createdAt": "2018-08-05T03:55:21+00:00", "shoeSize": "9.5", "productId": null, "skuUuid": "28f52e10-dd6f-4179-bd7e-4274a8856c23", "state": "480", "customerId": null, "localAmount": 218, "localCurrency": "USD"}, {"chainId": "12863437119370325683", "amount": 250, "createdAt": "2018-08-05T03:53:24+00:00", "shoeSize": "13", "productId": null, "skuUuid": "c1ebae2b-df82-4f7e-90db-65dc3694c124", "state": "480", "customerId": null, "localAmount": 250, "localCurrency": "USD"}, {"chainId": "12863436872528527399", "amount": 220, "createdAt": "2018-08-05T03:52:54+00:00", "shoeSize": "9", "productId": null, "skuUuid": "f3243d20-e5e5-4a60-ac42-0b7d92c49f67", "state": "480", "customerId": null, "localAmount": 220, "localCurrency": "USD"}, {"chainId": "12859521286644314672", "amount": 225, "createdAt": "2018-08-04T16:30:40+00:00", "shoeSize": "10.5", "productId": null, "skuUuid": "62c2cb16-2947-412e-8f63-d1b150e6c1d6", "state": "480", "customerId": null, "localAmount": 225, "localCurrency": "USD"}, {"chainId": "12854835016795647650", "amount": 250, "createdAt": "2018-08-04T11:23:51+00:00", "shoeSize": "14", "productId": null, "skuUuid": "b47159b1-f2db-455c-acbd-20ca0492f617", "state": "480", "customerId": null, "localAmount": 250, "localCurrency": "USD"}, {"chainId": "12860038223459574081", "amount": 262, "createdAt": "2018-08-03T23:10:36+00:00", "shoeSize": "11", "productId": null, "skuUuid": "fc4d308e-7ba7-4a6d-b743-3f99aa16f755", "state": "480", "customerId": null, "localAmount": 262, "localCurrency": "USD"}, {"chainId": "12861667448563631576", "amount": 210, "createdAt": "2018-08-03T19:07:48+00:00", "shoeSize": "15", "productId": null, "skuUuid": "bb36bee9-4590-49b6-a82f-d60165719b8d", "state": "480", "customerId": null, "localAmount": 210, "localCurrency": "USD"}, {"chainId": "12861668895388587333", "amount": 220, "createdAt": "2018-08-03T05:30:02+00:00", "shoeSize": "14", "productId": null, "skuUuid": "b47159b1-f2db-455c-acbd-20ca0492f617", "state": "480", "customerId": null, "localAmount": 220, "localCurrency": "USD"}, {"chainId": "12861669797475022759", "amount": 225, "createdAt": "2018-08-02T17:22:02+00:00", "shoeSize": "10", "productId": null, "skuUuid": "2e8a166a-fb6e-476b-814a-d2018c789a5c", "state": "480", "customerId": null, "localAmount": 225, "localCurrency": "USD"}, {"chainId": "12861080462498209827", "amount": 240, "createdAt": "2018-08-01T21:51:08+00:00", "shoeSize": "11.5", "productId": null, "skuUuid": "971b2562-1dbf-4dcc-88b5-3c84b388e1f8", "state": "480", "customerId": null, "localAmount": 240, "localCurrency": "USD"}, {"chainId": "12861079303192344822", "amount": 230, "createdAt": "2018-08-01T21:48:50+00:00", "shoeSize": "10", "productId": null, "skuUuid": "2e8a166a-fb6e-476b-814a-d2018c789a5c", "state": "480", "customerId": null, "localAmount": 230, "localCurrency": "USD"}, {"chainId": "12859955084945456682", "amount": 230, "createdAt": "2018-07-31T21:54:01+00:00", "shoeSize": "12", "productId": null, "skuUuid": "5723bca0-413b-41bc-b71d-e56140f3c3af", "state": "480", "customerId": null, "localAmount": 230, "localCurrency": "USD"}, {"chainId": "12858634244768937471", "amount": 230, "createdAt": "2018-07-29T12:50:54+00:00", "shoeSize": "9", "productId": null, "skuUuid": "f3243d20-e5e5-4a60-ac42-0b7d92c49f67", "state": "480", "customerId": null, "localAmount": 230, "localCurrency": "USD"}, {"chainId": "12856165059737708107", "amount": 230, "createdAt": "2018-07-27T21:57:54+00:00", "shoeSize": "8", "productId": null, "skuUuid": "a1a1f132-1bff-49c2-9c5d-97cff1c9736d", "state": "480", "customerId": null, "localAmount": 230, "localCurrency": "USD"}, {"chainId": "12856166117640992673", "amount": 230, "createdAt": "2018-07-27T21:56:49+00:00", "shoeSize": "9", "productId": null, "skuUuid": "f3243d20-e5e5-4a60-ac42-0b7d92c49f67", "state": "480", "customerId": null, "localAmount": 230, "localCurrency": "USD"}]