[{"chainId": "12979194254127222310", "amount": 55, "createdAt": "2019-01-20T03:11:18+00:00", "shoeSize": "11", "productId": null, "skuUuid": "d8fe1a94-d67b-43f0-9bc9-06be6c0b316f", "state": "480", "customerId": null, "localAmount": 55, "localCurrency": "USD"}, {"chainId": "12907408292011030581", "amount": 108, "createdAt": "2019-01-20T03:09:18+00:00", "shoeSize": "10", "productId": null, "skuUuid": "a5c718e9-9b06-4aab-9e9d-eb4a86a493fc", "state": "480", "customerId": null, "localAmount": 108, "localCurrency": "USD"}, {"chainId": "12984928340182750060", "amount": 70, "createdAt": "2019-01-19T20:19:39+00:00", "shoeSize": "10.5", "productId": null, "skuUuid": "1de11e04-cdec-414c-b194-628de256d694", "state": "480", "customerId": null, "localAmount": 70, "localCurrency": "USD"}, {"chainId": "12917629187189488656", "amount": 83, "createdAt": "2019-01-18T14:00:55+00:00", "shoeSize": "8.5", "productId": null, "skuUuid": "3f9bace7-8eae-4932-89b4-dbc02b60b622", "state": "480", "customerId": null, "localAmount": 83, "localCurrency": "USD"}, {"chainId": "12907408653108674537", "amount": 100, "createdAt": "2019-01-17T05:10:24+00:00", "shoeSize": "11.5", "productId": null, "skuUuid": "1741b8c9-4755-41bb-80b8-73d1563a7365", "state": "480", "customerId": null, "localAmount": 100, "localCurrency": "USD"}, {"chainId": "12972888356668743611", "amount": 77, "createdAt": "2019-01-16T21:03:28+00:00", "shoeSize": "11", "productId": null, "skuUuid": "d8fe1a94-d67b-43f0-9bc9-06be6c0b316f", "state": "480", "customerId": null, "localAmount": 77, "localCurrency": "USD"}, {"chainId": "12916754981862814652", "amount": 78, "createdAt": "2019-01-16T00:16:44+00:00", "shoeSize": "8.5", "productId": null, "skuUuid": "3f9bace7-8eae-4932-89b4-dbc02b60b622", "state": "480", "customerId": null, "localAmount": 78, "localCurrency": "USD"}, {"chainId": "12917629737825963360", "amount": 100, "createdAt": "2019-01-14T05:00:23+00:00", "shoeSize": "12", "productId": null, "skuUuid": "9b0fc11e-edb9-488c-8bea-55df5decb6da", "state": "480", "customerId": null, "localAmount": 100, "localCurrency": "USD"}, {"chainId": "12917629258898734949", "amount": 84.4232, "createdAt": "2019-01-13T09:22:40+00:00", "shoeSize": "9", "productId": null, "skuUuid": "29893094-06fa-40ae-a3ea-a2a13cd5e3dc", "state": "480", "customerId": null, "localAmount": 85, "localCurrency": "USD"}, {"chainId": "12916755736338399136", "amount": 95, "createdAt": "2019-01-12T18:39:36+00:00", "shoeSize": "12", "productId": null, "skuUuid": "9b0fc11e-edb9-488c-8bea-55df5decb6da", "state": "480", "customerId": null, "localAmount": 95, "localCurrency": "USD"}, {"chainId": "12977078272385584623", "amount": 84, "createdAt": "2019-01-11T09:30:32+00:00", "shoeSize": "8.5", "productId": null, "skuUuid": "3f9bace7-8eae-4932-89b4-dbc02b60b622", "state": "480", "customerId": null, "localAmount": 84, "localCurrency": "USD"}, {"chainId": "12922776493445118751", "amount": 82, "createdAt": "2019-01-09T07:43:29+00:00", "shoeSize": "8.5", "productId": null, "skuUuid": "3f9bace7-8eae-4932-89b4-dbc02b60b622", "state": "480", "customerId": null, "localAmount": 82, "localCurrency": "USD"}, {"chainId": "12977078520889682912", "amount": 90, "createdAt": "2019-01-08T22:58:33+00:00", "shoeSize": "11.5", "productId": null, "skuUuid": "1741b8c9-4755-41bb-80b8-73d1563a7365", "state": "480", "customerId": null, "localAmount": 90, "localCurrency": "USD"}, {"chainId": "12973342913183516313", "amount": 70, "createdAt": "2019-01-03T19:16:33+00:00", "shoeSize": "10", "productId": null, "skuUuid": "a5c718e9-9b06-4aab-9e9d-eb4a86a493fc", "state": "480", "customerId": null, "localAmount": 70, "localCurrency": "USD"}, {"chainId": "12973342752983473887", "amount": 63, "createdAt": "2019-01-03T19:16:18+00:00", "shoeSize": "9.5", "productId": null, "skuUuid": "35571586-6236-4dcd-aa27-c6f667031140", "state": "480", "customerId": null, "localAmount": 63, "localCurrency": "USD"}, {"chainId": "12973342598145355308", "amount": 60, "createdAt": "2019-01-03T19:16:00+00:00", "shoeSize": "9", "productId": null, "skuUuid": "29893094-06fa-40ae-a3ea-a2a13cd5e3dc", "state": "480", "customerId": null, "localAmount": 60, "localCurrency": "USD"}, {"chainId": "12973340294303413683", "amount": 85, "createdAt": "2019-01-03T19:11:20+00:00", "shoeSize": "12", "productId": null, "skuUuid": "9b0fc11e-edb9-488c-8bea-55df5decb6da", "state": "480", "customerId": null, "localAmount": 85, "localCurrency": "USD"}, {"chainId": "12965222644353987959", "amount": 77, "createdAt": "2019-01-03T03:53:34+00:00", "shoeSize": "11", "productId": null, "skuUuid": "d8fe1a94-d67b-43f0-9bc9-06be6c0b316f", "state": "480", "customerId": null, "localAmount": 77, "localCurrency": "USD"}, {"chainId": "12961049941390911831", "amount": 80.4265, "createdAt": "2019-01-01T14:43:50+00:00", "shoeSize": "9", "productId": null, "skuUuid": "29893094-06fa-40ae-a3ea-a2a13cd5e3dc", "state": "480", "customerId": null, "localAmount": 81, "localCurrency": "USD"}, {"chainId": "12969635148497513926", "amount": 65, "createdAt": "2018-12-29T16:29:55+00:00", "shoeSize": "9", "productId": null, "skuUuid": "29893094-06fa-40ae-a3ea-a2a13cd5e3dc", "state": "480", "customerId": null, "localAmount": 65, "localCurrency": "USD"}, {"chainId": "12907408483697560835", "amount": 77, "createdAt": "2018-12-28T22:02:59+00:00", "shoeSize": "11", "productId": null, "skuUuid": "d8fe1a94-d67b-43f0-9bc9-06be6c0b316f", "state": "480", "customerId": null, "localAmount": 77, "localCurrency": "USD"}, {"chainId": "12961049851212185375", "amount": 85, "createdAt": "2018-12-26T21:43:13+00:00", "shoeSize": "8.5", "productId": null, "skuUuid": "3f9bace7-8eae-4932-89b4-dbc02b60b622", "state": "480", "customerId": null, "localAmount": 85, "localCurrency": "USD"}, {"chainId": "12917032444444561452", "amount": 76, "createdAt": "2018-12-23T05:02:07+00:00", "shoeSize": "11", "productId": null, "skuUuid": "d8fe1a94-d67b-43f0-9bc9-06be6c0b316f", "state": "480", "customerId": null, "localAmount": 76, "localCurrency": "USD"}, {"chainId": "12915960988094257893", "amount": 85, "createdAt": "2018-12-20T04:13:37+00:00", "shoeSize": "12", "productId": null, "skuUuid": "9b0fc11e-edb9-488c-8bea-55df5decb6da", "state": "480", "customerId": null, "localAmount": 85, "localCurrency": "USD"}, {"chainId": "12912725023035582210", "amount": 107, "createdAt": "2018-12-18T16:39:32+00:00", "shoeSize": "13", "productId": null, "skuUuid": "b8b780e6-130d-4307-a135-85b1c162fad3", "state": "480", "customerId": null, "localAmount": 107, "localCurrency": "USD"}, {"chainId": "12940739305496633754", "amount": 88, "createdAt": "2018-12-18T03:51:32+00:00", "shoeSize": "14", "productId": null, "skuUuid": "940425d9-d4e7-433c-9b24-6f70aa8e9391", "state": "480", "customerId": null, "localAmount": 88, "localCurrency": "USD"}, {"chainId": "12916755652519399400", "amount": 86, "createdAt": "2018-12-17T18:27:36+00:00", "shoeSize": "11.5", "productId": null, "skuUuid": "1741b8c9-4755-41bb-80b8-73d1563a7365", "state": "480", "customerId": null, "localAmount": 86, "localCurrency": "USD"}, {"chainId": "12944398587590442196", "amount": 65, "createdAt": "2018-12-16T10:07:34+00:00", "shoeSize": "11", "productId": null, "skuUuid": "d8fe1a94-d67b-43f0-9bc9-06be6c0b316f", "state": "480", "customerId": null, "localAmount": 65, "localCurrency": "USD"}, {"chainId": "12912724824690684753", "amount": 89, "createdAt": "2018-12-13T21:43:41+00:00", "shoeSize": "11.5", "productId": null, "skuUuid": "1741b8c9-4755-41bb-80b8-73d1563a7365", "state": "480", "customerId": null, "localAmount": 89, "localCurrency": "USD"}, {"chainId": "12950641106788911018", "amount": 60, "createdAt": "2018-12-11T12:31:32+00:00", "shoeSize": "8", "productId": null, "skuUuid": "b3fc0aa4-a34f-4655-afc5-1f9b7f388c8e", "state": "480", "customerId": null, "localAmount": 60, "localCurrency": "USD"}, {"chainId": "12956469049578350808", "amount": 60, "createdAt": "2018-12-11T12:31:16+00:00", "shoeSize": "8.5", "productId": null, "skuUuid": "3f9bace7-8eae-4932-89b4-dbc02b60b622", "state": "480", "customerId": null, "localAmount": 60, "localCurrency": "USD"}, {"chainId": "12956457574900937446", "amount": 60, "createdAt": "2018-12-11T12:08:27+00:00", "shoeSize": "8.5", "productId": null, "skuUuid": "3f9bace7-8eae-4932-89b4-dbc02b60b622", "state": "480", "customerId": null, "localAmount": 60, "localCurrency": "USD"}, {"chainId": "12956457439229869907", "amount": 60, "createdAt": "2018-12-11T12:08:11+00:00", "shoeSize": "8", "productId": null, "skuUuid": "b3fc0aa4-a34f-4655-afc5-1f9b7f388c8e", "state": "480", "customerId": null, "localAmount": 60, "localCurrency": "USD"}, {"chainId": "12956450044552369179", "amount": 60, "createdAt": "2018-12-11T11:53:30+00:00", "shoeSize": "8.5", "productId": null, "skuUuid": "3f9bace7-8eae-4932-89b4-dbc02b60b622", "state": "480", "customerId": null, "localAmount": 60, "localCurrency": "USD"}, {"chainId": "12956449918993024564", "amount": 60, "createdAt": "2018-12-11T11:53:15+00:00", "shoeSize": "8", "productId": null, "skuUuid": "b3fc0aa4-a34f-4655-afc5-1f9b7f388c8e", "state": "480", "customerId": null, "localAmount": 60, "localCurrency": "USD"}, {"chainId": "12916755171998751864", "amount": 105, "createdAt": "2018-12-10T21:14:06+00:00", "shoeSize": "9.5", "productId": null, "skuUuid": "35571586-6236-4dcd-aa27-c6f667031140", "state": "480", "customerId": null, "localAmount": 105, "localCurrency": "USD"}, {"chainId": "12915958743140120094", "amount": 85, "createdAt": "2018-12-08T18:57:56+00:00", "shoeSize": "8.5", "productId": null, "skuUuid": "3f9bace7-8eae-4932-89b4-dbc02b60b622", "state": "480", "customerId": null, "localAmount": 85, "localCurrency": "USD"}, {"chainId": "12926988236041406679", "amount": 65, "createdAt": "2018-12-03T03:47:01+00:00", "shoeSize": "8", "productId": null, "skuUuid": "b3fc0aa4-a34f-4655-afc5-1f9b7f388c8e", "state": "480", "customerId": null, "localAmount": 65, "localCurrency": "USD"}, {"chainId": "12915958832533504301", "amount": 80, "createdAt": "2018-12-01T05:23:42+00:00", "shoeSize": "9", "productId": null, "skuUuid": "29893094-06fa-40ae-a3ea-a2a13cd5e3dc", "state": "480", "customerId": null, "localAmount": 80, "localCurrency": "USD"}, {"chainId": "12948509279957961704", "amount": 70, "createdAt": "2018-11-30T12:56:35+00:00", "shoeSize": "10", "productId": null, "skuUuid": "a5c718e9-9b06-4aab-9e9d-eb4a86a493fc", "state": "480", "customerId": null, "localAmount": 70, "localCurrency": "USD"}, {"chainId": "12926988336460589511", "amount": 75, "createdAt": "2018-11-29T07:16:36+00:00", "shoeSize": "8.5", "productId": null, "skuUuid": "3f9bace7-8eae-4932-89b4-dbc02b60b622", "state": "480", "customerId": null, "localAmount": 75, "localCurrency": "USD"}, {"chainId": "12947582830961798836", "amount": 70, "createdAt": "2018-11-29T06:15:53+00:00", "shoeSize": "8.5", "productId": null, "skuUuid": "3f9bace7-8eae-4932-89b4-dbc02b60b622", "state": "480", "customerId": null, "localAmount": 70, "localCurrency": "USD"}, {"chainId": "12937755588527943433", "amount": 83.653, "createdAt": "2018-11-28T21:41:02+00:00", "shoeSize": "12", "productId": null, "skuUuid": "9b0fc11e-edb9-488c-8bea-55df5decb6da", "state": "480", "customerId": null, "localAmount": 84, "localCurrency": "USD"}, {"chainId": "12946513366403701463", "amount": 70, "createdAt": "2018-11-27T18:51:01+00:00", "shoeSize": "10.5", "productId": null, "skuUuid": "1de11e04-cdec-414c-b194-628de256d694", "state": "480", "customerId": null, "localAmount": 70, "localCurrency": "USD"}, {"chainId": "12916755419982136452", "amount": 120, "createdAt": "2018-11-27T03:42:22+00:00", "shoeSize": "10", "productId": null, "skuUuid": "a5c718e9-9b06-4aab-9e9d-eb4a86a493fc", "state": "480", "customerId": null, "localAmount": 120, "localCurrency": "USD"}, {"chainId": "12945223956890764891", "amount": 65, "createdAt": "2018-11-26T03:43:32+00:00", "shoeSize": "9", "productId": null, "skuUuid": "29893094-06fa-40ae-a3ea-a2a13cd5e3dc", "state": "480", "customerId": null, "localAmount": 65, "localCurrency": "USD"}, {"chainId": "12945224200342863776", "amount": 75, "createdAt": "2018-11-26T00:09:43+00:00", "shoeSize": "10.5", "productId": null, "skuUuid": "1de11e04-cdec-414c-b194-628de256d694", "state": "480", "customerId": null, "localAmount": 75, "localCurrency": "USD"}, {"chainId": "12945224049793380596", "amount": 76, "createdAt": "2018-11-26T00:09:23+00:00", "shoeSize": "9.5", "productId": null, "skuUuid": "35571586-6236-4dcd-aa27-c6f667031140", "state": "480", "customerId": null, "localAmount": 76, "localCurrency": "USD"}, {"chainId": "12937755407785762279", "amount": 100, "createdAt": "2018-11-25T13:23:23+00:00", "shoeSize": "9.5", "productId": null, "skuUuid": "35571586-6236-4dcd-aa27-c6f667031140", "state": "480", "customerId": null, "localAmount": 100, "localCurrency": "USD"}, {"chainId": "12944608516471909701", "amount": 60, "createdAt": "2018-11-25T03:46:28+00:00", "shoeSize": "8", "productId": null, "skuUuid": "b3fc0aa4-a34f-4655-afc5-1f9b7f388c8e", "state": "480", "customerId": null, "localAmount": 60, "localCurrency": "USD"}, {"chainId": "12944608394520237264", "amount": 61, "createdAt": "2018-11-25T03:46:13+00:00", "shoeSize": "8", "productId": null, "skuUuid": "b3fc0aa4-a34f-4655-afc5-1f9b7f388c8e", "state": "480", "customerId": null, "localAmount": 61, "localCurrency": "USD"}, {"chainId": "12926989659330221718", "amount": 70, "createdAt": "2018-11-24T19:19:11+00:00", "shoeSize": "11", "productId": null, "skuUuid": "d8fe1a94-d67b-43f0-9bc9-06be6c0b316f", "state": "480", "customerId": null, "localAmount": 70, "localCurrency": "USD"}, {"chainId": "12917629817231120476", "amount": 88, "createdAt": "2018-11-23T23:03:19+00:00", "shoeSize": "12.5", "productId": null, "skuUuid": "2c80d52a-61d3-43fe-bd00-9b246e31157a", "state": "480", "customerId": null, "localAmount": 88, "localCurrency": "USD"}, {"chainId": "12917032818290433707", "amount": 89, "createdAt": "2018-11-23T22:06:14+00:00", "shoeSize": "13", "productId": null, "skuUuid": "b8b780e6-130d-4307-a135-85b1c162fad3", "state": "480", "customerId": null, "localAmount": 89, "localCurrency": "USD"}, {"chainId": "12917629650005942684", "amount": 88, "createdAt": "2018-11-23T18:43:29+00:00", "shoeSize": "11.5", "productId": null, "skuUuid": "1741b8c9-4755-41bb-80b8-73d1563a7365", "state": "480", "customerId": null, "localAmount": 88, "localCurrency": "USD"}, {"chainId": "12937755497384393410", "amount": 85, "createdAt": "2018-11-23T18:11:27+00:00", "shoeSize": "11", "productId": null, "skuUuid": "d8fe1a94-d67b-43f0-9bc9-06be6c0b316f", "state": "480", "customerId": null, "localAmount": 85, "localCurrency": "USD"}, {"chainId": "12917629903262349989", "amount": 88, "createdAt": "2018-11-21T17:52:31+00:00", "shoeSize": "13", "productId": null, "skuUuid": "b8b780e6-130d-4307-a135-85b1c162fad3", "state": "480", "customerId": null, "localAmount": 88, "localCurrency": "USD"}, {"chainId": "12917629500203566571", "amount": 90.3298, "createdAt": "2018-11-20T16:50:47+00:00", "shoeSize": "10.5", "productId": null, "skuUuid": "1de11e04-cdec-414c-b194-628de256d694", "state": "480", "customerId": null, "localAmount": 91, "localCurrency": "USD"}, {"chainId": "12926988663965323906", "amount": 66, "createdAt": "2018-11-19T23:36:28+00:00", "shoeSize": "9", "productId": null, "skuUuid": "29893094-06fa-40ae-a3ea-a2a13cd5e3dc", "state": "480", "customerId": null, "localAmount": 66, "localCurrency": "USD"}, {"chainId": "12940651365848732929", "amount": 80, "createdAt": "2018-11-19T16:44:18+00:00", "shoeSize": "9.5", "productId": null, "skuUuid": "35571586-6236-4dcd-aa27-c6f667031140", "state": "480", "customerId": null, "localAmount": 80, "localCurrency": "USD"}, {"chainId": "12940586319890062813", "amount": 60, "createdAt": "2018-11-19T14:35:05+00:00", "shoeSize": "8", "productId": null, "skuUuid": "b3fc0aa4-a34f-4655-afc5-1f9b7f388c8e", "state": "480", "customerId": null, "localAmount": 60, "localCurrency": "USD"}, {"chainId": "12926988126496792101", "amount": 115, "createdAt": "2018-11-19T11:14:03+00:00", "shoeSize": "7.5", "productId": null, "skuUuid": "d5d12510-b984-4bed-a818-c5b29c47af4b", "state": "480", "customerId": null, "localAmount": 115, "localCurrency": "USD"}, {"chainId": "12940162025960570614", "amount": 73, "createdAt": "2018-11-19T00:32:04+00:00", "shoeSize": "9", "productId": null, "skuUuid": "29893094-06fa-40ae-a3ea-a2a13cd5e3dc", "state": "480", "customerId": null, "localAmount": 73, "localCurrency": "USD"}, {"chainId": "12939052308793044559", "amount": 60, "createdAt": "2018-11-17T11:47:14+00:00", "shoeSize": "9", "productId": null, "skuUuid": "29893094-06fa-40ae-a3ea-a2a13cd5e3dc", "state": "480", "customerId": null, "localAmount": 60, "localCurrency": "USD"}, {"chainId": "12917032548927928366", "amount": 89, "createdAt": "2018-11-16T03:34:51+00:00", "shoeSize": "11.5", "productId": null, "skuUuid": "1741b8c9-4755-41bb-80b8-73d1563a7365", "state": "480", "customerId": null, "localAmount": 89, "localCurrency": "USD"}, {"chainId": "12937678766040994840", "amount": 61, "createdAt": "2018-11-15T14:18:15+00:00", "shoeSize": "9", "productId": null, "skuUuid": "29893094-06fa-40ae-a3ea-a2a13cd5e3dc", "state": "480", "customerId": null, "localAmount": 61, "localCurrency": "USD"}, {"chainId": "12917630003457344011", "amount": 90, "createdAt": "2018-11-14T02:53:24+00:00", "shoeSize": "14", "productId": null, "skuUuid": "940425d9-d4e7-433c-9b24-6f70aa8e9391", "state": "480", "customerId": null, "localAmount": 90, "localCurrency": "USD"}, {"chainId": "12935357828810248075", "amount": 80, "createdAt": "2018-11-12T09:26:59+00:00", "shoeSize": "9", "productId": null, "skuUuid": "29893094-06fa-40ae-a3ea-a2a13cd5e3dc", "state": "480", "customerId": null, "localAmount": 80, "localCurrency": "USD"}, {"chainId": "12934155442539431008", "amount": 115, "createdAt": "2018-11-11T22:23:57+00:00", "shoeSize": "10", "productId": null, "skuUuid": "a5c718e9-9b06-4aab-9e9d-eb4a86a493fc", "state": "480", "customerId": null, "localAmount": 115, "localCurrency": "USD"}, {"chainId": "12917629340967486530", "amount": 90, "createdAt": "2018-11-11T21:28:31+00:00", "shoeSize": "9.5", "productId": null, "skuUuid": "35571586-6236-4dcd-aa27-c6f667031140", "state": "480", "customerId": null, "localAmount": 90, "localCurrency": "USD"}, {"chainId": "12926989593215178785", "amount": 115, "createdAt": "2018-11-10T17:28:49+00:00", "shoeSize": "10", "productId": null, "skuUuid": "a5c718e9-9b06-4aab-9e9d-eb4a86a493fc", "state": "480", "customerId": null, "localAmount": 115, "localCurrency": "USD"}, {"chainId": "12926989525875798354", "amount": 89.9946, "createdAt": "2018-11-08T20:57:55+00:00", "shoeSize": "9.5", "productId": null, "skuUuid": "35571586-6236-4dcd-aa27-c6f667031140", "state": "480", "customerId": null, "localAmount": 90, "localCurrency": "USD"}, {"chainId": "12931840734214999491", "amount": 75, "createdAt": "2018-11-07T12:59:09+00:00", "shoeSize": "9.5", "productId": null, "skuUuid": "35571586-6236-4dcd-aa27-c6f667031140", "state": "480", "customerId": null, "localAmount": 75, "localCurrency": "USD"}, {"chainId": "12931769037264454175", "amount": 70, "createdAt": "2018-11-07T10:36:40+00:00", "shoeSize": "9.5", "productId": null, "skuUuid": "35571586-6236-4dcd-aa27-c6f667031140", "state": "480", "customerId": null, "localAmount": 70, "localCurrency": "USD"}, {"chainId": "12917031576882076223", "amount": 110, "createdAt": "2018-11-06T16:42:54+00:00", "shoeSize": "7.5", "productId": null, "skuUuid": "d5d12510-b984-4bed-a818-c5b29c47af4b", "state": "480", "customerId": null, "localAmount": 110, "localCurrency": "USD"}, {"chainId": "12929915740911292905", "amount": 60, "createdAt": "2018-11-04T21:14:35+00:00", "shoeSize": "10.5", "productId": null, "skuUuid": "1de11e04-cdec-414c-b194-628de256d694", "state": "480", "customerId": null, "localAmount": 60, "localCurrency": "USD"}, {"chainId": "12929915641962380768", "amount": 60, "createdAt": "2018-11-04T21:14:19+00:00", "shoeSize": "10", "productId": null, "skuUuid": "a5c718e9-9b06-4aab-9e9d-eb4a86a493fc", "state": "480", "customerId": null, "localAmount": 60, "localCurrency": "USD"}, {"chainId": "12929914661612463403", "amount": 64.9099, "createdAt": "2018-11-04T21:12:22+00:00", "shoeSize": "8", "productId": null, "skuUuid": "b3fc0aa4-a34f-4655-afc5-1f9b7f388c8e", "state": "480", "customerId": null, "localAmount": 65, "localCurrency": "USD"}, {"chainId": "12926989722031445735", "amount": 70, "createdAt": "2018-11-02T01:29:32+00:00", "shoeSize": "12", "productId": null, "skuUuid": "9b0fc11e-edb9-488c-8bea-55df5decb6da", "state": "480", "customerId": null, "localAmount": 70, "localCurrency": "USD"}, {"chainId": "12926989323772455440", "amount": 70, "createdAt": "2018-10-31T20:20:17+00:00", "shoeSize": "9.5", "productId": null, "skuUuid": "35571586-6236-4dcd-aa27-c6f667031140", "state": "480", "customerId": null, "localAmount": 70, "localCurrency": "USD"}, {"chainId": "12916143199816558202", "amount": 80, "createdAt": "2018-10-30T16:10:03+00:00", "shoeSize": "8", "productId": null, "skuUuid": "b3fc0aa4-a34f-4655-afc5-1f9b7f388c8e", "state": "480", "customerId": null, "localAmount": 80, "localCurrency": "USD"}, {"chainId": "12919831178814173291", "amount": 80, "createdAt": "2018-10-27T14:05:57+00:00", "shoeSize": "10.5", "productId": null, "skuUuid": "1de11e04-cdec-414c-b194-628de256d694", "state": "480", "customerId": null, "localAmount": 80, "localCurrency": "USD"}, {"chainId": "12917629417411630351", "amount": 90, "createdAt": "2018-10-26T03:42:17+00:00", "shoeSize": "10", "productId": null, "skuUuid": "a5c718e9-9b06-4aab-9e9d-eb4a86a493fc", "state": "480", "customerId": null, "localAmount": 90, "localCurrency": "USD"}, {"chainId": "12919710648443322392", "amount": 85, "createdAt": "2018-10-25T13:06:03+00:00", "shoeSize": "9.5", "productId": null, "skuUuid": "35571586-6236-4dcd-aa27-c6f667031140", "state": "480", "customerId": null, "localAmount": 85, "localCurrency": "USD"}, {"chainId": "12920930704898700862", "amount": 70, "createdAt": "2018-10-23T11:42:51+00:00", "shoeSize": "12", "productId": null, "skuUuid": "9b0fc11e-edb9-488c-8bea-55df5decb6da", "state": "480", "customerId": null, "localAmount": 70, "localCurrency": "USD"}, {"chainId": "12917493041474822035", "amount": 85, "createdAt": "2018-10-21T22:59:09+00:00", "shoeSize": "10.5", "productId": null, "skuUuid": "1de11e04-cdec-414c-b194-628de256d694", "state": "480", "customerId": null, "localAmount": 85, "localCurrency": "USD"}, {"chainId": "12917492812849628296", "amount": 85, "createdAt": "2018-10-21T19:18:02+00:00", "shoeSize": "9.5", "productId": null, "skuUuid": "35571586-6236-4dcd-aa27-c6f667031140", "state": "480", "customerId": null, "localAmount": 85, "localCurrency": "USD"}, {"chainId": "12917493124159946652", "amount": 85, "createdAt": "2018-10-20T14:03:48+00:00", "shoeSize": "11", "productId": null, "skuUuid": "d8fe1a94-d67b-43f0-9bc9-06be6c0b316f", "state": "480", "customerId": null, "localAmount": 85, "localCurrency": "USD"}, {"chainId": "12917743794655115077", "amount": 70, "createdAt": "2018-10-19T02:11:03+00:00", "shoeSize": "8.5", "productId": null, "skuUuid": "3f9bace7-8eae-4932-89b4-dbc02b60b622", "state": "480", "customerId": null, "localAmount": 70, "localCurrency": "USD"}, {"chainId": "12917492385043598681", "amount": 85, "createdAt": "2018-10-18T17:51:32+00:00", "shoeSize": "12", "productId": null, "skuUuid": "9b0fc11e-edb9-488c-8bea-55df5decb6da", "state": "480", "customerId": null, "localAmount": 85, "localCurrency": "USD"}, {"chainId": "12917492317022796754", "amount": 85, "createdAt": "2018-10-18T17:51:23+00:00", "shoeSize": "8.5", "productId": null, "skuUuid": "3f9bace7-8eae-4932-89b4-dbc02b60b622", "state": "480", "customerId": null, "localAmount": 85, "localCurrency": "USD"}, {"chainId": "12917032299720186371", "amount": 108, "createdAt": "2018-10-18T08:37:41+00:00", "shoeSize": "10.5", "productId": null, "skuUuid": "1de11e04-cdec-414c-b194-628de256d694", "state": "480", "customerId": null, "localAmount": 108, "localCurrency": "USD"}, {"chainId": "12912723997260670196", "amount": 125, "createdAt": "2018-10-14T23:40:03+00:00", "shoeSize": "9.5", "productId": null, "skuUuid": "35571586-6236-4dcd-aa27-c6f667031140", "state": "480", "customerId": null, "localAmount": 125, "localCurrency": "USD"}]