[{"chainId": "12282946788674560342", "amount": 350, "createdAt": "2016-05-25T03:04:06+00:00", "shoeSize": "10.5", "productId": null, "skuUuid": "06e2b317-b4b0-484d-b69b-52c7aa295f8c", "state": "480", "customerId": null, "localAmount": 350, "localCurrency": "USD"}, {"chainId": "12282842007690298695", "amount": 350, "createdAt": "2016-05-25T01:52:53+00:00", "shoeSize": "10.5", "productId": null, "skuUuid": "06e2b317-b4b0-484d-b69b-52c7aa295f8c", "state": "480", "customerId": null, "localAmount": 350, "localCurrency": "USD"}, {"chainId": "12281757686774327381", "amount": 350, "createdAt": "2016-05-24T02:03:40+00:00", "shoeSize": "11", "productId": null, "skuUuid": "29acf0f1-2726-4d59-b7f2-8344acde499a", "state": "480", "customerId": null, "localAmount": 350, "localCurrency": "USD"}, {"chainId": "12281482362806258970", "amount": 350, "createdAt": "2016-05-23T11:12:12+00:00", "shoeSize": "12", "productId": null, "skuUuid": "b196a1be-96cc-4473-ae89-decf301673f2", "state": "480", "customerId": null, "localAmount": 350, "localCurrency": "USD"}, {"chainId": "12280438265631474946", "amount": 350, "createdAt": "2016-05-22T02:53:22+00:00", "shoeSize": "11", "productId": null, "skuUuid": "29acf0f1-2726-4d59-b7f2-8344acde499a", "state": "480", "customerId": null, "localAmount": 350, "localCurrency": "USD"}, {"chainId": "12280438259785334534", "amount": 350, "createdAt": "2016-05-22T01:50:53+00:00", "shoeSize": "10.5", "productId": null, "skuUuid": "06e2b317-b4b0-484d-b69b-52c7aa295f8c", "state": "480", "customerId": null, "localAmount": 350, "localCurrency": "USD"}, {"chainId": "12280310293232299111", "amount": 350, "createdAt": "2016-05-21T19:55:16+00:00", "shoeSize": "10.5", "productId": null, "skuUuid": "06e2b317-b4b0-484d-b69b-52c7aa295f8c", "state": "480", "customerId": null, "localAmount": 350, "localCurrency": "USD"}, {"chainId": "12280187301258047224", "amount": 350, "createdAt": "2016-05-21T19:14:15+00:00", "shoeSize": "10.5", "productId": null, "skuUuid": "06e2b317-b4b0-484d-b69b-52c7aa295f8c", "state": "480", "customerId": null, "localAmount": 350, "localCurrency": "USD"}, {"chainId": "12280079031944118152", "amount": 350, "createdAt": "2016-05-21T17:25:45+00:00", "shoeSize": "10.5", "productId": null, "skuUuid": "06e2b317-b4b0-484d-b69b-52c7aa295f8c", "state": "480", "customerId": null, "localAmount": 350, "localCurrency": "USD"}, {"chainId": "12279472729420815746", "amount": 350, "createdAt": "2016-05-20T20:48:36+00:00", "shoeSize": "10", "productId": null, "skuUuid": "e6336afa-4afd-4a26-95d1-ca7ec40e9d57", "state": "480", "customerId": null, "localAmount": 350, "localCurrency": "USD"}, {"chainId": "12279472742367995350", "amount": 350, "createdAt": "2016-05-20T19:20:31+00:00", "shoeSize": "13", "productId": null, "skuUuid": "c1a3ba31-919f-467a-a027-baad892af359", "state": "480", "customerId": null, "localAmount": 350, "localCurrency": "USD"}, {"chainId": "12279472734528299635", "amount": 350, "createdAt": "2016-05-20T19:10:07+00:00", "shoeSize": "10.5", "productId": null, "skuUuid": "06e2b317-b4b0-484d-b69b-52c7aa295f8c", "state": "480", "customerId": null, "localAmount": 350, "localCurrency": "USD"}, {"chainId": "12279286356567633760", "amount": 350, "createdAt": "2016-05-20T12:22:43+00:00", "shoeSize": "10", "productId": null, "skuUuid": "e6336afa-4afd-4a26-95d1-ca7ec40e9d57", "state": "480", "customerId": null, "localAmount": 350, "localCurrency": "USD"}, {"chainId": "12279286370067016140", "amount": 350, "createdAt": "2016-05-20T09:09:40+00:00", "shoeSize": "11", "productId": null, "skuUuid": "29acf0f1-2726-4d59-b7f2-8344acde499a", "state": "480", "customerId": null, "localAmount": 350, "localCurrency": "USD"}, {"chainId": "12278746181746677977", "amount": 350, "createdAt": "2016-05-19T19:17:37+00:00", "shoeSize": "10", "productId": null, "skuUuid": "e6336afa-4afd-4a26-95d1-ca7ec40e9d57", "state": "480", "customerId": null, "localAmount": 350, "localCurrency": "USD"}, {"chainId": "12278648679631429547", "amount": 350, "createdAt": "2016-05-19T15:10:02+00:00", "shoeSize": "10", "productId": null, "skuUuid": "e6336afa-4afd-4a26-95d1-ca7ec40e9d57", "state": "480", "customerId": null, "localAmount": 350, "localCurrency": "USD"}, {"chainId": "12278648691774300234", "amount": 350, "createdAt": "2016-05-19T14:10:03+00:00", "shoeSize": "11", "productId": null, "skuUuid": "29acf0f1-2726-4d59-b7f2-8344acde499a", "state": "480", "customerId": null, "localAmount": 350, "localCurrency": "USD"}, {"chainId": "12278530658958628413", "amount": 350, "createdAt": "2016-05-19T12:44:06+00:00", "shoeSize": "8.5", "productId": null, "skuUuid": "c3a7de4c-6e16-4df2-90ad-ed221aabcc12", "state": "480", "customerId": null, "localAmount": 350, "localCurrency": "USD"}, {"chainId": "12278530625948757618", "amount": 350, "createdAt": "2016-05-19T11:45:12+00:00", "shoeSize": "10.5", "productId": null, "skuUuid": "06e2b317-b4b0-484d-b69b-52c7aa295f8c", "state": "480", "customerId": null, "localAmount": 350, "localCurrency": "USD"}, {"chainId": "12278530630978934777", "amount": 350, "createdAt": "2016-05-19T11:06:15+00:00", "shoeSize": "11", "productId": null, "skuUuid": "29acf0f1-2726-4d59-b7f2-8344acde499a", "state": "480", "customerId": null, "localAmount": 350, "localCurrency": "USD"}, {"chainId": "12278145428793510038", "amount": 350, "createdAt": "2016-05-18T22:55:27+00:00", "shoeSize": "9.5", "productId": null, "skuUuid": "41f20532-42a2-4bc0-ad0e-d47f215f7895", "state": "480", "customerId": null, "localAmount": 350, "localCurrency": "USD"}, {"chainId": "12278016902645715257", "amount": 350, "createdAt": "2016-05-18T18:42:16+00:00", "shoeSize": "9", "productId": null, "skuUuid": "b53689a2-948d-4027-be4f-2718df5529e9", "state": "480", "customerId": null, "localAmount": 350, "localCurrency": "USD"}, {"chainId": "12278016895283796862", "amount": 350, "createdAt": "2016-05-18T18:24:00+00:00", "shoeSize": "14", "productId": null, "skuUuid": "6ee06790-6cf8-466a-9729-3efef98708b7", "state": "480", "customerId": null, "localAmount": 350, "localCurrency": "USD"}, {"chainId": "12278016885914295208", "amount": 350, "createdAt": "2016-05-18T18:19:32+00:00", "shoeSize": "11", "productId": null, "skuUuid": "29acf0f1-2726-4d59-b7f2-8344acde499a", "state": "480", "customerId": null, "localAmount": 350, "localCurrency": "USD"}, {"chainId": "12278016889813380933", "amount": 350, "createdAt": "2016-05-18T16:22:36+00:00", "shoeSize": "12", "productId": null, "skuUuid": "b196a1be-96cc-4473-ae89-decf301673f2", "state": "480", "customerId": null, "localAmount": 350, "localCurrency": "USD"}, {"chainId": "12278016889646819656", "amount": 350, "createdAt": "2016-05-18T16:15:19+00:00", "shoeSize": "12", "productId": null, "skuUuid": "b196a1be-96cc-4473-ae89-decf301673f2", "state": "480", "customerId": null, "localAmount": 350, "localCurrency": "USD"}, {"chainId": "12277908862139921260", "amount": 350, "createdAt": "2016-05-18T14:03:23+00:00", "shoeSize": "11", "productId": null, "skuUuid": "29acf0f1-2726-4d59-b7f2-8344acde499a", "state": "480", "customerId": null, "localAmount": 350, "localCurrency": "USD"}, {"chainId": "12277791526565656499", "amount": 350, "createdAt": "2016-05-18T12:02:46+00:00", "shoeSize": "10.5", "productId": null, "skuUuid": "06e2b317-b4b0-484d-b69b-52c7aa295f8c", "state": "480", "customerId": null, "localAmount": 350, "localCurrency": "USD"}, {"chainId": "12277791520565847889", "amount": 350, "createdAt": "2016-05-18T10:52:19+00:00", "shoeSize": "10", "productId": null, "skuUuid": "e6336afa-4afd-4a26-95d1-ca7ec40e9d57", "state": "480", "customerId": null, "localAmount": 350, "localCurrency": "USD"}, {"chainId": "12277791550787466211", "amount": 350, "createdAt": "2016-05-18T10:47:01+00:00", "shoeSize": "8", "productId": null, "skuUuid": "e63859c2-f323-42c5-abfa-933a5c302fee", "state": "480", "customerId": null, "localAmount": 350, "localCurrency": "USD"}, {"chainId": "12334154367960898604", "amount": 289, "createdAt": "2016-05-17T18:47:14+00:00", "shoeSize": "13", "productId": null, "skuUuid": "c1a3ba31-919f-467a-a027-baad892af359", "state": "480", "customerId": null, "localAmount": 289, "localCurrency": "USD"}, {"chainId": "12334154366671670804", "amount": 272, "createdAt": "2016-05-14T19:39:52+00:00", "shoeSize": "9", "productId": null, "skuUuid": "b53689a2-948d-4027-be4f-2718df5529e9", "state": "480", "customerId": null, "localAmount": 272, "localCurrency": "USD"}, {"chainId": "12271633207458135927", "amount": 260, "createdAt": "2016-05-10T15:04:40+00:00", "shoeSize": "13", "productId": null, "skuUuid": "c1a3ba31-919f-467a-a027-baad892af359", "state": "480", "customerId": null, "localAmount": 260, "localCurrency": "USD"}]