[{"chainId": "12959062383745469670", "amount": 135, "createdAt": "2019-01-21T13:08:46+00:00", "shoeSize": "6Y", "productId": null, "skuUuid": "34202624-fdb5-45d7-8bcb-b31ea06fe17c", "state": "480", "customerId": null, "localAmount": 135, "localCurrency": "USD"}, {"chainId": "12973418915914251523", "amount": 149, "createdAt": "2019-01-20T22:04:24+00:00", "shoeSize": "6.5Y", "productId": null, "skuUuid": "cb5eba60-4919-4384-b805-8bf5623f0b9d", "state": "480", "customerId": null, "localAmount": 149, "localCurrency": "USD"}, {"chainId": "12950892895170773799", "amount": 160, "createdAt": "2019-01-19T15:48:06+00:00", "shoeSize": "5Y", "productId": null, "skuUuid": "2bdb81d5-e448-473d-a3c8-47b2cff8713e", "state": "480", "customerId": null, "localAmount": 160, "localCurrency": "USD"}, {"chainId": "12965515160936573500", "amount": 162, "createdAt": "2019-01-19T00:49:45+00:00", "shoeSize": "7Y", "productId": null, "skuUuid": "178cbe95-5193-4a08-a49a-d58e31aeeaca", "state": "480", "customerId": null, "localAmount": 162, "localCurrency": "USD"}, {"chainId": "12961643011740749691", "amount": 150, "createdAt": "2019-01-18T19:29:46+00:00", "shoeSize": "7Y", "productId": null, "skuUuid": "178cbe95-5193-4a08-a49a-d58e31aeeaca", "state": "480", "customerId": null, "localAmount": 150, "localCurrency": "USD"}, {"chainId": "12982203410647180454", "amount": 125, "createdAt": "2019-01-17T13:14:41+00:00", "shoeSize": "6Y", "productId": null, "skuUuid": "34202624-fdb5-45d7-8bcb-b31ea06fe17c", "state": "480", "customerId": null, "localAmount": 125, "localCurrency": "USD"}, {"chainId": "12717841977337230876", "amount": 196, "createdAt": "2019-01-13T16:15:36+00:00", "shoeSize": "5Y", "productId": null, "skuUuid": "2bdb81d5-e448-473d-a3c8-47b2cff8713e", "state": "480", "customerId": null, "localAmount": 196, "localCurrency": "USD"}, {"chainId": "12895955538816696800", "amount": 126, "createdAt": "2019-01-11T16:39:00+00:00", "shoeSize": "4Y", "productId": null, "skuUuid": "77c26c9e-0f50-47aa-ae4d-d06097610516", "state": "480", "customerId": null, "localAmount": 126, "localCurrency": "USD"}, {"chainId": "12959032300139999875", "amount": 130, "createdAt": "2019-01-11T16:36:28+00:00", "shoeSize": "5Y", "productId": null, "skuUuid": "2bdb81d5-e448-473d-a3c8-47b2cff8713e", "state": "480", "customerId": null, "localAmount": 130, "localCurrency": "USD"}, {"chainId": "12978554247802062548", "amount": 120, "createdAt": "2019-01-11T16:33:10+00:00", "shoeSize": "3.5Y", "productId": null, "skuUuid": "1f688576-51e7-4aad-88b8-c6f571d2fd9f", "state": "480", "customerId": null, "localAmount": 120, "localCurrency": "USD"}, {"chainId": "12894229482964143534", "amount": 120, "createdAt": "2019-01-11T14:37:40+00:00", "shoeSize": "4Y", "productId": null, "skuUuid": "77c26c9e-0f50-47aa-ae4d-d06097610516", "state": "480", "customerId": null, "localAmount": 120, "localCurrency": "USD"}, {"chainId": "12975553492491051664", "amount": 148, "createdAt": "2019-01-10T11:18:10+00:00", "shoeSize": "7Y", "productId": null, "skuUuid": "178cbe95-5193-4a08-a49a-d58e31aeeaca", "state": "480", "customerId": null, "localAmount": 148, "localCurrency": "USD"}, {"chainId": "12957436373621305571", "amount": 150, "createdAt": "2019-01-09T00:14:26+00:00", "shoeSize": "5.5Y", "productId": null, "skuUuid": "87aecf54-ac7e-40a5-ab09-b18f47458c41", "state": "480", "customerId": null, "localAmount": 150, "localCurrency": "USD"}, {"chainId": "12958688232818373891", "amount": 112, "createdAt": "2019-01-07T18:47:33+00:00", "shoeSize": "4Y", "productId": null, "skuUuid": "77c26c9e-0f50-47aa-ae4d-d06097610516", "state": "480", "customerId": null, "localAmount": 112, "localCurrency": "USD"}, {"chainId": "12975553722648954739", "amount": 140, "createdAt": "2019-01-07T00:41:46+00:00", "shoeSize": "5.5Y", "productId": null, "skuUuid": "87aecf54-ac7e-40a5-ab09-b18f47458c41", "state": "480", "customerId": null, "localAmount": 140, "localCurrency": "USD"}, {"chainId": "12953831420969139923", "amount": 118, "createdAt": "2018-12-22T03:11:12+00:00", "shoeSize": "4Y", "productId": null, "skuUuid": "77c26c9e-0f50-47aa-ae4d-d06097610516", "state": "480", "customerId": null, "localAmount": 118, "localCurrency": "USD"}, {"chainId": "12954708982182651455", "amount": 130, "createdAt": "2018-12-22T01:00:31+00:00", "shoeSize": "4.5Y", "productId": null, "skuUuid": "c57bf305-4aef-4ff4-84e6-528a3cc55904", "state": "480", "customerId": null, "localAmount": 130, "localCurrency": "USD"}, {"chainId": "12959536354118727082", "amount": 149, "createdAt": "2018-12-20T01:39:29+00:00", "shoeSize": "6Y", "productId": null, "skuUuid": "34202624-fdb5-45d7-8bcb-b31ea06fe17c", "state": "480", "customerId": null, "localAmount": 149, "localCurrency": "USD"}, {"chainId": "12954443325798471511", "amount": 170, "createdAt": "2018-12-14T23:13:56+00:00", "shoeSize": "7Y", "productId": null, "skuUuid": "178cbe95-5193-4a08-a49a-d58e31aeeaca", "state": "480", "customerId": null, "localAmount": 170, "localCurrency": "USD"}, {"chainId": "12956641179540709740", "amount": 150, "createdAt": "2018-12-14T22:13:33+00:00", "shoeSize": "6Y", "productId": null, "skuUuid": "34202624-fdb5-45d7-8bcb-b31ea06fe17c", "state": "480", "customerId": null, "localAmount": 150, "localCurrency": "USD"}, {"chainId": "12955476645322548283", "amount": 150, "createdAt": "2018-12-14T18:44:53+00:00", "shoeSize": "6Y", "productId": null, "skuUuid": "34202624-fdb5-45d7-8bcb-b31ea06fe17c", "state": "480", "customerId": null, "localAmount": 150, "localCurrency": "USD"}, {"chainId": "12942355833872860309", "amount": 175, "createdAt": "2018-12-14T02:48:32+00:00", "shoeSize": "3.5Y", "productId": null, "skuUuid": "1f688576-51e7-4aad-88b8-c6f571d2fd9f", "state": "480", "customerId": null, "localAmount": 175, "localCurrency": "USD"}, {"chainId": "12955166221063185467", "amount": 168, "createdAt": "2018-12-10T23:55:26+00:00", "shoeSize": "6.5Y", "productId": null, "skuUuid": "cb5eba60-4919-4384-b805-8bf5623f0b9d", "state": "480", "customerId": null, "localAmount": 168, "localCurrency": "USD"}, {"chainId": "12950893319327218087", "amount": 168, "createdAt": "2018-12-10T00:05:29+00:00", "shoeSize": "6.5Y", "productId": null, "skuUuid": "cb5eba60-4919-4384-b805-8bf5623f0b9d", "state": "480", "customerId": null, "localAmount": 168, "localCurrency": "USD"}, {"chainId": "12953063865834505384", "amount": 118, "createdAt": "2018-12-07T20:18:55+00:00", "shoeSize": "6Y", "productId": null, "skuUuid": "34202624-fdb5-45d7-8bcb-b31ea06fe17c", "state": "480", "customerId": null, "localAmount": 118, "localCurrency": "USD"}, {"chainId": "12948938705641295957", "amount": 150, "createdAt": "2018-12-07T20:14:23+00:00", "shoeSize": "7Y", "productId": null, "skuUuid": "178cbe95-5193-4a08-a49a-d58e31aeeaca", "state": "480", "customerId": null, "localAmount": 150, "localCurrency": "USD"}, {"chainId": "12951743626532265922", "amount": 168, "createdAt": "2018-12-05T22:35:35+00:00", "shoeSize": "6.5Y", "productId": null, "skuUuid": "cb5eba60-4919-4384-b805-8bf5623f0b9d", "state": "480", "customerId": null, "localAmount": 168, "localCurrency": "USD"}, {"chainId": "12942363554455962503", "amount": 195, "createdAt": "2018-12-04T19:21:10+00:00", "shoeSize": "6Y", "productId": null, "skuUuid": "34202624-fdb5-45d7-8bcb-b31ea06fe17c", "state": "480", "customerId": null, "localAmount": 195, "localCurrency": "USD"}, {"chainId": "12922041990061728951", "amount": 140, "createdAt": "2018-12-02T01:24:52+00:00", "shoeSize": "6Y", "productId": null, "skuUuid": "34202624-fdb5-45d7-8bcb-b31ea06fe17c", "state": "480", "customerId": null, "localAmount": 140, "localCurrency": "USD"}, {"chainId": "12860624644651217942", "amount": 170, "createdAt": "2018-11-29T02:14:02+00:00", "shoeSize": "6.5Y", "productId": null, "skuUuid": "cb5eba60-4919-4384-b805-8bf5623f0b9d", "state": "480", "customerId": null, "localAmount": 170, "localCurrency": "USD"}, {"chainId": "12894208735075276468", "amount": 135, "createdAt": "2018-11-25T22:42:53+00:00", "shoeSize": "4.5Y", "productId": null, "skuUuid": "c57bf305-4aef-4ff4-84e6-528a3cc55904", "state": "480", "customerId": null, "localAmount": 135, "localCurrency": "USD"}, {"chainId": "12847307194958262399", "amount": 175, "createdAt": "2018-11-18T22:16:01+00:00", "shoeSize": "7Y", "productId": null, "skuUuid": "178cbe95-5193-4a08-a49a-d58e31aeeaca", "state": "480", "customerId": null, "localAmount": 175, "localCurrency": "USD"}, {"chainId": "12927684460604979205", "amount": 120, "createdAt": "2018-11-14T20:15:35+00:00", "shoeSize": "6Y", "productId": null, "skuUuid": "34202624-fdb5-45d7-8bcb-b31ea06fe17c", "state": "480", "customerId": null, "localAmount": 120, "localCurrency": "USD"}, {"chainId": "12900818112067013385", "amount": 115, "createdAt": "2018-11-08T12:26:01+00:00", "shoeSize": "4.5Y", "productId": null, "skuUuid": "c57bf305-4aef-4ff4-84e6-528a3cc55904", "state": "480", "customerId": null, "localAmount": 115, "localCurrency": "USD"}, {"chainId": "12932208933502362354", "amount": 90, "createdAt": "2018-11-08T01:10:43+00:00", "shoeSize": "5.5Y", "productId": null, "skuUuid": "87aecf54-ac7e-40a5-ab09-b18f47458c41", "state": "480", "customerId": null, "localAmount": 90, "localCurrency": "USD"}, {"chainId": "12932208763333985687", "amount": 81, "createdAt": "2018-11-08T01:10:22+00:00", "shoeSize": "4.5Y", "productId": null, "skuUuid": "c57bf305-4aef-4ff4-84e6-528a3cc55904", "state": "480", "customerId": null, "localAmount": 81, "localCurrency": "USD"}, {"chainId": "12794613204846461318", "amount": 175, "createdAt": "2018-10-29T16:21:07+00:00", "shoeSize": "6.5Y", "productId": null, "skuUuid": "cb5eba60-4919-4384-b805-8bf5623f0b9d", "state": "480", "customerId": null, "localAmount": 175, "localCurrency": "USD"}, {"chainId": "12900497592711791013", "amount": 120, "createdAt": "2018-10-25T00:25:27+00:00", "shoeSize": "5Y", "productId": null, "skuUuid": "2bdb81d5-e448-473d-a3c8-47b2cff8713e", "state": "480", "customerId": null, "localAmount": 120, "localCurrency": "USD"}, {"chainId": "12897028871697951599", "amount": 120, "createdAt": "2018-10-21T15:01:00+00:00", "shoeSize": "5.5Y", "productId": null, "skuUuid": "87aecf54-ac7e-40a5-ab09-b18f47458c41", "state": "480", "customerId": null, "localAmount": 120, "localCurrency": "USD"}, {"chainId": "12904605903788637494", "amount": 130, "createdAt": "2018-10-18T18:01:11+00:00", "shoeSize": "6.5Y", "productId": null, "skuUuid": "cb5eba60-4919-4384-b805-8bf5623f0b9d", "state": "480", "customerId": null, "localAmount": 130, "localCurrency": "USD"}, {"chainId": "12900498818559552829", "amount": 165, "createdAt": "2018-10-17T02:31:55+00:00", "shoeSize": "7Y", "productId": null, "skuUuid": "178cbe95-5193-4a08-a49a-d58e31aeeaca", "state": "480", "customerId": null, "localAmount": 165, "localCurrency": "USD"}, {"chainId": "12901040449431784526", "amount": 107, "createdAt": "2018-10-15T23:40:35+00:00", "shoeSize": "5.5Y", "productId": null, "skuUuid": "87aecf54-ac7e-40a5-ab09-b18f47458c41", "state": "480", "customerId": null, "localAmount": 107, "localCurrency": "USD"}, {"chainId": "12901040291089219700", "amount": 100, "createdAt": "2018-10-12T22:36:53+00:00", "shoeSize": "4Y", "productId": null, "skuUuid": "77c26c9e-0f50-47aa-ae4d-d06097610516", "state": "480", "customerId": null, "localAmount": 100, "localCurrency": "USD"}, {"chainId": "12911182961409181200", "amount": 90, "createdAt": "2018-10-10T00:55:49+00:00", "shoeSize": "6Y", "productId": null, "skuUuid": "34202624-fdb5-45d7-8bcb-b31ea06fe17c", "state": "480", "customerId": null, "localAmount": 90, "localCurrency": "USD"}, {"chainId": "12867544996092618286", "amount": 100, "createdAt": "2018-10-05T18:15:37+00:00", "shoeSize": "5.5Y", "productId": null, "skuUuid": "87aecf54-ac7e-40a5-ab09-b18f47458c41", "state": "480", "customerId": null, "localAmount": 100, "localCurrency": "USD"}, {"chainId": "12900498142156193709", "amount": 180, "createdAt": "2018-09-30T19:24:35+00:00", "shoeSize": "6Y", "productId": null, "skuUuid": "34202624-fdb5-45d7-8bcb-b31ea06fe17c", "state": "480", "customerId": null, "localAmount": 180, "localCurrency": "USD"}, {"chainId": "12853452519672735875", "amount": 180, "createdAt": "2018-09-21T23:54:05+00:00", "shoeSize": "6Y", "productId": null, "skuUuid": "34202624-fdb5-45d7-8bcb-b31ea06fe17c", "state": "480", "customerId": null, "localAmount": 180, "localCurrency": "USD"}, {"chainId": "12892562039550488907", "amount": 112, "createdAt": "2018-09-19T00:39:38+00:00", "shoeSize": "4Y", "productId": null, "skuUuid": "77c26c9e-0f50-47aa-ae4d-d06097610516", "state": "480", "customerId": null, "localAmount": 112, "localCurrency": "USD"}, {"chainId": "12882745462175780877", "amount": 150, "createdAt": "2018-09-15T17:56:56+00:00", "shoeSize": "6Y", "productId": null, "skuUuid": "34202624-fdb5-45d7-8bcb-b31ea06fe17c", "state": "480", "customerId": null, "localAmount": 150, "localCurrency": "USD"}, {"chainId": "12885126642251606063", "amount": 165, "createdAt": "2018-09-06T15:26:36+00:00", "shoeSize": "7Y", "productId": null, "skuUuid": "178cbe95-5193-4a08-a49a-d58e31aeeaca", "state": "480", "customerId": null, "localAmount": 165, "localCurrency": "USD"}, {"chainId": "12881467088325350991", "amount": 215, "createdAt": "2018-09-03T14:00:13+00:00", "shoeSize": "7Y", "productId": null, "skuUuid": "178cbe95-5193-4a08-a49a-d58e31aeeaca", "state": "480", "customerId": null, "localAmount": 215, "localCurrency": "USD"}, {"chainId": "12876251136430076217", "amount": 110, "createdAt": "2018-09-02T01:23:36+00:00", "shoeSize": "4Y", "productId": null, "skuUuid": "77c26c9e-0f50-47aa-ae4d-d06097610516", "state": "480", "customerId": null, "localAmount": 110, "localCurrency": "USD"}, {"chainId": "12883648052330108051", "amount": 90, "createdAt": "2018-09-02T01:08:54+00:00", "shoeSize": "5.5Y", "productId": null, "skuUuid": "87aecf54-ac7e-40a5-ab09-b18f47458c41", "state": "480", "customerId": null, "localAmount": 90, "localCurrency": "USD"}, {"chainId": "12881194611416229152", "amount": 95, "createdAt": "2018-09-02T01:08:42+00:00", "shoeSize": "5.5Y", "productId": null, "skuUuid": "87aecf54-ac7e-40a5-ab09-b18f47458c41", "state": "480", "customerId": null, "localAmount": 95, "localCurrency": "USD"}, {"chainId": "12881194887312757499", "amount": 90, "createdAt": "2018-09-02T01:08:26+00:00", "shoeSize": "4Y", "productId": null, "skuUuid": "77c26c9e-0f50-47aa-ae4d-d06097610516", "state": "480", "customerId": null, "localAmount": 90, "localCurrency": "USD"}, {"chainId": "12877970829322908864", "amount": 137, "createdAt": "2018-08-30T13:30:58+00:00", "shoeSize": "6.5Y", "productId": null, "skuUuid": "cb5eba60-4919-4384-b805-8bf5623f0b9d", "state": "480", "customerId": null, "localAmount": 137, "localCurrency": "USD"}, {"chainId": "12881192542979896837", "amount": 105, "createdAt": "2018-08-29T15:50:14+00:00", "shoeSize": "4.5Y", "productId": null, "skuUuid": "c57bf305-4aef-4ff4-84e6-528a3cc55904", "state": "480", "customerId": null, "localAmount": 105, "localCurrency": "USD"}, {"chainId": "12846461052433351482", "amount": 110, "createdAt": "2018-08-29T07:34:25+00:00", "shoeSize": "4.5Y", "productId": null, "skuUuid": "c57bf305-4aef-4ff4-84e6-528a3cc55904", "state": "480", "customerId": null, "localAmount": 110, "localCurrency": "USD"}, {"chainId": "12846401711026122033", "amount": 119, "createdAt": "2018-08-28T22:54:15+00:00", "shoeSize": "5.5Y", "productId": null, "skuUuid": "87aecf54-ac7e-40a5-ab09-b18f47458c41", "state": "480", "customerId": null, "localAmount": 119, "localCurrency": "USD"}, {"chainId": "12867544809125984241", "amount": 135, "createdAt": "2018-08-27T01:12:07+00:00", "shoeSize": "4.5Y", "productId": null, "skuUuid": "c57bf305-4aef-4ff4-84e6-528a3cc55904", "state": "480", "customerId": null, "localAmount": 135, "localCurrency": "USD"}, {"chainId": "12877594000422174581", "amount": 130, "createdAt": "2018-08-24T19:17:24+00:00", "shoeSize": "4.5Y", "productId": null, "skuUuid": "c57bf305-4aef-4ff4-84e6-528a3cc55904", "state": "480", "customerId": null, "localAmount": 130, "localCurrency": "USD"}, {"chainId": "12869918476947790049", "amount": 70, "createdAt": "2018-08-22T20:36:00+00:00", "shoeSize": "4Y", "productId": null, "skuUuid": "77c26c9e-0f50-47aa-ae4d-d06097610516", "state": "480", "customerId": null, "localAmount": 70, "localCurrency": "USD"}, {"chainId": "12875739711001382286", "amount": 75, "createdAt": "2018-08-22T03:16:25+00:00", "shoeSize": "4Y", "productId": null, "skuUuid": "77c26c9e-0f50-47aa-ae4d-d06097610516", "state": "480", "customerId": null, "localAmount": 75, "localCurrency": "USD"}, {"chainId": "12862510829410022663", "amount": 150, "createdAt": "2018-08-12T02:31:35+00:00", "shoeSize": "7Y", "productId": null, "skuUuid": "178cbe95-5193-4a08-a49a-d58e31aeeaca", "state": "480", "customerId": null, "localAmount": 150, "localCurrency": "USD"}, {"chainId": "12843051642278553020", "amount": 149, "createdAt": "2018-08-09T03:29:46+00:00", "shoeSize": "7Y", "productId": null, "skuUuid": "178cbe95-5193-4a08-a49a-d58e31aeeaca", "state": "480", "customerId": null, "localAmount": 149, "localCurrency": "USD"}, {"chainId": "12862748281216073709", "amount": 140, "createdAt": "2018-08-07T14:49:20+00:00", "shoeSize": "6Y", "productId": null, "skuUuid": "34202624-fdb5-45d7-8bcb-b31ea06fe17c", "state": "480", "customerId": null, "localAmount": 140, "localCurrency": "USD"}, {"chainId": "12864126636153616133", "amount": 135, "createdAt": "2018-08-06T19:40:45+00:00", "shoeSize": "5.5Y", "productId": null, "skuUuid": "87aecf54-ac7e-40a5-ab09-b18f47458c41", "state": "480", "customerId": null, "localAmount": 135, "localCurrency": "USD"}, {"chainId": "12860854811191402176", "amount": 106, "createdAt": "2018-08-01T14:22:51+00:00", "shoeSize": "7Y", "productId": null, "skuUuid": "178cbe95-5193-4a08-a49a-d58e31aeeaca", "state": "480", "customerId": null, "localAmount": 106, "localCurrency": "USD"}, {"chainId": "12853833986763430870", "amount": 150, "createdAt": "2018-07-24T02:26:18+00:00", "shoeSize": "7Y", "productId": null, "skuUuid": "178cbe95-5193-4a08-a49a-d58e31aeeaca", "state": "480", "customerId": null, "localAmount": 150, "localCurrency": "USD"}, {"chainId": "12851524850052024711", "amount": 171, "createdAt": "2018-07-19T17:25:48+00:00", "shoeSize": "6Y", "productId": null, "skuUuid": "34202624-fdb5-45d7-8bcb-b31ea06fe17c", "state": "480", "customerId": null, "localAmount": 171, "localCurrency": "USD"}, {"chainId": "12471411822564133583", "amount": 220, "createdAt": "2018-07-16T23:02:45+00:00", "shoeSize": "6Y", "productId": null, "skuUuid": "34202624-fdb5-45d7-8bcb-b31ea06fe17c", "state": "480", "customerId": null, "localAmount": 220, "localCurrency": "USD"}, {"chainId": "12842057282065976303", "amount": 135, "createdAt": "2018-07-12T01:18:04+00:00", "shoeSize": "5.5Y", "productId": null, "skuUuid": "87aecf54-ac7e-40a5-ab09-b18f47458c41", "state": "480", "customerId": null, "localAmount": 135, "localCurrency": "USD"}, {"chainId": "12831386371326437841", "amount": 120, "createdAt": "2018-07-07T18:02:42+00:00", "shoeSize": "5.5Y", "productId": null, "skuUuid": "87aecf54-ac7e-40a5-ab09-b18f47458c41", "state": "480", "customerId": null, "localAmount": 120, "localCurrency": "USD"}, {"chainId": "12823998797431322899", "amount": 109, "createdAt": "2018-06-27T13:57:15+00:00", "shoeSize": "4.5Y", "productId": null, "skuUuid": "c57bf305-4aef-4ff4-84e6-528a3cc55904", "state": "480", "customerId": null, "localAmount": 109, "localCurrency": "USD"}, {"chainId": "12825371207067000553", "amount": 140, "createdAt": "2018-06-15T18:29:40+00:00", "shoeSize": "7Y", "productId": null, "skuUuid": "178cbe95-5193-4a08-a49a-d58e31aeeaca", "state": "480", "customerId": null, "localAmount": 140, "localCurrency": "USD"}, {"chainId": "12822850147405943236", "amount": 120, "createdAt": "2018-06-12T13:51:21+00:00", "shoeSize": "7Y", "productId": null, "skuUuid": "178cbe95-5193-4a08-a49a-d58e31aeeaca", "state": "480", "customerId": null, "localAmount": 120, "localCurrency": "USD"}, {"chainId": "12800096377205955585", "amount": 165, "createdAt": "2018-06-08T22:06:06+00:00", "shoeSize": "5Y", "productId": null, "skuUuid": "2bdb81d5-e448-473d-a3c8-47b2cff8713e", "state": "480", "customerId": null, "localAmount": 165, "localCurrency": "USD"}, {"chainId": "12810458667759321162", "amount": 155, "createdAt": "2018-06-07T14:42:45+00:00", "shoeSize": "4.5Y", "productId": null, "skuUuid": "c57bf305-4aef-4ff4-84e6-528a3cc55904", "state": "480", "customerId": null, "localAmount": 155, "localCurrency": "USD"}, {"chainId": "12818173985480952122", "amount": 150, "createdAt": "2018-06-03T23:05:27+00:00", "shoeSize": "6.5Y", "productId": null, "skuUuid": "cb5eba60-4919-4384-b805-8bf5623f0b9d", "state": "480", "customerId": null, "localAmount": 150, "localCurrency": "USD"}, {"chainId": "12810412987851731191", "amount": 115, "createdAt": "2018-05-31T20:26:30+00:00", "shoeSize": "7Y", "productId": null, "skuUuid": "178cbe95-5193-4a08-a49a-d58e31aeeaca", "state": "480", "customerId": null, "localAmount": 115, "localCurrency": "USD"}, {"chainId": "12770430891049995176", "amount": 79, "createdAt": "2018-05-30T22:53:26+00:00", "shoeSize": "4Y", "productId": null, "skuUuid": "77c26c9e-0f50-47aa-ae4d-d06097610516", "state": "480", "customerId": null, "localAmount": 79, "localCurrency": "USD"}, {"chainId": "12649326467649203142", "amount": 122, "createdAt": "2018-05-23T02:56:11+00:00", "shoeSize": "4.5Y", "productId": null, "skuUuid": "c57bf305-4aef-4ff4-84e6-528a3cc55904", "state": "480", "customerId": null, "localAmount": 122, "localCurrency": "USD"}, {"chainId": "12791507073343751866", "amount": 175, "createdAt": "2018-05-16T16:56:46+00:00", "shoeSize": "7Y", "productId": null, "skuUuid": "178cbe95-5193-4a08-a49a-d58e31aeeaca", "state": "480", "customerId": null, "localAmount": 175, "localCurrency": "USD"}, {"chainId": "12758986184538300232", "amount": 129, "createdAt": "2018-05-08T21:15:51+00:00", "shoeSize": "5Y", "productId": null, "skuUuid": "2bdb81d5-e448-473d-a3c8-47b2cff8713e", "state": "480", "customerId": null, "localAmount": 129, "localCurrency": "USD"}, {"chainId": "12798208338800559412", "amount": 140, "createdAt": "2018-05-07T03:55:26+00:00", "shoeSize": "6Y", "productId": null, "skuUuid": "34202624-fdb5-45d7-8bcb-b31ea06fe17c", "state": "480", "customerId": null, "localAmount": 140, "localCurrency": "USD"}, {"chainId": "12794206779895755445", "amount": 95, "createdAt": "2018-05-01T15:25:03+00:00", "shoeSize": "4.5Y", "productId": null, "skuUuid": "c57bf305-4aef-4ff4-84e6-528a3cc55904", "state": "480", "customerId": null, "localAmount": 95, "localCurrency": "USD"}, {"chainId": "12628565505947149476", "amount": 127, "createdAt": "2018-04-26T22:23:16+00:00", "shoeSize": "5Y", "productId": null, "skuUuid": "2bdb81d5-e448-473d-a3c8-47b2cff8713e", "state": "480", "customerId": null, "localAmount": 127, "localCurrency": "USD"}, {"chainId": "12789082939936010812", "amount": 170, "createdAt": "2018-04-26T20:31:46+00:00", "shoeSize": "6.5Y", "productId": null, "skuUuid": "cb5eba60-4919-4384-b805-8bf5623f0b9d", "state": "480", "customerId": null, "localAmount": 170, "localCurrency": "USD"}, {"chainId": "12788277780446069413", "amount": 110, "createdAt": "2018-04-23T17:29:48+00:00", "shoeSize": "7Y", "productId": null, "skuUuid": "178cbe95-5193-4a08-a49a-d58e31aeeaca", "state": "480", "customerId": null, "localAmount": 110, "localCurrency": "USD"}, {"chainId": "12777165453581232087", "amount": 128, "createdAt": "2018-04-16T22:04:27+00:00", "shoeSize": "5Y", "productId": null, "skuUuid": "2bdb81d5-e448-473d-a3c8-47b2cff8713e", "state": "480", "customerId": null, "localAmount": 128, "localCurrency": "USD"}, {"chainId": "12771060811183285120", "amount": 130, "createdAt": "2018-04-09T02:46:17+00:00", "shoeSize": "7Y", "productId": null, "skuUuid": "178cbe95-5193-4a08-a49a-d58e31aeeaca", "state": "480", "customerId": null, "localAmount": 130, "localCurrency": "USD"}, {"chainId": "12765995538850969604", "amount": 110, "createdAt": "2018-03-30T04:59:53+00:00", "shoeSize": "4Y", "productId": null, "skuUuid": "77c26c9e-0f50-47aa-ae4d-d06097610516", "state": "480", "customerId": null, "localAmount": 110, "localCurrency": "USD"}, {"chainId": "12769785481024074518", "amount": 67, "createdAt": "2018-03-30T04:02:16+00:00", "shoeSize": "4Y", "productId": null, "skuUuid": "77c26c9e-0f50-47aa-ae4d-d06097610516", "state": "480", "customerId": null, "localAmount": 67, "localCurrency": "USD"}, {"chainId": "12729305866150361572", "amount": 130, "createdAt": "2018-03-27T20:04:57+00:00", "shoeSize": "5.5Y", "productId": null, "skuUuid": "87aecf54-ac7e-40a5-ab09-b18f47458c41", "state": "480", "customerId": null, "localAmount": 130, "localCurrency": "USD"}, {"chainId": "12761893901962739397", "amount": 100, "createdAt": "2018-03-18T01:25:08+00:00", "shoeSize": "4.5Y", "productId": null, "skuUuid": "c57bf305-4aef-4ff4-84e6-528a3cc55904", "state": "480", "customerId": null, "localAmount": 100, "localCurrency": "USD"}, {"chainId": "12760246855767822923", "amount": 130, "createdAt": "2018-03-17T00:57:05+00:00", "shoeSize": "7Y", "productId": null, "skuUuid": "178cbe95-5193-4a08-a49a-d58e31aeeaca", "state": "480", "customerId": null, "localAmount": 130, "localCurrency": "USD"}, {"chainId": "12749543864791362387", "amount": 120, "createdAt": "2018-03-15T15:54:46+00:00", "shoeSize": "6Y", "productId": null, "skuUuid": "34202624-fdb5-45d7-8bcb-b31ea06fe17c", "state": "480", "customerId": null, "localAmount": 120, "localCurrency": "USD"}, {"chainId": "12758716970616379717", "amount": 116, "createdAt": "2018-03-13T16:13:09+00:00", "shoeSize": "5.5Y", "productId": null, "skuUuid": "87aecf54-ac7e-40a5-ab09-b18f47458c41", "state": "480", "customerId": null, "localAmount": 116, "localCurrency": "USD"}, {"chainId": "12718954454472322590", "amount": 124, "createdAt": "2018-03-13T13:21:18+00:00", "shoeSize": "5Y", "productId": null, "skuUuid": "2bdb81d5-e448-473d-a3c8-47b2cff8713e", "state": "480", "customerId": null, "localAmount": 124, "localCurrency": "USD"}, {"chainId": "12701763719026703954", "amount": 160, "createdAt": "2018-03-06T05:08:38+00:00", "shoeSize": "7Y", "productId": null, "skuUuid": "178cbe95-5193-4a08-a49a-d58e31aeeaca", "state": "480", "customerId": null, "localAmount": 160, "localCurrency": "USD"}, {"chainId": "12731309074299897900", "amount": 124, "createdAt": "2018-02-28T19:20:47+00:00", "shoeSize": "5.5Y", "productId": null, "skuUuid": "87aecf54-ac7e-40a5-ab09-b18f47458c41", "state": "480", "customerId": null, "localAmount": 124, "localCurrency": "USD"}, {"chainId": "12741332318363593906", "amount": 115, "createdAt": "2018-02-26T05:30:15+00:00", "shoeSize": "4Y", "productId": null, "skuUuid": "77c26c9e-0f50-47aa-ae4d-d06097610516", "state": "480", "customerId": null, "localAmount": 115, "localCurrency": "USD"}, {"chainId": "12740316944345603268", "amount": 121, "createdAt": "2018-02-24T18:40:51+00:00", "shoeSize": "5Y", "productId": null, "skuUuid": "2bdb81d5-e448-473d-a3c8-47b2cff8713e", "state": "480", "customerId": null, "localAmount": 121, "localCurrency": "USD"}, {"chainId": "12735103687774764965", "amount": 124, "createdAt": "2018-02-22T13:38:04+00:00", "shoeSize": "5.5Y", "productId": null, "skuUuid": "87aecf54-ac7e-40a5-ab09-b18f47458c41", "state": "480", "customerId": null, "localAmount": 124, "localCurrency": "USD"}, {"chainId": "12719706466126728136", "amount": 115, "createdAt": "2018-02-22T00:32:23+00:00", "shoeSize": "5Y", "productId": null, "skuUuid": "2bdb81d5-e448-473d-a3c8-47b2cff8713e", "state": "480", "customerId": null, "localAmount": 115, "localCurrency": "USD"}, {"chainId": "12730559657605155365", "amount": 160, "createdAt": "2018-02-20T01:46:40+00:00", "shoeSize": "6.5Y", "productId": null, "skuUuid": "cb5eba60-4919-4384-b805-8bf5623f0b9d", "state": "480", "customerId": null, "localAmount": 160, "localCurrency": "USD"}, {"chainId": "12710433679025265087", "amount": 130, "createdAt": "2018-02-15T14:25:50+00:00", "shoeSize": "3.5Y", "productId": null, "skuUuid": "1f688576-51e7-4aad-88b8-c6f571d2fd9f", "state": "480", "customerId": null, "localAmount": 130, "localCurrency": "USD"}, {"chainId": "12734263492905680180", "amount": 130, "createdAt": "2018-02-12T02:51:20+00:00", "shoeSize": "4.5Y", "productId": null, "skuUuid": "c57bf305-4aef-4ff4-84e6-528a3cc55904", "state": "480", "customerId": null, "localAmount": 130, "localCurrency": "USD"}, {"chainId": "12733749613511497766", "amount": 130, "createdAt": "2018-02-12T02:42:33+00:00", "shoeSize": "4.5Y", "productId": null, "skuUuid": "c57bf305-4aef-4ff4-84e6-528a3cc55904", "state": "480", "customerId": null, "localAmount": 130, "localCurrency": "USD"}, {"chainId": "12727768863106786573", "amount": 130, "createdAt": "2018-02-10T03:16:10+00:00", "shoeSize": "7Y", "productId": null, "skuUuid": "178cbe95-5193-4a08-a49a-d58e31aeeaca", "state": "480", "customerId": null, "localAmount": 130, "localCurrency": "USD"}, {"chainId": "12732628627750634496", "amount": 100, "createdAt": "2018-02-09T21:57:00+00:00", "shoeSize": "6.5Y", "productId": null, "skuUuid": "cb5eba60-4919-4384-b805-8bf5623f0b9d", "state": "480", "customerId": null, "localAmount": 100, "localCurrency": "USD"}, {"chainId": "12727488342889802496", "amount": 110, "createdAt": "2018-02-09T05:40:02+00:00", "shoeSize": "7Y", "productId": null, "skuUuid": "178cbe95-5193-4a08-a49a-d58e31aeeaca", "state": "480", "customerId": null, "localAmount": 110, "localCurrency": "USD"}, {"chainId": "12721164747710122134", "amount": 120, "createdAt": "2018-02-08T00:59:14+00:00", "shoeSize": "5Y", "productId": null, "skuUuid": "2bdb81d5-e448-473d-a3c8-47b2cff8713e", "state": "480", "customerId": null, "localAmount": 120, "localCurrency": "USD"}, {"chainId": "12719274295795649384", "amount": 105, "createdAt": "2018-02-08T00:18:08+00:00", "shoeSize": "7Y", "productId": null, "skuUuid": "178cbe95-5193-4a08-a49a-d58e31aeeaca", "state": "480", "customerId": null, "localAmount": 105, "localCurrency": "USD"}, {"chainId": "12733853808609160555", "amount": 100, "createdAt": "2018-02-07T12:59:16+00:00", "shoeSize": "7Y", "productId": null, "skuUuid": "178cbe95-5193-4a08-a49a-d58e31aeeaca", "state": "480", "customerId": null, "localAmount": 100, "localCurrency": "USD"}, {"chainId": "12731500586990823104", "amount": 100, "createdAt": "2018-02-07T08:17:54+00:00", "shoeSize": "7Y", "productId": null, "skuUuid": "178cbe95-5193-4a08-a49a-d58e31aeeaca", "state": "480", "customerId": null, "localAmount": 100, "localCurrency": "USD"}, {"chainId": "12732049884051077659", "amount": 129, "createdAt": "2018-02-04T21:10:24+00:00", "shoeSize": "6.5Y", "productId": null, "skuUuid": "cb5eba60-4919-4384-b805-8bf5623f0b9d", "state": "480", "customerId": null, "localAmount": 129, "localCurrency": "USD"}, {"chainId": "12728278656441489968", "amount": 100, "createdAt": "2018-02-04T02:58:44+00:00", "shoeSize": "7Y", "productId": null, "skuUuid": "178cbe95-5193-4a08-a49a-d58e31aeeaca", "state": "480", "customerId": null, "localAmount": 100, "localCurrency": "USD"}, {"chainId": "12713997512087002021", "amount": 130, "createdAt": "2018-02-03T18:40:57+00:00", "shoeSize": "5.5Y", "productId": null, "skuUuid": "87aecf54-ac7e-40a5-ab09-b18f47458c41", "state": "480", "customerId": null, "localAmount": 130, "localCurrency": "USD"}, {"chainId": "12721164239549638758", "amount": 125, "createdAt": "2018-01-26T16:10:19+00:00", "shoeSize": "5Y", "productId": null, "skuUuid": "2bdb81d5-e448-473d-a3c8-47b2cff8713e", "state": "480", "customerId": null, "localAmount": 125, "localCurrency": "USD"}, {"chainId": "12721284911538386828", "amount": 149, "createdAt": "2018-01-22T06:16:08+00:00", "shoeSize": "6.5Y", "productId": null, "skuUuid": "cb5eba60-4919-4384-b805-8bf5623f0b9d", "state": "480", "customerId": null, "localAmount": 149, "localCurrency": "USD"}, {"chainId": "12669009512784088944", "amount": 130, "createdAt": "2018-01-22T02:45:59+00:00", "shoeSize": "6Y", "productId": null, "skuUuid": "34202624-fdb5-45d7-8bcb-b31ea06fe17c", "state": "480", "customerId": null, "localAmount": 130, "localCurrency": "USD"}, {"chainId": "12712454148700511682", "amount": 129, "createdAt": "2018-01-18T14:18:51+00:00", "shoeSize": "6.5Y", "productId": null, "skuUuid": "cb5eba60-4919-4384-b805-8bf5623f0b9d", "state": "480", "customerId": null, "localAmount": 129, "localCurrency": "USD"}, {"chainId": "12712768005519014990", "amount": 90, "createdAt": "2018-01-09T06:40:45+00:00", "shoeSize": "5Y", "productId": null, "skuUuid": "2bdb81d5-e448-473d-a3c8-47b2cff8713e", "state": "480", "customerId": null, "localAmount": 90, "localCurrency": "USD"}, {"chainId": "12705819314209452366", "amount": 120, "createdAt": "2018-01-08T22:15:44+00:00", "shoeSize": "7Y", "productId": null, "skuUuid": "178cbe95-5193-4a08-a49a-d58e31aeeaca", "state": "480", "customerId": null, "localAmount": 120, "localCurrency": "USD"}, {"chainId": "12681220038720866043", "amount": 114, "createdAt": "2018-01-04T17:49:07+00:00", "shoeSize": "6Y", "productId": null, "skuUuid": "34202624-fdb5-45d7-8bcb-b31ea06fe17c", "state": "480", "customerId": null, "localAmount": 114, "localCurrency": "USD"}, {"chainId": "12697517001526163958", "amount": 100, "createdAt": "2017-12-19T05:50:56+00:00", "shoeSize": "7Y", "productId": null, "skuUuid": "178cbe95-5193-4a08-a49a-d58e31aeeaca", "state": "480", "customerId": null, "localAmount": 100, "localCurrency": "USD"}, {"chainId": "12683361407446727487", "amount": 130, "createdAt": "2017-12-19T02:05:35+00:00", "shoeSize": "6.5Y", "productId": null, "skuUuid": "cb5eba60-4919-4384-b805-8bf5623f0b9d", "state": "480", "customerId": null, "localAmount": 130, "localCurrency": "USD"}, {"chainId": "12692037346032028650", "amount": 114, "createdAt": "2017-12-17T23:53:10+00:00", "shoeSize": "6Y", "productId": null, "skuUuid": "34202624-fdb5-45d7-8bcb-b31ea06fe17c", "state": "480", "customerId": null, "localAmount": 114, "localCurrency": "USD"}, {"chainId": "12692338954810904466", "amount": 100, "createdAt": "2017-12-12T02:11:50+00:00", "shoeSize": "4Y", "productId": null, "skuUuid": "77c26c9e-0f50-47aa-ae4d-d06097610516", "state": "480", "customerId": null, "localAmount": 100, "localCurrency": "USD"}, {"chainId": "12669009144780781432", "amount": 123, "createdAt": "2017-12-04T23:50:24+00:00", "shoeSize": "6Y", "productId": null, "skuUuid": "34202624-fdb5-45d7-8bcb-b31ea06fe17c", "state": "480", "customerId": null, "localAmount": 123, "localCurrency": "USD"}, {"chainId": "12669009640092482813", "amount": 128, "createdAt": "2017-12-04T04:13:48+00:00", "shoeSize": "6.5Y", "productId": null, "skuUuid": "cb5eba60-4919-4384-b805-8bf5623f0b9d", "state": "480", "customerId": null, "localAmount": 128, "localCurrency": "USD"}, {"chainId": "12669009265968509792", "amount": 124, "createdAt": "2017-11-29T12:05:17+00:00", "shoeSize": "6.5Y", "productId": null, "skuUuid": "cb5eba60-4919-4384-b805-8bf5623f0b9d", "state": "480", "customerId": null, "localAmount": 124, "localCurrency": "USD"}, {"chainId": "12680781213573466150", "amount": 120, "createdAt": "2017-11-29T00:31:46+00:00", "shoeSize": "5.5Y", "productId": null, "skuUuid": "87aecf54-ac7e-40a5-ab09-b18f47458c41", "state": "480", "customerId": null, "localAmount": 120, "localCurrency": "USD"}, {"chainId": "12627691466192617762", "amount": 82, "createdAt": "2017-11-28T20:24:18+00:00", "shoeSize": "6.5Y", "productId": null, "skuUuid": "cb5eba60-4919-4384-b805-8bf5623f0b9d", "state": "480", "customerId": null, "localAmount": 82, "localCurrency": "USD"}, {"chainId": "12677119963686050839", "amount": 140, "createdAt": "2017-11-28T16:20:49+00:00", "shoeSize": "7Y", "productId": null, "skuUuid": "178cbe95-5193-4a08-a49a-d58e31aeeaca", "state": "480", "customerId": null, "localAmount": 140, "localCurrency": "USD"}, {"chainId": "12669009004962151864", "amount": 130, "createdAt": "2017-11-21T22:50:07+00:00", "shoeSize": "5.5Y", "productId": null, "skuUuid": "87aecf54-ac7e-40a5-ab09-b18f47458c41", "state": "480", "customerId": null, "localAmount": 130, "localCurrency": "USD"}, {"chainId": "12673485078529231511", "amount": 90, "createdAt": "2017-11-16T02:22:49+00:00", "shoeSize": "6.5Y", "productId": null, "skuUuid": "cb5eba60-4919-4384-b805-8bf5623f0b9d", "state": "480", "customerId": null, "localAmount": 90, "localCurrency": "USD"}, {"chainId": "12666970141126461356", "amount": 98, "createdAt": "2017-11-16T01:51:35+00:00", "shoeSize": "6.5Y", "productId": null, "skuUuid": "cb5eba60-4919-4384-b805-8bf5623f0b9d", "state": "480", "customerId": null, "localAmount": 98, "localCurrency": "USD"}, {"chainId": "12644550272919296249", "amount": 100, "createdAt": "2017-11-09T15:31:44+00:00", "shoeSize": "4Y", "productId": null, "skuUuid": "77c26c9e-0f50-47aa-ae4d-d06097610516", "state": "480", "customerId": null, "localAmount": 100, "localCurrency": "USD"}, {"chainId": "12659652089006856184", "amount": 130, "createdAt": "2017-10-28T00:09:12+00:00", "shoeSize": "6.5Y", "productId": null, "skuUuid": "cb5eba60-4919-4384-b805-8bf5623f0b9d", "state": "480", "customerId": null, "localAmount": 130, "localCurrency": "USD"}, {"chainId": "12622514473784205763", "amount": 119, "createdAt": "2017-10-13T15:22:20+00:00", "shoeSize": "4.5Y", "productId": null, "skuUuid": "c57bf305-4aef-4ff4-84e6-528a3cc55904", "state": "480", "customerId": null, "localAmount": 119, "localCurrency": "USD"}, {"chainId": "12648602249177913589", "amount": 71, "createdAt": "2017-10-12T21:20:50+00:00", "shoeSize": "4Y", "productId": null, "skuUuid": "77c26c9e-0f50-47aa-ae4d-d06097610516", "state": "480", "customerId": null, "localAmount": 71, "localCurrency": "USD"}, {"chainId": "12643732510957274566", "amount": 90, "createdAt": "2017-10-10T18:13:06+00:00", "shoeSize": "4.5Y", "productId": null, "skuUuid": "c57bf305-4aef-4ff4-84e6-528a3cc55904", "state": "480", "customerId": null, "localAmount": 90, "localCurrency": "USD"}, {"chainId": "12614626224575728563", "amount": 150, "createdAt": "2017-09-28T00:50:52+00:00", "shoeSize": "6Y", "productId": null, "skuUuid": "34202624-fdb5-45d7-8bcb-b31ea06fe17c", "state": "480", "customerId": null, "localAmount": 150, "localCurrency": "USD"}, {"chainId": "12627691567356211741", "amount": 100, "createdAt": "2017-09-27T12:38:42+00:00", "shoeSize": "6Y", "productId": null, "skuUuid": "34202624-fdb5-45d7-8bcb-b31ea06fe17c", "state": "480", "customerId": null, "localAmount": 100, "localCurrency": "USD"}, {"chainId": "12583687757747370107", "amount": 150, "createdAt": "2017-09-10T03:35:05+00:00", "shoeSize": "6Y", "productId": null, "skuUuid": "34202624-fdb5-45d7-8bcb-b31ea06fe17c", "state": "480", "customerId": null, "localAmount": 150, "localCurrency": "USD"}, {"chainId": "12603355601805929672", "amount": 160, "createdAt": "2017-08-21T23:14:06+00:00", "shoeSize": "6.5Y", "productId": null, "skuUuid": "cb5eba60-4919-4384-b805-8bf5623f0b9d", "state": "480", "customerId": null, "localAmount": 160, "localCurrency": "USD"}, {"chainId": "12591803748812131172", "amount": 149, "createdAt": "2017-07-29T13:40:29+00:00", "shoeSize": "7Y", "productId": null, "skuUuid": "178cbe95-5193-4a08-a49a-d58e31aeeaca", "state": "480", "customerId": null, "localAmount": 149, "localCurrency": "USD"}, {"chainId": "12575199017989740865", "amount": 150, "createdAt": "2017-07-26T09:04:59+00:00", "shoeSize": "7Y", "productId": null, "skuUuid": "178cbe95-5193-4a08-a49a-d58e31aeeaca", "state": "480", "customerId": null, "localAmount": 150, "localCurrency": "USD"}, {"chainId": "12583292451962175148", "amount": 117, "createdAt": "2017-07-19T00:00:58+00:00", "shoeSize": "5Y", "productId": null, "skuUuid": "2bdb81d5-e448-473d-a3c8-47b2cff8713e", "state": "480", "customerId": null, "localAmount": 117, "localCurrency": "USD"}, {"chainId": "12565282105585639925", "amount": 140, "createdAt": "2017-07-03T03:49:14+00:00", "shoeSize": "7Y", "productId": null, "skuUuid": "178cbe95-5193-4a08-a49a-d58e31aeeaca", "state": "480", "customerId": null, "localAmount": 140, "localCurrency": "USD"}, {"chainId": "12563159960753223130", "amount": 95, "createdAt": "2017-06-21T11:48:46+00:00", "shoeSize": "7Y", "productId": null, "skuUuid": "178cbe95-5193-4a08-a49a-d58e31aeeaca", "state": "480", "customerId": null, "localAmount": 95, "localCurrency": "USD"}, {"chainId": "12520355608272653686", "amount": 144, "createdAt": "2017-06-17T14:48:22+00:00", "shoeSize": "6.5Y", "productId": null, "skuUuid": "cb5eba60-4919-4384-b805-8bf5623f0b9d", "state": "480", "customerId": null, "localAmount": 144, "localCurrency": "USD"}, {"chainId": "12531427449950759002", "amount": 120, "createdAt": "2017-06-14T17:33:52+00:00", "shoeSize": "7Y", "productId": null, "skuUuid": "178cbe95-5193-4a08-a49a-d58e31aeeaca", "state": "480", "customerId": null, "localAmount": 120, "localCurrency": "USD"}, {"chainId": "12555819283519292377", "amount": 125, "createdAt": "2017-06-06T17:31:38+00:00", "shoeSize": "6.5Y", "productId": null, "skuUuid": "cb5eba60-4919-4384-b805-8bf5623f0b9d", "state": "480", "customerId": null, "localAmount": 125, "localCurrency": "USD"}, {"chainId": "12492692963921366806", "amount": 175, "createdAt": "2017-03-10T20:09:01+00:00", "shoeSize": "5.5Y", "productId": null, "skuUuid": "87aecf54-ac7e-40a5-ab09-b18f47458c41", "state": "480", "customerId": null, "localAmount": 175, "localCurrency": "USD"}, {"chainId": "12490884051115795042", "amount": 175, "createdAt": "2017-03-08T06:40:46+00:00", "shoeSize": "6.5Y", "productId": null, "skuUuid": "cb5eba60-4919-4384-b805-8bf5623f0b9d", "state": "480", "customerId": null, "localAmount": 175, "localCurrency": "USD"}, {"chainId": "12490394909517566835", "amount": 175, "createdAt": "2017-03-07T21:36:41+00:00", "shoeSize": "7Y", "productId": null, "skuUuid": "178cbe95-5193-4a08-a49a-d58e31aeeaca", "state": "480", "customerId": null, "localAmount": 175, "localCurrency": "USD"}, {"chainId": "12489669519165226489", "amount": 175, "createdAt": "2017-03-07T15:06:37+00:00", "shoeSize": "7Y", "productId": null, "skuUuid": "178cbe95-5193-4a08-a49a-d58e31aeeaca", "state": "480", "customerId": null, "localAmount": 175, "localCurrency": "USD"}, {"chainId": "12490159450420451997", "amount": 175, "createdAt": "2017-03-07T13:10:17+00:00", "shoeSize": "5.5Y", "productId": null, "skuUuid": "87aecf54-ac7e-40a5-ab09-b18f47458c41", "state": "480", "customerId": null, "localAmount": 175, "localCurrency": "USD"}, {"chainId": "12489669516482435494", "amount": 175, "createdAt": "2017-03-06T23:26:58+00:00", "shoeSize": "6Y", "productId": null, "skuUuid": "34202624-fdb5-45d7-8bcb-b31ea06fe17c", "state": "480", "customerId": null, "localAmount": 175, "localCurrency": "USD"}, {"chainId": "12489669516604325162", "amount": 175, "createdAt": "2017-03-06T21:36:54+00:00", "shoeSize": "6Y", "productId": null, "skuUuid": "34202624-fdb5-45d7-8bcb-b31ea06fe17c", "state": "480", "customerId": null, "localAmount": 175, "localCurrency": "USD"}, {"chainId": "12489669517720786295", "amount": 175, "createdAt": "2017-03-06T16:07:01+00:00", "shoeSize": "6.5Y", "productId": null, "skuUuid": "cb5eba60-4919-4384-b805-8bf5623f0b9d", "state": "480", "customerId": null, "localAmount": 175, "localCurrency": "USD"}, {"chainId": "12489669519278125630", "amount": 175, "createdAt": "2017-03-06T15:07:00+00:00", "shoeSize": "7Y", "productId": null, "skuUuid": "178cbe95-5193-4a08-a49a-d58e31aeeaca", "state": "480", "customerId": null, "localAmount": 175, "localCurrency": "USD"}, {"chainId": "12489669515304487160", "amount": 175, "createdAt": "2017-03-06T13:57:34+00:00", "shoeSize": "5.5Y", "productId": null, "skuUuid": "87aecf54-ac7e-40a5-ab09-b18f47458c41", "state": "480", "customerId": null, "localAmount": 175, "localCurrency": "USD"}, {"chainId": "12489669517886646676", "amount": 175, "createdAt": "2017-03-06T13:40:55+00:00", "shoeSize": "6.5Y", "productId": null, "skuUuid": "cb5eba60-4919-4384-b805-8bf5623f0b9d", "state": "480", "customerId": null, "localAmount": 175, "localCurrency": "USD"}, {"chainId": "12487494571933941708", "amount": 175, "createdAt": "2017-03-03T22:59:23+00:00", "shoeSize": "5Y", "productId": null, "skuUuid": "2bdb81d5-e448-473d-a3c8-47b2cff8713e", "state": "480", "customerId": null, "localAmount": 175, "localCurrency": "USD"}, {"chainId": "12485088106416121928", "amount": 175, "createdAt": "2017-03-03T08:30:07+00:00", "shoeSize": "5.5Y", "productId": null, "skuUuid": "87aecf54-ac7e-40a5-ab09-b18f47458c41", "state": "480", "customerId": null, "localAmount": 175, "localCurrency": "USD"}, {"chainId": "12480741793098213676", "amount": 150, "createdAt": "2017-03-01T15:57:04+00:00", "shoeSize": "6.5Y", "productId": null, "skuUuid": "cb5eba60-4919-4384-b805-8bf5623f0b9d", "state": "480", "customerId": null, "localAmount": 150, "localCurrency": "USD"}, {"chainId": "12481213860232637693", "amount": 175, "createdAt": "2017-02-23T08:59:41+00:00", "shoeSize": "7Y", "productId": null, "skuUuid": "178cbe95-5193-4a08-a49a-d58e31aeeaca", "state": "480", "customerId": null, "localAmount": 175, "localCurrency": "USD"}, {"chainId": "12480732294699786023", "amount": 175, "createdAt": "2017-02-22T14:56:12+00:00", "shoeSize": "6.5Y", "productId": null, "skuUuid": "cb5eba60-4919-4384-b805-8bf5623f0b9d", "state": "480", "customerId": null, "localAmount": 175, "localCurrency": "USD"}]