[{"chainId": "12774934738965946289", "amount": 199, "createdAt": "2018-04-07T14:21:20+00:00", "shoeSize": "6Y", "productId": null, "skuUuid": "f2099863-bc0e-4fd8-ae9b-2b69d7362912", "state": "480", "customerId": null, "localAmount": 199, "localCurrency": "USD"}, {"chainId": "12776779037488589457", "amount": 180, "createdAt": "2018-04-07T14:19:13+00:00", "shoeSize": "6.5Y", "productId": null, "skuUuid": "0cf3d09b-b52e-4eb3-a7f8-c3741d9ae68a", "state": "480", "customerId": null, "localAmount": 180, "localCurrency": "USD"}, {"chainId": "12776726965433908870", "amount": 186, "createdAt": "2018-04-07T14:18:09+00:00", "shoeSize": "8Y", "productId": null, "skuUuid": "af91d64c-e4aa-4d89-9150-a908f5177902", "state": "480", "customerId": null, "localAmount": 186, "localCurrency": "USD"}, {"chainId": "12776336983999448967", "amount": 170, "createdAt": "2018-04-07T14:17:57+00:00", "shoeSize": "8.5Y", "productId": null, "skuUuid": "13f633df-b64a-4b86-b8c0-ae702623ed4f", "state": "480", "customerId": null, "localAmount": 170, "localCurrency": "USD"}, {"chainId": "12776755554321329852", "amount": 160, "createdAt": "2018-04-07T14:17:55+00:00", "shoeSize": "6Y", "productId": null, "skuUuid": "f2099863-bc0e-4fd8-ae9b-2b69d7362912", "state": "480", "customerId": null, "localAmount": 160, "localCurrency": "USD"}, {"chainId": "12776541555400503447", "amount": 154, "createdAt": "2018-04-07T14:17:33+00:00", "shoeSize": "7Y", "productId": null, "skuUuid": "9fb8fe9e-102d-486e-8c62-310a23545a95", "state": "480", "customerId": null, "localAmount": 154, "localCurrency": "USD"}, {"chainId": "12776777715389127608", "amount": 200, "createdAt": "2018-04-07T14:16:37+00:00", "shoeSize": "9.5Y", "productId": null, "skuUuid": "dce0bda2-1b29-4226-bd26-3e624550d6f5", "state": "480", "customerId": null, "localAmount": 200, "localCurrency": "USD"}, {"chainId": "12776770106599351268", "amount": 200, "createdAt": "2018-04-07T14:14:14+00:00", "shoeSize": "9.5Y", "productId": null, "skuUuid": "dce0bda2-1b29-4226-bd26-3e624550d6f5", "state": "480", "customerId": null, "localAmount": 200, "localCurrency": "USD"}, {"chainId": "12776497119752011837", "amount": 152, "createdAt": "2018-04-07T14:13:56+00:00", "shoeSize": "7Y", "productId": null, "skuUuid": "9fb8fe9e-102d-486e-8c62-310a23545a95", "state": "480", "customerId": null, "localAmount": 152, "localCurrency": "USD"}, {"chainId": "12775150298572270725", "amount": 189, "createdAt": "2018-04-07T14:08:18+00:00", "shoeSize": "7.5Y", "productId": null, "skuUuid": "aa66ccda-2c60-4aa5-aa74-d93934131239", "state": "480", "customerId": null, "localAmount": 189, "localCurrency": "USD"}, {"chainId": "12776770257631861750", "amount": 200, "createdAt": "2018-04-07T14:07:01+00:00", "shoeSize": "9Y", "productId": null, "skuUuid": "1d72b4fe-d02f-4f47-ab49-13bf83328b5e", "state": "480", "customerId": null, "localAmount": 200, "localCurrency": "USD"}, {"chainId": "12776448132530551129", "amount": 145, "createdAt": "2018-04-07T14:06:18+00:00", "shoeSize": "6.5Y", "productId": null, "skuUuid": "0cf3d09b-b52e-4eb3-a7f8-c3741d9ae68a", "state": "480", "customerId": null, "localAmount": 145, "localCurrency": "USD"}, {"chainId": "12776448394732659544", "amount": 145, "createdAt": "2018-04-07T12:51:47+00:00", "shoeSize": "6Y", "productId": null, "skuUuid": "f2099863-bc0e-4fd8-ae9b-2b69d7362912", "state": "480", "customerId": null, "localAmount": 145, "localCurrency": "USD"}, {"chainId": "12776497315395325716", "amount": 155, "createdAt": "2018-04-07T12:24:27+00:00", "shoeSize": "5.5Y", "productId": null, "skuUuid": "b14cc462-5dbe-4654-b25a-6a8281aca075", "state": "480", "customerId": null, "localAmount": 155, "localCurrency": "USD"}, {"chainId": "12776530052126943033", "amount": 154, "createdAt": "2018-04-07T06:26:30+00:00", "shoeSize": "7Y", "productId": null, "skuUuid": "9fb8fe9e-102d-486e-8c62-310a23545a95", "state": "480", "customerId": null, "localAmount": 154, "localCurrency": "USD"}, {"chainId": "12776352416409890808", "amount": 146, "createdAt": "2018-04-07T03:28:36+00:00", "shoeSize": "7Y", "productId": null, "skuUuid": "9fb8fe9e-102d-486e-8c62-310a23545a95", "state": "480", "customerId": null, "localAmount": 146, "localCurrency": "USD"}, {"chainId": "12776217055527409645", "amount": 145, "createdAt": "2018-04-07T02:17:45+00:00", "shoeSize": "4Y", "productId": null, "skuUuid": "a5258d8e-8246-4c82-ab22-b15f8928f359", "state": "480", "customerId": null, "localAmount": 145, "localCurrency": "USD"}, {"chainId": "12776216657360972475", "amount": 145, "createdAt": "2018-04-06T20:46:22+00:00", "shoeSize": "5Y", "productId": null, "skuUuid": "fb2a2bcf-745c-414f-a54c-add4a4daf9ec", "state": "480", "customerId": null, "localAmount": 145, "localCurrency": "USD"}, {"chainId": "12776214529134779585", "amount": 180, "createdAt": "2018-04-06T19:37:38+00:00", "shoeSize": "9.5Y", "productId": null, "skuUuid": "dce0bda2-1b29-4226-bd26-3e624550d6f5", "state": "480", "customerId": null, "localAmount": 180, "localCurrency": "USD"}, {"chainId": "12776214216778611242", "amount": 155, "createdAt": "2018-04-06T19:37:03+00:00", "shoeSize": "7Y", "productId": null, "skuUuid": "9fb8fe9e-102d-486e-8c62-310a23545a95", "state": "480", "customerId": null, "localAmount": 155, "localCurrency": "USD"}, {"chainId": "12776213817296705397", "amount": 171, "createdAt": "2018-04-06T19:36:14+00:00", "shoeSize": "8.5Y", "productId": null, "skuUuid": "13f633df-b64a-4b86-b8c0-ae702623ed4f", "state": "480", "customerId": null, "localAmount": 171, "localCurrency": "USD"}, {"chainId": "12776117312384244030", "amount": 155, "createdAt": "2018-04-06T16:24:31+00:00", "shoeSize": "7Y", "productId": null, "skuUuid": "9fb8fe9e-102d-486e-8c62-310a23545a95", "state": "480", "customerId": null, "localAmount": 155, "localCurrency": "USD"}, {"chainId": "12775735503006410822", "amount": 180, "createdAt": "2018-04-06T03:45:53+00:00", "shoeSize": "9.5Y", "productId": null, "skuUuid": "dce0bda2-1b29-4226-bd26-3e624550d6f5", "state": "480", "customerId": null, "localAmount": 180, "localCurrency": "USD"}, {"chainId": "12775595481616517757", "amount": 175, "createdAt": "2018-04-05T23:07:42+00:00", "shoeSize": "8Y", "productId": null, "skuUuid": "af91d64c-e4aa-4d89-9150-a908f5177902", "state": "480", "customerId": null, "localAmount": 175, "localCurrency": "USD"}, {"chainId": "12774347936138096482", "amount": 221, "createdAt": "2018-04-05T01:13:35+00:00", "shoeSize": "6Y", "productId": null, "skuUuid": "f2099863-bc0e-4fd8-ae9b-2b69d7362912", "state": "480", "customerId": null, "localAmount": 221, "localCurrency": "USD"}, {"chainId": "12774771803611080103", "amount": 175, "createdAt": "2018-04-04T19:51:14+00:00", "shoeSize": "6.5Y", "productId": null, "skuUuid": "0cf3d09b-b52e-4eb3-a7f8-c3741d9ae68a", "state": "480", "customerId": null, "localAmount": 175, "localCurrency": "USD"}]