[{"chainId": "12980470461355579525", "amount": 95, "createdAt": "2019-01-13T15:17:44+00:00", "shoeSize": "11", "productId": null, "skuUuid": "c33837b9-e272-4735-8781-acb8a5707036", "state": "480", "customerId": null, "localAmount": 95, "localCurrency": "USD"}, {"chainId": "12979219290315061977", "amount": 96, "createdAt": "2019-01-13T11:52:20+00:00", "shoeSize": "11", "productId": null, "skuUuid": "c33837b9-e272-4735-8781-acb8a5707036", "state": "480", "customerId": null, "localAmount": 96, "localCurrency": "USD"}, {"chainId": "12975429467477489186", "amount": 98, "createdAt": "2019-01-11T19:51:45+00:00", "shoeSize": "11", "productId": null, "skuUuid": "c33837b9-e272-4735-8781-acb8a5707036", "state": "480", "customerId": null, "localAmount": 98, "localCurrency": "USD"}, {"chainId": "12972637828521758483", "amount": 86, "createdAt": "2019-01-05T08:48:56+00:00", "shoeSize": "10.5", "productId": null, "skuUuid": "195f46cc-b31f-4269-b04f-4ea424c8bd5a", "state": "480", "customerId": null, "localAmount": 86, "localCurrency": "USD"}, {"chainId": "12956003960978448044", "amount": 120, "createdAt": "2018-12-19T15:47:11+00:00", "shoeSize": "12", "productId": null, "skuUuid": "dfcf9c71-aac3-4031-b10e-6dada2e7a32f", "state": "480", "customerId": null, "localAmount": 120, "localCurrency": "USD"}, {"chainId": "12861556601046845455", "amount": 100, "createdAt": "2018-10-27T09:04:43+00:00", "shoeSize": "14", "productId": null, "skuUuid": "4d060151-7306-4f54-a0e3-1d2b5290a610", "state": "480", "customerId": null, "localAmount": 100, "localCurrency": "USD"}, {"chainId": "12897880093080205230", "amount": 97, "createdAt": "2018-10-01T17:01:13+00:00", "shoeSize": "11", "productId": null, "skuUuid": "c33837b9-e272-4735-8781-acb8a5707036", "state": "480", "customerId": null, "localAmount": 97, "localCurrency": "USD"}, {"chainId": "12859023068702714952", "amount": 135, "createdAt": "2018-09-22T16:04:40+00:00", "shoeSize": "9.5", "productId": null, "skuUuid": "0bf8c676-39e4-40f3-8cb1-2c0b2f5d624e", "state": "480", "customerId": null, "localAmount": 135, "localCurrency": "USD"}, {"chainId": "12877959489025592240", "amount": 100, "createdAt": "2018-08-25T04:46:43+00:00", "shoeSize": "12", "productId": null, "skuUuid": "dfcf9c71-aac3-4031-b10e-6dada2e7a32f", "state": "480", "customerId": null, "localAmount": 100, "localCurrency": "USD"}]