[{"chainId": "12965387997862474380", "amount": 160, "createdAt": "2019-01-19T22:51:03+00:00", "shoeSize": "11", "productId": null, "skuUuid": "112ac3ba-f7e0-41e0-966d-fd2e7d953f02", "state": "480", "customerId": null, "localAmount": 160, "localCurrency": "USD"}, {"chainId": "12983540104364191409", "amount": 75, "createdAt": "2019-01-17T20:56:34+00:00", "shoeSize": "13", "productId": null, "skuUuid": "590c3b3c-b4b8-47bc-a720-152f9984456d", "state": "480", "customerId": null, "localAmount": 75, "localCurrency": "USD"}, {"chainId": "12975580511912048487", "amount": 130, "createdAt": "2019-01-17T17:33:51+00:00", "shoeSize": "8.5", "productId": null, "skuUuid": "593e6e04-f829-4781-98c4-6edb97d5557a", "state": "480", "customerId": null, "localAmount": 130, "localCurrency": "USD"}, {"chainId": "12982748887192064819", "amount": 159.6015, "createdAt": "2019-01-16T18:44:37+00:00", "shoeSize": "9", "productId": null, "skuUuid": "ae4b78ca-82db-4237-9809-6566f808eb32", "state": "480", "customerId": null, "localAmount": 160, "localCurrency": "USD"}, {"chainId": "12980501401699540682", "amount": 110, "createdAt": "2019-01-14T22:05:06+00:00", "shoeSize": "10", "productId": null, "skuUuid": "cf434541-d030-4049-a5e1-c0e3687d5dc2", "state": "480", "customerId": null, "localAmount": 110, "localCurrency": "USD"}, {"chainId": "12981172274780636266", "amount": 115, "createdAt": "2019-01-14T14:34:08+00:00", "shoeSize": "11.5", "productId": null, "skuUuid": "ba3a911a-d474-473c-8b26-8059d25bf78b", "state": "480", "customerId": null, "localAmount": 115, "localCurrency": "USD"}, {"chainId": "12980541937119346197", "amount": 100, "createdAt": "2019-01-14T02:58:50+00:00", "shoeSize": "10.5", "productId": null, "skuUuid": "4c7b366b-3ef6-4898-8a71-0e8f654c4e99", "state": "480", "customerId": null, "localAmount": 100, "localCurrency": "USD"}, {"chainId": "12979717965179762972", "amount": 90, "createdAt": "2019-01-12T14:22:38+00:00", "shoeSize": "15", "productId": null, "skuUuid": "7a5cad85-3965-4a1b-8a9b-40dabd43c1aa", "state": "480", "customerId": null, "localAmount": 90, "localCurrency": "USD"}, {"chainId": "12965311148798548116", "amount": 140, "createdAt": "2019-01-11T23:55:41+00:00", "shoeSize": "9.5", "productId": null, "skuUuid": "a2977646-354b-4574-b16f-9216036172b6", "state": "480", "customerId": null, "localAmount": 140, "localCurrency": "USD"}, {"chainId": "12978577971905262018", "amount": 115.07, "createdAt": "2019-01-11T00:37:42+00:00", "shoeSize": "10.5", "productId": null, "skuUuid": "4c7b366b-3ef6-4898-8a71-0e8f654c4e99", "state": "480", "customerId": null, "localAmount": 116, "localCurrency": "USD"}, {"chainId": "12977566603624386520", "amount": 75, "createdAt": "2019-01-09T15:08:18+00:00", "shoeSize": "13", "productId": null, "skuUuid": "590c3b3c-b4b8-47bc-a720-152f9984456d", "state": "480", "customerId": null, "localAmount": 75, "localCurrency": "USD"}, {"chainId": "12966883626920184209", "amount": 120, "createdAt": "2019-01-08T07:13:56+00:00", "shoeSize": "10", "productId": null, "skuUuid": "cf434541-d030-4049-a5e1-c0e3687d5dc2", "state": "480", "customerId": null, "localAmount": 120, "localCurrency": "USD"}, {"chainId": "12969208532831775998", "amount": 95, "createdAt": "2019-01-08T05:46:11+00:00", "shoeSize": "10.5", "productId": null, "skuUuid": "4c7b366b-3ef6-4898-8a71-0e8f654c4e99", "state": "480", "customerId": null, "localAmount": 95, "localCurrency": "USD"}, {"chainId": "12976421835469617393", "amount": 90, "createdAt": "2019-01-08T01:13:49+00:00", "shoeSize": "7", "productId": null, "skuUuid": "9b94210c-0689-4ae1-bdf6-900049010bf2", "state": "480", "customerId": null, "localAmount": 90, "localCurrency": "USD"}, {"chainId": "12975580182980034839", "amount": 140, "createdAt": "2019-01-06T21:21:36+00:00", "shoeSize": "8", "productId": null, "skuUuid": "ae5df4c0-1abb-4274-8523-b785630d0c9a", "state": "480", "customerId": null, "localAmount": 140, "localCurrency": "USD"}, {"chainId": "12965390555230700695", "amount": 160, "createdAt": "2018-12-30T22:28:22+00:00", "shoeSize": "9", "productId": null, "skuUuid": "ae4b78ca-82db-4237-9809-6566f808eb32", "state": "480", "customerId": null, "localAmount": 160, "localCurrency": "USD"}, {"chainId": "12965451170748521941", "amount": 99, "createdAt": "2018-12-30T17:48:45+00:00", "shoeSize": "9.5", "productId": null, "skuUuid": "a2977646-354b-4574-b16f-9216036172b6", "state": "480", "customerId": null, "localAmount": 99, "localCurrency": "USD"}, {"chainId": "12965637734214152068", "amount": 140, "createdAt": "2018-12-28T02:27:06+00:00", "shoeSize": "7.5", "productId": null, "skuUuid": "1892efdf-1d5c-4ab9-bc09-f58f88ab30b9", "state": "480", "customerId": null, "localAmount": 140, "localCurrency": "USD"}, {"chainId": "12949429278514637353", "amount": 140, "createdAt": "2018-12-27T20:56:27+00:00", "shoeSize": "9", "productId": null, "skuUuid": "ae4b78ca-82db-4237-9809-6566f808eb32", "state": "480", "customerId": null, "localAmount": 140, "localCurrency": "USD"}, {"chainId": "12964150285543585878", "amount": 120, "createdAt": "2018-12-25T20:35:48+00:00", "shoeSize": "10", "productId": null, "skuUuid": "cf434541-d030-4049-a5e1-c0e3687d5dc2", "state": "480", "customerId": null, "localAmount": 120, "localCurrency": "USD"}, {"chainId": "12952223517920864467", "amount": 119, "createdAt": "2018-12-25T08:27:35+00:00", "shoeSize": "10.5", "productId": null, "skuUuid": "4c7b366b-3ef6-4898-8a71-0e8f654c4e99", "state": "480", "customerId": null, "localAmount": 119, "localCurrency": "USD"}, {"chainId": "12964178274533501087", "amount": 71, "createdAt": "2018-12-23T02:53:56+00:00", "shoeSize": "11", "productId": null, "skuUuid": "112ac3ba-f7e0-41e0-966d-fd2e7d953f02", "state": "480", "customerId": null, "localAmount": 71, "localCurrency": "USD"}, {"chainId": "12962532305946606023", "amount": 106, "createdAt": "2018-12-22T07:08:11+00:00", "shoeSize": "9", "productId": null, "skuUuid": "ae4b78ca-82db-4237-9809-6566f808eb32", "state": "480", "customerId": null, "localAmount": 106, "localCurrency": "USD"}, {"chainId": "12952223706476026946", "amount": 119, "createdAt": "2018-12-18T20:52:38+00:00", "shoeSize": "8", "productId": null, "skuUuid": "ae5df4c0-1abb-4274-8523-b785630d0c9a", "state": "480", "customerId": null, "localAmount": 119, "localCurrency": "USD"}, {"chainId": "12958808803751415602", "amount": 112, "createdAt": "2018-12-14T17:59:53+00:00", "shoeSize": "12", "productId": null, "skuUuid": "eab49734-3683-418b-8868-603993b89109", "state": "480", "customerId": null, "localAmount": 112, "localCurrency": "USD"}, {"chainId": "12955273049622023372", "amount": 75, "createdAt": "2018-12-09T20:54:59+00:00", "shoeSize": "13", "productId": null, "skuUuid": "590c3b3c-b4b8-47bc-a720-152f9984456d", "state": "480", "customerId": null, "localAmount": 75, "localCurrency": "USD"}, {"chainId": "12953651930703063424", "amount": 110, "createdAt": "2018-12-07T15:14:07+00:00", "shoeSize": "9", "productId": null, "skuUuid": "ae4b78ca-82db-4237-9809-6566f808eb32", "state": "480", "customerId": null, "localAmount": 110, "localCurrency": "USD"}, {"chainId": "12952974662746652819", "amount": 150, "createdAt": "2018-12-06T16:48:28+00:00", "shoeSize": "10", "productId": null, "skuUuid": "cf434541-d030-4049-a5e1-c0e3687d5dc2", "state": "480", "customerId": null, "localAmount": 150, "localCurrency": "USD"}, {"chainId": "12950800847355662035", "amount": 95, "createdAt": "2018-12-03T16:49:29+00:00", "shoeSize": "11", "productId": null, "skuUuid": "112ac3ba-f7e0-41e0-966d-fd2e7d953f02", "state": "480", "customerId": null, "localAmount": 95, "localCurrency": "USD"}, {"chainId": "12950800372113782487", "amount": 100, "createdAt": "2018-12-03T16:48:32+00:00", "shoeSize": "11", "productId": null, "skuUuid": "112ac3ba-f7e0-41e0-966d-fd2e7d953f02", "state": "480", "customerId": null, "localAmount": 100, "localCurrency": "USD"}, {"chainId": "12948600696230481941", "amount": 100, "createdAt": "2018-11-30T15:58:12+00:00", "shoeSize": "14", "productId": null, "skuUuid": "4d1fb527-ad8f-410e-837b-6b6d6900d7b1", "state": "480", "customerId": null, "localAmount": 100, "localCurrency": "USD"}, {"chainId": "12948600383021576865", "amount": 100, "createdAt": "2018-11-30T15:57:34+00:00", "shoeSize": "12", "productId": null, "skuUuid": "eab49734-3683-418b-8868-603993b89109", "state": "480", "customerId": null, "localAmount": 100, "localCurrency": "USD"}, {"chainId": "12948599970209276435", "amount": 90, "createdAt": "2018-11-30T15:56:47+00:00", "shoeSize": "11", "productId": null, "skuUuid": "112ac3ba-f7e0-41e0-966d-fd2e7d953f02", "state": "480", "customerId": null, "localAmount": 90, "localCurrency": "USD"}, {"chainId": "12948599853141003091", "amount": 100, "createdAt": "2018-11-30T15:56:30+00:00", "shoeSize": "11", "productId": null, "skuUuid": "112ac3ba-f7e0-41e0-966d-fd2e7d953f02", "state": "480", "customerId": null, "localAmount": 100, "localCurrency": "USD"}, {"chainId": "12931884594510434286", "amount": 185, "createdAt": "2018-11-14T18:29:49+00:00", "shoeSize": "11", "productId": null, "skuUuid": "112ac3ba-f7e0-41e0-966d-fd2e7d953f02", "state": "480", "customerId": null, "localAmount": 185, "localCurrency": "USD"}, {"chainId": "12930589053961344576", "amount": 150, "createdAt": "2018-11-11T01:29:13+00:00", "shoeSize": "10", "productId": null, "skuUuid": "cf434541-d030-4049-a5e1-c0e3687d5dc2", "state": "480", "customerId": null, "localAmount": 150, "localCurrency": "USD"}, {"chainId": "12932831860557274413", "amount": 120, "createdAt": "2018-11-08T23:10:22+00:00", "shoeSize": "10", "productId": null, "skuUuid": "cf434541-d030-4049-a5e1-c0e3687d5dc2", "state": "480", "customerId": null, "localAmount": 120, "localCurrency": "USD"}, {"chainId": "12829748705730379262", "amount": 164.0409, "createdAt": "2018-11-08T19:41:35+00:00", "shoeSize": "11", "productId": null, "skuUuid": "112ac3ba-f7e0-41e0-966d-fd2e7d953f02", "state": "480", "customerId": null, "localAmount": 165, "localCurrency": "USD"}, {"chainId": "12930588624848625038", "amount": 123, "createdAt": "2018-11-07T22:01:16+00:00", "shoeSize": "11", "productId": null, "skuUuid": "112ac3ba-f7e0-41e0-966d-fd2e7d953f02", "state": "480", "customerId": null, "localAmount": 123, "localCurrency": "USD"}, {"chainId": "12928599677080167895", "amount": 105, "createdAt": "2018-11-06T20:03:25+00:00", "shoeSize": "11", "productId": null, "skuUuid": "112ac3ba-f7e0-41e0-966d-fd2e7d953f02", "state": "480", "customerId": null, "localAmount": 105, "localCurrency": "USD"}, {"chainId": "12922067885173091892", "amount": 130, "createdAt": "2018-11-04T22:17:44+00:00", "shoeSize": "10", "productId": null, "skuUuid": "cf434541-d030-4049-a5e1-c0e3687d5dc2", "state": "480", "customerId": null, "localAmount": 130, "localCurrency": "USD"}, {"chainId": "12920383147995494560", "amount": 91, "createdAt": "2018-11-01T03:16:24+00:00", "shoeSize": "10.5", "productId": null, "skuUuid": "4c7b366b-3ef6-4898-8a71-0e8f654c4e99", "state": "480", "customerId": null, "localAmount": 91, "localCurrency": "USD"}, {"chainId": "12915566142700409005", "amount": 130, "createdAt": "2018-10-16T23:12:37+00:00", "shoeSize": "10", "productId": null, "skuUuid": "cf434541-d030-4049-a5e1-c0e3687d5dc2", "state": "480", "customerId": null, "localAmount": 130, "localCurrency": "USD"}, {"chainId": "12912603710182292432", "amount": 100, "createdAt": "2018-10-15T03:38:11+00:00", "shoeSize": "12", "productId": null, "skuUuid": "eab49734-3683-418b-8868-603993b89109", "state": "480", "customerId": null, "localAmount": 100, "localCurrency": "USD"}, {"chainId": "12909661574719496392", "amount": 120, "createdAt": "2018-10-11T20:46:17+00:00", "shoeSize": "10.5", "productId": null, "skuUuid": "4c7b366b-3ef6-4898-8a71-0e8f654c4e99", "state": "480", "customerId": null, "localAmount": 120, "localCurrency": "USD"}, {"chainId": "12912167350880488176", "amount": 100, "createdAt": "2018-10-11T09:31:38+00:00", "shoeSize": "10.5", "productId": null, "skuUuid": "4c7b366b-3ef6-4898-8a71-0e8f654c4e99", "state": "480", "customerId": null, "localAmount": 100, "localCurrency": "USD"}, {"chainId": "12909661458481010071", "amount": 120, "createdAt": "2018-10-08T03:41:29+00:00", "shoeSize": "10", "productId": null, "skuUuid": "cf434541-d030-4049-a5e1-c0e3687d5dc2", "state": "480", "customerId": null, "localAmount": 120, "localCurrency": "USD"}, {"chainId": "12909815286153746261", "amount": 91, "createdAt": "2018-10-08T03:38:31+00:00", "shoeSize": "10", "productId": null, "skuUuid": "cf434541-d030-4049-a5e1-c0e3687d5dc2", "state": "480", "customerId": null, "localAmount": 91, "localCurrency": "USD"}, {"chainId": "12899389559207628227", "amount": 140, "createdAt": "2018-09-23T18:24:26+00:00", "shoeSize": "10", "productId": null, "skuUuid": "cf434541-d030-4049-a5e1-c0e3687d5dc2", "state": "480", "customerId": null, "localAmount": 140, "localCurrency": "USD"}, {"chainId": "12855456397117257311", "amount": 90, "createdAt": "2018-09-23T03:19:27+00:00", "shoeSize": "12", "productId": null, "skuUuid": "eab49734-3683-418b-8868-603993b89109", "state": "480", "customerId": null, "localAmount": 90, "localCurrency": "USD"}, {"chainId": "12891916920455525390", "amount": 155, "createdAt": "2018-09-13T10:57:41+00:00", "shoeSize": "11", "productId": null, "skuUuid": "112ac3ba-f7e0-41e0-966d-fd2e7d953f02", "state": "480", "customerId": null, "localAmount": 155, "localCurrency": "USD"}, {"chainId": "12842280918260740625", "amount": 75, "createdAt": "2018-07-20T21:06:39+00:00", "shoeSize": "13", "productId": null, "skuUuid": "590c3b3c-b4b8-47bc-a720-152f9984456d", "state": "480", "customerId": null, "localAmount": 75, "localCurrency": "USD"}, {"chainId": "12802526649076671113", "amount": 200, "createdAt": "2018-06-19T16:14:32+00:00", "shoeSize": "11", "productId": null, "skuUuid": "112ac3ba-f7e0-41e0-966d-fd2e7d953f02", "state": "480", "customerId": null, "localAmount": 200, "localCurrency": "USD"}, {"chainId": "12822770738402608883", "amount": 103, "createdAt": "2018-06-18T21:00:19+00:00", "shoeSize": "10.5", "productId": null, "skuUuid": "4c7b366b-3ef6-4898-8a71-0e8f654c4e99", "state": "480", "customerId": null, "localAmount": 103, "localCurrency": "USD"}, {"chainId": "12802240380995101248", "amount": 175, "createdAt": "2018-05-12T17:32:35+00:00", "shoeSize": "10.5", "productId": null, "skuUuid": "4c7b366b-3ef6-4898-8a71-0e8f654c4e99", "state": "480", "customerId": null, "localAmount": 175, "localCurrency": "USD"}]