[{"chainId": "12938526054014379284", "amount": 65, "createdAt": "2019-01-18T18:46:48+00:00", "shoeSize": "1.5", "productId": null, "skuUuid": "e200f6ab-cb17-4cdd-bc88-90e22dedb19b", "state": "480", "customerId": null, "localAmount": 65, "localCurrency": "USD"}, {"chainId": "12938526189079402585", "amount": 45, "createdAt": "2019-01-11T13:50:14+00:00", "shoeSize": "2", "productId": null, "skuUuid": "7d49db5e-5ea5-48fb-99a0-1a932fdaf8e9", "state": "480", "customerId": null, "localAmount": 45, "localCurrency": "USD"}, {"chainId": "12929233173040887530", "amount": 60, "createdAt": "2019-01-10T20:02:39+00:00", "shoeSize": "2.5", "productId": null, "skuUuid": "39fb0fa9-da1a-4bca-8494-0d5ff1b94b18", "state": "480", "customerId": null, "localAmount": 60, "localCurrency": "USD"}, {"chainId": "12973249739820037722", "amount": 50, "createdAt": "2019-01-07T14:43:55+00:00", "shoeSize": "3", "productId": null, "skuUuid": "05782c94-893e-41f2-98c8-dc3fbbab0c99", "state": "480", "customerId": null, "localAmount": 50, "localCurrency": "USD"}, {"chainId": "12938525453564270401", "amount": 50, "createdAt": "2019-01-05T06:53:58+00:00", "shoeSize": "12", "productId": null, "skuUuid": "8a35915f-7456-453f-8c4b-bd19821f84ae", "state": "480", "customerId": null, "localAmount": 50, "localCurrency": "USD"}, {"chainId": "12971829996911993408", "amount": 50, "createdAt": "2019-01-03T15:22:24+00:00", "shoeSize": "3", "productId": null, "skuUuid": "05782c94-893e-41f2-98c8-dc3fbbab0c99", "state": "480", "customerId": null, "localAmount": 50, "localCurrency": "USD"}, {"chainId": "12938525797289303334", "amount": 45, "createdAt": "2018-12-26T02:48:00+00:00", "shoeSize": "13.5", "productId": null, "skuUuid": "2f4187f0-9d0e-4f6b-a432-0239ccaca38e", "state": "480", "customerId": null, "localAmount": 45, "localCurrency": "USD"}, {"chainId": "12908851838454232660", "amount": 68, "createdAt": "2018-12-14T02:46:26+00:00", "shoeSize": "2.5", "productId": null, "skuUuid": "39fb0fa9-da1a-4bca-8494-0d5ff1b94b18", "state": "480", "customerId": null, "localAmount": 68, "localCurrency": "USD"}, {"chainId": "12930328809366477182", "amount": 50, "createdAt": "2018-11-22T20:43:44+00:00", "shoeSize": "3", "productId": null, "skuUuid": "05782c94-893e-41f2-98c8-dc3fbbab0c99", "state": "480", "customerId": null, "localAmount": 50, "localCurrency": "USD"}, {"chainId": "12908851706291178266", "amount": 40, "createdAt": "2018-11-20T09:11:44+00:00", "shoeSize": "2", "productId": null, "skuUuid": "7d49db5e-5ea5-48fb-99a0-1a932fdaf8e9", "state": "480", "customerId": null, "localAmount": 40, "localCurrency": "USD"}, {"chainId": "12937672255260603846", "amount": 40, "createdAt": "2018-11-15T14:05:19+00:00", "shoeSize": "2.5", "productId": null, "skuUuid": "39fb0fa9-da1a-4bca-8494-0d5ff1b94b18", "state": "480", "customerId": null, "localAmount": 40, "localCurrency": "USD"}, {"chainId": "12929233257806621714", "amount": 45, "createdAt": "2018-11-05T02:41:41+00:00", "shoeSize": "3", "productId": null, "skuUuid": "05782c94-893e-41f2-98c8-dc3fbbab0c99", "state": "480", "customerId": null, "localAmount": 45, "localCurrency": "USD"}, {"chainId": "12930032789481560601", "amount": 45, "createdAt": "2018-11-05T01:07:04+00:00", "shoeSize": "3", "productId": null, "skuUuid": "05782c94-893e-41f2-98c8-dc3fbbab0c99", "state": "480", "customerId": null, "localAmount": 45, "localCurrency": "USD"}, {"chainId": "12929232999744338118", "amount": 50, "createdAt": "2018-11-03T22:38:02+00:00", "shoeSize": "2", "productId": null, "skuUuid": "7d49db5e-5ea5-48fb-99a0-1a932fdaf8e9", "state": "480", "customerId": null, "localAmount": 50, "localCurrency": "USD"}, {"chainId": "12865869547100194114", "amount": 65, "createdAt": "2018-08-17T19:11:16+00:00", "shoeSize": "2", "productId": null, "skuUuid": "7d49db5e-5ea5-48fb-99a0-1a932fdaf8e9", "state": "480", "customerId": null, "localAmount": 65, "localCurrency": "USD"}, {"chainId": "12832672556763646950", "amount": 50, "createdAt": "2018-08-08T09:24:30+00:00", "shoeSize": "1", "productId": null, "skuUuid": "b0e88d6d-f588-45cc-bcae-2ec0709dd673", "state": "480", "customerId": null, "localAmount": 50, "localCurrency": "USD"}, {"chainId": "12850315186617656046", "amount": 55, "createdAt": "2018-08-08T03:54:27+00:00", "shoeSize": "2", "productId": null, "skuUuid": "7d49db5e-5ea5-48fb-99a0-1a932fdaf8e9", "state": "480", "customerId": null, "localAmount": 55, "localCurrency": "USD"}, {"chainId": "12822649426590005167", "amount": 100, "createdAt": "2018-07-06T20:04:08+00:00", "shoeSize": "3", "productId": null, "skuUuid": "05782c94-893e-41f2-98c8-dc3fbbab0c99", "state": "480", "customerId": null, "localAmount": 100, "localCurrency": "USD"}, {"chainId": "12780583053575213128", "amount": 58, "createdAt": "2018-05-30T11:29:49+00:00", "shoeSize": "11.5", "productId": null, "skuUuid": "dbbc7c73-64df-492c-99ec-f4a9f555ad71", "state": "480", "customerId": null, "localAmount": 58, "localCurrency": "USD"}, {"chainId": "12801496936438225597", "amount": 80, "createdAt": "2018-05-28T22:55:58+00:00", "shoeSize": "11", "productId": null, "skuUuid": "67d28eba-613c-482c-b6c6-77efce19f34b", "state": "480", "customerId": null, "localAmount": 80, "localCurrency": "USD"}, {"chainId": "12689336525651063368", "amount": 70, "createdAt": "2018-05-02T15:32:42+00:00", "shoeSize": "12", "productId": null, "skuUuid": "8a35915f-7456-453f-8c4b-bd19821f84ae", "state": "480", "customerId": null, "localAmount": 70, "localCurrency": "USD"}, {"chainId": "12689336774059009725", "amount": 85, "createdAt": "2018-01-12T21:18:58+00:00", "shoeSize": "1", "productId": null, "skuUuid": "b0e88d6d-f588-45cc-bcae-2ec0709dd673", "state": "480", "customerId": null, "localAmount": 85, "localCurrency": "USD"}]