[{"chainId": "12978697668213606055", "amount": 250, "createdAt": "2019-01-13T00:03:04+00:00", "shoeSize": "5.5Y", "productId": null, "skuUuid": "f4ac8908-70bc-4553-b711-005bd8f3b80f", "state": "480", "customerId": null, "localAmount": 250, "localCurrency": "USD"}, {"chainId": "12877827651101596921", "amount": 145, "createdAt": "2019-01-12T22:53:15+00:00", "shoeSize": "6Y", "productId": null, "skuUuid": "ea0e70e0-fdca-4171-9399-5be40451ad07", "state": "480", "customerId": null, "localAmount": 145, "localCurrency": "USD"}, {"chainId": "12964474420021227290", "amount": 136, "createdAt": "2018-12-31T11:42:49+00:00", "shoeSize": "4Y", "productId": null, "skuUuid": "1371e4f7-8a78-4582-8555-4ffae91a3617", "state": "480", "customerId": null, "localAmount": 136, "localCurrency": "USD"}, {"chainId": "12892303645784754796", "amount": 160, "createdAt": "2018-11-19T07:16:04+00:00", "shoeSize": "7Y", "productId": null, "skuUuid": "f2f61ab8-f6d6-47d7-ab06-2c58f3dbcc8a", "state": "480", "customerId": null, "localAmount": 160, "localCurrency": "USD"}, {"chainId": "12927254669703709791", "amount": 136.781, "createdAt": "2018-11-01T15:22:22+00:00", "shoeSize": "6Y", "productId": null, "skuUuid": "ea0e70e0-fdca-4171-9399-5be40451ad07", "state": "480", "customerId": null, "localAmount": 137, "localCurrency": "USD"}, {"chainId": "12910290625189601950", "amount": 152, "createdAt": "2018-10-08T19:22:59+00:00", "shoeSize": "5.5Y", "productId": null, "skuUuid": "f4ac8908-70bc-4553-b711-005bd8f3b80f", "state": "480", "customerId": null, "localAmount": 152, "localCurrency": "USD"}, {"chainId": "12898261900234277157", "amount": 175, "createdAt": "2018-09-22T21:04:56+00:00", "shoeSize": "6.5Y", "productId": null, "skuUuid": "74659182-998a-4bff-b2d1-c280ad75df46", "state": "480", "customerId": null, "localAmount": 175, "localCurrency": "USD"}, {"chainId": "12871783907176698987", "amount": 160, "createdAt": "2018-09-14T02:26:30+00:00", "shoeSize": "6Y", "productId": null, "skuUuid": "ea0e70e0-fdca-4171-9399-5be40451ad07", "state": "480", "customerId": null, "localAmount": 160, "localCurrency": "USD"}, {"chainId": "12882963292797966792", "amount": 140, "createdAt": "2018-09-01T02:28:23+00:00", "shoeSize": "7Y", "productId": null, "skuUuid": "f2f61ab8-f6d6-47d7-ab06-2c58f3dbcc8a", "state": "480", "customerId": null, "localAmount": 140, "localCurrency": "USD"}, {"chainId": "12867039117841136391", "amount": 150, "createdAt": "2018-08-15T18:05:00+00:00", "shoeSize": "6Y", "productId": null, "skuUuid": "ea0e70e0-fdca-4171-9399-5be40451ad07", "state": "480", "customerId": null, "localAmount": 150, "localCurrency": "USD"}, {"chainId": "12865674753418471963", "amount": 150, "createdAt": "2018-08-10T16:59:58+00:00", "shoeSize": "7Y", "productId": null, "skuUuid": "f2f61ab8-f6d6-47d7-ab06-2c58f3dbcc8a", "state": "480", "customerId": null, "localAmount": 150, "localCurrency": "USD"}, {"chainId": "12863421159069713761", "amount": 120, "createdAt": "2018-08-10T11:53:49+00:00", "shoeSize": "5Y", "productId": null, "skuUuid": "12fcaf21-7505-4b06-8658-bcb9132a442d", "state": "480", "customerId": null, "localAmount": 120, "localCurrency": "USD"}, {"chainId": "12856138591399390330", "amount": 100, "createdAt": "2018-07-26T20:09:09+00:00", "shoeSize": "4.5Y", "productId": null, "skuUuid": "eceb4596-7521-4c14-9b1a-2f77c0804b0f", "state": "480", "customerId": null, "localAmount": 100, "localCurrency": "USD"}, {"chainId": "12848183544389541078", "amount": 150, "createdAt": "2018-07-15T04:35:23+00:00", "shoeSize": "5.5Y", "productId": null, "skuUuid": "f4ac8908-70bc-4553-b711-005bd8f3b80f", "state": "480", "customerId": null, "localAmount": 150, "localCurrency": "USD"}]