[{"chainId": "12501840974715250399", "amount": 1000, "createdAt": "2019-01-14T20:51:42+00:00", "shoeSize": "9.5", "productId": null, "skuUuid": "fe1c1ec8-892a-494c-8807-07b4f207790a", "state": "480", "customerId": null, "localAmount": 1000, "localCurrency": "USD"}, {"chainId": "12974478277629528023", "amount": 850, "createdAt": "2019-01-05T23:07:48+00:00", "shoeSize": "9", "productId": null, "skuUuid": "bf4ed9a1-90df-4673-b2e0-9f5681086b7c", "state": "480", "customerId": null, "localAmount": 850, "localCurrency": "USD"}, {"chainId": "12971142023472283748", "amount": 700, "createdAt": "2019-01-04T12:22:00+00:00", "shoeSize": "10", "productId": null, "skuUuid": "dbd54415-48e0-464c-ba2e-d2e3d0c1aa65", "state": "480", "customerId": null, "localAmount": 700, "localCurrency": "USD"}, {"chainId": "12864275479524772682", "amount": 675, "createdAt": "2018-12-21T21:12:44+00:00", "shoeSize": "9.5", "productId": null, "skuUuid": "fe1c1ec8-892a-494c-8807-07b4f207790a", "state": "480", "customerId": null, "localAmount": 675, "localCurrency": "USD"}, {"chainId": "12712893506008871808", "amount": 1000.4878, "createdAt": "2018-12-08T19:28:48+00:00", "shoeSize": "11.5", "productId": null, "skuUuid": "8c000bed-4469-40df-8dd7-bdea2f1d0beb", "state": "480", "customerId": null, "localAmount": 1001, "localCurrency": "USD"}, {"chainId": "12780017367308507329", "amount": 900, "createdAt": "2018-12-02T23:06:23+00:00", "shoeSize": "10", "productId": null, "skuUuid": "dbd54415-48e0-464c-ba2e-d2e3d0c1aa65", "state": "480", "customerId": null, "localAmount": 900, "localCurrency": "USD"}, {"chainId": "12884397036403273993", "amount": 900, "createdAt": "2018-10-22T12:18:38+00:00", "shoeSize": "11.5", "productId": null, "skuUuid": "8c000bed-4469-40df-8dd7-bdea2f1d0beb", "state": "480", "customerId": null, "localAmount": 900, "localCurrency": "USD"}, {"chainId": "12210174203799708916", "amount": 800, "createdAt": "2018-09-22T19:52:49+00:00", "shoeSize": "11", "productId": null, "skuUuid": "25a3b777-86ad-4f32-8d4b-354162e7e7f9", "state": "480", "customerId": null, "localAmount": 800, "localCurrency": "USD"}, {"chainId": "12693470211367660506", "amount": 675, "createdAt": "2018-09-10T17:15:22+00:00", "shoeSize": "13", "productId": null, "skuUuid": "bb88224f-e628-4ff8-bf64-ffa9651c7bc6", "state": "480", "customerId": null, "localAmount": 675, "localCurrency": "USD"}, {"chainId": "12876055611612659735", "amount": 750, "createdAt": "2018-09-06T18:09:04+00:00", "shoeSize": "11", "productId": null, "skuUuid": "25a3b777-86ad-4f32-8d4b-354162e7e7f9", "state": "480", "customerId": null, "localAmount": 750, "localCurrency": "USD"}, {"chainId": "12784290973054092502", "amount": 705, "createdAt": "2018-08-23T04:17:32+00:00", "shoeSize": "10", "productId": null, "skuUuid": "dbd54415-48e0-464c-ba2e-d2e3d0c1aa65", "state": "480", "customerId": null, "localAmount": 705, "localCurrency": "USD"}, {"chainId": "12845944713433009546", "amount": 820, "createdAt": "2018-08-02T06:03:52+00:00", "shoeSize": "11", "productId": null, "skuUuid": "25a3b777-86ad-4f32-8d4b-354162e7e7f9", "state": "480", "customerId": null, "localAmount": 820, "localCurrency": "USD"}, {"chainId": "12215413408212087548", "amount": 425, "createdAt": "2018-05-21T17:19:47+00:00", "shoeSize": "10.5", "productId": null, "skuUuid": "2260ca39-e55a-43c9-b02f-f3611218b281", "state": "480", "customerId": null, "localAmount": 425, "localCurrency": "USD"}, {"chainId": "12775396626357658998", "amount": 920, "createdAt": "2018-04-05T16:57:25+00:00", "shoeSize": "11", "productId": null, "skuUuid": "25a3b777-86ad-4f32-8d4b-354162e7e7f9", "state": "480", "customerId": null, "localAmount": 920, "localCurrency": "USD"}, {"chainId": "12678434420529275638", "amount": 850, "createdAt": "2018-03-06T12:26:17+00:00", "shoeSize": "10", "productId": null, "skuUuid": "dbd54415-48e0-464c-ba2e-d2e3d0c1aa65", "state": "480", "customerId": null, "localAmount": 850, "localCurrency": "USD"}, {"chainId": "12750980040570041307", "amount": 874, "createdAt": "2018-03-04T23:07:45+00:00", "shoeSize": "10", "productId": null, "skuUuid": "dbd54415-48e0-464c-ba2e-d2e3d0c1aa65", "state": "480", "customerId": null, "localAmount": 874, "localCurrency": "USD"}, {"chainId": "12713254680962552007", "amount": 873, "createdAt": "2018-03-03T01:28:43+00:00", "shoeSize": "10", "productId": null, "skuUuid": "dbd54415-48e0-464c-ba2e-d2e3d0c1aa65", "state": "480", "customerId": null, "localAmount": 873, "localCurrency": "USD"}, {"chainId": "12588874208564464261", "amount": 1600, "createdAt": "2018-01-19T05:48:40+00:00", "shoeSize": "8", "productId": null, "skuUuid": "a83f9a37-99d5-4ddb-8ebc-85e89044118d", "state": "480", "customerId": null, "localAmount": 1600, "localCurrency": "USD"}, {"chainId": "12664587344996280826", "amount": 1045, "createdAt": "2017-12-14T21:37:17+00:00", "shoeSize": "10.5", "productId": null, "skuUuid": "2260ca39-e55a-43c9-b02f-f3611218b281", "state": "480", "customerId": null, "localAmount": 1045, "localCurrency": "USD"}, {"chainId": "12682675730770094647", "amount": 600, "createdAt": "2017-11-30T20:08:17+00:00", "shoeSize": "13", "productId": null, "skuUuid": "bb88224f-e628-4ff8-bf64-ffa9651c7bc6", "state": "480", "customerId": null, "localAmount": 600, "localCurrency": "USD"}, {"chainId": "12362339632930677982", "amount": 840, "createdAt": "2017-11-26T19:57:44+00:00", "shoeSize": "10", "productId": null, "skuUuid": "dbd54415-48e0-464c-ba2e-d2e3d0c1aa65", "state": "480", "customerId": null, "localAmount": 840, "localCurrency": "USD"}, {"chainId": "12362339637704658555", "amount": 1020, "createdAt": "2017-10-31T09:35:00+00:00", "shoeSize": "8.5", "productId": null, "skuUuid": "de8b3ff9-b332-43b5-9951-eeb89abb6a7e", "state": "480", "customerId": null, "localAmount": 1020, "localCurrency": "USD"}, {"chainId": "12491936833012693310", "amount": 880, "createdAt": "2017-10-31T07:18:36+00:00", "shoeSize": "11.5", "productId": null, "skuUuid": "8c000bed-4469-40df-8dd7-bdea2f1d0beb", "state": "480", "customerId": null, "localAmount": 880, "localCurrency": "USD"}, {"chainId": "12208271106179919789", "amount": 900, "createdAt": "2017-10-30T23:38:11+00:00", "shoeSize": "11", "productId": null, "skuUuid": "25a3b777-86ad-4f32-8d4b-354162e7e7f9", "state": "480", "customerId": null, "localAmount": 900, "localCurrency": "USD"}, {"chainId": "12226572888342657226", "amount": 1250, "createdAt": "2017-10-24T08:12:42+00:00", "shoeSize": "11.5", "productId": null, "skuUuid": "8c000bed-4469-40df-8dd7-bdea2f1d0beb", "state": "480", "customerId": null, "localAmount": 1250, "localCurrency": "USD"}, {"chainId": "12131053406065776717", "amount": 1515, "createdAt": "2017-09-25T16:54:22+00:00", "shoeSize": "11.5", "productId": null, "skuUuid": "8c000bed-4469-40df-8dd7-bdea2f1d0beb", "state": "480", "customerId": null, "localAmount": 1515, "localCurrency": "USD"}, {"chainId": "12192855732773669207", "amount": 1315, "createdAt": "2017-09-25T14:51:30+00:00", "shoeSize": "11", "productId": null, "skuUuid": "25a3b777-86ad-4f32-8d4b-354162e7e7f9", "state": "480", "customerId": null, "localAmount": 1315, "localCurrency": "USD"}, {"chainId": "12131053405762411809", "amount": 1515, "createdAt": "2017-09-22T14:04:12+00:00", "shoeSize": "14", "productId": null, "skuUuid": "3ee81f6b-9dd6-4c07-bdac-241eda4a0b7a", "state": "480", "customerId": null, "localAmount": 1515, "localCurrency": "USD"}, {"chainId": "12622295186043814152", "amount": 1250, "createdAt": "2017-09-05T16:45:05+00:00", "shoeSize": "9", "productId": null, "skuUuid": "bf4ed9a1-90df-4673-b2e0-9f5681086b7c", "state": "480", "customerId": null, "localAmount": 1250, "localCurrency": "USD"}, {"chainId": "12589677057759862886", "amount": 1250, "createdAt": "2017-07-22T15:14:57+00:00", "shoeSize": "11", "productId": null, "skuUuid": "25a3b777-86ad-4f32-8d4b-354162e7e7f9", "state": "480", "customerId": null, "localAmount": 1250, "localCurrency": "USD"}, {"chainId": "12585450730262110052", "amount": 1300, "createdAt": "2017-07-17T00:47:50+00:00", "shoeSize": "11", "productId": null, "skuUuid": "25a3b777-86ad-4f32-8d4b-354162e7e7f9", "state": "480", "customerId": null, "localAmount": 1300, "localCurrency": "USD"}, {"chainId": "12556899007265476349", "amount": 900, "createdAt": "2017-07-04T04:22:42+00:00", "shoeSize": "8", "productId": null, "skuUuid": "a83f9a37-99d5-4ddb-8ebc-85e89044118d", "state": "480", "customerId": null, "localAmount": 900, "localCurrency": "USD"}, {"chainId": "12532910170855453919", "amount": 1542, "createdAt": "2017-07-03T13:53:58+00:00", "shoeSize": "8", "productId": null, "skuUuid": "a83f9a37-99d5-4ddb-8ebc-85e89044118d", "state": "480", "customerId": null, "localAmount": 1542, "localCurrency": "USD"}, {"chainId": "12362339636368749352", "amount": 1250, "createdAt": "2017-05-05T20:40:34+00:00", "shoeSize": "17", "productId": null, "skuUuid": "4f4087c5-f6ed-4a02-83e6-1f6f6e3de45e", "state": "480", "customerId": null, "localAmount": 1250, "localCurrency": "USD"}, {"chainId": "12362339635218744636", "amount": 900, "createdAt": "2017-05-04T14:05:58+00:00", "shoeSize": "11.5", "productId": null, "skuUuid": "8c000bed-4469-40df-8dd7-bdea2f1d0beb", "state": "480", "customerId": null, "localAmount": 900, "localCurrency": "USD"}, {"chainId": "12140459636898074962", "amount": 1266, "createdAt": "2017-04-30T22:11:06+00:00", "shoeSize": "10", "productId": null, "skuUuid": "dbd54415-48e0-464c-ba2e-d2e3d0c1aa65", "state": "480", "customerId": null, "localAmount": 1266, "localCurrency": "USD"}, {"chainId": "12510087891898486330", "amount": 1250, "createdAt": "2017-04-03T18:14:31+00:00", "shoeSize": "9", "productId": null, "skuUuid": "bf4ed9a1-90df-4673-b2e0-9f5681086b7c", "state": "480", "customerId": null, "localAmount": 1250, "localCurrency": "USD"}, {"chainId": "12503177425644475071", "amount": 1234, "createdAt": "2017-04-03T16:16:58+00:00", "shoeSize": "9", "productId": null, "skuUuid": "bf4ed9a1-90df-4673-b2e0-9f5681086b7c", "state": "480", "customerId": null, "localAmount": 1234, "localCurrency": "USD"}, {"chainId": "12362339634068759295", "amount": 1500, "createdAt": "2017-04-01T18:53:49+00:00", "shoeSize": "11", "productId": null, "skuUuid": "25a3b777-86ad-4f32-8d4b-354162e7e7f9", "state": "480", "customerId": null, "localAmount": 1500, "localCurrency": "USD"}, {"chainId": "12322581881830127308", "amount": 1750, "createdAt": "2017-03-28T17:42:36+00:00", "shoeSize": "11.5", "productId": null, "skuUuid": "8c000bed-4469-40df-8dd7-bdea2f1d0beb", "state": "480", "customerId": null, "localAmount": 1750, "localCurrency": "USD"}, {"chainId": "12502354363187096227", "amount": 360, "createdAt": "2017-03-28T15:46:14+00:00", "shoeSize": "9", "productId": null, "skuUuid": "bf4ed9a1-90df-4673-b2e0-9f5681086b7c", "state": "480", "customerId": null, "localAmount": 360, "localCurrency": "USD"}, {"chainId": "12322581882855493523", "amount": 1500, "createdAt": "2017-03-27T18:18:55+00:00", "shoeSize": "13", "productId": null, "skuUuid": "bb88224f-e628-4ff8-bf64-ffa9651c7bc6", "state": "480", "customerId": null, "localAmount": 1500, "localCurrency": "USD"}, {"chainId": "12502587819914994455", "amount": 1250, "createdAt": "2017-03-24T18:21:13+00:00", "shoeSize": "8", "productId": null, "skuUuid": "a83f9a37-99d5-4ddb-8ebc-85e89044118d", "state": "480", "customerId": null, "localAmount": 1250, "localCurrency": "USD"}, {"chainId": "12226572887369222342", "amount": 2000, "createdAt": "2017-03-04T13:58:17+00:00", "shoeSize": "10.5", "productId": null, "skuUuid": "2260ca39-e55a-43c9-b02f-f3611218b281", "state": "480", "customerId": null, "localAmount": 2000, "localCurrency": "USD"}, {"chainId": "12328477052794841793", "amount": 1000, "createdAt": "2017-02-26T07:42:32+00:00", "shoeSize": "10.5", "productId": null, "skuUuid": "2260ca39-e55a-43c9-b02f-f3611218b281", "state": "480", "customerId": null, "localAmount": 1000, "localCurrency": "USD"}, {"chainId": "12438481658777188442", "amount": 900, "createdAt": "2017-02-22T01:12:58+00:00", "shoeSize": "11", "productId": null, "skuUuid": "25a3b777-86ad-4f32-8d4b-354162e7e7f9", "state": "480", "customerId": null, "localAmount": 900, "localCurrency": "USD"}, {"chainId": "12474084438600489526", "amount": 1250, "createdAt": "2017-02-13T09:21:47+00:00", "shoeSize": "12", "productId": null, "skuUuid": "3d5f1a9a-e196-4a94-9b4c-d70081b0888c", "state": "480", "customerId": null, "localAmount": 1250, "localCurrency": "USD"}, {"chainId": "12225926329485796591", "amount": 960, "createdAt": "2017-01-08T05:29:54+00:00", "shoeSize": "11", "productId": null, "skuUuid": "25a3b777-86ad-4f32-8d4b-354162e7e7f9", "state": "480", "customerId": null, "localAmount": 960, "localCurrency": "USD"}, {"chainId": "12198773177199719841", "amount": 1593, "createdAt": "2016-12-28T20:56:34+00:00", "shoeSize": "10.5", "productId": null, "skuUuid": "2260ca39-e55a-43c9-b02f-f3611218b281", "state": "480", "customerId": null, "localAmount": 1593, "localCurrency": "USD"}, {"chainId": "12425644559644819572", "amount": 1365, "createdAt": "2016-12-28T12:29:07+00:00", "shoeSize": "9", "productId": null, "skuUuid": "bf4ed9a1-90df-4673-b2e0-9f5681086b7c", "state": "480", "customerId": null, "localAmount": 1365, "localCurrency": "USD"}, {"chainId": "12421533527593272184", "amount": 1250, "createdAt": "2016-12-17T16:08:07+00:00", "shoeSize": "9.5", "productId": null, "skuUuid": "fe1c1ec8-892a-494c-8807-07b4f207790a", "state": "480", "customerId": null, "localAmount": 1250, "localCurrency": "USD"}, {"chainId": "12425882174940135227", "amount": 750, "createdAt": "2016-12-08T16:26:04+00:00", "shoeSize": "9.5", "productId": null, "skuUuid": "fe1c1ec8-892a-494c-8807-07b4f207790a", "state": "480", "customerId": null, "localAmount": 750, "localCurrency": "USD"}, {"chainId": "12375350921994736736", "amount": 1259, "createdAt": "2016-09-30T17:33:11+00:00", "shoeSize": "10", "productId": null, "skuUuid": "dbd54415-48e0-464c-ba2e-d2e3d0c1aa65", "state": "480", "customerId": null, "localAmount": 1259, "localCurrency": "USD"}, {"chainId": "12322581883792846311", "amount": 1500, "createdAt": "2016-09-24T16:19:37+00:00", "shoeSize": "9.5", "productId": null, "skuUuid": "fe1c1ec8-892a-494c-8807-07b4f207790a", "state": "480", "customerId": null, "localAmount": 1500, "localCurrency": "USD"}, {"chainId": "12322581881970384022", "amount": 1500, "createdAt": "2016-08-31T16:24:51+00:00", "shoeSize": "11.5", "productId": null, "skuUuid": "8c000bed-4469-40df-8dd7-bdea2f1d0beb", "state": "480", "customerId": null, "localAmount": 1500, "localCurrency": "USD"}, {"chainId": "12250855227332994643", "amount": 1500, "createdAt": "2016-08-23T00:30:13+00:00", "shoeSize": "11", "productId": null, "skuUuid": "25a3b777-86ad-4f32-8d4b-354162e7e7f9", "state": "480", "customerId": null, "localAmount": 1500, "localCurrency": "USD"}, {"chainId": "12226572886238866686", "amount": 1000, "createdAt": "2016-07-17T18:27:21+00:00", "shoeSize": "10", "productId": null, "skuUuid": "dbd54415-48e0-464c-ba2e-d2e3d0c1aa65", "state": "480", "customerId": null, "localAmount": 1000, "localCurrency": "USD"}, {"chainId": "12226572889328451872", "amount": 1500, "createdAt": "2016-06-04T13:38:45+00:00", "shoeSize": "9.5", "productId": null, "skuUuid": "fe1c1ec8-892a-494c-8807-07b4f207790a", "state": "480", "customerId": null, "localAmount": 1500, "localCurrency": "USD"}, {"chainId": "12274684525075262730", "amount": 1250, "createdAt": "2016-05-14T07:37:12+00:00", "shoeSize": "11", "productId": null, "skuUuid": "25a3b777-86ad-4f32-8d4b-354162e7e7f9", "state": "480", "customerId": null, "localAmount": 1250, "localCurrency": "USD"}, {"chainId": "12272678898677442345", "amount": 1186, "createdAt": "2016-05-11T04:51:24+00:00", "shoeSize": "9.5", "productId": null, "skuUuid": "fe1c1ec8-892a-494c-8807-07b4f207790a", "state": "480", "customerId": null, "localAmount": 1186, "localCurrency": "USD"}, {"chainId": "12205160740295804956", "amount": 1100, "createdAt": "2016-04-14T03:53:37+00:00", "shoeSize": "10.5", "productId": null, "skuUuid": "2260ca39-e55a-43c9-b02f-f3611218b281", "state": "480", "customerId": null, "localAmount": 1100, "localCurrency": "USD"}, {"chainId": "12140459636598828593", "amount": 1416, "createdAt": "2016-03-09T09:06:30+00:00", "shoeSize": "10", "productId": null, "skuUuid": "dbd54415-48e0-464c-ba2e-d2e3d0c1aa65", "state": "480", "customerId": null, "localAmount": 1416, "localCurrency": "USD"}, {"chainId": "12182594029390212708", "amount": 1750, "createdAt": "2016-02-18T04:57:29+00:00", "shoeSize": "13", "productId": null, "skuUuid": "bb88224f-e628-4ff8-bf64-ffa9651c7bc6", "state": "480", "customerId": null, "localAmount": 1750, "localCurrency": "USD"}, {"chainId": "12203243458874020787", "amount": 1500, "createdAt": "2016-02-06T00:20:57+00:00", "shoeSize": "10", "productId": null, "skuUuid": "dbd54415-48e0-464c-ba2e-d2e3d0c1aa65", "state": "480", "customerId": null, "localAmount": 1500, "localCurrency": "USD"}, {"chainId": "12166642234865714342", "amount": 1512, "createdAt": "2016-01-22T21:01:53+00:00", "shoeSize": "12", "productId": null, "skuUuid": "3d5f1a9a-e196-4a94-9b4c-d70081b0888c", "state": "480", "customerId": null, "localAmount": 1512, "localCurrency": "USD"}, {"chainId": "12131053428825999131", "amount": 1200, "createdAt": "2015-11-19T20:06:13+00:00", "shoeSize": "8.5", "productId": null, "skuUuid": "de8b3ff9-b332-43b5-9951-eeb89abb6a7e", "state": "480", "customerId": null, "localAmount": 1200, "localCurrency": "USD"}, {"chainId": "12143403402006710783", "amount": 1215, "createdAt": "2015-11-19T04:03:45+00:00", "shoeSize": "9.5", "productId": null, "skuUuid": "fe1c1ec8-892a-494c-8807-07b4f207790a", "state": "480", "customerId": null, "localAmount": 1215, "localCurrency": "USD"}, {"chainId": "12131053428129540838", "amount": 1500, "createdAt": "2015-09-04T16:02:20+00:00", "shoeSize": "10", "productId": null, "skuUuid": "dbd54415-48e0-464c-ba2e-d2e3d0c1aa65", "state": "480", "customerId": null, "localAmount": 1500, "localCurrency": "USD"}, {"chainId": "12131053429147264858", "amount": 1500, "createdAt": "2015-08-31T00:03:03+00:00", "shoeSize": "9", "productId": null, "skuUuid": "bf4ed9a1-90df-4673-b2e0-9f5681086b7c", "state": "480", "customerId": null, "localAmount": 1500, "localCurrency": "USD"}, {"chainId": "12131053427852506712", "amount": 1400, "createdAt": "2015-07-25T16:04:16+00:00", "shoeSize": "10", "productId": null, "skuUuid": "dbd54415-48e0-464c-ba2e-d2e3d0c1aa65", "state": "480", "customerId": null, "localAmount": 1400, "localCurrency": "USD"}, {"chainId": "12131053427983452383", "amount": 1250, "createdAt": "2015-07-16T20:01:43+00:00", "shoeSize": "10", "productId": null, "skuUuid": "dbd54415-48e0-464c-ba2e-d2e3d0c1aa65", "state": "480", "customerId": null, "localAmount": 1250, "localCurrency": "USD"}, {"chainId": "12131053428622866183", "amount": 1300, "createdAt": "2015-06-23T12:00:38+00:00", "shoeSize": "14", "productId": null, "skuUuid": "3ee81f6b-9dd6-4c07-bdac-241eda4a0b7a", "state": "480", "customerId": null, "localAmount": 1300, "localCurrency": "USD"}, {"chainId": "12131053428481732312", "amount": 1500, "createdAt": "2015-06-18T20:31:19+00:00", "shoeSize": "13", "productId": null, "skuUuid": "bb88224f-e628-4ff8-bf64-ffa9651c7bc6", "state": "480", "customerId": null, "localAmount": 1500, "localCurrency": "USD"}, {"chainId": "12131053428295983841", "amount": 1500, "createdAt": "2015-06-17T16:29:06+00:00", "shoeSize": "10.5", "productId": null, "skuUuid": "2260ca39-e55a-43c9-b02f-f3611218b281", "state": "480", "customerId": null, "localAmount": 1500, "localCurrency": "USD"}, {"chainId": "12140459637201292673", "amount": 1316, "createdAt": "2015-05-28T16:06:30+00:00", "shoeSize": "9.5", "productId": null, "skuUuid": "fe1c1ec8-892a-494c-8807-07b4f207790a", "state": "480", "customerId": null, "localAmount": 1316, "localCurrency": "USD"}, {"chainId": "12141377265873094070", "amount": 750, "createdAt": "2012-12-17T00:27:56+00:00", "shoeSize": "10", "productId": null, "skuUuid": "dbd54415-48e0-464c-ba2e-d2e3d0c1aa65", "state": "480", "customerId": null, "localAmount": 750, "localCurrency": "USD"}, {"chainId": "12141374373552452581", "amount": 660, "createdAt": "2012-11-06T01:11:55+00:00", "shoeSize": "11", "productId": null, "skuUuid": "25a3b777-86ad-4f32-8d4b-354162e7e7f9", "state": "480", "customerId": null, "localAmount": 660, "localCurrency": "USD"}]