[{"chainId": "12973378456814442209", "amount": 72, "createdAt": "2019-01-14T14:28:16+00:00", "shoeSize": "7Y", "productId": null, "skuUuid": "62479b44-0b1e-4bf2-aeb0-cbbd1f176222", "state": "480", "customerId": null, "localAmount": 72, "localCurrency": "USD"}, {"chainId": "12958301948719671463", "amount": 115, "createdAt": "2018-12-18T04:14:00+00:00", "shoeSize": "7Y", "productId": null, "skuUuid": "62479b44-0b1e-4bf2-aeb0-cbbd1f176222", "state": "480", "customerId": null, "localAmount": 115, "localCurrency": "USD"}, {"chainId": "12958829611771687518", "amount": 134, "createdAt": "2018-12-17T21:48:04+00:00", "shoeSize": "6.5Y", "productId": null, "skuUuid": "3accdf3b-6a8d-4264-880d-ee137310dcfd", "state": "480", "customerId": null, "localAmount": 134, "localCurrency": "USD"}, {"chainId": "12950321114971087205", "amount": 135, "createdAt": "2018-12-16T02:24:02+00:00", "shoeSize": "5.5Y", "productId": null, "skuUuid": "03637a80-ac5a-4ba6-9904-8d429f0d6d42", "state": "480", "customerId": null, "localAmount": 135, "localCurrency": "USD"}, {"chainId": "12958937110773880626", "amount": 100, "createdAt": "2018-12-14T22:14:48+00:00", "shoeSize": "6.5Y", "productId": null, "skuUuid": "3accdf3b-6a8d-4264-880d-ee137310dcfd", "state": "480", "customerId": null, "localAmount": 100, "localCurrency": "USD"}, {"chainId": "12951000436263937976", "amount": 130, "createdAt": "2018-12-14T17:53:50+00:00", "shoeSize": "6.5Y", "productId": null, "skuUuid": "3accdf3b-6a8d-4264-880d-ee137310dcfd", "state": "480", "customerId": null, "localAmount": 130, "localCurrency": "USD"}, {"chainId": "12951000293284128191", "amount": 130, "createdAt": "2018-12-11T08:49:41+00:00", "shoeSize": "5.5Y", "productId": null, "skuUuid": "03637a80-ac5a-4ba6-9904-8d429f0d6d42", "state": "480", "customerId": null, "localAmount": 130, "localCurrency": "USD"}, {"chainId": "12935095590607607086", "amount": 120, "createdAt": "2018-12-08T19:56:29+00:00", "shoeSize": "4Y", "productId": null, "skuUuid": "e6d1b5d6-ebc1-44d8-a775-1455f696933a", "state": "480", "customerId": null, "localAmount": 120, "localCurrency": "USD"}, {"chainId": "12922632880501398459", "amount": 140, "createdAt": "2018-12-02T17:09:01+00:00", "shoeSize": "5.5Y", "productId": null, "skuUuid": "03637a80-ac5a-4ba6-9904-8d429f0d6d42", "state": "480", "customerId": null, "localAmount": 140, "localCurrency": "USD"}, {"chainId": "12949299305056699740", "amount": 130, "createdAt": "2018-12-01T15:06:11+00:00", "shoeSize": "7Y", "productId": null, "skuUuid": "62479b44-0b1e-4bf2-aeb0-cbbd1f176222", "state": "480", "customerId": null, "localAmount": 130, "localCurrency": "USD"}, {"chainId": "12949299027332135547", "amount": 120, "createdAt": "2018-12-01T15:05:38+00:00", "shoeSize": "5.5Y", "productId": null, "skuUuid": "03637a80-ac5a-4ba6-9904-8d429f0d6d42", "state": "480", "customerId": null, "localAmount": 120, "localCurrency": "USD"}, {"chainId": "12940757109533034256", "amount": 150, "createdAt": "2018-11-27T08:05:05+00:00", "shoeSize": "7Y", "productId": null, "skuUuid": "62479b44-0b1e-4bf2-aeb0-cbbd1f176222", "state": "480", "customerId": null, "localAmount": 150, "localCurrency": "USD"}, {"chainId": "12935779238673836926", "amount": 95, "createdAt": "2018-11-18T05:15:17+00:00", "shoeSize": "4.5Y", "productId": null, "skuUuid": "a2bc127f-9f65-42ea-8f94-e4864cd10513", "state": "480", "customerId": null, "localAmount": 95, "localCurrency": "USD"}, {"chainId": "12922633101941950514", "amount": 119, "createdAt": "2018-11-03T11:42:03+00:00", "shoeSize": "4.5Y", "productId": null, "skuUuid": "a2bc127f-9f65-42ea-8f94-e4864cd10513", "state": "480", "customerId": null, "localAmount": 119, "localCurrency": "USD"}, {"chainId": "12911366140124496018", "amount": 155, "createdAt": "2018-11-01T16:21:26+00:00", "shoeSize": "5Y", "productId": null, "skuUuid": "e23b994d-01f6-4768-b47f-768d72fe3f27", "state": "480", "customerId": null, "localAmount": 155, "localCurrency": "USD"}, {"chainId": "12922595751767476004", "amount": 90, "createdAt": "2018-11-01T00:55:26+00:00", "shoeSize": "5Y", "productId": null, "skuUuid": "e23b994d-01f6-4768-b47f-768d72fe3f27", "state": "480", "customerId": null, "localAmount": 90, "localCurrency": "USD"}, {"chainId": "12921954381526085073", "amount": 90, "createdAt": "2018-10-24T21:36:42+00:00", "shoeSize": "5Y", "productId": null, "skuUuid": "e23b994d-01f6-4768-b47f-768d72fe3f27", "state": "480", "customerId": null, "localAmount": 90, "localCurrency": "USD"}, {"chainId": "12916757327769657668", "amount": 90, "createdAt": "2018-10-22T18:02:44+00:00", "shoeSize": "5Y", "productId": null, "skuUuid": "e23b994d-01f6-4768-b47f-768d72fe3f27", "state": "480", "customerId": null, "localAmount": 90, "localCurrency": "USD"}, {"chainId": "12888697629812413692", "amount": 97, "createdAt": "2018-09-19T14:17:55+00:00", "shoeSize": "7Y", "productId": null, "skuUuid": "62479b44-0b1e-4bf2-aeb0-cbbd1f176222", "state": "480", "customerId": null, "localAmount": 97, "localCurrency": "USD"}, {"chainId": "12819732771304587634", "amount": 95, "createdAt": "2018-09-17T12:51:27+00:00", "shoeSize": "5Y", "productId": null, "skuUuid": "e23b994d-01f6-4768-b47f-768d72fe3f27", "state": "480", "customerId": null, "localAmount": 95, "localCurrency": "USD"}, {"chainId": "12888850264079060611", "amount": 93, "createdAt": "2018-09-09T05:24:45+00:00", "shoeSize": "9.5Y", "productId": null, "skuUuid": "a746a8f0-7b8b-40f3-8b5d-90ceb6c5a2d2", "state": "480", "customerId": null, "localAmount": 93, "localCurrency": "USD"}, {"chainId": "12888081292711752951", "amount": 100, "createdAt": "2018-09-09T04:37:52+00:00", "shoeSize": "9Y", "productId": null, "skuUuid": "da4835c6-4bbd-4abd-9d31-9d9c89a01c95", "state": "480", "customerId": null, "localAmount": 100, "localCurrency": "USD"}, {"chainId": "12888826211799004597", "amount": 94, "createdAt": "2018-09-09T04:36:57+00:00", "shoeSize": "9.5Y", "productId": null, "skuUuid": "a746a8f0-7b8b-40f3-8b5d-90ceb6c5a2d2", "state": "480", "customerId": null, "localAmount": 94, "localCurrency": "USD"}, {"chainId": "12887987989720403367", "amount": 93, "createdAt": "2018-09-08T00:51:34+00:00", "shoeSize": "8Y", "productId": null, "skuUuid": "3b3a81aa-2239-46a4-8b9f-2ef3f84884e9", "state": "480", "customerId": null, "localAmount": 93, "localCurrency": "USD"}, {"chainId": "12887987168541951542", "amount": 100, "createdAt": "2018-09-08T00:49:57+00:00", "shoeSize": "9Y", "productId": null, "skuUuid": "da4835c6-4bbd-4abd-9d31-9d9c89a01c95", "state": "480", "customerId": null, "localAmount": 100, "localCurrency": "USD"}, {"chainId": "12882225994222578218", "amount": 150, "createdAt": "2018-09-01T01:55:57+00:00", "shoeSize": "9Y", "productId": null, "skuUuid": "da4835c6-4bbd-4abd-9d31-9d9c89a01c95", "state": "480", "customerId": null, "localAmount": 150, "localCurrency": "USD"}, {"chainId": "12861908737791920982", "amount": 78, "createdAt": "2018-08-28T02:44:44+00:00", "shoeSize": "4.5Y", "productId": null, "skuUuid": "a2bc127f-9f65-42ea-8f94-e4864cd10513", "state": "480", "customerId": null, "localAmount": 78, "localCurrency": "USD"}, {"chainId": "12877575449594609884", "amount": 110, "createdAt": "2018-08-24T19:50:13+00:00", "shoeSize": "6Y", "productId": null, "skuUuid": "af9b7c79-d293-4cf4-abc8-5282e612e7b6", "state": "480", "customerId": null, "localAmount": 110, "localCurrency": "USD"}, {"chainId": "12871976217877372337", "amount": 95, "createdAt": "2018-08-17T06:22:37+00:00", "shoeSize": "7Y", "productId": null, "skuUuid": "62479b44-0b1e-4bf2-aeb0-cbbd1f176222", "state": "480", "customerId": null, "localAmount": 95, "localCurrency": "USD"}, {"chainId": "12783874238854398596", "amount": 125, "createdAt": "2018-08-16T21:46:12+00:00", "shoeSize": "6.5Y", "productId": null, "skuUuid": "3accdf3b-6a8d-4264-880d-ee137310dcfd", "state": "480", "customerId": null, "localAmount": 125, "localCurrency": "USD"}, {"chainId": "12819733778324839230", "amount": 105, "createdAt": "2018-08-14T14:42:55+00:00", "shoeSize": "4.5Y", "productId": null, "skuUuid": "a2bc127f-9f65-42ea-8f94-e4864cd10513", "state": "480", "customerId": null, "localAmount": 105, "localCurrency": "USD"}, {"chainId": "12864890982932808512", "amount": 110, "createdAt": "2018-08-14T05:32:22+00:00", "shoeSize": "6.5Y", "productId": null, "skuUuid": "3accdf3b-6a8d-4264-880d-ee137310dcfd", "state": "480", "customerId": null, "localAmount": 110, "localCurrency": "USD"}, {"chainId": "12857451483653809660", "amount": 135, "createdAt": "2018-08-10T18:43:36+00:00", "shoeSize": "7Y", "productId": null, "skuUuid": "62479b44-0b1e-4bf2-aeb0-cbbd1f176222", "state": "480", "customerId": null, "localAmount": 135, "localCurrency": "USD"}, {"chainId": "12866483942357558638", "amount": 111, "createdAt": "2018-08-09T08:46:53+00:00", "shoeSize": "9Y", "productId": null, "skuUuid": "da4835c6-4bbd-4abd-9d31-9d9c89a01c95", "state": "480", "customerId": null, "localAmount": 111, "localCurrency": "USD"}, {"chainId": "12851979102258482598", "amount": 150, "createdAt": "2018-07-28T16:54:48+00:00", "shoeSize": "8Y", "productId": null, "skuUuid": "3b3a81aa-2239-46a4-8b9f-2ef3f84884e9", "state": "480", "customerId": null, "localAmount": 150, "localCurrency": "USD"}, {"chainId": "12855527714153990431", "amount": 135, "createdAt": "2018-07-27T20:42:18+00:00", "shoeSize": "7Y", "productId": null, "skuUuid": "62479b44-0b1e-4bf2-aeb0-cbbd1f176222", "state": "480", "customerId": null, "localAmount": 135, "localCurrency": "USD"}, {"chainId": "12819887344963983452", "amount": 120, "createdAt": "2018-07-18T17:35:58+00:00", "shoeSize": "5.5Y", "productId": null, "skuUuid": "03637a80-ac5a-4ba6-9904-8d429f0d6d42", "state": "480", "customerId": null, "localAmount": 120, "localCurrency": "USD"}, {"chainId": "12841296566296286288", "amount": 76, "createdAt": "2018-07-15T20:08:53+00:00", "shoeSize": "6Y", "productId": null, "skuUuid": "af9b7c79-d293-4cf4-abc8-5282e612e7b6", "state": "480", "customerId": null, "localAmount": 76, "localCurrency": "USD"}, {"chainId": "12675658598332099124", "amount": 122, "createdAt": "2018-07-10T14:16:25+00:00", "shoeSize": "8Y", "productId": null, "skuUuid": "3b3a81aa-2239-46a4-8b9f-2ef3f84884e9", "state": "480", "customerId": null, "localAmount": 122, "localCurrency": "USD"}, {"chainId": "12841295329655607821", "amount": 85, "createdAt": "2018-07-08T19:28:54+00:00", "shoeSize": "8Y", "productId": null, "skuUuid": "3b3a81aa-2239-46a4-8b9f-2ef3f84884e9", "state": "480", "customerId": null, "localAmount": 85, "localCurrency": "USD"}, {"chainId": "12782708222318245152", "amount": 76, "createdAt": "2018-07-08T00:56:27+00:00", "shoeSize": "4.5Y", "productId": null, "skuUuid": "a2bc127f-9f65-42ea-8f94-e4864cd10513", "state": "480", "customerId": null, "localAmount": 76, "localCurrency": "USD"}, {"chainId": "12719254338991298753", "amount": 174, "createdAt": "2018-06-27T17:44:31+00:00", "shoeSize": "9.5Y", "productId": null, "skuUuid": "a746a8f0-7b8b-40f3-8b5d-90ceb6c5a2d2", "state": "480", "customerId": null, "localAmount": 174, "localCurrency": "USD"}, {"chainId": "12808826695406597498", "amount": 150, "createdAt": "2018-06-26T23:39:02+00:00", "shoeSize": "7.5Y", "productId": null, "skuUuid": "0dd28a98-06be-409c-8322-ceb89769fdb5", "state": "480", "customerId": null, "localAmount": 150, "localCurrency": "USD"}, {"chainId": "12820656956551506913", "amount": 135, "createdAt": "2018-06-07T03:16:51+00:00", "shoeSize": "9.5Y", "productId": null, "skuUuid": "a746a8f0-7b8b-40f3-8b5d-90ceb6c5a2d2", "state": "480", "customerId": null, "localAmount": 135, "localCurrency": "USD"}, {"chainId": "12812997778176618829", "amount": 140, "createdAt": "2018-05-31T03:32:32+00:00", "shoeSize": "9.5Y", "productId": null, "skuUuid": "a746a8f0-7b8b-40f3-8b5d-90ceb6c5a2d2", "state": "480", "customerId": null, "localAmount": 140, "localCurrency": "USD"}, {"chainId": "12800309676780277058", "amount": 114, "createdAt": "2018-05-10T19:27:34+00:00", "shoeSize": "4Y", "productId": null, "skuUuid": "e6d1b5d6-ebc1-44d8-a775-1455f696933a", "state": "480", "customerId": null, "localAmount": 114, "localCurrency": "USD"}, {"chainId": "12766156029385414445", "amount": 136, "createdAt": "2018-05-02T15:18:26+00:00", "shoeSize": "5.5Y", "productId": null, "skuUuid": "03637a80-ac5a-4ba6-9904-8d429f0d6d42", "state": "480", "customerId": null, "localAmount": 136, "localCurrency": "USD"}, {"chainId": "12789924326911556995", "amount": 135, "createdAt": "2018-04-25T17:36:35+00:00", "shoeSize": "9.5Y", "productId": null, "skuUuid": "a746a8f0-7b8b-40f3-8b5d-90ceb6c5a2d2", "state": "480", "customerId": null, "localAmount": 135, "localCurrency": "USD"}, {"chainId": "12749721806872731393", "amount": 173, "createdAt": "2018-04-23T22:58:29+00:00", "shoeSize": "9.5Y", "productId": null, "skuUuid": "a746a8f0-7b8b-40f3-8b5d-90ceb6c5a2d2", "state": "480", "customerId": null, "localAmount": 173, "localCurrency": "USD"}, {"chainId": "12783816521233302000", "amount": 110, "createdAt": "2018-04-17T09:59:39+00:00", "shoeSize": "9Y", "productId": null, "skuUuid": "da4835c6-4bbd-4abd-9d31-9d9c89a01c95", "state": "480", "customerId": null, "localAmount": 110, "localCurrency": "USD"}, {"chainId": "12782815089982158201", "amount": 140, "createdAt": "2018-04-15T22:11:47+00:00", "shoeSize": "9.5Y", "productId": null, "skuUuid": "a746a8f0-7b8b-40f3-8b5d-90ceb6c5a2d2", "state": "480", "customerId": null, "localAmount": 140, "localCurrency": "USD"}, {"chainId": "12719864371160930072", "amount": 105, "createdAt": "2018-03-15T16:44:48+00:00", "shoeSize": "7Y", "productId": null, "skuUuid": "62479b44-0b1e-4bf2-aeb0-cbbd1f176222", "state": "480", "customerId": null, "localAmount": 105, "localCurrency": "USD"}, {"chainId": "12745170736329659617", "amount": 100, "createdAt": "2018-03-13T17:07:21+00:00", "shoeSize": "5Y", "productId": null, "skuUuid": "e23b994d-01f6-4768-b47f-768d72fe3f27", "state": "480", "customerId": null, "localAmount": 100, "localCurrency": "USD"}, {"chainId": "12719863953305243150", "amount": 105, "createdAt": "2018-03-12T05:30:35+00:00", "shoeSize": "6Y", "productId": null, "skuUuid": "af9b7c79-d293-4cf4-abc8-5282e612e7b6", "state": "480", "customerId": null, "localAmount": 105, "localCurrency": "USD"}, {"chainId": "12745170580283667105", "amount": 100, "createdAt": "2018-02-27T22:50:13+00:00", "shoeSize": "5.5Y", "productId": null, "skuUuid": "03637a80-ac5a-4ba6-9904-8d429f0d6d42", "state": "480", "customerId": null, "localAmount": 100, "localCurrency": "USD"}, {"chainId": "12719864179676943590", "amount": 105, "createdAt": "2018-02-15T20:00:47+00:00", "shoeSize": "6.5Y", "productId": null, "skuUuid": "3accdf3b-6a8d-4264-880d-ee137310dcfd", "state": "480", "customerId": null, "localAmount": 105, "localCurrency": "USD"}, {"chainId": "12721243196363297586", "amount": 130, "createdAt": "2018-02-13T13:49:32+00:00", "shoeSize": "8.5Y", "productId": null, "skuUuid": "38012d8c-2534-4a70-b9ad-8b42c28b50cf", "state": "480", "customerId": null, "localAmount": 130, "localCurrency": "USD"}, {"chainId": "12675524485965957845", "amount": 115, "createdAt": "2017-12-28T13:50:42+00:00", "shoeSize": "4Y", "productId": null, "skuUuid": "e6d1b5d6-ebc1-44d8-a775-1455f696933a", "state": "480", "customerId": null, "localAmount": 115, "localCurrency": "USD"}, {"chainId": "12614621817088913420", "amount": 105, "createdAt": "2017-12-15T01:10:35+00:00", "shoeSize": "7Y", "productId": null, "skuUuid": "62479b44-0b1e-4bf2-aeb0-cbbd1f176222", "state": "480", "customerId": null, "localAmount": 105, "localCurrency": "USD"}, {"chainId": "12647779978757348915", "amount": 125, "createdAt": "2017-12-13T07:37:31+00:00", "shoeSize": "9.5Y", "productId": null, "skuUuid": "a746a8f0-7b8b-40f3-8b5d-90ceb6c5a2d2", "state": "480", "customerId": null, "localAmount": 125, "localCurrency": "USD"}, {"chainId": "12663376780983150818", "amount": 125, "createdAt": "2017-12-10T18:32:10+00:00", "shoeSize": "9Y", "productId": null, "skuUuid": "da4835c6-4bbd-4abd-9d31-9d9c89a01c95", "state": "480", "customerId": null, "localAmount": 125, "localCurrency": "USD"}, {"chainId": "12614621645234713977", "amount": 105, "createdAt": "2017-12-07T21:34:37+00:00", "shoeSize": "6.5Y", "productId": null, "skuUuid": "3accdf3b-6a8d-4264-880d-ee137310dcfd", "state": "480", "customerId": null, "localAmount": 105, "localCurrency": "USD"}, {"chainId": "12662509133572072285", "amount": 76, "createdAt": "2017-11-01T17:24:17+00:00", "shoeSize": "5.5Y", "productId": null, "skuUuid": "03637a80-ac5a-4ba6-9904-8d429f0d6d42", "state": "480", "customerId": null, "localAmount": 76, "localCurrency": "USD"}, {"chainId": "12614621342913802231", "amount": 105, "createdAt": "2017-10-16T14:59:26+00:00", "shoeSize": "6Y", "productId": null, "skuUuid": "af9b7c79-d293-4cf4-abc8-5282e612e7b6", "state": "480", "customerId": null, "localAmount": 105, "localCurrency": "USD"}, {"chainId": "12624789878016086551", "amount": 80, "createdAt": "2017-10-06T08:17:10+00:00", "shoeSize": "5.5Y", "productId": null, "skuUuid": "03637a80-ac5a-4ba6-9904-8d429f0d6d42", "state": "480", "customerId": null, "localAmount": 80, "localCurrency": "USD"}, {"chainId": "12624788944572898221", "amount": 100, "createdAt": "2017-09-15T04:01:56+00:00", "shoeSize": "4.5Y", "productId": null, "skuUuid": "a2bc127f-9f65-42ea-8f94-e4864cd10513", "state": "480", "customerId": null, "localAmount": 100, "localCurrency": "USD"}, {"chainId": "12618461759855521700", "amount": 180, "createdAt": "2017-09-11T09:58:05+00:00", "shoeSize": "9.5Y", "productId": null, "skuUuid": "a746a8f0-7b8b-40f3-8b5d-90ceb6c5a2d2", "state": "480", "customerId": null, "localAmount": 180, "localCurrency": "USD"}, {"chainId": "12624789075276732594", "amount": 100, "createdAt": "2017-09-10T17:01:27+00:00", "shoeSize": "5Y", "productId": null, "skuUuid": "e23b994d-01f6-4768-b47f-768d72fe3f27", "state": "480", "customerId": null, "localAmount": 100, "localCurrency": "USD"}, {"chainId": "12624789288124778444", "amount": 100, "createdAt": "2017-09-10T07:29:00+00:00", "shoeSize": "6Y", "productId": null, "skuUuid": "af9b7c79-d293-4cf4-abc8-5282e612e7b6", "state": "480", "customerId": null, "localAmount": 100, "localCurrency": "USD"}, {"chainId": "12624789744844785019", "amount": 86, "createdAt": "2017-09-09T21:23:37+00:00", "shoeSize": "5.5Y", "productId": null, "skuUuid": "03637a80-ac5a-4ba6-9904-8d429f0d6d42", "state": "480", "customerId": null, "localAmount": 86, "localCurrency": "USD"}, {"chainId": "12619741152291538132", "amount": 86, "createdAt": "2017-09-07T19:46:24+00:00", "shoeSize": "4.5Y", "productId": null, "skuUuid": "a2bc127f-9f65-42ea-8f94-e4864cd10513", "state": "480", "customerId": null, "localAmount": 86, "localCurrency": "USD"}, {"chainId": "12619741320208782693", "amount": 86, "createdAt": "2017-09-07T19:46:09+00:00", "shoeSize": "5Y", "productId": null, "skuUuid": "e23b994d-01f6-4768-b47f-768d72fe3f27", "state": "480", "customerId": null, "localAmount": 86, "localCurrency": "USD"}, {"chainId": "12619741905143587024", "amount": 86, "createdAt": "2017-09-07T19:45:56+00:00", "shoeSize": "7Y", "productId": null, "skuUuid": "62479b44-0b1e-4bf2-aeb0-cbbd1f176222", "state": "480", "customerId": null, "localAmount": 86, "localCurrency": "USD"}, {"chainId": "12619741692028168987", "amount": 86, "createdAt": "2017-09-07T19:44:10+00:00", "shoeSize": "6Y", "productId": null, "skuUuid": "af9b7c79-d293-4cf4-abc8-5282e612e7b6", "state": "480", "customerId": null, "localAmount": 86, "localCurrency": "USD"}, {"chainId": "12619741484443904672", "amount": 100, "createdAt": "2017-09-03T22:14:28+00:00", "shoeSize": "5.5Y", "productId": null, "skuUuid": "03637a80-ac5a-4ba6-9904-8d429f0d6d42", "state": "480", "customerId": null, "localAmount": 100, "localCurrency": "USD"}, {"chainId": "12612500246414380417", "amount": 160, "createdAt": "2017-09-03T20:07:06+00:00", "shoeSize": "9.5Y", "productId": null, "skuUuid": "a746a8f0-7b8b-40f3-8b5d-90ceb6c5a2d2", "state": "480", "customerId": null, "localAmount": 160, "localCurrency": "USD"}, {"chainId": "12612500075228659393", "amount": 113, "createdAt": "2017-09-03T14:36:15+00:00", "shoeSize": "9.5Y", "productId": null, "skuUuid": "a746a8f0-7b8b-40f3-8b5d-90ceb6c5a2d2", "state": "480", "customerId": null, "localAmount": 113, "localCurrency": "USD"}, {"chainId": "12619667510082562524", "amount": 100, "createdAt": "2017-09-02T19:46:39+00:00", "shoeSize": "7.5Y", "productId": null, "skuUuid": "0dd28a98-06be-409c-8322-ceb89769fdb5", "state": "480", "customerId": null, "localAmount": 100, "localCurrency": "USD"}, {"chainId": "12619667347157108234", "amount": 100, "createdAt": "2017-09-02T19:46:22+00:00", "shoeSize": "7Y", "productId": null, "skuUuid": "62479b44-0b1e-4bf2-aeb0-cbbd1f176222", "state": "480", "customerId": null, "localAmount": 100, "localCurrency": "USD"}, {"chainId": "12617542482973414945", "amount": 110, "createdAt": "2017-08-30T21:24:36+00:00", "shoeSize": "6.5Y", "productId": null, "skuUuid": "3accdf3b-6a8d-4264-880d-ee137310dcfd", "state": "480", "customerId": null, "localAmount": 110, "localCurrency": "USD"}, {"chainId": "12608126329593278169", "amount": 150, "createdAt": "2017-08-23T19:38:33+00:00", "shoeSize": "6.5Y", "productId": null, "skuUuid": "3accdf3b-6a8d-4264-880d-ee137310dcfd", "state": "480", "customerId": null, "localAmount": 150, "localCurrency": "USD"}]