[{"chainId": "12131057862008062143", "amount": 275, "createdAt": "2015-05-30T04:02:44+00:00", "shoeSize": "10", "productId": null, "skuUuid": "aa75a9e3-fc6c-478f-befa-4d8c64cda90a", "state": "480", "customerId": null, "localAmount": 275, "localCurrency": "USD"}, {"chainId": "12131057865197176132", "amount": 300, "createdAt": "2015-05-29T20:23:03+00:00", "shoeSize": "10.5", "productId": null, "skuUuid": "1093e280-227f-4044-9bea-8b7f49108177", "state": "480", "customerId": null, "localAmount": 300, "localCurrency": "USD"}, {"chainId": "12131057892330687171", "amount": 275, "createdAt": "2015-05-28T00:26:30+00:00", "shoeSize": "8", "productId": null, "skuUuid": "4c2c8c0b-5eae-4eaf-ac27-fb4f282226af", "state": "480", "customerId": null, "localAmount": 275, "localCurrency": "USD"}, {"chainId": "12139998090549111573", "amount": 293, "createdAt": "2015-05-26T13:37:08+00:00", "shoeSize": "9.5", "productId": null, "skuUuid": "4a6abb68-02d5-476f-bc79-5ca1b25505a6", "state": "480", "customerId": null, "localAmount": 293, "localCurrency": "USD"}, {"chainId": "12139998098148083643", "amount": 250, "createdAt": "2015-05-25T04:06:39+00:00", "shoeSize": "10", "productId": null, "skuUuid": "aa75a9e3-fc6c-478f-befa-4d8c64cda90a", "state": "480", "customerId": null, "localAmount": 250, "localCurrency": "USD"}, {"chainId": "12140006671478192869", "amount": 250, "createdAt": "2015-05-08T20:19:59+00:00", "shoeSize": "11", "productId": null, "skuUuid": "c83dc5e5-5421-4217-b063-da86cefa35cf", "state": "480", "customerId": null, "localAmount": 250, "localCurrency": "USD"}, {"chainId": "12140006154976549460", "amount": 269, "createdAt": "2015-05-08T16:52:46+00:00", "shoeSize": "9.5", "productId": null, "skuUuid": "4a6abb68-02d5-476f-bc79-5ca1b25505a6", "state": "480", "customerId": null, "localAmount": 269, "localCurrency": "USD"}, {"chainId": "12140177719321974266", "amount": 166, "createdAt": "2015-05-07T03:28:03+00:00", "shoeSize": "9", "productId": null, "skuUuid": "2a07b0cc-5320-4cc7-bf2e-8140905e6eb0", "state": "480", "customerId": null, "localAmount": 166, "localCurrency": "USD"}, {"chainId": "12139995104455677658", "amount": 273, "createdAt": "2015-04-27T03:06:07+00:00", "shoeSize": "10", "productId": null, "skuUuid": "aa75a9e3-fc6c-478f-befa-4d8c64cda90a", "state": "480", "customerId": null, "localAmount": 273, "localCurrency": "USD"}, {"chainId": "12140006130594533635", "amount": 314, "createdAt": "2015-04-25T14:42:14+00:00", "shoeSize": "9.5", "productId": null, "skuUuid": "4a6abb68-02d5-476f-bc79-5ca1b25505a6", "state": "480", "customerId": null, "localAmount": 314, "localCurrency": "USD"}, {"chainId": "12140001232897727709", "amount": 255, "createdAt": "2015-04-21T06:15:53+00:00", "shoeSize": "13", "productId": null, "skuUuid": "508f3f20-93a5-4a36-9d56-031f89cd0da3", "state": "480", "customerId": null, "localAmount": 255, "localCurrency": "USD"}, {"chainId": "12140011173954159361", "amount": 300, "createdAt": "2015-04-21T01:37:38+00:00", "shoeSize": "10.5", "productId": null, "skuUuid": "1093e280-227f-4044-9bea-8b7f49108177", "state": "480", "customerId": null, "localAmount": 300, "localCurrency": "USD"}, {"chainId": "12140012141964248446", "amount": 250, "createdAt": "2015-04-20T16:07:05+00:00", "shoeSize": "11", "productId": null, "skuUuid": "c83dc5e5-5421-4217-b063-da86cefa35cf", "state": "480", "customerId": null, "localAmount": 250, "localCurrency": "USD"}, {"chainId": "12139995713794084537", "amount": 258, "createdAt": "2015-04-17T07:07:50+00:00", "shoeSize": "13", "productId": null, "skuUuid": "508f3f20-93a5-4a36-9d56-031f89cd0da3", "state": "480", "customerId": null, "localAmount": 258, "localCurrency": "USD"}, {"chainId": "12139997560673980789", "amount": 300, "createdAt": "2015-04-16T03:49:40+00:00", "shoeSize": "13", "productId": null, "skuUuid": "508f3f20-93a5-4a36-9d56-031f89cd0da3", "state": "480", "customerId": null, "localAmount": 300, "localCurrency": "USD"}, {"chainId": "12140004761274970163", "amount": 340, "createdAt": "2015-04-15T11:40:35+00:00", "shoeSize": "13", "productId": null, "skuUuid": "508f3f20-93a5-4a36-9d56-031f89cd0da3", "state": "480", "customerId": null, "localAmount": 340, "localCurrency": "USD"}, {"chainId": "12139998076885976621", "amount": 190, "createdAt": "2015-04-15T03:47:42+00:00", "shoeSize": "8", "productId": null, "skuUuid": "4c2c8c0b-5eae-4eaf-ac27-fb4f282226af", "state": "480", "customerId": null, "localAmount": 190, "localCurrency": "USD"}, {"chainId": "12139996090569244392", "amount": 280, "createdAt": "2015-04-12T06:38:00+00:00", "shoeSize": "9.5", "productId": null, "skuUuid": "4a6abb68-02d5-476f-bc79-5ca1b25505a6", "state": "480", "customerId": null, "localAmount": 280, "localCurrency": "USD"}, {"chainId": "12139998590663961311", "amount": 268, "createdAt": "2015-04-10T19:58:56+00:00", "shoeSize": "9.5", "productId": null, "skuUuid": "4a6abb68-02d5-476f-bc79-5ca1b25505a6", "state": "480", "customerId": null, "localAmount": 268, "localCurrency": "USD"}, {"chainId": "12140004761072955273", "amount": 300, "createdAt": "2015-04-09T18:46:00+00:00", "shoeSize": "10", "productId": null, "skuUuid": "aa75a9e3-fc6c-478f-befa-4d8c64cda90a", "state": "480", "customerId": null, "localAmount": 300, "localCurrency": "USD"}, {"chainId": "12139995113030092727", "amount": 209, "createdAt": "2015-04-06T20:17:12+00:00", "shoeSize": "11", "productId": null, "skuUuid": "c83dc5e5-5421-4217-b063-da86cefa35cf", "state": "480", "customerId": null, "localAmount": 209, "localCurrency": "USD"}, {"chainId": "12140006007086455240", "amount": 290, "createdAt": "2015-04-06T19:05:10+00:00", "shoeSize": "11", "productId": null, "skuUuid": "c83dc5e5-5421-4217-b063-da86cefa35cf", "state": "480", "customerId": null, "localAmount": 290, "localCurrency": "USD"}, {"chainId": "12140005425914612699", "amount": 300, "createdAt": "2015-04-04T07:48:58+00:00", "shoeSize": "9.5", "productId": null, "skuUuid": "4a6abb68-02d5-476f-bc79-5ca1b25505a6", "state": "480", "customerId": null, "localAmount": 300, "localCurrency": "USD"}, {"chainId": "12139995109377027915", "amount": 270, "createdAt": "2015-03-30T03:11:36+00:00", "shoeSize": "11", "productId": null, "skuUuid": "c83dc5e5-5421-4217-b063-da86cefa35cf", "state": "480", "customerId": null, "localAmount": 270, "localCurrency": "USD"}, {"chainId": "12140007278366275392", "amount": 290, "createdAt": "2015-03-28T21:44:07+00:00", "shoeSize": "9", "productId": null, "skuUuid": "2a07b0cc-5320-4cc7-bf2e-8140905e6eb0", "state": "480", "customerId": null, "localAmount": 290, "localCurrency": "USD"}, {"chainId": "12140007284296242582", "amount": 279, "createdAt": "2015-03-27T05:02:02+00:00", "shoeSize": "9", "productId": null, "skuUuid": "2a07b0cc-5320-4cc7-bf2e-8140905e6eb0", "state": "480", "customerId": null, "localAmount": 279, "localCurrency": "USD"}, {"chainId": "12139998060272167872", "amount": 268, "createdAt": "2015-03-23T10:18:52+00:00", "shoeSize": "9.5", "productId": null, "skuUuid": "4a6abb68-02d5-476f-bc79-5ca1b25505a6", "state": "480", "customerId": null, "localAmount": 268, "localCurrency": "USD"}, {"chainId": "12140007668770716541", "amount": 245, "createdAt": "2015-03-20T07:08:32+00:00", "shoeSize": "11", "productId": null, "skuUuid": "c83dc5e5-5421-4217-b063-da86cefa35cf", "state": "480", "customerId": null, "localAmount": 245, "localCurrency": "USD"}, {"chainId": "12140011169417265510", "amount": 280, "createdAt": "2015-03-20T01:55:33+00:00", "shoeSize": "14", "productId": null, "skuUuid": "45987152-3159-41b4-8774-a88b6ad710a9", "state": "480", "customerId": null, "localAmount": 280, "localCurrency": "USD"}, {"chainId": "12139997083790496617", "amount": 300, "createdAt": "2015-03-17T06:38:40+00:00", "shoeSize": "13", "productId": null, "skuUuid": "508f3f20-93a5-4a36-9d56-031f89cd0da3", "state": "480", "customerId": null, "localAmount": 300, "localCurrency": "USD"}, {"chainId": "12140177101048271478", "amount": 349, "createdAt": "2015-03-16T05:15:06+00:00", "shoeSize": "13", "productId": null, "skuUuid": "508f3f20-93a5-4a36-9d56-031f89cd0da3", "state": "480", "customerId": null, "localAmount": 349, "localCurrency": "USD"}, {"chainId": "12139995102667959380", "amount": 227, "createdAt": "2015-03-16T02:00:10+00:00", "shoeSize": "11", "productId": null, "skuUuid": "c83dc5e5-5421-4217-b063-da86cefa35cf", "state": "480", "customerId": null, "localAmount": 227, "localCurrency": "USD"}, {"chainId": "12139996511213163709", "amount": 280, "createdAt": "2015-03-13T16:58:21+00:00", "shoeSize": "9.5", "productId": null, "skuUuid": "4a6abb68-02d5-476f-bc79-5ca1b25505a6", "state": "480", "customerId": null, "localAmount": 280, "localCurrency": "USD"}, {"chainId": "12140007284496715561", "amount": 279, "createdAt": "2015-03-12T04:29:54+00:00", "shoeSize": "10.5", "productId": null, "skuUuid": "1093e280-227f-4044-9bea-8b7f49108177", "state": "480", "customerId": null, "localAmount": 279, "localCurrency": "USD"}, {"chainId": "12140004321734672000", "amount": 270, "createdAt": "2015-03-11T20:31:57+00:00", "shoeSize": "10.5", "productId": null, "skuUuid": "1093e280-227f-4044-9bea-8b7f49108177", "state": "480", "customerId": null, "localAmount": 270, "localCurrency": "USD"}, {"chainId": "12140005423474347233", "amount": 200, "createdAt": "2015-03-11T03:38:54+00:00", "shoeSize": "10.5", "productId": null, "skuUuid": "1093e280-227f-4044-9bea-8b7f49108177", "state": "480", "customerId": null, "localAmount": 200, "localCurrency": "USD"}, {"chainId": "12140007627003672366", "amount": 295, "createdAt": "2015-03-10T11:45:19+00:00", "shoeSize": "9.5", "productId": null, "skuUuid": "4a6abb68-02d5-476f-bc79-5ca1b25505a6", "state": "480", "customerId": null, "localAmount": 295, "localCurrency": "USD"}, {"chainId": "12140012470738514465", "amount": 300, "createdAt": "2015-03-07T14:41:25+00:00", "shoeSize": "10", "productId": null, "skuUuid": "aa75a9e3-fc6c-478f-befa-4d8c64cda90a", "state": "480", "customerId": null, "localAmount": 300, "localCurrency": "USD"}, {"chainId": "12140004737850543731", "amount": 340, "createdAt": "2015-03-06T19:24:26+00:00", "shoeSize": "14", "productId": null, "skuUuid": "45987152-3159-41b4-8774-a88b6ad710a9", "state": "480", "customerId": null, "localAmount": 340, "localCurrency": "USD"}, {"chainId": "12139995662481240731", "amount": 273, "createdAt": "2015-03-02T04:16:14+00:00", "shoeSize": "10", "productId": null, "skuUuid": "aa75a9e3-fc6c-478f-befa-4d8c64cda90a", "state": "480", "customerId": null, "localAmount": 273, "localCurrency": "USD"}, {"chainId": "12140011093603819908", "amount": 285, "createdAt": "2015-02-27T21:40:08+00:00", "shoeSize": "12", "productId": null, "skuUuid": "8ca953bc-186d-4bd6-b9be-c7b6de118c0e", "state": "480", "customerId": null, "localAmount": 285, "localCurrency": "USD"}, {"chainId": "12139997551197540734", "amount": 250, "createdAt": "2015-02-27T16:18:16+00:00", "shoeSize": "10", "productId": null, "skuUuid": "aa75a9e3-fc6c-478f-befa-4d8c64cda90a", "state": "480", "customerId": null, "localAmount": 250, "localCurrency": "USD"}, {"chainId": "12140006115937371912", "amount": 250, "createdAt": "2015-02-27T13:23:50+00:00", "shoeSize": "9", "productId": null, "skuUuid": "2a07b0cc-5320-4cc7-bf2e-8140905e6eb0", "state": "480", "customerId": null, "localAmount": 250, "localCurrency": "USD"}, {"chainId": "12139996149819267546", "amount": 248, "createdAt": "2015-02-27T06:10:02+00:00", "shoeSize": "9", "productId": null, "skuUuid": "2a07b0cc-5320-4cc7-bf2e-8140905e6eb0", "state": "480", "customerId": null, "localAmount": 248, "localCurrency": "USD"}, {"chainId": "12140011166916267979", "amount": 280, "createdAt": "2015-02-26T13:52:24+00:00", "shoeSize": "14", "productId": null, "skuUuid": "45987152-3159-41b4-8774-a88b6ad710a9", "state": "480", "customerId": null, "localAmount": 280, "localCurrency": "USD"}, {"chainId": "12140176132456929772", "amount": 280, "createdAt": "2015-02-26T02:36:43+00:00", "shoeSize": "10", "productId": null, "skuUuid": "aa75a9e3-fc6c-478f-befa-4d8c64cda90a", "state": "480", "customerId": null, "localAmount": 280, "localCurrency": "USD"}, {"chainId": "12140003832272157973", "amount": 269, "createdAt": "2015-02-25T13:07:24+00:00", "shoeSize": "12", "productId": null, "skuUuid": "8ca953bc-186d-4bd6-b9be-c7b6de118c0e", "state": "480", "customerId": null, "localAmount": 269, "localCurrency": "USD"}, {"chainId": "12139998019324688482", "amount": 249, "createdAt": "2015-02-24T03:26:36+00:00", "shoeSize": "8", "productId": null, "skuUuid": "4c2c8c0b-5eae-4eaf-ac27-fb4f282226af", "state": "480", "customerId": null, "localAmount": 249, "localCurrency": "USD"}, {"chainId": "12140011145390381100", "amount": 280, "createdAt": "2015-02-20T23:45:31+00:00", "shoeSize": "12", "productId": null, "skuUuid": "8ca953bc-186d-4bd6-b9be-c7b6de118c0e", "state": "480", "customerId": null, "localAmount": 280, "localCurrency": "USD"}, {"chainId": "12140011990814916147", "amount": 240, "createdAt": "2015-02-19T17:06:09+00:00", "shoeSize": "10.5", "productId": null, "skuUuid": "1093e280-227f-4044-9bea-8b7f49108177", "state": "480", "customerId": null, "localAmount": 240, "localCurrency": "USD"}, {"chainId": "12140011158168542957", "amount": 300, "createdAt": "2015-02-19T04:51:17+00:00", "shoeSize": "10.5", "productId": null, "skuUuid": "1093e280-227f-4044-9bea-8b7f49108177", "state": "480", "customerId": null, "localAmount": 300, "localCurrency": "USD"}, {"chainId": "12140004310341061223", "amount": 240, "createdAt": "2015-02-19T00:45:57+00:00", "shoeSize": "11", "productId": null, "skuUuid": "c83dc5e5-5421-4217-b063-da86cefa35cf", "state": "480", "customerId": null, "localAmount": 240, "localCurrency": "USD"}, {"chainId": "12140010660170934891", "amount": 250, "createdAt": "2015-02-17T23:21:21+00:00", "shoeSize": "9.5", "productId": null, "skuUuid": "4a6abb68-02d5-476f-bc79-5ca1b25505a6", "state": "480", "customerId": null, "localAmount": 250, "localCurrency": "USD"}, {"chainId": "12140006645572636063", "amount": 188, "createdAt": "2015-02-17T21:57:10+00:00", "shoeSize": "8", "productId": null, "skuUuid": "4c2c8c0b-5eae-4eaf-ac27-fb4f282226af", "state": "480", "customerId": null, "localAmount": 188, "localCurrency": "USD"}, {"chainId": "12140004737662197995", "amount": 300, "createdAt": "2015-02-17T15:08:18+00:00", "shoeSize": "9", "productId": null, "skuUuid": "2a07b0cc-5320-4cc7-bf2e-8140905e6eb0", "state": "480", "customerId": null, "localAmount": 300, "localCurrency": "USD"}, {"chainId": "12140001218048828663", "amount": 250, "createdAt": "2015-02-17T01:02:22+00:00", "shoeSize": "10", "productId": null, "skuUuid": "aa75a9e3-fc6c-478f-befa-4d8c64cda90a", "state": "480", "customerId": null, "localAmount": 250, "localCurrency": "USD"}, {"chainId": "12140003836331557753", "amount": 240, "createdAt": "2015-02-16T00:48:38+00:00", "shoeSize": "11", "productId": null, "skuUuid": "c83dc5e5-5421-4217-b063-da86cefa35cf", "state": "480", "customerId": null, "localAmount": 240, "localCurrency": "USD"}, {"chainId": "12140007267128498112", "amount": 260, "createdAt": "2015-02-15T22:43:35+00:00", "shoeSize": "11.5", "productId": null, "skuUuid": "28cc2b4f-4f1f-44ea-8752-798f65bbaf05", "state": "480", "customerId": null, "localAmount": 260, "localCurrency": "USD"}, {"chainId": "12140006102738052664", "amount": 245, "createdAt": "2015-02-13T00:28:22+00:00", "shoeSize": "11", "productId": null, "skuUuid": "c83dc5e5-5421-4217-b063-da86cefa35cf", "state": "480", "customerId": null, "localAmount": 245, "localCurrency": "USD"}, {"chainId": "12140006094987400663", "amount": 250, "createdAt": "2015-02-11T01:21:15+00:00", "shoeSize": "9", "productId": null, "skuUuid": "2a07b0cc-5320-4cc7-bf2e-8140905e6eb0", "state": "480", "customerId": null, "localAmount": 250, "localCurrency": "USD"}, {"chainId": "12140005392227331957", "amount": 245, "createdAt": "2015-02-10T20:50:05+00:00", "shoeSize": "11", "productId": null, "skuUuid": "c83dc5e5-5421-4217-b063-da86cefa35cf", "state": "480", "customerId": null, "localAmount": 245, "localCurrency": "USD"}, {"chainId": "12140001212631578122", "amount": 280, "createdAt": "2015-02-10T07:59:09+00:00", "shoeSize": "9.5", "productId": null, "skuUuid": "4a6abb68-02d5-476f-bc79-5ca1b25505a6", "state": "480", "customerId": null, "localAmount": 280, "localCurrency": "USD"}, {"chainId": "12140006642246294700", "amount": 216, "createdAt": "2015-02-10T03:40:24+00:00", "shoeSize": "10.5", "productId": null, "skuUuid": "1093e280-227f-4044-9bea-8b7f49108177", "state": "480", "customerId": null, "localAmount": 216, "localCurrency": "USD"}, {"chainId": "12140011990617716014", "amount": 240, "createdAt": "2015-02-09T18:03:55+00:00", "shoeSize": "10", "productId": null, "skuUuid": "aa75a9e3-fc6c-478f-befa-4d8c64cda90a", "state": "480", "customerId": null, "localAmount": 240, "localCurrency": "USD"}, {"chainId": "12140003836525469688", "amount": 250, "createdAt": "2015-02-08T13:04:03+00:00", "shoeSize": "13", "productId": null, "skuUuid": "508f3f20-93a5-4a36-9d56-031f89cd0da3", "state": "480", "customerId": null, "localAmount": 250, "localCurrency": "USD"}, {"chainId": "12140003835458281265", "amount": 230, "createdAt": "2015-02-07T21:02:08+00:00", "shoeSize": "10.5", "productId": null, "skuUuid": "1093e280-227f-4044-9bea-8b7f49108177", "state": "480", "customerId": null, "localAmount": 230, "localCurrency": "USD"}, {"chainId": "12140004738069583338", "amount": 280, "createdAt": "2015-02-06T22:32:06+00:00", "shoeSize": "12", "productId": null, "skuUuid": "8ca953bc-186d-4bd6-b9be-c7b6de118c0e", "state": "480", "customerId": null, "localAmount": 280, "localCurrency": "USD"}, {"chainId": "12140005380235248661", "amount": 300, "createdAt": "2015-02-05T21:40:57+00:00", "shoeSize": "11", "productId": null, "skuUuid": "c83dc5e5-5421-4217-b063-da86cefa35cf", "state": "480", "customerId": null, "localAmount": 300, "localCurrency": "USD"}, {"chainId": "12140001213342199037", "amount": 230, "createdAt": "2015-02-05T16:00:03+00:00", "shoeSize": "11", "productId": null, "skuUuid": "c83dc5e5-5421-4217-b063-da86cefa35cf", "state": "480", "customerId": null, "localAmount": 230, "localCurrency": "USD"}, {"chainId": "12140001214140233301", "amount": 230, "createdAt": "2015-02-03T02:31:57+00:00", "shoeSize": "10.5", "productId": null, "skuUuid": "1093e280-227f-4044-9bea-8b7f49108177", "state": "480", "customerId": null, "localAmount": 230, "localCurrency": "USD"}, {"chainId": "12140001213543606340", "amount": 230, "createdAt": "2015-02-02T23:47:35+00:00", "shoeSize": "10.5", "productId": null, "skuUuid": "1093e280-227f-4044-9bea-8b7f49108177", "state": "480", "customerId": null, "localAmount": 230, "localCurrency": "USD"}, {"chainId": "12140006091071347585", "amount": 259, "createdAt": "2015-02-02T20:45:09+00:00", "shoeSize": "9", "productId": null, "skuUuid": "2a07b0cc-5320-4cc7-bf2e-8140905e6eb0", "state": "480", "customerId": null, "localAmount": 259, "localCurrency": "USD"}, {"chainId": "12139995687558113445", "amount": 279, "createdAt": "2015-02-02T04:10:25+00:00", "shoeSize": "11", "productId": null, "skuUuid": "c83dc5e5-5421-4217-b063-da86cefa35cf", "state": "480", "customerId": null, "localAmount": 279, "localCurrency": "USD"}, {"chainId": "12140004712078237899", "amount": 280, "createdAt": "2015-01-28T17:18:27+00:00", "shoeSize": "12", "productId": null, "skuUuid": "8ca953bc-186d-4bd6-b9be-c7b6de118c0e", "state": "480", "customerId": null, "localAmount": 280, "localCurrency": "USD"}, {"chainId": "12140008065308724051", "amount": 250, "createdAt": "2015-01-26T06:43:29+00:00", "shoeSize": "9", "productId": null, "skuUuid": "2a07b0cc-5320-4cc7-bf2e-8140905e6eb0", "state": "480", "customerId": null, "localAmount": 250, "localCurrency": "USD"}, {"chainId": "12140006085208745352", "amount": 239, "createdAt": "2015-01-26T01:23:29+00:00", "shoeSize": "9", "productId": null, "skuUuid": "2a07b0cc-5320-4cc7-bf2e-8140905e6eb0", "state": "480", "customerId": null, "localAmount": 239, "localCurrency": "USD"}, {"chainId": "12140006083379807182", "amount": 239, "createdAt": "2015-01-24T07:22:52+00:00", "shoeSize": "9", "productId": null, "skuUuid": "2a07b0cc-5320-4cc7-bf2e-8140905e6eb0", "state": "480", "customerId": null, "localAmount": 239, "localCurrency": "USD"}, {"chainId": "12140008053829386703", "amount": 250, "createdAt": "2015-01-22T06:28:37+00:00", "shoeSize": "9", "productId": null, "skuUuid": "2a07b0cc-5320-4cc7-bf2e-8140905e6eb0", "state": "480", "customerId": null, "localAmount": 250, "localCurrency": "USD"}, {"chainId": "12139996144596037821", "amount": 210, "createdAt": "2015-01-20T17:00:35+00:00", "shoeSize": "13", "productId": null, "skuUuid": "508f3f20-93a5-4a36-9d56-031f89cd0da3", "state": "480", "customerId": null, "localAmount": 210, "localCurrency": "USD"}, {"chainId": "12140176643126032424", "amount": 213, "createdAt": "2015-01-20T03:35:21+00:00", "shoeSize": "8", "productId": null, "skuUuid": "4c2c8c0b-5eae-4eaf-ac27-fb4f282226af", "state": "480", "customerId": null, "localAmount": 213, "localCurrency": "USD"}, {"chainId": "12139996511014308211", "amount": 280, "createdAt": "2015-01-18T05:18:23+00:00", "shoeSize": "10", "productId": null, "skuUuid": "aa75a9e3-fc6c-478f-befa-4d8c64cda90a", "state": "480", "customerId": null, "localAmount": 280, "localCurrency": "USD"}, {"chainId": "12139995068881718209", "amount": 225, "createdAt": "2015-01-15T06:05:04+00:00", "shoeSize": "9", "productId": null, "skuUuid": "2a07b0cc-5320-4cc7-bf2e-8140905e6eb0", "state": "480", "customerId": null, "localAmount": 225, "localCurrency": "USD"}, {"chainId": "12139995681832055924", "amount": 225, "createdAt": "2015-01-12T20:45:55+00:00", "shoeSize": "9", "productId": null, "skuUuid": "2a07b0cc-5320-4cc7-bf2e-8140905e6eb0", "state": "480", "customerId": null, "localAmount": 225, "localCurrency": "USD"}, {"chainId": "12140007635559325558", "amount": 270, "createdAt": "2015-01-12T12:44:02+00:00", "shoeSize": "14", "productId": null, "skuUuid": "45987152-3159-41b4-8774-a88b6ad710a9", "state": "480", "customerId": null, "localAmount": 270, "localCurrency": "USD"}, {"chainId": "12140004704376758260", "amount": 280, "createdAt": "2015-01-12T04:07:29+00:00", "shoeSize": "12", "productId": null, "skuUuid": "8ca953bc-186d-4bd6-b9be-c7b6de118c0e", "state": "480", "customerId": null, "localAmount": 280, "localCurrency": "USD"}, {"chainId": "12139997986560494341", "amount": 223, "createdAt": "2015-01-12T03:35:45+00:00", "shoeSize": "8", "productId": null, "skuUuid": "4c2c8c0b-5eae-4eaf-ac27-fb4f282226af", "state": "480", "customerId": null, "localAmount": 223, "localCurrency": "USD"}, {"chainId": "12140005343816266957", "amount": 300, "createdAt": "2015-01-12T01:45:20+00:00", "shoeSize": "9.5", "productId": null, "skuUuid": "4a6abb68-02d5-476f-bc79-5ca1b25505a6", "state": "480", "customerId": null, "localAmount": 300, "localCurrency": "USD"}, {"chainId": "12140004706578748000", "amount": 240, "createdAt": "2015-01-08T03:16:15+00:00", "shoeSize": "11", "productId": null, "skuUuid": "c83dc5e5-5421-4217-b063-da86cefa35cf", "state": "480", "customerId": null, "localAmount": 240, "localCurrency": "USD"}, {"chainId": "12140012136909500723", "amount": 239, "createdAt": "2015-01-06T18:02:33+00:00", "shoeSize": "9", "productId": null, "skuUuid": "2a07b0cc-5320-4cc7-bf2e-8140905e6eb0", "state": "480", "customerId": null, "localAmount": 239, "localCurrency": "USD"}, {"chainId": "12140011147503832952", "amount": 300, "createdAt": "2015-01-06T00:30:41+00:00", "shoeSize": "8.5", "productId": null, "skuUuid": "9a9c9905-9391-4241-8d0f-85a75d792dd6", "state": "480", "customerId": null, "localAmount": 300, "localCurrency": "USD"}, {"chainId": "12140012732682300055", "amount": 233, "createdAt": "2015-01-02T03:45:04+00:00", "shoeSize": "8", "productId": null, "skuUuid": "4c2c8c0b-5eae-4eaf-ac27-fb4f282226af", "state": "480", "customerId": null, "localAmount": 233, "localCurrency": "USD"}, {"chainId": "12139995604366480693", "amount": 195, "createdAt": "2014-12-31T18:36:01+00:00", "shoeSize": "6.5", "productId": null, "skuUuid": "a8bb5ea7-3c92-4c0c-a4d5-80bc118f32b2", "state": "480", "customerId": null, "localAmount": 195, "localCurrency": "USD"}, {"chainId": "12139995047484788030", "amount": 165, "createdAt": "2014-12-31T18:19:26+00:00", "shoeSize": "7", "productId": null, "skuUuid": "ac0e02e1-0a19-4853-917e-461e8cc686e3", "state": "480", "customerId": null, "localAmount": 165, "localCurrency": "USD"}, {"chainId": "12140007631101581215", "amount": 230, "createdAt": "2014-12-30T22:11:21+00:00", "shoeSize": "10", "productId": null, "skuUuid": "aa75a9e3-fc6c-478f-befa-4d8c64cda90a", "state": "480", "customerId": null, "localAmount": 230, "localCurrency": "USD"}, {"chainId": "12140008025776599564", "amount": 240, "createdAt": "2014-12-29T19:02:07+00:00", "shoeSize": "10.5", "productId": null, "skuUuid": "1093e280-227f-4044-9bea-8b7f49108177", "state": "480", "customerId": null, "localAmount": 240, "localCurrency": "USD"}, {"chainId": "12140012731262907046", "amount": 235, "createdAt": "2014-12-27T03:07:59+00:00", "shoeSize": "8", "productId": null, "skuUuid": "4c2c8c0b-5eae-4eaf-ac27-fb4f282226af", "state": "480", "customerId": null, "localAmount": 235, "localCurrency": "USD"}, {"chainId": "12140176629078873852", "amount": 280, "createdAt": "2014-12-25T00:21:34+00:00", "shoeSize": "12", "productId": null, "skuUuid": "8ca953bc-186d-4bd6-b9be-c7b6de118c0e", "state": "480", "customerId": null, "localAmount": 280, "localCurrency": "USD"}, {"chainId": "12139997978961728571", "amount": 243, "createdAt": "2014-12-24T00:03:20+00:00", "shoeSize": "8", "productId": null, "skuUuid": "4c2c8c0b-5eae-4eaf-ac27-fb4f282226af", "state": "480", "customerId": null, "localAmount": 243, "localCurrency": "USD"}, {"chainId": "12306397471475154105", "amount": 305, "createdAt": "2014-12-23T06:03:12+00:00", "shoeSize": "11.5", "productId": null, "skuUuid": "28cc2b4f-4f1f-44ea-8752-798f65bbaf05", "state": "480", "customerId": null, "localAmount": 305, "localCurrency": "USD"}, {"chainId": "12139996495996390788", "amount": 259, "createdAt": "2014-12-22T14:41:03+00:00", "shoeSize": "12", "productId": null, "skuUuid": "8ca953bc-186d-4bd6-b9be-c7b6de118c0e", "state": "480", "customerId": null, "localAmount": 259, "localCurrency": "USD"}, {"chainId": "12139995669941437225", "amount": 309, "createdAt": "2014-12-22T02:41:45+00:00", "shoeSize": "12", "productId": null, "skuUuid": "8ca953bc-186d-4bd6-b9be-c7b6de118c0e", "state": "480", "customerId": null, "localAmount": 309, "localCurrency": "USD"}, {"chainId": "12140008017448840120", "amount": 265, "createdAt": "2014-12-21T21:09:10+00:00", "shoeSize": "12", "productId": null, "skuUuid": "8ca953bc-186d-4bd6-b9be-c7b6de118c0e", "state": "480", "customerId": null, "localAmount": 265, "localCurrency": "USD"}, {"chainId": "12140006594581632025", "amount": 279, "createdAt": "2014-12-21T02:16:01+00:00", "shoeSize": "10.5", "productId": null, "skuUuid": "1093e280-227f-4044-9bea-8b7f49108177", "state": "480", "customerId": null, "localAmount": 279, "localCurrency": "USD"}, {"chainId": "12139996122008789750", "amount": 180, "createdAt": "2014-12-20T15:31:00+00:00", "shoeSize": "6.5", "productId": null, "skuUuid": "a8bb5ea7-3c92-4c0c-a4d5-80bc118f32b2", "state": "480", "customerId": null, "localAmount": 180, "localCurrency": "USD"}, {"chainId": "12306397472576591517", "amount": 274, "createdAt": "2014-12-20T12:40:33+00:00", "shoeSize": "14", "productId": null, "skuUuid": "45987152-3159-41b4-8774-a88b6ad710a9", "state": "480", "customerId": null, "localAmount": 274, "localCurrency": "USD"}, {"chainId": "12140007629786107745", "amount": 230, "createdAt": "2014-12-19T07:41:23+00:00", "shoeSize": "10.5", "productId": null, "skuUuid": "1093e280-227f-4044-9bea-8b7f49108177", "state": "480", "customerId": null, "localAmount": 230, "localCurrency": "USD"}, {"chainId": "12306397472034234450", "amount": 395, "createdAt": "2014-12-17T17:06:59+00:00", "shoeSize": "9.5", "productId": null, "skuUuid": "4a6abb68-02d5-476f-bc79-5ca1b25505a6", "state": "480", "customerId": null, "localAmount": 395, "localCurrency": "USD"}, {"chainId": "12140006594386108005", "amount": 279, "createdAt": "2014-12-15T14:03:53+00:00", "shoeSize": "11", "productId": null, "skuUuid": "c83dc5e5-5421-4217-b063-da86cefa35cf", "state": "480", "customerId": null, "localAmount": 279, "localCurrency": "USD"}, {"chainId": "12140006052140452817", "amount": 239, "createdAt": "2014-12-14T03:40:42+00:00", "shoeSize": "9", "productId": null, "skuUuid": "2a07b0cc-5320-4cc7-bf2e-8140905e6eb0", "state": "480", "customerId": null, "localAmount": 239, "localCurrency": "USD"}, {"chainId": "12139996120228659389", "amount": 247, "createdAt": "2014-12-13T02:37:47+00:00", "shoeSize": "9.5", "productId": null, "skuUuid": "4a6abb68-02d5-476f-bc79-5ca1b25505a6", "state": "480", "customerId": null, "localAmount": 247, "localCurrency": "USD"}, {"chainId": "12139997975875237433", "amount": 277, "createdAt": "2014-12-12T21:13:34+00:00", "shoeSize": "8.5", "productId": null, "skuUuid": "9a9c9905-9391-4241-8d0f-85a75d792dd6", "state": "480", "customerId": null, "localAmount": 277, "localCurrency": "USD"}, {"chainId": "12139997523310470025", "amount": 240, "createdAt": "2014-12-12T02:23:57+00:00", "shoeSize": "11", "productId": null, "skuUuid": "c83dc5e5-5421-4217-b063-da86cefa35cf", "state": "480", "customerId": null, "localAmount": 240, "localCurrency": "USD"}, {"chainId": "12140005310121414233", "amount": 280, "createdAt": "2014-12-10T13:49:33+00:00", "shoeSize": "8.5", "productId": null, "skuUuid": "9a9c9905-9391-4241-8d0f-85a75d792dd6", "state": "480", "customerId": null, "localAmount": 280, "localCurrency": "USD"}, {"chainId": "12140007616456359201", "amount": 250, "createdAt": "2014-12-09T05:07:26+00:00", "shoeSize": "9.5", "productId": null, "skuUuid": "4a6abb68-02d5-476f-bc79-5ca1b25505a6", "state": "480", "customerId": null, "localAmount": 250, "localCurrency": "USD"}, {"chainId": "12140001189604631905", "amount": 260, "createdAt": "2014-12-06T07:02:47+00:00", "shoeSize": "10", "productId": null, "skuUuid": "aa75a9e3-fc6c-478f-befa-4d8c64cda90a", "state": "480", "customerId": null, "localAmount": 260, "localCurrency": "USD"}, {"chainId": "12140012726137807544", "amount": 208, "createdAt": "2014-12-06T03:24:29+00:00", "shoeSize": "9.5", "productId": null, "skuUuid": "4a6abb68-02d5-476f-bc79-5ca1b25505a6", "state": "480", "customerId": null, "localAmount": 208, "localCurrency": "USD"}, {"chainId": "12140012725956708144", "amount": 248, "createdAt": "2014-12-06T03:24:06+00:00", "shoeSize": "8", "productId": null, "skuUuid": "4c2c8c0b-5eae-4eaf-ac27-fb4f282226af", "state": "480", "customerId": null, "localAmount": 248, "localCurrency": "USD"}, {"chainId": "12140008012928282217", "amount": 240, "createdAt": "2014-12-05T16:42:15+00:00", "shoeSize": "9", "productId": null, "skuUuid": "2a07b0cc-5320-4cc7-bf2e-8140905e6eb0", "state": "480", "customerId": null, "localAmount": 240, "localCurrency": "USD"}, {"chainId": "12140006028248837385", "amount": 270, "createdAt": "2014-12-04T03:05:54+00:00", "shoeSize": "14", "productId": null, "skuUuid": "45987152-3159-41b4-8774-a88b6ad710a9", "state": "480", "customerId": null, "localAmount": 270, "localCurrency": "USD"}, {"chainId": "12139996475811042045", "amount": 180, "createdAt": "2014-12-02T05:09:38+00:00", "shoeSize": "7", "productId": null, "skuUuid": "ac0e02e1-0a19-4853-917e-461e8cc686e3", "state": "480", "customerId": null, "localAmount": 180, "localCurrency": "USD"}, {"chainId": "12139995028402008992", "amount": 235, "createdAt": "2014-12-02T01:53:21+00:00", "shoeSize": "9", "productId": null, "skuUuid": "2a07b0cc-5320-4cc7-bf2e-8140905e6eb0", "state": "480", "customerId": null, "localAmount": 235, "localCurrency": "USD"}, {"chainId": "12140011080992420484", "amount": 280, "createdAt": "2014-12-01T02:30:01+00:00", "shoeSize": "10", "productId": null, "skuUuid": "aa75a9e3-fc6c-478f-befa-4d8c64cda90a", "state": "480", "customerId": null, "localAmount": 280, "localCurrency": "USD"}, {"chainId": "12140001167369300515", "amount": 260, "createdAt": "2014-11-30T21:07:41+00:00", "shoeSize": "10", "productId": null, "skuUuid": "aa75a9e3-fc6c-478f-befa-4d8c64cda90a", "state": "480", "customerId": null, "localAmount": 260, "localCurrency": "USD"}, {"chainId": "12140007613902565410", "amount": 270, "createdAt": "2014-11-30T05:54:02+00:00", "shoeSize": "8", "productId": null, "skuUuid": "4c2c8c0b-5eae-4eaf-ac27-fb4f282226af", "state": "480", "customerId": null, "localAmount": 270, "localCurrency": "USD"}, {"chainId": "12140005307170163783", "amount": 250, "createdAt": "2014-11-30T02:15:43+00:00", "shoeSize": "9.5", "productId": null, "skuUuid": "4a6abb68-02d5-476f-bc79-5ca1b25505a6", "state": "480", "customerId": null, "localAmount": 250, "localCurrency": "USD"}, {"chainId": "12140003782033941744", "amount": 250, "createdAt": "2014-11-28T15:38:37+00:00", "shoeSize": "9", "productId": null, "skuUuid": "2a07b0cc-5320-4cc7-bf2e-8140905e6eb0", "state": "480", "customerId": null, "localAmount": 250, "localCurrency": "USD"}, {"chainId": "12139997967942292339", "amount": 243, "createdAt": "2014-11-28T03:09:27+00:00", "shoeSize": "9.5", "productId": null, "skuUuid": "4a6abb68-02d5-476f-bc79-5ca1b25505a6", "state": "480", "customerId": null, "localAmount": 243, "localCurrency": "USD"}, {"chainId": "12139997967733065300", "amount": 218, "createdAt": "2014-11-28T03:05:04+00:00", "shoeSize": "8", "productId": null, "skuUuid": "4c2c8c0b-5eae-4eaf-ac27-fb4f282226af", "state": "480", "customerId": null, "localAmount": 218, "localCurrency": "USD"}, {"chainId": "12139997515863679679", "amount": 153, "createdAt": "2014-11-26T14:27:52+00:00", "shoeSize": "10", "productId": null, "skuUuid": "aa75a9e3-fc6c-478f-befa-4d8c64cda90a", "state": "480", "customerId": null, "localAmount": 153, "localCurrency": "USD"}, {"chainId": "12140004681878970045", "amount": 250, "createdAt": "2014-11-25T22:35:43+00:00", "shoeSize": "12", "productId": null, "skuUuid": "8ca953bc-186d-4bd6-b9be-c7b6de118c0e", "state": "480", "customerId": null, "localAmount": 250, "localCurrency": "USD"}, {"chainId": "12140007611451991785", "amount": 207, "createdAt": "2014-11-24T16:00:29+00:00", "shoeSize": "9.5", "productId": null, "skuUuid": "4a6abb68-02d5-476f-bc79-5ca1b25505a6", "state": "480", "customerId": null, "localAmount": 207, "localCurrency": "USD"}, {"chainId": "12140004239289972088", "amount": 213, "createdAt": "2014-11-24T04:08:20+00:00", "shoeSize": "8", "productId": null, "skuUuid": "4c2c8c0b-5eae-4eaf-ac27-fb4f282226af", "state": "480", "customerId": null, "localAmount": 213, "localCurrency": "USD"}, {"chainId": "12140004237751613985", "amount": 245, "createdAt": "2014-11-23T01:50:56+00:00", "shoeSize": "10", "productId": null, "skuUuid": "aa75a9e3-fc6c-478f-befa-4d8c64cda90a", "state": "480", "customerId": null, "localAmount": 245, "localCurrency": "USD"}, {"chainId": "12139997964914049217", "amount": 223, "createdAt": "2014-11-22T03:05:33+00:00", "shoeSize": "9.5", "productId": null, "skuUuid": "4a6abb68-02d5-476f-bc79-5ca1b25505a6", "state": "480", "customerId": null, "localAmount": 223, "localCurrency": "USD"}, {"chainId": "12139997965103568995", "amount": 220, "createdAt": "2014-11-22T03:02:27+00:00", "shoeSize": "9.5", "productId": null, "skuUuid": "4a6abb68-02d5-476f-bc79-5ca1b25505a6", "state": "480", "customerId": null, "localAmount": 220, "localCurrency": "USD"}, {"chainId": "12139997964718728516", "amount": 194, "createdAt": "2014-11-22T03:00:05+00:00", "shoeSize": "9.5", "productId": null, "skuUuid": "4a6abb68-02d5-476f-bc79-5ca1b25505a6", "state": "480", "customerId": null, "localAmount": 194, "localCurrency": "USD"}, {"chainId": "12139995641733812496", "amount": 275, "createdAt": "2014-11-20T16:28:50+00:00", "shoeSize": "9", "productId": null, "skuUuid": "2a07b0cc-5320-4cc7-bf2e-8140905e6eb0", "state": "480", "customerId": null, "localAmount": 275, "localCurrency": "USD"}, {"chainId": "12140003758133270432", "amount": 260, "createdAt": "2014-11-19T20:06:07+00:00", "shoeSize": "10", "productId": null, "skuUuid": "aa75a9e3-fc6c-478f-befa-4d8c64cda90a", "state": "480", "customerId": null, "localAmount": 260, "localCurrency": "USD"}, {"chainId": "12139996474816808834", "amount": 250, "createdAt": "2014-11-18T13:56:15+00:00", "shoeSize": "11", "productId": null, "skuUuid": "c83dc5e5-5421-4217-b063-da86cefa35cf", "state": "480", "customerId": null, "localAmount": 250, "localCurrency": "USD"}, {"chainId": "12140007610873942875", "amount": 240, "createdAt": "2014-11-18T06:10:53+00:00", "shoeSize": "9.5", "productId": null, "skuUuid": "4a6abb68-02d5-476f-bc79-5ca1b25505a6", "state": "480", "customerId": null, "localAmount": 240, "localCurrency": "USD"}, {"chainId": "12140004235909405858", "amount": 251, "createdAt": "2014-11-17T03:40:11+00:00", "shoeSize": "12", "productId": null, "skuUuid": "8ca953bc-186d-4bd6-b9be-c7b6de118c0e", "state": "480", "customerId": null, "localAmount": 251, "localCurrency": "USD"}, {"chainId": "12140011054573029695", "amount": 280, "createdAt": "2014-11-16T07:28:43+00:00", "shoeSize": "14", "productId": null, "skuUuid": "45987152-3159-41b4-8774-a88b6ad710a9", "state": "480", "customerId": null, "localAmount": 280, "localCurrency": "USD"}, {"chainId": "12140011070515223249", "amount": 280, "createdAt": "2014-11-14T02:46:41+00:00", "shoeSize": "12", "productId": null, "skuUuid": "8ca953bc-186d-4bd6-b9be-c7b6de118c0e", "state": "480", "customerId": null, "localAmount": 280, "localCurrency": "USD"}, {"chainId": "12140008008896999262", "amount": 249, "createdAt": "2014-11-13T22:02:58+00:00", "shoeSize": "10.5", "productId": null, "skuUuid": "1093e280-227f-4044-9bea-8b7f49108177", "state": "480", "customerId": null, "localAmount": 249, "localCurrency": "USD"}, {"chainId": "12139995010954598389", "amount": 265, "createdAt": "2014-11-12T22:16:04+00:00", "shoeSize": "12", "productId": null, "skuUuid": "8ca953bc-186d-4bd6-b9be-c7b6de118c0e", "state": "480", "customerId": null, "localAmount": 265, "localCurrency": "USD"}, {"chainId": "12140011080322809056", "amount": 250, "createdAt": "2014-11-12T21:32:28+00:00", "shoeSize": "10", "productId": null, "skuUuid": "aa75a9e3-fc6c-478f-befa-4d8c64cda90a", "state": "480", "customerId": null, "localAmount": 250, "localCurrency": "USD"}, {"chainId": "12140004232368062214", "amount": 216, "createdAt": "2014-11-11T04:34:34+00:00", "shoeSize": "8", "productId": null, "skuUuid": "4c2c8c0b-5eae-4eaf-ac27-fb4f282226af", "state": "480", "customerId": null, "localAmount": 216, "localCurrency": "USD"}, {"chainId": "12306397472410763594", "amount": 286, "createdAt": "2014-11-10T15:35:56+00:00", "shoeSize": "11.5", "productId": null, "skuUuid": "28cc2b4f-4f1f-44ea-8752-798f65bbaf05", "state": "480", "customerId": null, "localAmount": 286, "localCurrency": "USD"}, {"chainId": "12139995010261446317", "amount": 270, "createdAt": "2014-11-10T11:45:52+00:00", "shoeSize": "14", "productId": null, "skuUuid": "45987152-3159-41b4-8774-a88b6ad710a9", "state": "480", "customerId": null, "localAmount": 270, "localCurrency": "USD"}, {"chainId": "12140006562826844029", "amount": 245, "createdAt": "2014-11-07T17:48:59+00:00", "shoeSize": "11.5", "productId": null, "skuUuid": "28cc2b4f-4f1f-44ea-8752-798f65bbaf05", "state": "480", "customerId": null, "localAmount": 245, "localCurrency": "USD"}, {"chainId": "12139997945819933797", "amount": 228, "createdAt": "2014-10-30T21:40:45+00:00", "shoeSize": "10.5", "productId": null, "skuUuid": "1093e280-227f-4044-9bea-8b7f49108177", "state": "480", "customerId": null, "localAmount": 228, "localCurrency": "USD"}, {"chainId": "12140003758322739882", "amount": 270, "createdAt": "2014-10-30T20:55:02+00:00", "shoeSize": "9", "productId": null, "skuUuid": "2a07b0cc-5320-4cc7-bf2e-8140905e6eb0", "state": "480", "customerId": null, "localAmount": 270, "localCurrency": "USD"}, {"chainId": "12139995615577766125", "amount": 274, "createdAt": "2014-10-30T20:09:56+00:00", "shoeSize": "13", "productId": null, "skuUuid": "508f3f20-93a5-4a36-9d56-031f89cd0da3", "state": "480", "customerId": null, "localAmount": 274, "localCurrency": "USD"}, {"chainId": "12140006013290668292", "amount": 254, "createdAt": "2014-10-30T19:32:15+00:00", "shoeSize": "8.5", "productId": null, "skuUuid": "9a9c9905-9391-4241-8d0f-85a75d792dd6", "state": "480", "customerId": null, "localAmount": 254, "localCurrency": "USD"}, {"chainId": "12139995616302657474", "amount": 230, "createdAt": "2014-10-29T19:46:55+00:00", "shoeSize": "11.5", "productId": null, "skuUuid": "28cc2b4f-4f1f-44ea-8752-798f65bbaf05", "state": "480", "customerId": null, "localAmount": 230, "localCurrency": "USD"}, {"chainId": "12140007166068166199", "amount": 260, "createdAt": "2014-10-28T16:48:09+00:00", "shoeSize": "11", "productId": null, "skuUuid": "c83dc5e5-5421-4217-b063-da86cefa35cf", "state": "480", "customerId": null, "localAmount": 260, "localCurrency": "USD"}, {"chainId": "12140005282175422261", "amount": 280, "createdAt": "2014-10-27T20:17:56+00:00", "shoeSize": "10.5", "productId": null, "skuUuid": "1093e280-227f-4044-9bea-8b7f49108177", "state": "480", "customerId": null, "localAmount": 280, "localCurrency": "USD"}, {"chainId": "12140006004354341537", "amount": 280, "createdAt": "2014-10-26T21:06:03+00:00", "shoeSize": "10.5", "productId": null, "skuUuid": "1093e280-227f-4044-9bea-8b7f49108177", "state": "480", "customerId": null, "localAmount": 280, "localCurrency": "USD"}, {"chainId": "12140011056537429520", "amount": 275, "createdAt": "2014-10-26T17:28:38+00:00", "shoeSize": "16", "productId": null, "skuUuid": "76fb6ca0-e3eb-441b-8caf-788140e2104d", "state": "480", "customerId": null, "localAmount": 275, "localCurrency": "USD"}, {"chainId": "12140004227344861627", "amount": 280, "createdAt": "2014-10-24T14:51:36+00:00", "shoeSize": "11", "productId": null, "skuUuid": "c83dc5e5-5421-4217-b063-da86cefa35cf", "state": "480", "customerId": null, "localAmount": 280, "localCurrency": "USD"}, {"chainId": "12140001170086553088", "amount": 250, "createdAt": "2014-10-24T02:08:23+00:00", "shoeSize": "10.5", "productId": null, "skuUuid": "1093e280-227f-4044-9bea-8b7f49108177", "state": "480", "customerId": null, "localAmount": 250, "localCurrency": "USD"}, {"chainId": "12140011955903363918", "amount": 250, "createdAt": "2014-10-18T08:48:45+00:00", "shoeSize": "11.5", "productId": null, "skuUuid": "28cc2b4f-4f1f-44ea-8752-798f65bbaf05", "state": "480", "customerId": null, "localAmount": 250, "localCurrency": "USD"}, {"chainId": "12139995606656776825", "amount": 280, "createdAt": "2014-10-17T20:57:22+00:00", "shoeSize": "10", "productId": null, "skuUuid": "aa75a9e3-fc6c-478f-befa-4d8c64cda90a", "state": "480", "customerId": null, "localAmount": 280, "localCurrency": "USD"}, {"chainId": "12139996069320006323", "amount": 235, "createdAt": "2014-10-17T20:09:20+00:00", "shoeSize": "11", "productId": null, "skuUuid": "c83dc5e5-5421-4217-b063-da86cefa35cf", "state": "480", "customerId": null, "localAmount": 235, "localCurrency": "USD"}, {"chainId": "12139994992194279572", "amount": 220, "createdAt": "2014-10-16T16:33:32+00:00", "shoeSize": "9", "productId": null, "skuUuid": "2a07b0cc-5320-4cc7-bf2e-8140905e6eb0", "state": "480", "customerId": null, "localAmount": 220, "localCurrency": "USD"}, {"chainId": "12140178276727521897", "amount": 250, "createdAt": "2014-10-15T05:57:53+00:00", "shoeSize": "10.5", "productId": null, "skuUuid": "1093e280-227f-4044-9bea-8b7f49108177", "state": "480", "customerId": null, "localAmount": 250, "localCurrency": "USD"}, {"chainId": "12139994980104254773", "amount": 170, "createdAt": "2014-10-14T23:48:50+00:00", "shoeSize": "7", "productId": null, "skuUuid": "ac0e02e1-0a19-4853-917e-461e8cc686e3", "state": "480", "customerId": null, "localAmount": 170, "localCurrency": "USD"}, {"chainId": "12140006004141194902", "amount": 265, "createdAt": "2014-10-14T15:31:22+00:00", "shoeSize": "11", "productId": null, "skuUuid": "c83dc5e5-5421-4217-b063-da86cefa35cf", "state": "480", "customerId": null, "localAmount": 265, "localCurrency": "USD"}, {"chainId": "12140005985756633314", "amount": 275, "createdAt": "2014-10-12T01:46:44+00:00", "shoeSize": "12", "productId": null, "skuUuid": "8ca953bc-186d-4bd6-b9be-c7b6de118c0e", "state": "480", "customerId": null, "localAmount": 275, "localCurrency": "USD"}, {"chainId": "12139994976363806457", "amount": 154, "createdAt": "2014-10-12T01:32:40+00:00", "shoeSize": "11", "productId": null, "skuUuid": "c83dc5e5-5421-4217-b063-da86cefa35cf", "state": "480", "customerId": null, "localAmount": 154, "localCurrency": "USD"}, {"chainId": "12139994975890544424", "amount": 190, "createdAt": "2014-10-12T01:20:19+00:00", "shoeSize": "10.5", "productId": null, "skuUuid": "1093e280-227f-4044-9bea-8b7f49108177", "state": "480", "customerId": null, "localAmount": 190, "localCurrency": "USD"}, {"chainId": "12139994975664618228", "amount": 180, "createdAt": "2014-10-12T01:14:09+00:00", "shoeSize": "10.5", "productId": null, "skuUuid": "1093e280-227f-4044-9bea-8b7f49108177", "state": "480", "customerId": null, "localAmount": 180, "localCurrency": "USD"}, {"chainId": "12140011565710691162", "amount": 191, "createdAt": "2014-10-12T00:50:58+00:00", "shoeSize": "6.5", "productId": null, "skuUuid": "a8bb5ea7-3c92-4c0c-a4d5-80bc118f32b2", "state": "480", "customerId": null, "localAmount": 191, "localCurrency": "USD"}, {"chainId": "12140003753600713329", "amount": 245, "createdAt": "2014-10-11T22:01:58+00:00", "shoeSize": "11", "productId": null, "skuUuid": "c83dc5e5-5421-4217-b063-da86cefa35cf", "state": "480", "customerId": null, "localAmount": 245, "localCurrency": "USD"}, {"chainId": "12139995602562321253", "amount": 275, "createdAt": "2014-10-11T16:56:37+00:00", "shoeSize": "13", "productId": null, "skuUuid": "508f3f20-93a5-4a36-9d56-031f89cd0da3", "state": "480", "customerId": null, "localAmount": 275, "localCurrency": "USD"}, {"chainId": "12139996066659549501", "amount": 255, "createdAt": "2014-10-11T15:40:32+00:00", "shoeSize": "9", "productId": null, "skuUuid": "2a07b0cc-5320-4cc7-bf2e-8140905e6eb0", "state": "480", "customerId": null, "localAmount": 255, "localCurrency": "USD"}, {"chainId": "12140176348355501788", "amount": 248, "createdAt": "2014-10-11T14:04:25+00:00", "shoeSize": "10", "productId": null, "skuUuid": "aa75a9e3-fc6c-478f-befa-4d8c64cda90a", "state": "480", "customerId": null, "localAmount": 248, "localCurrency": "USD"}, {"chainId": "12140004222096698612", "amount": 250, "createdAt": "2014-10-11T10:43:37+00:00", "shoeSize": "10", "productId": null, "skuUuid": "aa75a9e3-fc6c-478f-befa-4d8c64cda90a", "state": "480", "customerId": null, "localAmount": 250, "localCurrency": "USD"}, {"chainId": "12140003753789888998", "amount": 280, "createdAt": "2014-10-10T23:15:57+00:00", "shoeSize": "9", "productId": null, "skuUuid": "2a07b0cc-5320-4cc7-bf2e-8140905e6eb0", "state": "480", "customerId": null, "localAmount": 280, "localCurrency": "USD"}, {"chainId": "12140011563810063981", "amount": 250, "createdAt": "2014-10-10T15:16:07+00:00", "shoeSize": "10", "productId": null, "skuUuid": "aa75a9e3-fc6c-478f-befa-4d8c64cda90a", "state": "480", "customerId": null, "localAmount": 250, "localCurrency": "USD"}, {"chainId": "12140003754361767701", "amount": 261, "createdAt": "2014-10-10T03:53:11+00:00", "shoeSize": "10.5", "productId": null, "skuUuid": "1093e280-227f-4044-9bea-8b7f49108177", "state": "480", "customerId": null, "localAmount": 261, "localCurrency": "USD"}, {"chainId": "12140010533948230433", "amount": 260, "createdAt": "2014-10-09T13:41:40+00:00", "shoeSize": "13", "productId": null, "skuUuid": "508f3f20-93a5-4a36-9d56-031f89cd0da3", "state": "480", "customerId": null, "localAmount": 260, "localCurrency": "USD"}, {"chainId": "12140005262443643279", "amount": 195, "createdAt": "2014-10-09T07:15:27+00:00", "shoeSize": "6.5", "productId": null, "skuUuid": "a8bb5ea7-3c92-4c0c-a4d5-80bc118f32b2", "state": "480", "customerId": null, "localAmount": 195, "localCurrency": "USD"}, {"chainId": "12140005262231383444", "amount": 188, "createdAt": "2014-10-09T07:11:20+00:00", "shoeSize": "7", "productId": null, "skuUuid": "ac0e02e1-0a19-4853-917e-461e8cc686e3", "state": "480", "customerId": null, "localAmount": 188, "localCurrency": "USD"}, {"chainId": "12139996069563757314", "amount": 265, "createdAt": "2014-10-09T05:39:44+00:00", "shoeSize": "10", "productId": null, "skuUuid": "aa75a9e3-fc6c-478f-befa-4d8c64cda90a", "state": "480", "customerId": null, "localAmount": 265, "localCurrency": "USD"}, {"chainId": "12140004220199784880", "amount": 270, "createdAt": "2014-10-09T02:13:10+00:00", "shoeSize": "10.5", "productId": null, "skuUuid": "1093e280-227f-4044-9bea-8b7f49108177", "state": "480", "customerId": null, "localAmount": 270, "localCurrency": "USD"}, {"chainId": "12306397471839848757", "amount": 274, "createdAt": "2014-10-08T23:19:27+00:00", "shoeSize": "9", "productId": null, "skuUuid": "2a07b0cc-5320-4cc7-bf2e-8140905e6eb0", "state": "480", "customerId": null, "localAmount": 274, "localCurrency": "USD"}, {"chainId": "12140004220003495400", "amount": 209, "createdAt": "2014-10-08T17:05:46+00:00", "shoeSize": "7", "productId": null, "skuUuid": "ac0e02e1-0a19-4853-917e-461e8cc686e3", "state": "480", "customerId": null, "localAmount": 209, "localCurrency": "USD"}, {"chainId": "12139994974303236680", "amount": 199, "createdAt": "2014-10-08T13:44:54+00:00", "shoeSize": "7", "productId": null, "skuUuid": "ac0e02e1-0a19-4853-917e-461e8cc686e3", "state": "480", "customerId": null, "localAmount": 199, "localCurrency": "USD"}, {"chainId": "12139994976853889775", "amount": 238, "createdAt": "2014-10-08T05:23:56+00:00", "shoeSize": "9", "productId": null, "skuUuid": "2a07b0cc-5320-4cc7-bf2e-8140905e6eb0", "state": "480", "customerId": null, "localAmount": 238, "localCurrency": "USD"}, {"chainId": "12139998486622352773", "amount": 267, "createdAt": "2014-10-08T04:42:01+00:00", "shoeSize": "9", "productId": null, "skuUuid": "2a07b0cc-5320-4cc7-bf2e-8140905e6eb0", "state": "480", "customerId": null, "localAmount": 267, "localCurrency": "USD"}, {"chainId": "12140003752532186478", "amount": 248, "createdAt": "2014-10-08T03:12:03+00:00", "shoeSize": "11", "productId": null, "skuUuid": "c83dc5e5-5421-4217-b063-da86cefa35cf", "state": "480", "customerId": null, "localAmount": 248, "localCurrency": "USD"}, {"chainId": "12140003750680694343", "amount": 300, "createdAt": "2014-10-07T23:15:45+00:00", "shoeSize": "10.5", "productId": null, "skuUuid": "1093e280-227f-4044-9bea-8b7f49108177", "state": "480", "customerId": null, "localAmount": 300, "localCurrency": "USD"}, {"chainId": "12140004216598302283", "amount": 192, "createdAt": "2014-10-07T21:25:48+00:00", "shoeSize": "7", "productId": null, "skuUuid": "ac0e02e1-0a19-4853-917e-461e8cc686e3", "state": "480", "customerId": null, "localAmount": 192, "localCurrency": "USD"}, {"chainId": "12307574928262085044", "amount": 269, "createdAt": "2014-10-07T21:10:36+00:00", "shoeSize": "9", "productId": null, "skuUuid": "2a07b0cc-5320-4cc7-bf2e-8140905e6eb0", "state": "480", "customerId": null, "localAmount": 269, "localCurrency": "USD"}, {"chainId": "12306397471073288248", "amount": 278, "createdAt": "2014-10-07T20:55:59+00:00", "shoeSize": "9.5", "productId": null, "skuUuid": "4a6abb68-02d5-476f-bc79-5ca1b25505a6", "state": "480", "customerId": null, "localAmount": 278, "localCurrency": "USD"}, {"chainId": "12140007601277918438", "amount": 253, "createdAt": "2014-10-07T20:43:09+00:00", "shoeSize": "11.5", "productId": null, "skuUuid": "28cc2b4f-4f1f-44ea-8752-798f65bbaf05", "state": "480", "customerId": null, "localAmount": 253, "localCurrency": "USD"}, {"chainId": "12307574927865278614", "amount": 269, "createdAt": "2014-10-07T20:13:36+00:00", "shoeSize": "9", "productId": null, "skuUuid": "2a07b0cc-5320-4cc7-bf2e-8140905e6eb0", "state": "480", "customerId": null, "localAmount": 269, "localCurrency": "USD"}, {"chainId": "12306397471653391270", "amount": 274, "createdAt": "2014-10-07T16:40:42+00:00", "shoeSize": "9.5", "productId": null, "skuUuid": "4a6abb68-02d5-476f-bc79-5ca1b25505a6", "state": "480", "customerId": null, "localAmount": 274, "localCurrency": "USD"}, {"chainId": "12140005252039717217", "amount": 243, "createdAt": "2014-10-07T16:33:19+00:00", "shoeSize": "11.5", "productId": null, "skuUuid": "28cc2b4f-4f1f-44ea-8752-798f65bbaf05", "state": "480", "customerId": null, "localAmount": 243, "localCurrency": "USD"}, {"chainId": "12140005251826640240", "amount": 265, "createdAt": "2014-10-07T16:33:06+00:00", "shoeSize": "13", "productId": null, "skuUuid": "508f3f20-93a5-4a36-9d56-031f89cd0da3", "state": "480", "customerId": null, "localAmount": 265, "localCurrency": "USD"}, {"chainId": "12139997934037999559", "amount": 260, "createdAt": "2014-10-07T13:22:49+00:00", "shoeSize": "10.5", "productId": null, "skuUuid": "1093e280-227f-4044-9bea-8b7f49108177", "state": "480", "customerId": null, "localAmount": 260, "localCurrency": "USD"}, {"chainId": "12306397471271795232", "amount": 369, "createdAt": "2014-10-07T03:47:21+00:00", "shoeSize": "10", "productId": null, "skuUuid": "aa75a9e3-fc6c-478f-befa-4d8c64cda90a", "state": "480", "customerId": null, "localAmount": 369, "localCurrency": "USD"}, {"chainId": "12140003751936901949", "amount": 255, "createdAt": "2014-10-07T03:23:26+00:00", "shoeSize": "11", "productId": null, "skuUuid": "c83dc5e5-5421-4217-b063-da86cefa35cf", "state": "480", "customerId": null, "localAmount": 255, "localCurrency": "USD"}, {"chainId": "12140003751270979329", "amount": 250, "createdAt": "2014-10-07T02:00:44+00:00", "shoeSize": "10", "productId": null, "skuUuid": "aa75a9e3-fc6c-478f-befa-4d8c64cda90a", "state": "480", "customerId": null, "localAmount": 250, "localCurrency": "USD"}, {"chainId": "12139995604980134433", "amount": 258, "createdAt": "2014-10-07T01:21:55+00:00", "shoeSize": "11", "productId": null, "skuUuid": "c83dc5e5-5421-4217-b063-da86cefa35cf", "state": "480", "customerId": null, "localAmount": 258, "localCurrency": "USD"}, {"chainId": "12139994977822662261", "amount": 274, "createdAt": "2014-10-06T22:42:07+00:00", "shoeSize": "13", "productId": null, "skuUuid": "508f3f20-93a5-4a36-9d56-031f89cd0da3", "state": "480", "customerId": null, "localAmount": 274, "localCurrency": "USD"}, {"chainId": "12140005984938416376", "amount": 279, "createdAt": "2014-10-06T22:01:26+00:00", "shoeSize": "9.5", "productId": null, "skuUuid": "4a6abb68-02d5-476f-bc79-5ca1b25505a6", "state": "480", "customerId": null, "localAmount": 279, "localCurrency": "USD"}, {"chainId": "12139994973830074958", "amount": 190, "createdAt": "2014-10-06T21:47:43+00:00", "shoeSize": "6", "productId": null, "skuUuid": "4775e3a9-742f-4dba-9784-ab5a25b25332", "state": "480", "customerId": null, "localAmount": 190, "localCurrency": "USD"}, {"chainId": "12139994974690293727", "amount": 269, "createdAt": "2014-10-06T21:08:48+00:00", "shoeSize": "10", "productId": null, "skuUuid": "aa75a9e3-fc6c-478f-befa-4d8c64cda90a", "state": "480", "customerId": null, "localAmount": 269, "localCurrency": "USD"}, {"chainId": "12140003752134089077", "amount": 261, "createdAt": "2014-10-06T21:05:12+00:00", "shoeSize": "10.5", "productId": null, "skuUuid": "1093e280-227f-4044-9bea-8b7f49108177", "state": "480", "customerId": null, "localAmount": 261, "localCurrency": "USD"}, {"chainId": "12139996965217447046", "amount": 250, "createdAt": "2014-10-06T18:31:09+00:00", "shoeSize": "11", "productId": null, "skuUuid": "c83dc5e5-5421-4217-b063-da86cefa35cf", "state": "480", "customerId": null, "localAmount": 250, "localCurrency": "USD"}, {"chainId": "12139995605514756469", "amount": 280, "createdAt": "2014-10-06T15:55:55+00:00", "shoeSize": "14", "productId": null, "skuUuid": "45987152-3159-41b4-8774-a88b6ad710a9", "state": "480", "customerId": null, "localAmount": 280, "localCurrency": "USD"}, {"chainId": "12140004217471542616", "amount": 292, "createdAt": "2014-10-06T15:50:56+00:00", "shoeSize": "9.5", "productId": null, "skuUuid": "4a6abb68-02d5-476f-bc79-5ca1b25505a6", "state": "480", "customerId": null, "localAmount": 292, "localCurrency": "USD"}, {"chainId": "12139995603691762291", "amount": 264, "createdAt": "2014-10-05T22:28:56+00:00", "shoeSize": "9.5", "productId": null, "skuUuid": "4a6abb68-02d5-476f-bc79-5ca1b25505a6", "state": "480", "customerId": null, "localAmount": 264, "localCurrency": "USD"}, {"chainId": "12140005983342906195", "amount": 275, "createdAt": "2014-10-05T21:03:25+00:00", "shoeSize": "9.5", "productId": null, "skuUuid": "4a6abb68-02d5-476f-bc79-5ca1b25505a6", "state": "480", "customerId": null, "localAmount": 275, "localCurrency": "USD"}, {"chainId": "12139995604778385333", "amount": 265, "createdAt": "2014-10-05T19:24:51+00:00", "shoeSize": "10.5", "productId": null, "skuUuid": "1093e280-227f-4044-9bea-8b7f49108177", "state": "480", "customerId": null, "localAmount": 265, "localCurrency": "USD"}, {"chainId": "12139995602964052080", "amount": 325, "createdAt": "2014-10-05T18:14:11+00:00", "shoeSize": "9", "productId": null, "skuUuid": "2a07b0cc-5320-4cc7-bf2e-8140905e6eb0", "state": "480", "customerId": null, "localAmount": 325, "localCurrency": "USD"}, {"chainId": "12140176346902694162", "amount": 269, "createdAt": "2014-10-05T17:23:35+00:00", "shoeSize": "12", "productId": null, "skuUuid": "8ca953bc-186d-4bd6-b9be-c7b6de118c0e", "state": "480", "customerId": null, "localAmount": 269, "localCurrency": "USD"}, {"chainId": "12140005983756299221", "amount": 280, "createdAt": "2014-10-05T16:53:03+00:00", "shoeSize": "12", "productId": null, "skuUuid": "8ca953bc-186d-4bd6-b9be-c7b6de118c0e", "state": "480", "customerId": null, "localAmount": 280, "localCurrency": "USD"}, {"chainId": "12140001164524777570", "amount": 250, "createdAt": "2014-10-05T14:05:14+00:00", "shoeSize": "8.5", "productId": null, "skuUuid": "9a9c9905-9391-4241-8d0f-85a75d792dd6", "state": "480", "customerId": null, "localAmount": 250, "localCurrency": "USD"}, {"chainId": "12139998477268949858", "amount": 223, "createdAt": "2014-10-05T12:39:40+00:00", "shoeSize": "11", "productId": null, "skuUuid": "c83dc5e5-5421-4217-b063-da86cefa35cf", "state": "480", "customerId": null, "localAmount": 223, "localCurrency": "USD"}, {"chainId": "12306397472188107026", "amount": 272, "createdAt": "2014-10-05T09:07:33+00:00", "shoeSize": "9", "productId": null, "skuUuid": "2a07b0cc-5320-4cc7-bf2e-8140905e6eb0", "state": "480", "customerId": null, "localAmount": 272, "localCurrency": "USD"}, {"chainId": "12139994975172424011", "amount": 274, "createdAt": "2014-10-05T05:19:27+00:00", "shoeSize": "13", "productId": null, "skuUuid": "508f3f20-93a5-4a36-9d56-031f89cd0da3", "state": "480", "customerId": null, "localAmount": 274, "localCurrency": "USD"}, {"chainId": "12139994972617502841", "amount": 258, "createdAt": "2014-10-05T02:00:18+00:00", "shoeSize": "12", "productId": null, "skuUuid": "8ca953bc-186d-4bd6-b9be-c7b6de118c0e", "state": "480", "customerId": null, "localAmount": 258, "localCurrency": "USD"}, {"chainId": "12140004215685511705", "amount": 280, "createdAt": "2014-10-05T00:18:19+00:00", "shoeSize": "10", "productId": null, "skuUuid": "aa75a9e3-fc6c-478f-befa-4d8c64cda90a", "state": "480", "customerId": null, "localAmount": 280, "localCurrency": "USD"}, {"chainId": "12139997921367268743", "amount": 215, "createdAt": "2014-10-05T00:06:25+00:00", "shoeSize": "10", "productId": null, "skuUuid": "aa75a9e3-fc6c-478f-befa-4d8c64cda90a", "state": "480", "customerId": null, "localAmount": 215, "localCurrency": "USD"}, {"chainId": "12139994973122494063", "amount": 265, "createdAt": "2014-10-04T22:53:17+00:00", "shoeSize": "11.5", "productId": null, "skuUuid": "28cc2b4f-4f1f-44ea-8752-798f65bbaf05", "state": "480", "customerId": null, "localAmount": 265, "localCurrency": "USD"}, {"chainId": "12139995603441714776", "amount": 260, "createdAt": "2014-10-04T22:47:26+00:00", "shoeSize": "8", "productId": null, "skuUuid": "4c2c8c0b-5eae-4eaf-ac27-fb4f282226af", "state": "480", "customerId": null, "localAmount": 260, "localCurrency": "USD"}, {"chainId": "12139997470839678798", "amount": 208, "createdAt": "2014-10-04T21:54:59+00:00", "shoeSize": "7", "productId": null, "skuUuid": "ac0e02e1-0a19-4853-917e-461e8cc686e3", "state": "480", "customerId": null, "localAmount": 208, "localCurrency": "USD"}, {"chainId": "12140177419645671307", "amount": 255, "createdAt": "2014-10-04T21:46:18+00:00", "shoeSize": "10.5", "productId": null, "skuUuid": "1093e280-227f-4044-9bea-8b7f49108177", "state": "480", "customerId": null, "localAmount": 255, "localCurrency": "USD"}, {"chainId": "12139995603889298628", "amount": 261, "createdAt": "2014-10-04T20:23:49+00:00", "shoeSize": "10.5", "productId": null, "skuUuid": "1093e280-227f-4044-9bea-8b7f49108177", "state": "480", "customerId": null, "localAmount": 261, "localCurrency": "USD"}, {"chainId": "12139994973337980167", "amount": 265, "createdAt": "2014-10-04T20:21:31+00:00", "shoeSize": "12", "productId": null, "skuUuid": "8ca953bc-186d-4bd6-b9be-c7b6de118c0e", "state": "480", "customerId": null, "localAmount": 265, "localCurrency": "USD"}, {"chainId": "12140005983121734471", "amount": 290, "createdAt": "2014-10-04T19:44:10+00:00", "shoeSize": "9.5", "productId": null, "skuUuid": "4a6abb68-02d5-476f-bc79-5ca1b25505a6", "state": "480", "customerId": null, "localAmount": 290, "localCurrency": "USD"}, {"chainId": "12140005251420843640", "amount": 285, "createdAt": "2014-10-04T18:16:43+00:00", "shoeSize": "9", "productId": null, "skuUuid": "2a07b0cc-5320-4cc7-bf2e-8140905e6eb0", "state": "480", "customerId": null, "localAmount": 285, "localCurrency": "USD"}, {"chainId": "12139996066842230510", "amount": 275, "createdAt": "2014-10-04T18:09:06+00:00", "shoeSize": "9", "productId": null, "skuUuid": "2a07b0cc-5320-4cc7-bf2e-8140905e6eb0", "state": "480", "customerId": null, "localAmount": 275, "localCurrency": "USD"}, {"chainId": "12140004632771885546", "amount": 275, "createdAt": "2014-10-04T17:58:36+00:00", "shoeSize": "13", "productId": null, "skuUuid": "508f3f20-93a5-4a36-9d56-031f89cd0da3", "state": "480", "customerId": null, "localAmount": 275, "localCurrency": "USD"}, {"chainId": "12140006530384651778", "amount": 263, "createdAt": "2014-10-04T17:30:52+00:00", "shoeSize": "11", "productId": null, "skuUuid": "c83dc5e5-5421-4217-b063-da86cefa35cf", "state": "480", "customerId": null, "localAmount": 263, "localCurrency": "USD"}, {"chainId": "12139995601874298677", "amount": 325, "createdAt": "2014-10-04T17:24:29+00:00", "shoeSize": "10.5", "productId": null, "skuUuid": "1093e280-227f-4044-9bea-8b7f49108177", "state": "480", "customerId": null, "localAmount": 325, "localCurrency": "USD"}, {"chainId": "12140006530173947490", "amount": 285, "createdAt": "2014-10-04T17:22:12+00:00", "shoeSize": "12", "productId": null, "skuUuid": "8ca953bc-186d-4bd6-b9be-c7b6de118c0e", "state": "480", "customerId": null, "localAmount": 285, "localCurrency": "USD"}, {"chainId": "12139995601665285599", "amount": 270, "createdAt": "2014-10-04T17:19:08+00:00", "shoeSize": "9.5", "productId": null, "skuUuid": "4a6abb68-02d5-476f-bc79-5ca1b25505a6", "state": "480", "customerId": null, "localAmount": 270, "localCurrency": "USD"}, {"chainId": "12140001162177944570", "amount": 285, "createdAt": "2014-10-04T17:02:23+00:00", "shoeSize": "9", "productId": null, "skuUuid": "2a07b0cc-5320-4cc7-bf2e-8140905e6eb0", "state": "480", "customerId": null, "localAmount": 285, "localCurrency": "USD"}, {"chainId": "12139997933831098827", "amount": 315, "createdAt": "2014-10-04T16:21:22+00:00", "shoeSize": "10", "productId": null, "skuUuid": "aa75a9e3-fc6c-478f-befa-4d8c64cda90a", "state": "480", "customerId": null, "localAmount": 315, "localCurrency": "USD"}, {"chainId": "12140005251198995189", "amount": 279, "createdAt": "2014-10-04T16:12:18+00:00", "shoeSize": "9.5", "productId": null, "skuUuid": "4a6abb68-02d5-476f-bc79-5ca1b25505a6", "state": "480", "customerId": null, "localAmount": 279, "localCurrency": "USD"}, {"chainId": "12140005251617335125", "amount": 275, "createdAt": "2014-10-04T15:54:33+00:00", "shoeSize": "12", "productId": null, "skuUuid": "8ca953bc-186d-4bd6-b9be-c7b6de118c0e", "state": "480", "customerId": null, "localAmount": 275, "localCurrency": "USD"}, {"chainId": "12140007601085279486", "amount": 250, "createdAt": "2014-10-04T15:53:34+00:00", "shoeSize": "8.5", "productId": null, "skuUuid": "9a9c9905-9391-4241-8d0f-85a75d792dd6", "state": "480", "customerId": null, "localAmount": 250, "localCurrency": "USD"}, {"chainId": "12140012121280514174", "amount": 260, "createdAt": "2014-10-04T15:29:15+00:00", "shoeSize": "11.5", "productId": null, "skuUuid": "28cc2b4f-4f1f-44ea-8752-798f65bbaf05", "state": "480", "customerId": null, "localAmount": 260, "localCurrency": "USD"}, {"chainId": "12140010534149550557", "amount": 258, "createdAt": "2014-10-04T15:21:09+00:00", "shoeSize": "10.5", "productId": null, "skuUuid": "1093e280-227f-4044-9bea-8b7f49108177", "state": "480", "customerId": null, "localAmount": 258, "localCurrency": "USD"}, {"chainId": "12140012121504235900", "amount": 255, "createdAt": "2014-10-04T15:19:01+00:00", "shoeSize": "13", "productId": null, "skuUuid": "508f3f20-93a5-4a36-9d56-031f89cd0da3", "state": "480", "customerId": null, "localAmount": 255, "localCurrency": "USD"}, {"chainId": "12140012121075590394", "amount": 255, "createdAt": "2014-10-04T14:58:42+00:00", "shoeSize": "10.5", "productId": null, "skuUuid": "1093e280-227f-4044-9bea-8b7f49108177", "state": "480", "customerId": null, "localAmount": 255, "localCurrency": "USD"}, {"chainId": "12139997469303460424", "amount": 295, "createdAt": "2014-10-04T14:53:13+00:00", "shoeSize": "9.5", "productId": null, "skuUuid": "4a6abb68-02d5-476f-bc79-5ca1b25505a6", "state": "480", "customerId": null, "localAmount": 295, "localCurrency": "USD"}, {"chainId": "12139995600011484499", "amount": 251, "createdAt": "2014-10-04T14:11:23+00:00", "shoeSize": "10", "productId": null, "skuUuid": "aa75a9e3-fc6c-478f-befa-4d8c64cda90a", "state": "480", "customerId": null, "localAmount": 251, "localCurrency": "USD"}, {"chainId": "12140007600692634348", "amount": 250, "createdAt": "2014-10-04T13:32:55+00:00", "shoeSize": "8.5", "productId": null, "skuUuid": "9a9c9905-9391-4241-8d0f-85a75d792dd6", "state": "480", "customerId": null, "localAmount": 250, "localCurrency": "USD"}, {"chainId": "12140004632391182752", "amount": 245, "createdAt": "2014-10-04T13:32:36+00:00", "shoeSize": "11", "productId": null, "skuUuid": "c83dc5e5-5421-4217-b063-da86cefa35cf", "state": "480", "customerId": null, "localAmount": 245, "localCurrency": "USD"}, {"chainId": "12140004208132592081", "amount": 210, "createdAt": "2014-10-04T13:24:20+00:00", "shoeSize": "10", "productId": null, "skuUuid": "aa75a9e3-fc6c-478f-befa-4d8c64cda90a", "state": "480", "customerId": null, "localAmount": 210, "localCurrency": "USD"}, {"chainId": "12140004631815206631", "amount": 267, "createdAt": "2014-10-04T13:20:39+00:00", "shoeSize": "11", "productId": null, "skuUuid": "c83dc5e5-5421-4217-b063-da86cefa35cf", "state": "480", "customerId": null, "localAmount": 267, "localCurrency": "USD"}, {"chainId": "12140005250994449091", "amount": 285, "createdAt": "2014-10-04T12:35:50+00:00", "shoeSize": "9", "productId": null, "skuUuid": "2a07b0cc-5320-4cc7-bf2e-8140905e6eb0", "state": "480", "customerId": null, "localAmount": 285, "localCurrency": "USD"}, {"chainId": "12140003747625420576", "amount": 285, "createdAt": "2014-10-04T12:18:08+00:00", "shoeSize": "10.5", "productId": null, "skuUuid": "1093e280-227f-4044-9bea-8b7f49108177", "state": "480", "customerId": null, "localAmount": 285, "localCurrency": "USD"}, {"chainId": "12139995600226181271", "amount": 251, "createdAt": "2014-10-04T12:09:09+00:00", "shoeSize": "11", "productId": null, "skuUuid": "c83dc5e5-5421-4217-b063-da86cefa35cf", "state": "480", "customerId": null, "localAmount": 251, "localCurrency": "USD"}, {"chainId": "12139996963940727180", "amount": 281, "createdAt": "2014-10-04T12:06:58+00:00", "shoeSize": "9.5", "productId": null, "skuUuid": "4a6abb68-02d5-476f-bc79-5ca1b25505a6", "state": "480", "customerId": null, "localAmount": 281, "localCurrency": "USD"}, {"chainId": "12140176868425540342", "amount": 250, "createdAt": "2014-10-04T12:06:38+00:00", "shoeSize": "10.5", "productId": null, "skuUuid": "1093e280-227f-4044-9bea-8b7f49108177", "state": "480", "customerId": null, "localAmount": 250, "localCurrency": "USD"}, {"chainId": "12140004632003037110", "amount": 270, "createdAt": "2014-10-04T10:00:03+00:00", "shoeSize": "13", "productId": null, "skuUuid": "508f3f20-93a5-4a36-9d56-031f89cd0da3", "state": "480", "customerId": null, "localAmount": 270, "localCurrency": "USD"}, {"chainId": "12140004631618131768", "amount": 270, "createdAt": "2014-10-04T03:17:20+00:00", "shoeSize": "10", "productId": null, "skuUuid": "aa75a9e3-fc6c-478f-befa-4d8c64cda90a", "state": "480", "customerId": null, "localAmount": 270, "localCurrency": "USD"}, {"chainId": "12139995602072377238", "amount": 249, "createdAt": "2014-10-03T22:50:48+00:00", "shoeSize": "10.5", "productId": null, "skuUuid": "1093e280-227f-4044-9bea-8b7f49108177", "state": "480", "customerId": null, "localAmount": 249, "localCurrency": "USD"}, {"chainId": "12140001163242171524", "amount": 275, "createdAt": "2014-10-03T03:28:29+00:00", "shoeSize": "12", "productId": null, "skuUuid": "8ca953bc-186d-4bd6-b9be-c7b6de118c0e", "state": "480", "customerId": null, "localAmount": 275, "localCurrency": "USD"}, {"chainId": "12140176346213735930", "amount": 250, "createdAt": "2014-10-03T03:10:35+00:00", "shoeSize": "10.5", "productId": null, "skuUuid": "1093e280-227f-4044-9bea-8b7f49108177", "state": "480", "customerId": null, "localAmount": 250, "localCurrency": "USD"}, {"chainId": "12139995600955407155", "amount": 260, "createdAt": "2014-10-03T02:35:43+00:00", "shoeSize": "9.5", "productId": null, "skuUuid": "4a6abb68-02d5-476f-bc79-5ca1b25505a6", "state": "480", "customerId": null, "localAmount": 260, "localCurrency": "USD"}, {"chainId": "12140005245495523203", "amount": 275, "createdAt": "2014-10-01T19:56:20+00:00", "shoeSize": "10", "productId": null, "skuUuid": "aa75a9e3-fc6c-478f-befa-4d8c64cda90a", "state": "480", "customerId": null, "localAmount": 275, "localCurrency": "USD"}, {"chainId": "12139996961888556133", "amount": 270, "createdAt": "2014-09-30T03:05:40+00:00", "shoeSize": "10.5", "productId": null, "skuUuid": "1093e280-227f-4044-9bea-8b7f49108177", "state": "480", "customerId": null, "localAmount": 270, "localCurrency": "USD"}, {"chainId": "12140012453846906842", "amount": 250, "createdAt": "2014-09-26T00:51:04+00:00", "shoeSize": "11", "productId": null, "skuUuid": "c83dc5e5-5421-4217-b063-da86cefa35cf", "state": "480", "customerId": null, "localAmount": 250, "localCurrency": "USD"}, {"chainId": "12140011549904275266", "amount": 250, "createdAt": "2014-09-25T21:53:58+00:00", "shoeSize": "12", "productId": null, "skuUuid": "8ca953bc-186d-4bd6-b9be-c7b6de118c0e", "state": "480", "customerId": null, "localAmount": 250, "localCurrency": "USD"}, {"chainId": "12140011549609973117", "amount": 250, "createdAt": "2014-09-25T00:58:59+00:00", "shoeSize": "12", "productId": null, "skuUuid": "8ca953bc-186d-4bd6-b9be-c7b6de118c0e", "state": "480", "customerId": null, "localAmount": 250, "localCurrency": "USD"}, {"chainId": "12140011952315776793", "amount": 250, "createdAt": "2014-09-24T23:17:17+00:00", "shoeSize": "10.5", "productId": null, "skuUuid": "1093e280-227f-4044-9bea-8b7f49108177", "state": "480", "customerId": null, "localAmount": 250, "localCurrency": "USD"}, {"chainId": "12140011548379013896", "amount": 250, "createdAt": "2014-09-24T23:03:42+00:00", "shoeSize": "11", "productId": null, "skuUuid": "c83dc5e5-5421-4217-b063-da86cefa35cf", "state": "480", "customerId": null, "localAmount": 250, "localCurrency": "USD"}, {"chainId": "12140012453234606581", "amount": 250, "createdAt": "2014-09-24T22:01:58+00:00", "shoeSize": "12", "productId": null, "skuUuid": "8ca953bc-186d-4bd6-b9be-c7b6de118c0e", "state": "480", "customerId": null, "localAmount": 250, "localCurrency": "USD"}, {"chainId": "12140011548979374647", "amount": 250, "createdAt": "2014-09-24T19:13:54+00:00", "shoeSize": "13", "productId": null, "skuUuid": "508f3f20-93a5-4a36-9d56-031f89cd0da3", "state": "480", "customerId": null, "localAmount": 250, "localCurrency": "USD"}, {"chainId": "12140011548567551417", "amount": 250, "createdAt": "2014-09-24T19:01:05+00:00", "shoeSize": "11.5", "productId": null, "skuUuid": "28cc2b4f-4f1f-44ea-8752-798f65bbaf05", "state": "480", "customerId": null, "localAmount": 250, "localCurrency": "USD"}, {"chainId": "12140011548790181148", "amount": 250, "createdAt": "2014-09-24T18:34:47+00:00", "shoeSize": "13", "productId": null, "skuUuid": "508f3f20-93a5-4a36-9d56-031f89cd0da3", "state": "480", "customerId": null, "localAmount": 250, "localCurrency": "USD"}, {"chainId": "12140012453441301129", "amount": 250, "createdAt": "2014-09-24T16:57:38+00:00", "shoeSize": "10", "productId": null, "skuUuid": "aa75a9e3-fc6c-478f-befa-4d8c64cda90a", "state": "480", "customerId": null, "localAmount": 250, "localCurrency": "USD"}, {"chainId": "12140012452837505661", "amount": 250, "createdAt": "2014-09-24T16:54:40+00:00", "shoeSize": "9.5", "productId": null, "skuUuid": "4a6abb68-02d5-476f-bc79-5ca1b25505a6", "state": "480", "customerId": null, "localAmount": 250, "localCurrency": "USD"}, {"chainId": "12140012453035209255", "amount": 250, "createdAt": "2014-09-24T15:20:41+00:00", "shoeSize": "10.5", "productId": null, "skuUuid": "1093e280-227f-4044-9bea-8b7f49108177", "state": "480", "customerId": null, "localAmount": 250, "localCurrency": "USD"}, {"chainId": "12140011952103034380", "amount": 250, "createdAt": "2014-09-24T14:59:05+00:00", "shoeSize": "10", "productId": null, "skuUuid": "aa75a9e3-fc6c-478f-befa-4d8c64cda90a", "state": "480", "customerId": null, "localAmount": 250, "localCurrency": "USD"}, {"chainId": "12140003743570542819", "amount": 300, "createdAt": "2014-09-24T00:22:17+00:00", "shoeSize": "9.5", "productId": null, "skuUuid": "4a6abb68-02d5-476f-bc79-5ca1b25505a6", "state": "480", "customerId": null, "localAmount": 300, "localCurrency": "USD"}, {"chainId": "12139995572826736391", "amount": 255, "createdAt": "2014-08-28T01:06:46+00:00", "shoeSize": "10.5", "productId": null, "skuUuid": "1093e280-227f-4044-9bea-8b7f49108177", "state": "480", "customerId": null, "localAmount": 255, "localCurrency": "USD"}]