[{"chainId": "12961230925567910479", "amount": 174, "createdAt": "2019-01-21T20:02:46+00:00", "shoeSize": "9.5Y", "productId": null, "skuUuid": "29a7304b-5491-4041-8c50-2dbcbb10dc75", "state": "480", "customerId": null, "localAmount": 174, "localCurrency": "USD"}, {"chainId": "12928400051772919798", "amount": 102, "createdAt": "2019-01-19T06:36:53+00:00", "shoeSize": "4.5Y", "productId": null, "skuUuid": "7f6c147e-a7ce-4847-b8fd-9ab4db4e3f6d", "state": "480", "customerId": null, "localAmount": 102, "localCurrency": "USD"}, {"chainId": "12929278956919399814", "amount": 219, "createdAt": "2019-01-17T03:57:01+00:00", "shoeSize": "7Y", "productId": null, "skuUuid": "3f1df395-c6f3-4dee-9e1e-dd5889372312", "state": "480", "customerId": null, "localAmount": 219, "localCurrency": "USD"}, {"chainId": "12945985874434310931", "amount": 175, "createdAt": "2019-01-16T15:17:20+00:00", "shoeSize": "6.5Y", "productId": null, "skuUuid": "14b94592-9ecc-46df-8c35-a1b0f2158e03", "state": "480", "customerId": null, "localAmount": 175, "localCurrency": "USD"}, {"chainId": "12973593446385003038", "amount": 135, "createdAt": "2019-01-12T20:15:46+00:00", "shoeSize": "5.5Y", "productId": null, "skuUuid": "c940f39f-ca44-446a-a3d1-6ae4ad5800f2", "state": "480", "customerId": null, "localAmount": 135, "localCurrency": "USD"}, {"chainId": "12938022551600192599", "amount": 150, "createdAt": "2019-01-03T08:10:52+00:00", "shoeSize": "5Y", "productId": null, "skuUuid": "ba33146d-fbd0-4c70-a7f3-00efadfb08f8", "state": "480", "customerId": null, "localAmount": 150, "localCurrency": "USD"}, {"chainId": "12970385925046807870", "amount": 151, "createdAt": "2018-12-30T17:21:32+00:00", "shoeSize": "8Y", "productId": null, "skuUuid": "32909f7c-ee55-4ca0-a975-290f88da2509", "state": "480", "customerId": null, "localAmount": 151, "localCurrency": "USD"}, {"chainId": "12965370465305693760", "amount": 111, "createdAt": "2018-12-23T19:16:43+00:00", "shoeSize": "6Y", "productId": null, "skuUuid": "583242f3-973e-4c78-8682-92b325b75bba", "state": "480", "customerId": null, "localAmount": 111, "localCurrency": "USD"}, {"chainId": "12730080927999488943", "amount": 175, "createdAt": "2018-12-21T18:43:23+00:00", "shoeSize": "6.5Y", "productId": null, "skuUuid": "14b94592-9ecc-46df-8c35-a1b0f2158e03", "state": "480", "customerId": null, "localAmount": 175, "localCurrency": "USD"}, {"chainId": "12963332884527463778", "amount": 110, "createdAt": "2018-12-20T23:48:24+00:00", "shoeSize": "4.5Y", "productId": null, "skuUuid": "7f6c147e-a7ce-4847-b8fd-9ab4db4e3f6d", "state": "480", "customerId": null, "localAmount": 110, "localCurrency": "USD"}, {"chainId": "12923352730621413621", "amount": 120, "createdAt": "2018-12-15T05:54:35+00:00", "shoeSize": "4Y", "productId": null, "skuUuid": "44f3acb2-d574-4d38-ae7c-08835ee2e5d1", "state": "480", "customerId": null, "localAmount": 120, "localCurrency": "USD"}, {"chainId": "12748807118678374822", "amount": 150, "createdAt": "2018-12-14T04:37:02+00:00", "shoeSize": "7Y", "productId": null, "skuUuid": "3f1df395-c6f3-4dee-9e1e-dd5889372312", "state": "480", "customerId": null, "localAmount": 150, "localCurrency": "USD"}, {"chainId": "12865394867001044649", "amount": 175, "createdAt": "2018-12-13T21:39:06+00:00", "shoeSize": "4.5Y", "productId": null, "skuUuid": "7f6c147e-a7ce-4847-b8fd-9ab4db4e3f6d", "state": "480", "customerId": null, "localAmount": 175, "localCurrency": "USD"}, {"chainId": "12835514277888533327", "amount": 175, "createdAt": "2018-12-13T06:35:46+00:00", "shoeSize": "7.5Y", "productId": null, "skuUuid": "177bfd2a-13c9-4079-90de-16602f7f87e1", "state": "480", "customerId": null, "localAmount": 175, "localCurrency": "USD"}, {"chainId": "12956966876150385302", "amount": 100, "createdAt": "2018-12-12T05:33:53+00:00", "shoeSize": "5Y", "productId": null, "skuUuid": "ba33146d-fbd0-4c70-a7f3-00efadfb08f8", "state": "480", "customerId": null, "localAmount": 100, "localCurrency": "USD"}, {"chainId": "12947683233431387826", "amount": 170, "createdAt": "2018-12-11T17:53:26+00:00", "shoeSize": "8.5Y", "productId": null, "skuUuid": "92642dce-3814-4647-803d-0ce25ea971cb", "state": "480", "customerId": null, "localAmount": 170, "localCurrency": "USD"}, {"chainId": "12950962672148515533", "amount": 160, "createdAt": "2018-12-11T06:17:26+00:00", "shoeSize": "7Y", "productId": null, "skuUuid": "3f1df395-c6f3-4dee-9e1e-dd5889372312", "state": "480", "customerId": null, "localAmount": 160, "localCurrency": "USD"}, {"chainId": "12940846381879740031", "amount": 175, "createdAt": "2018-12-11T04:24:04+00:00", "shoeSize": "6.5Y", "productId": null, "skuUuid": "14b94592-9ecc-46df-8c35-a1b0f2158e03", "state": "480", "customerId": null, "localAmount": 175, "localCurrency": "USD"}, {"chainId": "12760776266915361385", "amount": 155, "createdAt": "2018-12-09T18:52:13+00:00", "shoeSize": "6Y", "productId": null, "skuUuid": "583242f3-973e-4c78-8682-92b325b75bba", "state": "480", "customerId": null, "localAmount": 155, "localCurrency": "USD"}, {"chainId": "12946205384664290665", "amount": 220, "createdAt": "2018-12-07T16:58:19+00:00", "shoeSize": "9Y", "productId": null, "skuUuid": "12ec0414-2c45-4c15-8e68-6e6a48bcd1d3", "state": "480", "customerId": null, "localAmount": 220, "localCurrency": "USD"}, {"chainId": "12950344239763041944", "amount": 170, "createdAt": "2018-12-03T02:10:08+00:00", "shoeSize": "9.5Y", "productId": null, "skuUuid": "29a7304b-5491-4041-8c50-2dbcbb10dc75", "state": "480", "customerId": null, "localAmount": 170, "localCurrency": "USD"}, {"chainId": "12946588252559059093", "amount": 136, "createdAt": "2018-11-27T21:20:06+00:00", "shoeSize": "8.5Y", "productId": null, "skuUuid": "92642dce-3814-4647-803d-0ce25ea971cb", "state": "480", "customerId": null, "localAmount": 136, "localCurrency": "USD"}, {"chainId": "12946049157397876890", "amount": 150, "createdAt": "2018-11-27T03:28:44+00:00", "shoeSize": "7.5Y", "productId": null, "skuUuid": "177bfd2a-13c9-4079-90de-16602f7f87e1", "state": "480", "customerId": null, "localAmount": 150, "localCurrency": "USD"}, {"chainId": "12944907034507090306", "amount": 175, "createdAt": "2018-11-25T13:39:32+00:00", "shoeSize": "8.5Y", "productId": null, "skuUuid": "92642dce-3814-4647-803d-0ce25ea971cb", "state": "480", "customerId": null, "localAmount": 175, "localCurrency": "USD"}, {"chainId": "12307363618687967973", "amount": 180, "createdAt": "2018-11-25T00:49:23+00:00", "shoeSize": "6.5Y", "productId": null, "skuUuid": "14b94592-9ecc-46df-8c35-a1b0f2158e03", "state": "480", "customerId": null, "localAmount": 180, "localCurrency": "USD"}, {"chainId": "12935869851819718552", "amount": 166, "createdAt": "2018-11-17T20:58:26+00:00", "shoeSize": "9Y", "productId": null, "skuUuid": "12ec0414-2c45-4c15-8e68-6e6a48bcd1d3", "state": "480", "customerId": null, "localAmount": 166, "localCurrency": "USD"}, {"chainId": "12780566500766603104", "amount": 164, "createdAt": "2018-11-17T19:09:59+00:00", "shoeSize": "3.5Y", "productId": null, "skuUuid": "6bd65541-ff14-48ed-a9ad-697d483abb01", "state": "480", "customerId": null, "localAmount": 164, "localCurrency": "USD"}, {"chainId": "12935387823183162754", "amount": 150, "createdAt": "2018-11-15T07:25:45+00:00", "shoeSize": "6Y", "productId": null, "skuUuid": "583242f3-973e-4c78-8682-92b325b75bba", "state": "480", "customerId": null, "localAmount": 150, "localCurrency": "USD"}, {"chainId": "12790682268927409893", "amount": 100, "createdAt": "2018-11-02T10:27:34+00:00", "shoeSize": "4.5Y", "productId": null, "skuUuid": "7f6c147e-a7ce-4847-b8fd-9ab4db4e3f6d", "state": "480", "customerId": null, "localAmount": 100, "localCurrency": "USD"}, {"chainId": "12922398535944104200", "amount": 166, "createdAt": "2018-11-01T12:36:20+00:00", "shoeSize": "9Y", "productId": null, "skuUuid": "12ec0414-2c45-4c15-8e68-6e6a48bcd1d3", "state": "480", "customerId": null, "localAmount": 166, "localCurrency": "USD"}, {"chainId": "12872479205723874619", "amount": 147, "createdAt": "2018-10-31T22:17:42+00:00", "shoeSize": "8Y", "productId": null, "skuUuid": "32909f7c-ee55-4ca0-a975-290f88da2509", "state": "480", "customerId": null, "localAmount": 147, "localCurrency": "USD"}, {"chainId": "12923277583500779666", "amount": 156, "createdAt": "2018-10-26T17:25:42+00:00", "shoeSize": "8.5Y", "productId": null, "skuUuid": "92642dce-3814-4647-803d-0ce25ea971cb", "state": "480", "customerId": null, "localAmount": 156, "localCurrency": "USD"}, {"chainId": "12860243137200691300", "amount": 100, "createdAt": "2018-10-23T18:03:03+00:00", "shoeSize": "6.5Y", "productId": null, "skuUuid": "14b94592-9ecc-46df-8c35-a1b0f2158e03", "state": "480", "customerId": null, "localAmount": 100, "localCurrency": "USD"}, {"chainId": "12911080602518130249", "amount": 123, "createdAt": "2018-10-23T17:59:00+00:00", "shoeSize": "7Y", "productId": null, "skuUuid": "3f1df395-c6f3-4dee-9e1e-dd5889372312", "state": "480", "customerId": null, "localAmount": 123, "localCurrency": "USD"}, {"chainId": "12877105091333192924", "amount": 150, "createdAt": "2018-10-22T02:23:12+00:00", "shoeSize": "5.5Y", "productId": null, "skuUuid": "c940f39f-ca44-446a-a3d1-6ae4ad5800f2", "state": "480", "customerId": null, "localAmount": 150, "localCurrency": "USD"}, {"chainId": "12912445057093498661", "amount": 122, "createdAt": "2018-10-17T19:31:22+00:00", "shoeSize": "5.5Y", "productId": null, "skuUuid": "c940f39f-ca44-446a-a3d1-6ae4ad5800f2", "state": "480", "customerId": null, "localAmount": 122, "localCurrency": "USD"}, {"chainId": "12908266031456411851", "amount": 180, "createdAt": "2018-10-15T23:44:06+00:00", "shoeSize": "8.5Y", "productId": null, "skuUuid": "92642dce-3814-4647-803d-0ce25ea971cb", "state": "480", "customerId": null, "localAmount": 180, "localCurrency": "USD"}, {"chainId": "12839433865876596190", "amount": 130, "createdAt": "2018-10-15T21:32:41+00:00", "shoeSize": "5.5Y", "productId": null, "skuUuid": "c940f39f-ca44-446a-a3d1-6ae4ad5800f2", "state": "480", "customerId": null, "localAmount": 130, "localCurrency": "USD"}, {"chainId": "12906179325615067366", "amount": 200, "createdAt": "2018-10-13T06:08:16+00:00", "shoeSize": "9.5Y", "productId": null, "skuUuid": "29a7304b-5491-4041-8c50-2dbcbb10dc75", "state": "480", "customerId": null, "localAmount": 200, "localCurrency": "USD"}, {"chainId": "12876846881653130307", "amount": 280, "createdAt": "2018-10-09T06:10:42+00:00", "shoeSize": "7Y", "productId": null, "skuUuid": "3f1df395-c6f3-4dee-9e1e-dd5889372312", "state": "480", "customerId": null, "localAmount": 280, "localCurrency": "USD"}, {"chainId": "12889194471616175342", "amount": 159, "createdAt": "2018-10-06T01:33:51+00:00", "shoeSize": "7.5Y", "productId": null, "skuUuid": "177bfd2a-13c9-4079-90de-16602f7f87e1", "state": "480", "customerId": null, "localAmount": 159, "localCurrency": "USD"}, {"chainId": "12858137478053926017", "amount": 155, "createdAt": "2018-10-05T22:53:56+00:00", "shoeSize": "7.5Y", "productId": null, "skuUuid": "177bfd2a-13c9-4079-90de-16602f7f87e1", "state": "480", "customerId": null, "localAmount": 155, "localCurrency": "USD"}, {"chainId": "12897199231171388578", "amount": 165, "createdAt": "2018-09-27T15:15:06+00:00", "shoeSize": "8.5Y", "productId": null, "skuUuid": "92642dce-3814-4647-803d-0ce25ea971cb", "state": "480", "customerId": null, "localAmount": 165, "localCurrency": "USD"}, {"chainId": "12782340075975935619", "amount": 170, "createdAt": "2018-09-24T17:44:12+00:00", "shoeSize": "6Y", "productId": null, "skuUuid": "583242f3-973e-4c78-8682-92b325b75bba", "state": "480", "customerId": null, "localAmount": 170, "localCurrency": "USD"}, {"chainId": "12890494741666055594", "amount": 140, "createdAt": "2018-09-16T02:02:35+00:00", "shoeSize": "6.5Y", "productId": null, "skuUuid": "14b94592-9ecc-46df-8c35-a1b0f2158e03", "state": "480", "customerId": null, "localAmount": 140, "localCurrency": "USD"}, {"chainId": "12861468721554932264", "amount": 165, "createdAt": "2018-09-13T20:59:22+00:00", "shoeSize": "9Y", "productId": null, "skuUuid": "12ec0414-2c45-4c15-8e68-6e6a48bcd1d3", "state": "480", "customerId": null, "localAmount": 165, "localCurrency": "USD"}, {"chainId": "12883260802087079828", "amount": 115, "createdAt": "2018-09-10T22:24:03+00:00", "shoeSize": "6.5Y", "productId": null, "skuUuid": "14b94592-9ecc-46df-8c35-a1b0f2158e03", "state": "480", "customerId": null, "localAmount": 115, "localCurrency": "USD"}, {"chainId": "12882404566597652577", "amount": 110, "createdAt": "2018-09-10T00:17:03+00:00", "shoeSize": "4Y", "productId": null, "skuUuid": "44f3acb2-d574-4d38-ae7c-08835ee2e5d1", "state": "480", "customerId": null, "localAmount": 110, "localCurrency": "USD"}, {"chainId": "12888091420338861551", "amount": 155, "createdAt": "2018-09-08T04:17:04+00:00", "shoeSize": "7.5Y", "productId": null, "skuUuid": "177bfd2a-13c9-4079-90de-16602f7f87e1", "state": "480", "customerId": null, "localAmount": 155, "localCurrency": "USD"}, {"chainId": "12886296104973875024", "amount": 140, "createdAt": "2018-09-07T03:34:33+00:00", "shoeSize": "8Y", "productId": null, "skuUuid": "32909f7c-ee55-4ca0-a975-290f88da2509", "state": "480", "customerId": null, "localAmount": 140, "localCurrency": "USD"}, {"chainId": "12884187949344212730", "amount": 66, "createdAt": "2018-09-02T19:01:33+00:00", "shoeSize": "3.5Y", "productId": null, "skuUuid": "6bd65541-ff14-48ed-a9ad-697d483abb01", "state": "480", "customerId": null, "localAmount": 66, "localCurrency": "USD"}, {"chainId": "12874301836259423038", "amount": 115, "createdAt": "2018-09-02T08:15:01+00:00", "shoeSize": "6.5Y", "productId": null, "skuUuid": "14b94592-9ecc-46df-8c35-a1b0f2158e03", "state": "480", "customerId": null, "localAmount": 115, "localCurrency": "USD"}, {"chainId": "12882404216564552570", "amount": 100, "createdAt": "2018-08-31T07:57:35+00:00", "shoeSize": "4.5Y", "productId": null, "skuUuid": "7f6c147e-a7ce-4847-b8fd-9ab4db4e3f6d", "state": "480", "customerId": null, "localAmount": 100, "localCurrency": "USD"}, {"chainId": "12881562537519935193", "amount": 155, "createdAt": "2018-08-30T04:05:19+00:00", "shoeSize": "7.5Y", "productId": null, "skuUuid": "177bfd2a-13c9-4079-90de-16602f7f87e1", "state": "480", "customerId": null, "localAmount": 155, "localCurrency": "USD"}, {"chainId": "12880596493699071240", "amount": 100, "createdAt": "2018-08-29T22:19:03+00:00", "shoeSize": "4Y", "productId": null, "skuUuid": "44f3acb2-d574-4d38-ae7c-08835ee2e5d1", "state": "480", "customerId": null, "localAmount": 100, "localCurrency": "USD"}, {"chainId": "12880596754920654729", "amount": 100, "createdAt": "2018-08-29T22:15:27+00:00", "shoeSize": "4.5Y", "productId": null, "skuUuid": "7f6c147e-a7ce-4847-b8fd-9ab4db4e3f6d", "state": "480", "customerId": null, "localAmount": 100, "localCurrency": "USD"}, {"chainId": "12879809611573952471", "amount": 115, "createdAt": "2018-08-27T18:02:41+00:00", "shoeSize": "6Y", "productId": null, "skuUuid": "583242f3-973e-4c78-8682-92b325b75bba", "state": "480", "customerId": null, "localAmount": 115, "localCurrency": "USD"}, {"chainId": "12782304432669617531", "amount": 150, "createdAt": "2018-08-27T15:51:05+00:00", "shoeSize": "7Y", "productId": null, "skuUuid": "3f1df395-c6f3-4dee-9e1e-dd5889372312", "state": "480", "customerId": null, "localAmount": 150, "localCurrency": "USD"}, {"chainId": "12879414203609054302", "amount": 96, "createdAt": "2018-08-27T04:56:58+00:00", "shoeSize": "4.5Y", "productId": null, "skuUuid": "7f6c147e-a7ce-4847-b8fd-9ab4db4e3f6d", "state": "480", "customerId": null, "localAmount": 96, "localCurrency": "USD"}, {"chainId": "12877273415440681872", "amount": 245, "createdAt": "2018-08-24T06:52:32+00:00", "shoeSize": "9Y", "productId": null, "skuUuid": "12ec0414-2c45-4c15-8e68-6e6a48bcd1d3", "state": "480", "customerId": null, "localAmount": 245, "localCurrency": "USD"}, {"chainId": "12564680666600842571", "amount": 260, "createdAt": "2018-08-17T00:03:00+00:00", "shoeSize": "6Y", "productId": null, "skuUuid": "583242f3-973e-4c78-8682-92b325b75bba", "state": "480", "customerId": null, "localAmount": 260, "localCurrency": "USD"}, {"chainId": "12865122391560289960", "amount": 100, "createdAt": "2018-08-10T18:21:11+00:00", "shoeSize": "6.5Y", "productId": null, "skuUuid": "14b94592-9ecc-46df-8c35-a1b0f2158e03", "state": "480", "customerId": null, "localAmount": 100, "localCurrency": "USD"}, {"chainId": "12865394764138746588", "amount": 174, "createdAt": "2018-08-09T23:26:35+00:00", "shoeSize": "7Y", "productId": null, "skuUuid": "3f1df395-c6f3-4dee-9e1e-dd5889372312", "state": "480", "customerId": null, "localAmount": 174, "localCurrency": "USD"}, {"chainId": "12827794719202657599", "amount": 195, "createdAt": "2018-08-09T20:06:14+00:00", "shoeSize": "8.5Y", "productId": null, "skuUuid": "92642dce-3814-4647-803d-0ce25ea971cb", "state": "480", "customerId": null, "localAmount": 195, "localCurrency": "USD"}, {"chainId": "12606953449372312920", "amount": 200, "createdAt": "2018-08-08T15:59:42+00:00", "shoeSize": "8Y", "productId": null, "skuUuid": "32909f7c-ee55-4ca0-a975-290f88da2509", "state": "480", "customerId": null, "localAmount": 200, "localCurrency": "USD"}, {"chainId": "12816806675471177507", "amount": 240, "createdAt": "2018-08-05T02:09:25+00:00", "shoeSize": "9Y", "productId": null, "skuUuid": "12ec0414-2c45-4c15-8e68-6e6a48bcd1d3", "state": "480", "customerId": null, "localAmount": 240, "localCurrency": "USD"}, {"chainId": "12479305359591046865", "amount": 159, "createdAt": "2018-08-03T11:05:10+00:00", "shoeSize": "5.5Y", "productId": null, "skuUuid": "c940f39f-ca44-446a-a3d1-6ae4ad5800f2", "state": "480", "customerId": null, "localAmount": 159, "localCurrency": "USD"}, {"chainId": "12861650483330371021", "amount": 100, "createdAt": "2018-08-02T16:43:38+00:00", "shoeSize": "6.5Y", "productId": null, "skuUuid": "14b94592-9ecc-46df-8c35-a1b0f2158e03", "state": "480", "customerId": null, "localAmount": 100, "localCurrency": "USD"}, {"chainId": "12855143620580672265", "amount": 175, "createdAt": "2018-08-01T15:47:06+00:00", "shoeSize": "7Y", "productId": null, "skuUuid": "3f1df395-c6f3-4dee-9e1e-dd5889372312", "state": "480", "customerId": null, "localAmount": 175, "localCurrency": "USD"}, {"chainId": "12825551403352164487", "amount": 80, "createdAt": "2018-07-24T19:43:19+00:00", "shoeSize": "6Y", "productId": null, "skuUuid": "583242f3-973e-4c78-8682-92b325b75bba", "state": "480", "customerId": null, "localAmount": 80, "localCurrency": "USD"}, {"chainId": "12846635706740603223", "amount": 190, "createdAt": "2018-07-16T19:52:20+00:00", "shoeSize": "7Y", "productId": null, "skuUuid": "3f1df395-c6f3-4dee-9e1e-dd5889372312", "state": "480", "customerId": null, "localAmount": 190, "localCurrency": "USD"}, {"chainId": "12825714378443108745", "amount": 125, "createdAt": "2018-07-12T02:23:12+00:00", "shoeSize": "5.5Y", "productId": null, "skuUuid": "c940f39f-ca44-446a-a3d1-6ae4ad5800f2", "state": "480", "customerId": null, "localAmount": 125, "localCurrency": "USD"}, {"chainId": "12826343390125347494", "amount": 150, "createdAt": "2018-07-07T01:22:04+00:00", "shoeSize": "7Y", "productId": null, "skuUuid": "3f1df395-c6f3-4dee-9e1e-dd5889372312", "state": "480", "customerId": null, "localAmount": 150, "localCurrency": "USD"}, {"chainId": "12806116913714644184", "amount": 70, "createdAt": "2018-07-06T12:07:18+00:00", "shoeSize": "6.5Y", "productId": null, "skuUuid": "14b94592-9ecc-46df-8c35-a1b0f2158e03", "state": "480", "customerId": null, "localAmount": 70, "localCurrency": "USD"}, {"chainId": "12834900140543066487", "amount": 200, "createdAt": "2018-07-05T13:27:56+00:00", "shoeSize": "9Y", "productId": null, "skuUuid": "12ec0414-2c45-4c15-8e68-6e6a48bcd1d3", "state": "480", "customerId": null, "localAmount": 200, "localCurrency": "USD"}, {"chainId": "12836868898305654787", "amount": 182, "createdAt": "2018-07-02T21:36:15+00:00", "shoeSize": "9.5Y", "productId": null, "skuUuid": "29a7304b-5491-4041-8c50-2dbcbb10dc75", "state": "480", "customerId": null, "localAmount": 182, "localCurrency": "USD"}, {"chainId": "12664479750723941888", "amount": 178, "createdAt": "2018-06-26T23:05:33+00:00", "shoeSize": "4Y", "productId": null, "skuUuid": "44f3acb2-d574-4d38-ae7c-08835ee2e5d1", "state": "480", "customerId": null, "localAmount": 178, "localCurrency": "USD"}, {"chainId": "12815624656960204647", "amount": 179, "createdAt": "2018-06-16T00:02:40+00:00", "shoeSize": "8.5Y", "productId": null, "skuUuid": "92642dce-3814-4647-803d-0ce25ea971cb", "state": "480", "customerId": null, "localAmount": 179, "localCurrency": "USD"}, {"chainId": "12602378314814910490", "amount": 110, "createdAt": "2018-06-06T02:14:31+00:00", "shoeSize": "6Y", "productId": null, "skuUuid": "583242f3-973e-4c78-8682-92b325b75bba", "state": "480", "customerId": null, "localAmount": 110, "localCurrency": "USD"}, {"chainId": "12819196891529106809", "amount": 195, "createdAt": "2018-06-05T12:17:36+00:00", "shoeSize": "7Y", "productId": null, "skuUuid": "3f1df395-c6f3-4dee-9e1e-dd5889372312", "state": "480", "customerId": null, "localAmount": 195, "localCurrency": "USD"}, {"chainId": "12790085697157735684", "amount": 189, "createdAt": "2018-06-01T22:40:53+00:00", "shoeSize": "7Y", "productId": null, "skuUuid": "3f1df395-c6f3-4dee-9e1e-dd5889372312", "state": "480", "customerId": null, "localAmount": 189, "localCurrency": "USD"}, {"chainId": "12772340906551136064", "amount": 178, "createdAt": "2018-05-17T21:13:38+00:00", "shoeSize": "6Y", "productId": null, "skuUuid": "583242f3-973e-4c78-8682-92b325b75bba", "state": "480", "customerId": null, "localAmount": 178, "localCurrency": "USD"}, {"chainId": "12713711483244979836", "amount": 180, "createdAt": "2018-05-14T23:20:26+00:00", "shoeSize": "7Y", "productId": null, "skuUuid": "3f1df395-c6f3-4dee-9e1e-dd5889372312", "state": "480", "customerId": null, "localAmount": 180, "localCurrency": "USD"}, {"chainId": "12769141501057505999", "amount": 180, "createdAt": "2018-04-25T22:36:44+00:00", "shoeSize": "7Y", "productId": null, "skuUuid": "3f1df395-c6f3-4dee-9e1e-dd5889372312", "state": "480", "customerId": null, "localAmount": 180, "localCurrency": "USD"}, {"chainId": "12781422192563662111", "amount": 150, "createdAt": "2018-04-23T01:58:04+00:00", "shoeSize": "5.5Y", "productId": null, "skuUuid": "c940f39f-ca44-446a-a3d1-6ae4ad5800f2", "state": "480", "customerId": null, "localAmount": 150, "localCurrency": "USD"}, {"chainId": "12782861747494862229", "amount": 161, "createdAt": "2018-04-15T23:44:28+00:00", "shoeSize": "8.5Y", "productId": null, "skuUuid": "92642dce-3814-4647-803d-0ce25ea971cb", "state": "480", "customerId": null, "localAmount": 161, "localCurrency": "USD"}, {"chainId": "12779019959620549454", "amount": 179, "createdAt": "2018-04-13T02:46:08+00:00", "shoeSize": "6.5Y", "productId": null, "skuUuid": "14b94592-9ecc-46df-8c35-a1b0f2158e03", "state": "480", "customerId": null, "localAmount": 179, "localCurrency": "USD"}, {"chainId": "12743556620792610377", "amount": 250, "createdAt": "2018-04-12T22:34:31+00:00", "shoeSize": "8Y", "productId": null, "skuUuid": "32909f7c-ee55-4ca0-a975-290f88da2509", "state": "480", "customerId": null, "localAmount": 250, "localCurrency": "USD"}, {"chainId": "12752742180399258898", "amount": 185, "createdAt": "2018-04-12T10:24:22+00:00", "shoeSize": "9Y", "productId": null, "skuUuid": "12ec0414-2c45-4c15-8e68-6e6a48bcd1d3", "state": "480", "customerId": null, "localAmount": 185, "localCurrency": "USD"}, {"chainId": "12779588918500289952", "amount": 160, "createdAt": "2018-04-11T17:29:38+00:00", "shoeSize": "8Y", "productId": null, "skuUuid": "32909f7c-ee55-4ca0-a975-290f88da2509", "state": "480", "customerId": null, "localAmount": 160, "localCurrency": "USD"}, {"chainId": "12775827335458040437", "amount": 179, "createdAt": "2018-04-08T00:45:43+00:00", "shoeSize": "7Y", "productId": null, "skuUuid": "3f1df395-c6f3-4dee-9e1e-dd5889372312", "state": "480", "customerId": null, "localAmount": 179, "localCurrency": "USD"}, {"chainId": "12684568526662065357", "amount": 150, "createdAt": "2018-04-06T16:23:01+00:00", "shoeSize": "5Y", "productId": null, "skuUuid": "ba33146d-fbd0-4c70-a7f3-00efadfb08f8", "state": "480", "customerId": null, "localAmount": 150, "localCurrency": "USD"}, {"chainId": "12768528067498307825", "amount": 150, "createdAt": "2018-03-27T05:11:21+00:00", "shoeSize": "9Y", "productId": null, "skuUuid": "12ec0414-2c45-4c15-8e68-6e6a48bcd1d3", "state": "480", "customerId": null, "localAmount": 150, "localCurrency": "USD"}, {"chainId": "12682250856190486046", "amount": 137, "createdAt": "2018-03-25T00:46:39+00:00", "shoeSize": "6Y", "productId": null, "skuUuid": "583242f3-973e-4c78-8682-92b325b75bba", "state": "480", "customerId": null, "localAmount": 137, "localCurrency": "USD"}, {"chainId": "12675664772054046175", "amount": 229, "createdAt": "2018-03-22T20:53:15+00:00", "shoeSize": "9.5Y", "productId": null, "skuUuid": "29a7304b-5491-4041-8c50-2dbcbb10dc75", "state": "480", "customerId": null, "localAmount": 229, "localCurrency": "USD"}, {"chainId": "12758986002214615246", "amount": 132, "createdAt": "2018-03-17T05:02:03+00:00", "shoeSize": "7Y", "productId": null, "skuUuid": "3f1df395-c6f3-4dee-9e1e-dd5889372312", "state": "480", "customerId": null, "localAmount": 132, "localCurrency": "USD"}, {"chainId": "12692085248845075755", "amount": 254, "createdAt": "2018-03-13T22:29:12+00:00", "shoeSize": "9Y", "productId": null, "skuUuid": "12ec0414-2c45-4c15-8e68-6e6a48bcd1d3", "state": "480", "customerId": null, "localAmount": 254, "localCurrency": "USD"}, {"chainId": "12603673099923665235", "amount": 135, "createdAt": "2018-03-07T14:32:51+00:00", "shoeSize": "6Y", "productId": null, "skuUuid": "583242f3-973e-4c78-8682-92b325b75bba", "state": "480", "customerId": null, "localAmount": 135, "localCurrency": "USD"}, {"chainId": "12543605535795148125", "amount": 210, "createdAt": "2018-02-23T01:52:16+00:00", "shoeSize": "7Y", "productId": null, "skuUuid": "3f1df395-c6f3-4dee-9e1e-dd5889372312", "state": "480", "customerId": null, "localAmount": 210, "localCurrency": "USD"}, {"chainId": "12644129367364471610", "amount": 230, "createdAt": "2018-02-21T04:24:02+00:00", "shoeSize": "9Y", "productId": null, "skuUuid": "12ec0414-2c45-4c15-8e68-6e6a48bcd1d3", "state": "480", "customerId": null, "localAmount": 230, "localCurrency": "USD"}, {"chainId": "12729407131894671334", "amount": 180, "createdAt": "2018-02-17T07:38:25+00:00", "shoeSize": "8Y", "productId": null, "skuUuid": "32909f7c-ee55-4ca0-a975-290f88da2509", "state": "480", "customerId": null, "localAmount": 180, "localCurrency": "USD"}, {"chainId": "12682315541734585708", "amount": 160, "createdAt": "2018-02-13T22:33:33+00:00", "shoeSize": "6.5Y", "productId": null, "skuUuid": "14b94592-9ecc-46df-8c35-a1b0f2158e03", "state": "480", "customerId": null, "localAmount": 160, "localCurrency": "USD"}, {"chainId": "12703343732040310511", "amount": 168, "createdAt": "2018-02-09T07:13:13+00:00", "shoeSize": "8Y", "productId": null, "skuUuid": "32909f7c-ee55-4ca0-a975-290f88da2509", "state": "480", "customerId": null, "localAmount": 168, "localCurrency": "USD"}, {"chainId": "12732355637573532245", "amount": 90, "createdAt": "2018-02-05T07:17:51+00:00", "shoeSize": "4.5Y", "productId": null, "skuUuid": "7f6c147e-a7ce-4847-b8fd-9ab4db4e3f6d", "state": "480", "customerId": null, "localAmount": 90, "localCurrency": "USD"}, {"chainId": "12712615653078221715", "amount": 125, "createdAt": "2018-01-27T17:32:26+00:00", "shoeSize": "7Y", "productId": null, "skuUuid": "3f1df395-c6f3-4dee-9e1e-dd5889372312", "state": "480", "customerId": null, "localAmount": 125, "localCurrency": "USD"}, {"chainId": "12711036424663887543", "amount": 120, "createdAt": "2018-01-25T17:01:55+00:00", "shoeSize": "7Y", "productId": null, "skuUuid": "3f1df395-c6f3-4dee-9e1e-dd5889372312", "state": "480", "customerId": null, "localAmount": 120, "localCurrency": "USD"}, {"chainId": "12703295202876765555", "amount": 200, "createdAt": "2018-01-16T05:27:10+00:00", "shoeSize": "8Y", "productId": null, "skuUuid": "32909f7c-ee55-4ca0-a975-290f88da2509", "state": "480", "customerId": null, "localAmount": 200, "localCurrency": "USD"}, {"chainId": "12698986589885558332", "amount": 180, "createdAt": "2018-01-03T01:11:11+00:00", "shoeSize": "7Y", "productId": null, "skuUuid": "3f1df395-c6f3-4dee-9e1e-dd5889372312", "state": "480", "customerId": null, "localAmount": 180, "localCurrency": "USD"}, {"chainId": "12682315439501362308", "amount": 170, "createdAt": "2018-01-03T01:08:58+00:00", "shoeSize": "7Y", "productId": null, "skuUuid": "3f1df395-c6f3-4dee-9e1e-dd5889372312", "state": "480", "customerId": null, "localAmount": 170, "localCurrency": "USD"}, {"chainId": "12695934192718028664", "amount": 124, "createdAt": "2017-12-26T03:11:21+00:00", "shoeSize": "6Y", "productId": null, "skuUuid": "583242f3-973e-4c78-8682-92b325b75bba", "state": "480", "customerId": null, "localAmount": 124, "localCurrency": "USD"}, {"chainId": "12682316458220190883", "amount": 165, "createdAt": "2017-12-22T10:58:51+00:00", "shoeSize": "7.5Y", "productId": null, "skuUuid": "177bfd2a-13c9-4079-90de-16602f7f87e1", "state": "480", "customerId": null, "localAmount": 165, "localCurrency": "USD"}, {"chainId": "12679549997564159189", "amount": 125, "createdAt": "2017-12-20T21:50:51+00:00", "shoeSize": "6Y", "productId": null, "skuUuid": "583242f3-973e-4c78-8682-92b325b75bba", "state": "480", "customerId": null, "localAmount": 125, "localCurrency": "USD"}, {"chainId": "12572494639565091273", "amount": 164, "createdAt": "2017-12-20T20:00:17+00:00", "shoeSize": "7.5Y", "productId": null, "skuUuid": "177bfd2a-13c9-4079-90de-16602f7f87e1", "state": "480", "customerId": null, "localAmount": 164, "localCurrency": "USD"}, {"chainId": "12621218234523050123", "amount": 200, "createdAt": "2017-12-17T12:42:04+00:00", "shoeSize": "9Y", "productId": null, "skuUuid": "12ec0414-2c45-4c15-8e68-6e6a48bcd1d3", "state": "480", "customerId": null, "localAmount": 200, "localCurrency": "USD"}, {"chainId": "12529187201013861636", "amount": 143, "createdAt": "2017-12-15T16:05:12+00:00", "shoeSize": "4.5Y", "productId": null, "skuUuid": "7f6c147e-a7ce-4847-b8fd-9ab4db4e3f6d", "state": "480", "customerId": null, "localAmount": 143, "localCurrency": "USD"}, {"chainId": "12686326388823371555", "amount": 185, "createdAt": "2017-12-05T01:20:52+00:00", "shoeSize": "6.5Y", "productId": null, "skuUuid": "14b94592-9ecc-46df-8c35-a1b0f2158e03", "state": "480", "customerId": null, "localAmount": 185, "localCurrency": "USD"}, {"chainId": "12646224569328415455", "amount": 85, "createdAt": "2017-11-29T07:01:04+00:00", "shoeSize": "4.5Y", "productId": null, "skuUuid": "7f6c147e-a7ce-4847-b8fd-9ab4db4e3f6d", "state": "480", "customerId": null, "localAmount": 85, "localCurrency": "USD"}, {"chainId": "12620856100273600920", "amount": 158, "createdAt": "2017-11-29T03:43:49+00:00", "shoeSize": "5.5Y", "productId": null, "skuUuid": "c940f39f-ca44-446a-a3d1-6ae4ad5800f2", "state": "480", "customerId": null, "localAmount": 158, "localCurrency": "USD"}, {"chainId": "12668188468997522719", "amount": 185, "createdAt": "2017-11-22T22:15:17+00:00", "shoeSize": "9Y", "productId": null, "skuUuid": "12ec0414-2c45-4c15-8e68-6e6a48bcd1d3", "state": "480", "customerId": null, "localAmount": 185, "localCurrency": "USD"}, {"chainId": "12675551959856391881", "amount": 162, "createdAt": "2017-11-18T22:19:05+00:00", "shoeSize": "9.5Y", "productId": null, "skuUuid": "29a7304b-5491-4041-8c50-2dbcbb10dc75", "state": "480", "customerId": null, "localAmount": 162, "localCurrency": "USD"}, {"chainId": "12638416209140608648", "amount": 144, "createdAt": "2017-11-16T05:20:50+00:00", "shoeSize": "5Y", "productId": null, "skuUuid": "ba33146d-fbd0-4c70-a7f3-00efadfb08f8", "state": "480", "customerId": null, "localAmount": 144, "localCurrency": "USD"}, {"chainId": "12636534326177972616", "amount": 180, "createdAt": "2017-10-23T09:33:01+00:00", "shoeSize": "9Y", "productId": null, "skuUuid": "12ec0414-2c45-4c15-8e68-6e6a48bcd1d3", "state": "480", "customerId": null, "localAmount": 180, "localCurrency": "USD"}, {"chainId": "12647971608321220287", "amount": 159, "createdAt": "2017-10-13T19:22:22+00:00", "shoeSize": "5.5Y", "productId": null, "skuUuid": "c940f39f-ca44-446a-a3d1-6ae4ad5800f2", "state": "480", "customerId": null, "localAmount": 159, "localCurrency": "USD"}, {"chainId": "12572494826081934860", "amount": 159, "createdAt": "2017-10-11T15:00:28+00:00", "shoeSize": "5.5Y", "productId": null, "skuUuid": "c940f39f-ca44-446a-a3d1-6ae4ad5800f2", "state": "480", "customerId": null, "localAmount": 159, "localCurrency": "USD"}, {"chainId": "12646671983964498918", "amount": 90, "createdAt": "2017-10-10T01:59:50+00:00", "shoeSize": "5.5Y", "productId": null, "skuUuid": "c940f39f-ca44-446a-a3d1-6ae4ad5800f2", "state": "480", "customerId": null, "localAmount": 90, "localCurrency": "USD"}, {"chainId": "12290904462042444683", "amount": 150, "createdAt": "2017-10-07T01:35:03+00:00", "shoeSize": "7.5Y", "productId": null, "skuUuid": "177bfd2a-13c9-4079-90de-16602f7f87e1", "state": "480", "customerId": null, "localAmount": 150, "localCurrency": "USD"}, {"chainId": "12622546080077465526", "amount": 159, "createdAt": "2017-09-12T00:53:56+00:00", "shoeSize": "5.5Y", "productId": null, "skuUuid": "c940f39f-ca44-446a-a3d1-6ae4ad5800f2", "state": "480", "customerId": null, "localAmount": 159, "localCurrency": "USD"}, {"chainId": "12490175934936966269", "amount": 129, "createdAt": "2017-09-01T13:17:24+00:00", "shoeSize": "5Y", "productId": null, "skuUuid": "ba33146d-fbd0-4c70-a7f3-00efadfb08f8", "state": "480", "customerId": null, "localAmount": 129, "localCurrency": "USD"}, {"chainId": "12618446629577269002", "amount": 200, "createdAt": "2017-09-01T13:16:45+00:00", "shoeSize": "9.5Y", "productId": null, "skuUuid": "29a7304b-5491-4041-8c50-2dbcbb10dc75", "state": "480", "customerId": null, "localAmount": 200, "localCurrency": "USD"}, {"chainId": "12569035039687828325", "amount": 225, "createdAt": "2017-08-19T05:04:23+00:00", "shoeSize": "8.5Y", "productId": null, "skuUuid": "92642dce-3814-4647-803d-0ce25ea971cb", "state": "480", "customerId": null, "localAmount": 225, "localCurrency": "USD"}, {"chainId": "12586347356652430163", "amount": 215, "createdAt": "2017-08-05T01:42:00+00:00", "shoeSize": "8.5Y", "productId": null, "skuUuid": "92642dce-3814-4647-803d-0ce25ea971cb", "state": "480", "customerId": null, "localAmount": 215, "localCurrency": "USD"}, {"chainId": "12433543550599985645", "amount": 200, "createdAt": "2017-07-15T01:21:35+00:00", "shoeSize": "9.5Y", "productId": null, "skuUuid": "29a7304b-5491-4041-8c50-2dbcbb10dc75", "state": "480", "customerId": null, "localAmount": 200, "localCurrency": "USD"}, {"chainId": "12572494274201325935", "amount": 151, "createdAt": "2017-07-08T00:12:03+00:00", "shoeSize": "5Y", "productId": null, "skuUuid": "ba33146d-fbd0-4c70-a7f3-00efadfb08f8", "state": "480", "customerId": null, "localAmount": 151, "localCurrency": "USD"}, {"chainId": "12557185145453837709", "amount": 200, "createdAt": "2017-06-08T23:44:57+00:00", "shoeSize": "6Y", "productId": null, "skuUuid": "583242f3-973e-4c78-8682-92b325b75bba", "state": "480", "customerId": null, "localAmount": 200, "localCurrency": "USD"}, {"chainId": "12553593813165672994", "amount": 195, "createdAt": "2017-06-03T15:50:06+00:00", "shoeSize": "9Y", "productId": null, "skuUuid": "12ec0414-2c45-4c15-8e68-6e6a48bcd1d3", "state": "480", "customerId": null, "localAmount": 195, "localCurrency": "USD"}, {"chainId": "12530700472557771123", "amount": 180, "createdAt": "2017-05-31T02:42:08+00:00", "shoeSize": "8Y", "productId": null, "skuUuid": "32909f7c-ee55-4ca0-a975-290f88da2509", "state": "480", "customerId": null, "localAmount": 180, "localCurrency": "USD"}, {"chainId": "12540867264515914134", "amount": 135, "createdAt": "2017-05-30T13:01:21+00:00", "shoeSize": "6Y", "productId": null, "skuUuid": "583242f3-973e-4c78-8682-92b325b75bba", "state": "480", "customerId": null, "localAmount": 135, "localCurrency": "USD"}, {"chainId": "12487819040763968623", "amount": 90, "createdAt": "2017-05-22T23:33:49+00:00", "shoeSize": "6Y", "productId": null, "skuUuid": "583242f3-973e-4c78-8682-92b325b75bba", "state": "480", "customerId": null, "localAmount": 90, "localCurrency": "USD"}, {"chainId": "12540871539439923472", "amount": 140, "createdAt": "2017-05-17T14:27:06+00:00", "shoeSize": "5Y", "productId": null, "skuUuid": "ba33146d-fbd0-4c70-a7f3-00efadfb08f8", "state": "480", "customerId": null, "localAmount": 140, "localCurrency": "USD"}, {"chainId": "12536190138994193689", "amount": 101, "createdAt": "2017-05-15T19:28:46+00:00", "shoeSize": "5Y", "productId": null, "skuUuid": "ba33146d-fbd0-4c70-a7f3-00efadfb08f8", "state": "480", "customerId": null, "localAmount": 101, "localCurrency": "USD"}, {"chainId": "12478422306828878815", "amount": 110, "createdAt": "2017-05-10T15:33:57+00:00", "shoeSize": "4Y", "productId": null, "skuUuid": "44f3acb2-d574-4d38-ae7c-08835ee2e5d1", "state": "480", "customerId": null, "localAmount": 110, "localCurrency": "USD"}, {"chainId": "12526802804892443176", "amount": 190, "createdAt": "2017-04-30T15:07:23+00:00", "shoeSize": "8.5Y", "productId": null, "skuUuid": "92642dce-3814-4647-803d-0ce25ea971cb", "state": "480", "customerId": null, "localAmount": 190, "localCurrency": "USD"}, {"chainId": "12516038292179137317", "amount": 200, "createdAt": "2017-04-12T20:13:54+00:00", "shoeSize": "8.5Y", "productId": null, "skuUuid": "92642dce-3814-4647-803d-0ce25ea971cb", "state": "480", "customerId": null, "localAmount": 200, "localCurrency": "USD"}, {"chainId": "12446270046462106725", "amount": 195, "createdAt": "2017-04-03T04:45:32+00:00", "shoeSize": "9Y", "productId": null, "skuUuid": "12ec0414-2c45-4c15-8e68-6e6a48bcd1d3", "state": "480", "customerId": null, "localAmount": 195, "localCurrency": "USD"}, {"chainId": "12503759129805394280", "amount": 110, "createdAt": "2017-03-26T21:37:23+00:00", "shoeSize": "8Y", "productId": null, "skuUuid": "32909f7c-ee55-4ca0-a975-290f88da2509", "state": "480", "customerId": null, "localAmount": 110, "localCurrency": "USD"}, {"chainId": "12478423377924456604", "amount": 110, "createdAt": "2017-03-24T19:58:15+00:00", "shoeSize": "7Y", "productId": null, "skuUuid": "3f1df395-c6f3-4dee-9e1e-dd5889372312", "state": "480", "customerId": null, "localAmount": 110, "localCurrency": "USD"}, {"chainId": "12392680714393260448", "amount": 185, "createdAt": "2017-03-21T04:17:09+00:00", "shoeSize": "5.5Y", "productId": null, "skuUuid": "c940f39f-ca44-446a-a3d1-6ae4ad5800f2", "state": "480", "customerId": null, "localAmount": 185, "localCurrency": "USD"}, {"chainId": "12279834972857430968", "amount": 185, "createdAt": "2017-02-28T21:32:21+00:00", "shoeSize": "5Y", "productId": null, "skuUuid": "ba33146d-fbd0-4c70-a7f3-00efadfb08f8", "state": "480", "customerId": null, "localAmount": 185, "localCurrency": "USD"}, {"chainId": "12284103100862298361", "amount": 197, "createdAt": "2017-02-24T02:05:38+00:00", "shoeSize": "5.5Y", "productId": null, "skuUuid": "c940f39f-ca44-446a-a3d1-6ae4ad5800f2", "state": "480", "customerId": null, "localAmount": 197, "localCurrency": "USD"}, {"chainId": "12390204406682040009", "amount": 190, "createdAt": "2017-02-09T07:31:13+00:00", "shoeSize": "9Y", "productId": null, "skuUuid": "12ec0414-2c45-4c15-8e68-6e6a48bcd1d3", "state": "480", "customerId": null, "localAmount": 190, "localCurrency": "USD"}, {"chainId": "12343008962544412621", "amount": 229, "createdAt": "2016-12-13T18:08:20+00:00", "shoeSize": "9Y", "productId": null, "skuUuid": "12ec0414-2c45-4c15-8e68-6e6a48bcd1d3", "state": "480", "customerId": null, "localAmount": 229, "localCurrency": "USD"}, {"chainId": "12411307389464100756", "amount": 160, "createdAt": "2016-12-06T00:55:33+00:00", "shoeSize": "6Y", "productId": null, "skuUuid": "583242f3-973e-4c78-8682-92b325b75bba", "state": "480", "customerId": null, "localAmount": 160, "localCurrency": "USD"}, {"chainId": "12412379892417794447", "amount": 155, "createdAt": "2016-11-25T05:09:11+00:00", "shoeSize": "7.5Y", "productId": null, "skuUuid": "177bfd2a-13c9-4079-90de-16602f7f87e1", "state": "480", "customerId": null, "localAmount": 155, "localCurrency": "USD"}, {"chainId": "12403234439714859138", "amount": 230, "createdAt": "2016-11-24T23:45:51+00:00", "shoeSize": "9.5Y", "productId": null, "skuUuid": "29a7304b-5491-4041-8c50-2dbcbb10dc75", "state": "480", "customerId": null, "localAmount": 230, "localCurrency": "USD"}, {"chainId": "12389283555556649388", "amount": 225, "createdAt": "2016-10-28T07:52:17+00:00", "shoeSize": "7.5Y", "productId": null, "skuUuid": "177bfd2a-13c9-4079-90de-16602f7f87e1", "state": "480", "customerId": null, "localAmount": 225, "localCurrency": "USD"}, {"chainId": "12389283555726433355", "amount": 200, "createdAt": "2016-10-28T06:36:48+00:00", "shoeSize": "7.5Y", "productId": null, "skuUuid": "177bfd2a-13c9-4079-90de-16602f7f87e1", "state": "480", "customerId": null, "localAmount": 200, "localCurrency": "USD"}, {"chainId": "12374908534999989569", "amount": 275, "createdAt": "2016-09-29T15:42:07+00:00", "shoeSize": "9Y", "productId": null, "skuUuid": "12ec0414-2c45-4c15-8e68-6e6a48bcd1d3", "state": "480", "customerId": null, "localAmount": 275, "localCurrency": "USD"}, {"chainId": "12358710296527083363", "amount": 184, "createdAt": "2016-09-15T22:41:17+00:00", "shoeSize": "7Y", "productId": null, "skuUuid": "3f1df395-c6f3-4dee-9e1e-dd5889372312", "state": "480", "customerId": null, "localAmount": 184, "localCurrency": "USD"}, {"chainId": "12335379751774460705", "amount": 220, "createdAt": "2016-08-14T14:09:08+00:00", "shoeSize": "8Y", "productId": null, "skuUuid": "32909f7c-ee55-4ca0-a975-290f88da2509", "state": "480", "customerId": null, "localAmount": 220, "localCurrency": "USD"}, {"chainId": "12340458823055876905", "amount": 225, "createdAt": "2016-08-13T02:38:07+00:00", "shoeSize": "8.5Y", "productId": null, "skuUuid": "92642dce-3814-4647-803d-0ce25ea971cb", "state": "480", "customerId": null, "localAmount": 225, "localCurrency": "USD"}, {"chainId": "12320314994499186437", "amount": 150, "createdAt": "2016-07-25T19:08:52+00:00", "shoeSize": "6Y", "productId": null, "skuUuid": "583242f3-973e-4c78-8682-92b325b75bba", "state": "480", "customerId": null, "localAmount": 150, "localCurrency": "USD"}, {"chainId": "12306721663884158723", "amount": 200, "createdAt": "2016-07-21T15:48:33+00:00", "shoeSize": "9.5Y", "productId": null, "skuUuid": "29a7304b-5491-4041-8c50-2dbcbb10dc75", "state": "480", "customerId": null, "localAmount": 200, "localCurrency": "USD"}, {"chainId": "12287159918145443196", "amount": 179, "createdAt": "2016-07-20T02:00:03+00:00", "shoeSize": "8Y", "productId": null, "skuUuid": "32909f7c-ee55-4ca0-a975-290f88da2509", "state": "480", "customerId": null, "localAmount": 179, "localCurrency": "USD"}, {"chainId": "12284905255691305975", "amount": 200, "createdAt": "2016-07-05T15:56:17+00:00", "shoeSize": "9Y", "productId": null, "skuUuid": "12ec0414-2c45-4c15-8e68-6e6a48bcd1d3", "state": "480", "customerId": null, "localAmount": 200, "localCurrency": "USD"}, {"chainId": "12304434974523736003", "amount": 234, "createdAt": "2016-06-27T16:30:46+00:00", "shoeSize": "9.5Y", "productId": null, "skuUuid": "29a7304b-5491-4041-8c50-2dbcbb10dc75", "state": "480", "customerId": null, "localAmount": 234, "localCurrency": "USD"}, {"chainId": "12298664620191921452", "amount": 225, "createdAt": "2016-06-16T07:50:16+00:00", "shoeSize": "7.5Y", "productId": null, "skuUuid": "177bfd2a-13c9-4079-90de-16602f7f87e1", "state": "480", "customerId": null, "localAmount": 225, "localCurrency": "USD"}, {"chainId": "12297456523445659042", "amount": 225, "createdAt": "2016-06-14T17:22:55+00:00", "shoeSize": "7.5Y", "productId": null, "skuUuid": "177bfd2a-13c9-4079-90de-16602f7f87e1", "state": "480", "customerId": null, "localAmount": 225, "localCurrency": "USD"}, {"chainId": "12289483796555350371", "amount": 275, "createdAt": "2016-06-12T23:16:13+00:00", "shoeSize": "8.5Y", "productId": null, "skuUuid": "92642dce-3814-4647-803d-0ce25ea971cb", "state": "480", "customerId": null, "localAmount": 275, "localCurrency": "USD"}, {"chainId": "12284102391140169893", "amount": 260, "createdAt": "2016-06-09T21:37:34+00:00", "shoeSize": "9.5Y", "productId": null, "skuUuid": "29a7304b-5491-4041-8c50-2dbcbb10dc75", "state": "480", "customerId": null, "localAmount": 260, "localCurrency": "USD"}, {"chainId": "12287672460347878023", "amount": 266, "createdAt": "2016-06-08T19:42:09+00:00", "shoeSize": "8Y", "productId": null, "skuUuid": "32909f7c-ee55-4ca0-a975-290f88da2509", "state": "480", "customerId": null, "localAmount": 266, "localCurrency": "USD"}, {"chainId": "12287672462090779356", "amount": 266, "createdAt": "2016-06-05T23:44:26+00:00", "shoeSize": "8.5Y", "productId": null, "skuUuid": "92642dce-3814-4647-803d-0ce25ea971cb", "state": "480", "customerId": null, "localAmount": 266, "localCurrency": "USD"}, {"chainId": "12288155546632929170", "amount": 275, "createdAt": "2016-06-01T22:39:56+00:00", "shoeSize": "7.5Y", "productId": null, "skuUuid": "177bfd2a-13c9-4079-90de-16602f7f87e1", "state": "480", "customerId": null, "localAmount": 275, "localCurrency": "USD"}, {"chainId": "12288155547547754477", "amount": 275, "createdAt": "2016-06-01T21:02:47+00:00", "shoeSize": "8Y", "productId": null, "skuUuid": "32909f7c-ee55-4ca0-a975-290f88da2509", "state": "480", "customerId": null, "localAmount": 275, "localCurrency": "USD"}, {"chainId": "12287551321568735998", "amount": 275, "createdAt": "2016-05-31T23:43:41+00:00", "shoeSize": "9.5Y", "productId": null, "skuUuid": "29a7304b-5491-4041-8c50-2dbcbb10dc75", "state": "480", "customerId": null, "localAmount": 275, "localCurrency": "USD"}, {"chainId": "12281944243462452665", "amount": 230, "createdAt": "2016-05-24T23:05:38+00:00", "shoeSize": "7Y", "productId": null, "skuUuid": "3f1df395-c6f3-4dee-9e1e-dd5889372312", "state": "480", "customerId": null, "localAmount": 230, "localCurrency": "USD"}]