[{"chainId": "12979028804674636390", "amount": 115, "createdAt": "2019-01-13T15:55:21+00:00", "shoeSize": "13", "productId": null, "skuUuid": "12245199-d245-42c3-af3a-050e6119b95c", "state": "480", "customerId": null, "localAmount": 115, "localCurrency": "USD"}, {"chainId": "12980024362844227389", "amount": 82, "createdAt": "2019-01-13T00:31:24+00:00", "shoeSize": "8", "productId": null, "skuUuid": "3af4b9ff-99aa-4b5c-87df-fd08267398fd", "state": "480", "customerId": null, "localAmount": 82, "localCurrency": "USD"}, {"chainId": "12980023803259787791", "amount": 100, "createdAt": "2019-01-13T00:30:20+00:00", "shoeSize": "13", "productId": null, "skuUuid": "12245199-d245-42c3-af3a-050e6119b95c", "state": "480", "customerId": null, "localAmount": 100, "localCurrency": "USD"}, {"chainId": "12979150642883047861", "amount": 75, "createdAt": "2019-01-11T19:35:28+00:00", "shoeSize": "10", "productId": null, "skuUuid": "af3c4039-17d0-4b6e-8fd8-18536bf1c16f", "state": "480", "customerId": null, "localAmount": 75, "localCurrency": "USD"}, {"chainId": "12974755665859303908", "amount": 120, "createdAt": "2019-01-05T18:03:26+00:00", "shoeSize": "12", "productId": null, "skuUuid": "c20d1401-4c2e-416d-aba2-c7015b666ee5", "state": "480", "customerId": null, "localAmount": 120, "localCurrency": "USD"}, {"chainId": "12974755354810049007", "amount": 79.7689, "createdAt": "2019-01-05T18:02:51+00:00", "shoeSize": "11", "productId": null, "skuUuid": "00d0dcdd-54c9-45d7-8e20-90af187a408a", "state": "480", "customerId": null, "localAmount": 80, "localCurrency": "USD"}, {"chainId": "12974754304001703115", "amount": 90, "createdAt": "2019-01-05T18:00:44+00:00", "shoeSize": "9.5", "productId": null, "skuUuid": "bff1b401-62f5-4515-af7f-32fcf92166ca", "state": "480", "customerId": null, "localAmount": 90, "localCurrency": "USD"}, {"chainId": "12974753908143426766", "amount": 92, "createdAt": "2019-01-05T17:59:57+00:00", "shoeSize": "9.5", "productId": null, "skuUuid": "bff1b401-62f5-4515-af7f-32fcf92166ca", "state": "480", "customerId": null, "localAmount": 92, "localCurrency": "USD"}, {"chainId": "12974753562562751442", "amount": 80, "createdAt": "2019-01-05T17:59:15+00:00", "shoeSize": "8", "productId": null, "skuUuid": "3af4b9ff-99aa-4b5c-87df-fd08267398fd", "state": "480", "customerId": null, "localAmount": 80, "localCurrency": "USD"}, {"chainId": "12970455903100802935", "amount": 100, "createdAt": "2019-01-03T05:11:22+00:00", "shoeSize": "11", "productId": null, "skuUuid": "00d0dcdd-54c9-45d7-8e20-90af187a408a", "state": "480", "customerId": null, "localAmount": 100, "localCurrency": "USD"}, {"chainId": "12940906858866898738", "amount": 160, "createdAt": "2018-12-29T12:13:00+00:00", "shoeSize": "8", "productId": null, "skuUuid": "3af4b9ff-99aa-4b5c-87df-fd08267398fd", "state": "480", "customerId": null, "localAmount": 160, "localCurrency": "USD"}, {"chainId": "12893807755464064452", "amount": 128, "createdAt": "2018-12-19T13:40:03+00:00", "shoeSize": "13", "productId": null, "skuUuid": "12245199-d245-42c3-af3a-050e6119b95c", "state": "480", "customerId": null, "localAmount": 128, "localCurrency": "USD"}, {"chainId": "12941340955872152739", "amount": 105.0859, "createdAt": "2018-12-10T17:48:21+00:00", "shoeSize": "11", "productId": null, "skuUuid": "00d0dcdd-54c9-45d7-8e20-90af187a408a", "state": "480", "customerId": null, "localAmount": 106, "localCurrency": "USD"}, {"chainId": "12955297297573189057", "amount": 76, "createdAt": "2018-12-09T21:43:08+00:00", "shoeSize": "9", "productId": null, "skuUuid": "b1e433c3-7014-4892-bce6-f4a4c5aedbc9", "state": "480", "customerId": null, "localAmount": 76, "localCurrency": "USD"}, {"chainId": "12940907142777090231", "amount": 160, "createdAt": "2018-12-09T00:14:08+00:00", "shoeSize": "11.5", "productId": null, "skuUuid": "4b6e0019-adfe-471b-86ad-1b445a20c0ab", "state": "480", "customerId": null, "localAmount": 160, "localCurrency": "USD"}, {"chainId": "12953065012845328235", "amount": 100, "createdAt": "2018-12-07T18:18:22+00:00", "shoeSize": "11", "productId": null, "skuUuid": "00d0dcdd-54c9-45d7-8e20-90af187a408a", "state": "480", "customerId": null, "localAmount": 100, "localCurrency": "USD"}, {"chainId": "12950186588293577103", "amount": 77, "createdAt": "2018-12-03T12:55:17+00:00", "shoeSize": "8", "productId": null, "skuUuid": "3af4b9ff-99aa-4b5c-87df-fd08267398fd", "state": "480", "customerId": null, "localAmount": 77, "localCurrency": "USD"}, {"chainId": "12928225994666540840", "amount": 155, "createdAt": "2018-11-30T04:38:16+00:00", "shoeSize": "10", "productId": null, "skuUuid": "af3c4039-17d0-4b6e-8fd8-18536bf1c16f", "state": "480", "customerId": null, "localAmount": 155, "localCurrency": "USD"}, {"chainId": "12933343881859972698", "amount": 105, "createdAt": "2018-11-20T02:50:21+00:00", "shoeSize": "11", "productId": null, "skuUuid": "00d0dcdd-54c9-45d7-8e20-90af187a408a", "state": "480", "customerId": null, "localAmount": 105, "localCurrency": "USD"}, {"chainId": "12937897820746602342", "amount": 80, "createdAt": "2018-11-15T21:33:30+00:00", "shoeSize": "9.5", "productId": null, "skuUuid": "bff1b401-62f5-4515-af7f-32fcf92166ca", "state": "480", "customerId": null, "localAmount": 80, "localCurrency": "USD"}, {"chainId": "12937838897808046362", "amount": 70, "createdAt": "2018-11-15T19:58:55+00:00", "shoeSize": "8", "productId": null, "skuUuid": "3af4b9ff-99aa-4b5c-87df-fd08267398fd", "state": "480", "customerId": null, "localAmount": 70, "localCurrency": "USD"}, {"chainId": "12931376236794819171", "amount": 80, "createdAt": "2018-11-06T21:36:16+00:00", "shoeSize": "10", "productId": null, "skuUuid": "af3c4039-17d0-4b6e-8fd8-18536bf1c16f", "state": "480", "customerId": null, "localAmount": 80, "localCurrency": "USD"}, {"chainId": "12701851416591319359", "amount": 123, "createdAt": "2018-11-04T15:23:55+00:00", "shoeSize": "12", "productId": null, "skuUuid": "c20d1401-4c2e-416d-aba2-c7015b666ee5", "state": "480", "customerId": null, "localAmount": 123, "localCurrency": "USD"}, {"chainId": "12893807321112281274", "amount": 120, "createdAt": "2018-11-02T03:22:35+00:00", "shoeSize": "10", "productId": null, "skuUuid": "af3c4039-17d0-4b6e-8fd8-18536bf1c16f", "state": "480", "customerId": null, "localAmount": 120, "localCurrency": "USD"}, {"chainId": "12923424142426180044", "amount": 100, "createdAt": "2018-10-26T22:16:54+00:00", "shoeSize": "10", "productId": null, "skuUuid": "af3c4039-17d0-4b6e-8fd8-18536bf1c16f", "state": "480", "customerId": null, "localAmount": 100, "localCurrency": "USD"}, {"chainId": "12910366749541485013", "amount": 90, "createdAt": "2018-10-21T03:14:27+00:00", "shoeSize": "9.5", "productId": null, "skuUuid": "bff1b401-62f5-4515-af7f-32fcf92166ca", "state": "480", "customerId": null, "localAmount": 90, "localCurrency": "USD"}, {"chainId": "12918299498079787240", "amount": 105, "createdAt": "2018-10-19T20:58:00+00:00", "shoeSize": "10.5", "productId": null, "skuUuid": "55df8754-6261-4715-ae6d-579cce58abb6", "state": "480", "customerId": null, "localAmount": 105, "localCurrency": "USD"}, {"chainId": "12792944937029532837", "amount": 150, "createdAt": "2018-10-03T01:13:24+00:00", "shoeSize": "11.5", "productId": null, "skuUuid": "4b6e0019-adfe-471b-86ad-1b445a20c0ab", "state": "480", "customerId": null, "localAmount": 150, "localCurrency": "USD"}, {"chainId": "12893807533590882502", "amount": 116, "createdAt": "2018-10-01T02:36:33+00:00", "shoeSize": "11", "productId": null, "skuUuid": "00d0dcdd-54c9-45d7-8e20-90af187a408a", "state": "480", "customerId": null, "localAmount": 116, "localCurrency": "USD"}, {"chainId": "12890205090417003390", "amount": 66, "createdAt": "2018-09-19T02:24:34+00:00", "shoeSize": "14", "productId": null, "skuUuid": "53e58bf3-64f7-4ba8-ba92-23509c0d3e6e", "state": "480", "customerId": null, "localAmount": 66, "localCurrency": "USD"}, {"chainId": "12730670724768825249", "amount": 118, "createdAt": "2018-09-19T00:05:50+00:00", "shoeSize": "10", "productId": null, "skuUuid": "af3c4039-17d0-4b6e-8fd8-18536bf1c16f", "state": "480", "customerId": null, "localAmount": 118, "localCurrency": "USD"}, {"chainId": "12840859456420331720", "amount": 105, "createdAt": "2018-08-21T06:06:42+00:00", "shoeSize": "11.5", "productId": null, "skuUuid": "4b6e0019-adfe-471b-86ad-1b445a20c0ab", "state": "480", "customerId": null, "localAmount": 105, "localCurrency": "USD"}, {"chainId": "12865862309839443112", "amount": 85, "createdAt": "2018-08-16T17:57:28+00:00", "shoeSize": "11", "productId": null, "skuUuid": "00d0dcdd-54c9-45d7-8e20-90af187a408a", "state": "480", "customerId": null, "localAmount": 85, "localCurrency": "USD"}, {"chainId": "12747876461262935709", "amount": 110, "createdAt": "2018-07-19T00:15:34+00:00", "shoeSize": "10.5", "productId": null, "skuUuid": "55df8754-6261-4715-ae6d-579cce58abb6", "state": "480", "customerId": null, "localAmount": 110, "localCurrency": "USD"}, {"chainId": "12831232239914804595", "amount": 80, "createdAt": "2018-06-24T20:27:51+00:00", "shoeSize": "10.5", "productId": null, "skuUuid": "55df8754-6261-4715-ae6d-579cce58abb6", "state": "480", "customerId": null, "localAmount": 80, "localCurrency": "USD"}, {"chainId": "12831881127384219080", "amount": 90, "createdAt": "2018-06-23T22:35:10+00:00", "shoeSize": "11.5", "productId": null, "skuUuid": "4b6e0019-adfe-471b-86ad-1b445a20c0ab", "state": "480", "customerId": null, "localAmount": 90, "localCurrency": "USD"}, {"chainId": "12827709585483128565", "amount": 55, "createdAt": "2018-06-20T16:10:55+00:00", "shoeSize": "12", "productId": null, "skuUuid": "c20d1401-4c2e-416d-aba2-c7015b666ee5", "state": "480", "customerId": null, "localAmount": 55, "localCurrency": "USD"}, {"chainId": "12827697027059616151", "amount": 86, "createdAt": "2018-06-17T13:53:54+00:00", "shoeSize": "12", "productId": null, "skuUuid": "c20d1401-4c2e-416d-aba2-c7015b666ee5", "state": "480", "customerId": null, "localAmount": 86, "localCurrency": "USD"}, {"chainId": "12800997899886909606", "amount": 100, "createdAt": "2018-06-03T16:02:10+00:00", "shoeSize": "15", "productId": null, "skuUuid": "36b24389-51eb-4310-99dd-a48f8691dbd4", "state": "480", "customerId": null, "localAmount": 100, "localCurrency": "USD"}, {"chainId": "12789769240846334543", "amount": 60, "createdAt": "2018-05-03T20:30:23+00:00", "shoeSize": "15", "productId": null, "skuUuid": "36b24389-51eb-4310-99dd-a48f8691dbd4", "state": "480", "customerId": null, "localAmount": 60, "localCurrency": "USD"}, {"chainId": "12779825202740828348", "amount": 120, "createdAt": "2018-04-11T19:11:24+00:00", "shoeSize": "13", "productId": null, "skuUuid": "12245199-d245-42c3-af3a-050e6119b95c", "state": "480", "customerId": null, "localAmount": 120, "localCurrency": "USD"}, {"chainId": "12770412305784411094", "amount": 105, "createdAt": "2018-04-01T01:29:59+00:00", "shoeSize": "10", "productId": null, "skuUuid": "af3c4039-17d0-4b6e-8fd8-18536bf1c16f", "state": "480", "customerId": null, "localAmount": 105, "localCurrency": "USD"}, {"chainId": "12748034401860287033", "amount": 100, "createdAt": "2018-03-26T09:56:26+00:00", "shoeSize": "9", "productId": null, "skuUuid": "b1e433c3-7014-4892-bce6-f4a4c5aedbc9", "state": "480", "customerId": null, "localAmount": 100, "localCurrency": "USD"}, {"chainId": "12736333246711641143", "amount": 95, "createdAt": "2018-03-23T00:37:19+00:00", "shoeSize": "10.5", "productId": null, "skuUuid": "55df8754-6261-4715-ae6d-579cce58abb6", "state": "480", "customerId": null, "localAmount": 95, "localCurrency": "USD"}, {"chainId": "12747876218913571433", "amount": 100, "createdAt": "2018-02-26T17:14:28+00:00", "shoeSize": "10", "productId": null, "skuUuid": "af3c4039-17d0-4b6e-8fd8-18536bf1c16f", "state": "480", "customerId": null, "localAmount": 100, "localCurrency": "USD"}, {"chainId": "12716824111638146185", "amount": 80, "createdAt": "2018-01-14T20:59:29+00:00", "shoeSize": "13", "productId": null, "skuUuid": "12245199-d245-42c3-af3a-050e6119b95c", "state": "480", "customerId": null, "localAmount": 80, "localCurrency": "USD"}, {"chainId": "12645238567185779432", "amount": 110, "createdAt": "2017-12-11T02:22:57+00:00", "shoeSize": "13", "productId": null, "skuUuid": "12245199-d245-42c3-af3a-050e6119b95c", "state": "480", "customerId": null, "localAmount": 110, "localCurrency": "USD"}, {"chainId": "12637196611217324753", "amount": 50, "createdAt": "2017-09-27T00:13:51+00:00", "shoeSize": "9.5", "productId": null, "skuUuid": "bff1b401-62f5-4515-af7f-32fcf92166ca", "state": "480", "customerId": null, "localAmount": 50, "localCurrency": "USD"}]