[{"chainId": "12976913150416167069", "amount": 190, "createdAt": "2019-01-24T08:27:49+00:00", "shoeSize": "5.5Y", "productId": null, "skuUuid": "355f07f1-9055-402f-8568-82089771388c", "state": "480", "customerId": null, "localAmount": 190, "localCurrency": "USD"}, {"chainId": "12978998716762524552", "amount": 200, "createdAt": "2019-01-21T00:32:55+00:00", "shoeSize": "6Y", "productId": null, "skuUuid": "6bffd4a1-9ee5-4635-ac36-3eb665efe675", "state": "480", "customerId": null, "localAmount": 200, "localCurrency": "USD"}, {"chainId": "12985174699700471111", "amount": 199, "createdAt": "2019-01-20T03:19:03+00:00", "shoeSize": "7Y", "productId": null, "skuUuid": "7c9f03f2-479e-4ed4-a044-c23ae2f4e397", "state": "480", "customerId": null, "localAmount": 199, "localCurrency": "USD"}, {"chainId": "12977815883106280190", "amount": 240, "createdAt": "2019-01-16T20:50:48+00:00", "shoeSize": "7Y", "productId": null, "skuUuid": "7c9f03f2-479e-4ed4-a044-c23ae2f4e397", "state": "480", "customerId": null, "localAmount": 240, "localCurrency": "USD"}, {"chainId": "12962725527082199184", "amount": 230, "createdAt": "2019-01-08T02:46:53+00:00", "shoeSize": "7Y", "productId": null, "skuUuid": "7c9f03f2-479e-4ed4-a044-c23ae2f4e397", "state": "480", "customerId": null, "localAmount": 230, "localCurrency": "USD"}, {"chainId": "12971556383815049215", "amount": 183, "createdAt": "2019-01-03T19:15:46+00:00", "shoeSize": "4Y", "productId": null, "skuUuid": "4d7bf400-5b42-47a4-b333-ceb4616b429b", "state": "480", "customerId": null, "localAmount": 183, "localCurrency": "USD"}, {"chainId": "12961196561749426386", "amount": 235, "createdAt": "2018-12-30T02:15:15+00:00", "shoeSize": "6.5Y", "productId": null, "skuUuid": "22cd2a58-6227-4042-97eb-09a72d14976f", "state": "480", "customerId": null, "localAmount": 235, "localCurrency": "USD"}, {"chainId": "12851790850103038232", "amount": 318, "createdAt": "2018-12-28T23:47:44+00:00", "shoeSize": "5Y", "productId": null, "skuUuid": "ff18fb24-567f-4cc1-b39a-454a64cb72bf", "state": "480", "customerId": null, "localAmount": 318, "localCurrency": "USD"}, {"chainId": "12969040054078733306", "amount": 225, "createdAt": "2018-12-28T21:42:16+00:00", "shoeSize": "7Y", "productId": null, "skuUuid": "7c9f03f2-479e-4ed4-a044-c23ae2f4e397", "state": "480", "customerId": null, "localAmount": 225, "localCurrency": "USD"}, {"chainId": "12782204388867197312", "amount": 240, "createdAt": "2018-12-26T22:54:14+00:00", "shoeSize": "6Y", "productId": null, "skuUuid": "6bffd4a1-9ee5-4635-ac36-3eb665efe675", "state": "480", "customerId": null, "localAmount": 240, "localCurrency": "USD"}, {"chainId": "12967432554951389792", "amount": 200, "createdAt": "2018-12-26T15:33:52+00:00", "shoeSize": "5.5Y", "productId": null, "skuUuid": "355f07f1-9055-402f-8568-82089771388c", "state": "480", "customerId": null, "localAmount": 200, "localCurrency": "USD"}, {"chainId": "12965496995872069047", "amount": 240, "createdAt": "2018-12-23T23:28:08+00:00", "shoeSize": "5Y", "productId": null, "skuUuid": "ff18fb24-567f-4cc1-b39a-454a64cb72bf", "state": "480", "customerId": null, "localAmount": 240, "localCurrency": "USD"}, {"chainId": "12951073690218155245", "amount": 241, "createdAt": "2018-12-23T19:20:21+00:00", "shoeSize": "5Y", "productId": null, "skuUuid": "ff18fb24-567f-4cc1-b39a-454a64cb72bf", "state": "480", "customerId": null, "localAmount": 241, "localCurrency": "USD"}, {"chainId": "12885415154945162360", "amount": 225, "createdAt": "2018-12-21T13:45:20+00:00", "shoeSize": "7Y", "productId": null, "skuUuid": "7c9f03f2-479e-4ed4-a044-c23ae2f4e397", "state": "480", "customerId": null, "localAmount": 225, "localCurrency": "USD"}, {"chainId": "12900301115713548111", "amount": 225, "createdAt": "2018-12-17T03:57:03+00:00", "shoeSize": "7Y", "productId": null, "skuUuid": "7c9f03f2-479e-4ed4-a044-c23ae2f4e397", "state": "480", "customerId": null, "localAmount": 225, "localCurrency": "USD"}, {"chainId": "12954459303957685872", "amount": 241, "createdAt": "2018-12-14T14:49:18+00:00", "shoeSize": "5Y", "productId": null, "skuUuid": "ff18fb24-567f-4cc1-b39a-454a64cb72bf", "state": "480", "customerId": null, "localAmount": 241, "localCurrency": "USD"}, {"chainId": "12958390288396153682", "amount": 228, "createdAt": "2018-12-14T05:51:40+00:00", "shoeSize": "4.5Y", "productId": null, "skuUuid": "62d50d95-9fba-4746-a8f0-b57c00df9462", "state": "480", "customerId": null, "localAmount": 228, "localCurrency": "USD"}, {"chainId": "12957709851587455273", "amount": 235, "createdAt": "2018-12-13T05:36:28+00:00", "shoeSize": "4.5Y", "productId": null, "skuUuid": "62d50d95-9fba-4746-a8f0-b57c00df9462", "state": "480", "customerId": null, "localAmount": 235, "localCurrency": "USD"}, {"chainId": "12951424561420220476", "amount": 209.9512, "createdAt": "2018-12-12T23:54:13+00:00", "shoeSize": "7Y", "productId": null, "skuUuid": "7c9f03f2-479e-4ed4-a044-c23ae2f4e397", "state": "480", "customerId": null, "localAmount": 210, "localCurrency": "USD"}, {"chainId": "12955480552328923242", "amount": 190, "createdAt": "2018-12-12T07:31:08+00:00", "shoeSize": "4Y", "productId": null, "skuUuid": "4d7bf400-5b42-47a4-b333-ceb4616b429b", "state": "480", "customerId": null, "localAmount": 190, "localCurrency": "USD"}, {"chainId": "12956975026880166768", "amount": 241, "createdAt": "2018-12-12T05:16:29+00:00", "shoeSize": "5Y", "productId": null, "skuUuid": "ff18fb24-567f-4cc1-b39a-454a64cb72bf", "state": "480", "customerId": null, "localAmount": 241, "localCurrency": "USD"}, {"chainId": "12956887680705783344", "amount": 242, "createdAt": "2018-12-12T02:22:58+00:00", "shoeSize": "5Y", "productId": null, "skuUuid": "ff18fb24-567f-4cc1-b39a-454a64cb72bf", "state": "480", "customerId": null, "localAmount": 242, "localCurrency": "USD"}, {"chainId": "12955400974327883418", "amount": 187, "createdAt": "2018-12-10T01:09:09+00:00", "shoeSize": "6Y", "productId": null, "skuUuid": "6bffd4a1-9ee5-4635-ac36-3eb665efe675", "state": "480", "customerId": null, "localAmount": 187, "localCurrency": "USD"}, {"chainId": "12952376199466305403", "amount": 190, "createdAt": "2018-12-05T20:59:26+00:00", "shoeSize": "7Y", "productId": null, "skuUuid": "7c9f03f2-479e-4ed4-a044-c23ae2f4e397", "state": "480", "customerId": null, "localAmount": 190, "localCurrency": "USD"}, {"chainId": "12943630296351821272", "amount": 240, "createdAt": "2018-12-03T00:54:26+00:00", "shoeSize": "5.5Y", "productId": null, "skuUuid": "355f07f1-9055-402f-8568-82089771388c", "state": "480", "customerId": null, "localAmount": 240, "localCurrency": "USD"}, {"chainId": "12845867319176748133", "amount": 230, "createdAt": "2018-12-02T19:47:44+00:00", "shoeSize": "6.5Y", "productId": null, "skuUuid": "22cd2a58-6227-4042-97eb-09a72d14976f", "state": "480", "customerId": null, "localAmount": 230, "localCurrency": "USD"}, {"chainId": "12929160959703809807", "amount": 229, "createdAt": "2018-12-01T09:29:07+00:00", "shoeSize": "6.5Y", "productId": null, "skuUuid": "22cd2a58-6227-4042-97eb-09a72d14976f", "state": "480", "customerId": null, "localAmount": 229, "localCurrency": "USD"}, {"chainId": "12946766681096316761", "amount": 220, "createdAt": "2018-11-28T03:14:20+00:00", "shoeSize": "5.5Y", "productId": null, "skuUuid": "355f07f1-9055-402f-8568-82089771388c", "state": "480", "customerId": null, "localAmount": 220, "localCurrency": "USD"}, {"chainId": "12939220289798396632", "amount": 200, "createdAt": "2018-11-26T23:08:35+00:00", "shoeSize": "6Y", "productId": null, "skuUuid": "6bffd4a1-9ee5-4635-ac36-3eb665efe675", "state": "480", "customerId": null, "localAmount": 200, "localCurrency": "USD"}, {"chainId": "12926608224584412730", "amount": 225, "createdAt": "2018-11-26T06:19:15+00:00", "shoeSize": "6.5Y", "productId": null, "skuUuid": "22cd2a58-6227-4042-97eb-09a72d14976f", "state": "480", "customerId": null, "localAmount": 225, "localCurrency": "USD"}, {"chainId": "12943435224363145608", "amount": 190, "createdAt": "2018-11-24T23:53:55+00:00", "shoeSize": "6Y", "productId": null, "skuUuid": "6bffd4a1-9ee5-4635-ac36-3eb665efe675", "state": "480", "customerId": null, "localAmount": 190, "localCurrency": "USD"}, {"chainId": "12939220371722576304", "amount": 200, "createdAt": "2018-11-21T15:00:09+00:00", "shoeSize": "6.5Y", "productId": null, "skuUuid": "22cd2a58-6227-4042-97eb-09a72d14976f", "state": "480", "customerId": null, "localAmount": 200, "localCurrency": "USD"}, {"chainId": "12936265699924611160", "amount": 234, "createdAt": "2018-11-15T04:59:54+00:00", "shoeSize": "6Y", "productId": null, "skuUuid": "6bffd4a1-9ee5-4635-ac36-3eb665efe675", "state": "480", "customerId": null, "localAmount": 234, "localCurrency": "USD"}, {"chainId": "12920365385089718066", "amount": 226, "createdAt": "2018-11-11T10:36:35+00:00", "shoeSize": "6Y", "productId": null, "skuUuid": "6bffd4a1-9ee5-4635-ac36-3eb665efe675", "state": "480", "customerId": null, "localAmount": 226, "localCurrency": "USD"}, {"chainId": "12900064812606867016", "amount": 205, "createdAt": "2018-11-08T20:43:37+00:00", "shoeSize": "7Y", "productId": null, "skuUuid": "7c9f03f2-479e-4ed4-a044-c23ae2f4e397", "state": "480", "customerId": null, "localAmount": 205, "localCurrency": "USD"}, {"chainId": "12932133060438848746", "amount": 200, "createdAt": "2018-11-07T23:13:07+00:00", "shoeSize": "7Y", "productId": null, "skuUuid": "7c9f03f2-479e-4ed4-a044-c23ae2f4e397", "state": "480", "customerId": null, "localAmount": 200, "localCurrency": "USD"}, {"chainId": "12865506711034826766", "amount": 250, "createdAt": "2018-11-03T20:33:47+00:00", "shoeSize": "4.5Y", "productId": null, "skuUuid": "62d50d95-9fba-4746-a8f0-b57c00df9462", "state": "480", "customerId": null, "localAmount": 250, "localCurrency": "USD"}, {"chainId": "12926491073321201173", "amount": 191, "createdAt": "2018-11-03T04:49:43+00:00", "shoeSize": "6Y", "productId": null, "skuUuid": "6bffd4a1-9ee5-4635-ac36-3eb665efe675", "state": "480", "customerId": null, "localAmount": 191, "localCurrency": "USD"}, {"chainId": "12926371727035758177", "amount": 180, "createdAt": "2018-11-02T08:35:04+00:00", "shoeSize": "7Y", "productId": null, "skuUuid": "7c9f03f2-479e-4ed4-a044-c23ae2f4e397", "state": "480", "customerId": null, "localAmount": 180, "localCurrency": "USD"}, {"chainId": "12927052019388018827", "amount": 192, "createdAt": "2018-10-31T22:24:50+00:00", "shoeSize": "6.5Y", "productId": null, "skuUuid": "22cd2a58-6227-4042-97eb-09a72d14976f", "state": "480", "customerId": null, "localAmount": 192, "localCurrency": "USD"}, {"chainId": "12926825546012625771", "amount": 197, "createdAt": "2018-10-31T14:54:53+00:00", "shoeSize": "6Y", "productId": null, "skuUuid": "6bffd4a1-9ee5-4635-ac36-3eb665efe675", "state": "480", "customerId": null, "localAmount": 197, "localCurrency": "USD"}, {"chainId": "12926825246378746653", "amount": 198, "createdAt": "2018-10-31T14:54:15+00:00", "shoeSize": "6Y", "productId": null, "skuUuid": "6bffd4a1-9ee5-4635-ac36-3eb665efe675", "state": "480", "customerId": null, "localAmount": 198, "localCurrency": "USD"}, {"chainId": "12877742998308577477", "amount": 245, "createdAt": "2018-10-30T00:58:02+00:00", "shoeSize": "4.5Y", "productId": null, "skuUuid": "62d50d95-9fba-4746-a8f0-b57c00df9462", "state": "480", "customerId": null, "localAmount": 245, "localCurrency": "USD"}, {"chainId": "12922657687746222405", "amount": 210, "createdAt": "2018-10-29T20:06:45+00:00", "shoeSize": "7Y", "productId": null, "skuUuid": "7c9f03f2-479e-4ed4-a044-c23ae2f4e397", "state": "480", "customerId": null, "localAmount": 210, "localCurrency": "USD"}, {"chainId": "12925527457711963955", "amount": 200, "createdAt": "2018-10-29T19:55:47+00:00", "shoeSize": "6.5Y", "productId": null, "skuUuid": "22cd2a58-6227-4042-97eb-09a72d14976f", "state": "480", "customerId": null, "localAmount": 200, "localCurrency": "USD"}, {"chainId": "12913620651476905434", "amount": 200, "createdAt": "2018-10-18T11:53:57+00:00", "shoeSize": "7Y", "productId": null, "skuUuid": "7c9f03f2-479e-4ed4-a044-c23ae2f4e397", "state": "480", "customerId": null, "localAmount": 200, "localCurrency": "USD"}, {"chainId": "12911973120754071591", "amount": 235, "createdAt": "2018-10-18T00:30:54+00:00", "shoeSize": "4.5Y", "productId": null, "skuUuid": "62d50d95-9fba-4746-a8f0-b57c00df9462", "state": "480", "customerId": null, "localAmount": 235, "localCurrency": "USD"}, {"chainId": "12886399389111901624", "amount": 220, "createdAt": "2018-10-14T19:49:41+00:00", "shoeSize": "4Y", "productId": null, "skuUuid": "4d7bf400-5b42-47a4-b333-ceb4616b429b", "state": "480", "customerId": null, "localAmount": 220, "localCurrency": "USD"}, {"chainId": "12913262388059905426", "amount": 230, "createdAt": "2018-10-14T11:07:43+00:00", "shoeSize": "6.5Y", "productId": null, "skuUuid": "22cd2a58-6227-4042-97eb-09a72d14976f", "state": "480", "customerId": null, "localAmount": 230, "localCurrency": "USD"}, {"chainId": "12860205304087265521", "amount": 210, "createdAt": "2018-10-14T04:58:27+00:00", "shoeSize": "4Y", "productId": null, "skuUuid": "4d7bf400-5b42-47a4-b333-ceb4616b429b", "state": "480", "customerId": null, "localAmount": 210, "localCurrency": "USD"}, {"chainId": "12900064647326098059", "amount": 234, "createdAt": "2018-10-12T15:47:48+00:00", "shoeSize": "6.5Y", "productId": null, "skuUuid": "22cd2a58-6227-4042-97eb-09a72d14976f", "state": "480", "customerId": null, "localAmount": 234, "localCurrency": "USD"}, {"chainId": "12913053304686024228", "amount": 193, "createdAt": "2018-10-12T14:51:54+00:00", "shoeSize": "7Y", "productId": null, "skuUuid": "7c9f03f2-479e-4ed4-a044-c23ae2f4e397", "state": "480", "customerId": null, "localAmount": 193, "localCurrency": "USD"}, {"chainId": "12910483041166111896", "amount": 195, "createdAt": "2018-10-09T01:45:14+00:00", "shoeSize": "7Y", "productId": null, "skuUuid": "7c9f03f2-479e-4ed4-a044-c23ae2f4e397", "state": "480", "customerId": null, "localAmount": 195, "localCurrency": "USD"}, {"chainId": "12908973798534784637", "amount": 225, "createdAt": "2018-10-08T05:26:10+00:00", "shoeSize": "4.5Y", "productId": null, "skuUuid": "62d50d95-9fba-4746-a8f0-b57c00df9462", "state": "480", "customerId": null, "localAmount": 225, "localCurrency": "USD"}, {"chainId": "12908818579213078960", "amount": 225, "createdAt": "2018-10-06T18:38:15+00:00", "shoeSize": "4.5Y", "productId": null, "skuUuid": "62d50d95-9fba-4746-a8f0-b57c00df9462", "state": "480", "customerId": null, "localAmount": 225, "localCurrency": "USD"}, {"chainId": "12907367748988708031", "amount": 202, "createdAt": "2018-10-04T18:35:42+00:00", "shoeSize": "6Y", "productId": null, "skuUuid": "6bffd4a1-9ee5-4635-ac36-3eb665efe675", "state": "480", "customerId": null, "localAmount": 202, "localCurrency": "USD"}, {"chainId": "12906003815436764215", "amount": 230, "createdAt": "2018-10-03T01:01:47+00:00", "shoeSize": "5Y", "productId": null, "skuUuid": "ff18fb24-567f-4cc1-b39a-454a64cb72bf", "state": "480", "customerId": null, "localAmount": 230, "localCurrency": "USD"}, {"chainId": "12905963749360694258", "amount": 203, "createdAt": "2018-10-02T20:06:17+00:00", "shoeSize": "6Y", "productId": null, "skuUuid": "6bffd4a1-9ee5-4635-ac36-3eb665efe675", "state": "480", "customerId": null, "localAmount": 203, "localCurrency": "USD"}, {"chainId": "12865497248248197496", "amount": 233, "createdAt": "2018-09-26T04:14:07+00:00", "shoeSize": "5.5Y", "productId": null, "skuUuid": "355f07f1-9055-402f-8568-82089771388c", "state": "480", "customerId": null, "localAmount": 233, "localCurrency": "USD"}, {"chainId": "12900620922047679128", "amount": 231, "createdAt": "2018-09-26T02:11:48+00:00", "shoeSize": "5.5Y", "productId": null, "skuUuid": "355f07f1-9055-402f-8568-82089771388c", "state": "480", "customerId": null, "localAmount": 231, "localCurrency": "USD"}, {"chainId": "12897861472684284644", "amount": 195, "createdAt": "2018-09-24T20:40:04+00:00", "shoeSize": "7Y", "productId": null, "skuUuid": "7c9f03f2-479e-4ed4-a044-c23ae2f4e397", "state": "480", "customerId": null, "localAmount": 195, "localCurrency": "USD"}, {"chainId": "12889935513169386622", "amount": 229, "createdAt": "2018-09-23T22:19:49+00:00", "shoeSize": "6.5Y", "productId": null, "skuUuid": "22cd2a58-6227-4042-97eb-09a72d14976f", "state": "480", "customerId": null, "localAmount": 229, "localCurrency": "USD"}, {"chainId": "12897256495481100998", "amount": 194, "createdAt": "2018-09-20T19:46:27+00:00", "shoeSize": "4Y", "productId": null, "skuUuid": "4d7bf400-5b42-47a4-b333-ceb4616b429b", "state": "480", "customerId": null, "localAmount": 194, "localCurrency": "USD"}, {"chainId": "12895816719102695492", "amount": 195, "createdAt": "2018-09-18T20:05:55+00:00", "shoeSize": "4Y", "productId": null, "skuUuid": "4d7bf400-5b42-47a4-b333-ceb4616b429b", "state": "480", "customerId": null, "localAmount": 195, "localCurrency": "USD"}, {"chainId": "12891980326821176255", "amount": 224, "createdAt": "2018-09-13T13:03:38+00:00", "shoeSize": "5.5Y", "productId": null, "skuUuid": "355f07f1-9055-402f-8568-82089771388c", "state": "480", "customerId": null, "localAmount": 224, "localCurrency": "USD"}, {"chainId": "12884827010782912000", "amount": 229, "createdAt": "2018-09-07T17:35:14+00:00", "shoeSize": "6.5Y", "productId": null, "skuUuid": "22cd2a58-6227-4042-97eb-09a72d14976f", "state": "480", "customerId": null, "localAmount": 229, "localCurrency": "USD"}, {"chainId": "12884617496278067723", "amount": 225, "createdAt": "2018-09-05T17:29:10+00:00", "shoeSize": "6Y", "productId": null, "skuUuid": "6bffd4a1-9ee5-4635-ac36-3eb665efe675", "state": "480", "customerId": null, "localAmount": 225, "localCurrency": "USD"}, {"chainId": "12772821181410001460", "amount": 225, "createdAt": "2018-09-03T09:14:07+00:00", "shoeSize": "6Y", "productId": null, "skuUuid": "6bffd4a1-9ee5-4635-ac36-3eb665efe675", "state": "480", "customerId": null, "localAmount": 225, "localCurrency": "USD"}, {"chainId": "12869792930897674680", "amount": 230, "createdAt": "2018-09-03T09:13:51+00:00", "shoeSize": "6.5Y", "productId": null, "skuUuid": "22cd2a58-6227-4042-97eb-09a72d14976f", "state": "480", "customerId": null, "localAmount": 230, "localCurrency": "USD"}, {"chainId": "12865502050578091299", "amount": 215, "createdAt": "2018-09-03T09:13:39+00:00", "shoeSize": "6.5Y", "productId": null, "skuUuid": "22cd2a58-6227-4042-97eb-09a72d14976f", "state": "480", "customerId": null, "localAmount": 215, "localCurrency": "USD"}, {"chainId": "12805907038427414569", "amount": 220, "createdAt": "2018-09-03T09:13:23+00:00", "shoeSize": "6Y", "productId": null, "skuUuid": "6bffd4a1-9ee5-4635-ac36-3eb665efe675", "state": "480", "customerId": null, "localAmount": 220, "localCurrency": "USD"}, {"chainId": "12676694721629368785", "amount": 214, "createdAt": "2018-09-03T09:13:13+00:00", "shoeSize": "6Y", "productId": null, "skuUuid": "6bffd4a1-9ee5-4635-ac36-3eb665efe675", "state": "480", "customerId": null, "localAmount": 214, "localCurrency": "USD"}, {"chainId": "12737094292998774866", "amount": 220, "createdAt": "2018-09-03T09:12:55+00:00", "shoeSize": "4Y", "productId": null, "skuUuid": "4d7bf400-5b42-47a4-b333-ceb4616b429b", "state": "480", "customerId": null, "localAmount": 220, "localCurrency": "USD"}, {"chainId": "12870539778340458797", "amount": 189, "createdAt": "2018-09-01T22:41:43+00:00", "shoeSize": "6Y", "productId": null, "skuUuid": "6bffd4a1-9ee5-4635-ac36-3eb665efe675", "state": "480", "customerId": null, "localAmount": 189, "localCurrency": "USD"}, {"chainId": "12865506970660817554", "amount": 199, "createdAt": "2018-08-30T05:03:25+00:00", "shoeSize": "6Y", "productId": null, "skuUuid": "6bffd4a1-9ee5-4635-ac36-3eb665efe675", "state": "480", "customerId": null, "localAmount": 199, "localCurrency": "USD"}, {"chainId": "12878869013325599834", "amount": 175, "createdAt": "2018-08-26T10:53:54+00:00", "shoeSize": "7Y", "productId": null, "skuUuid": "7c9f03f2-479e-4ed4-a044-c23ae2f4e397", "state": "480", "customerId": null, "localAmount": 175, "localCurrency": "USD"}, {"chainId": "12874665000817357521", "amount": 171, "createdAt": "2018-08-20T15:41:17+00:00", "shoeSize": "6Y", "productId": null, "skuUuid": "6bffd4a1-9ee5-4635-ac36-3eb665efe675", "state": "480", "customerId": null, "localAmount": 171, "localCurrency": "USD"}, {"chainId": "12865499114235129468", "amount": 220, "createdAt": "2018-08-19T17:09:10+00:00", "shoeSize": "7Y", "productId": null, "skuUuid": "7c9f03f2-479e-4ed4-a044-c23ae2f4e397", "state": "480", "customerId": null, "localAmount": 220, "localCurrency": "USD"}, {"chainId": "12861580269206606967", "amount": 215, "createdAt": "2018-08-16T22:43:41+00:00", "shoeSize": "7Y", "productId": null, "skuUuid": "7c9f03f2-479e-4ed4-a044-c23ae2f4e397", "state": "480", "customerId": null, "localAmount": 215, "localCurrency": "USD"}, {"chainId": "12865507258735377590", "amount": 235, "createdAt": "2018-08-16T19:49:07+00:00", "shoeSize": "5Y", "productId": null, "skuUuid": "ff18fb24-567f-4cc1-b39a-454a64cb72bf", "state": "480", "customerId": null, "localAmount": 235, "localCurrency": "USD"}, {"chainId": "12864753821445687245", "amount": 220, "createdAt": "2018-08-11T23:24:26+00:00", "shoeSize": "5Y", "productId": null, "skuUuid": "ff18fb24-567f-4cc1-b39a-454a64cb72bf", "state": "480", "customerId": null, "localAmount": 220, "localCurrency": "USD"}, {"chainId": "12865506530149802207", "amount": 245, "createdAt": "2018-08-08T00:24:55+00:00", "shoeSize": "4.5Y", "productId": null, "skuUuid": "62d50d95-9fba-4746-a8f0-b57c00df9462", "state": "480", "customerId": null, "localAmount": 245, "localCurrency": "USD"}, {"chainId": "12865497864701427114", "amount": 229, "createdAt": "2018-08-08T00:07:43+00:00", "shoeSize": "5.5Y", "productId": null, "skuUuid": "355f07f1-9055-402f-8568-82089771388c", "state": "480", "customerId": null, "localAmount": 229, "localCurrency": "USD"}, {"chainId": "12864581077587148112", "amount": 221, "createdAt": "2018-08-06T23:37:54+00:00", "shoeSize": "5Y", "productId": null, "skuUuid": "ff18fb24-567f-4cc1-b39a-454a64cb72bf", "state": "480", "customerId": null, "localAmount": 221, "localCurrency": "USD"}, {"chainId": "12853911527121963586", "amount": 210, "createdAt": "2018-08-03T20:58:56+00:00", "shoeSize": "6Y", "productId": null, "skuUuid": "6bffd4a1-9ee5-4635-ac36-3eb665efe675", "state": "480", "customerId": null, "localAmount": 210, "localCurrency": "USD"}, {"chainId": "12859379716003893132", "amount": 172, "createdAt": "2018-08-01T16:28:23+00:00", "shoeSize": "7Y", "productId": null, "skuUuid": "7c9f03f2-479e-4ed4-a044-c23ae2f4e397", "state": "480", "customerId": null, "localAmount": 172, "localCurrency": "USD"}, {"chainId": "12853206224879859947", "amount": 239, "createdAt": "2018-07-31T04:41:13+00:00", "shoeSize": "6.5Y", "productId": null, "skuUuid": "22cd2a58-6227-4042-97eb-09a72d14976f", "state": "480", "customerId": null, "localAmount": 239, "localCurrency": "USD"}, {"chainId": "12847114636487194448", "amount": 198, "createdAt": "2018-07-14T15:26:14+00:00", "shoeSize": "6.5Y", "productId": null, "skuUuid": "22cd2a58-6227-4042-97eb-09a72d14976f", "state": "480", "customerId": null, "localAmount": 198, "localCurrency": "USD"}, {"chainId": "12843882929262861436", "amount": 215, "createdAt": "2018-07-12T16:13:12+00:00", "shoeSize": "6Y", "productId": null, "skuUuid": "6bffd4a1-9ee5-4635-ac36-3eb665efe675", "state": "480", "customerId": null, "localAmount": 215, "localCurrency": "USD"}, {"chainId": "12671941658355686402", "amount": 209, "createdAt": "2018-07-09T02:46:45+00:00", "shoeSize": "6Y", "productId": null, "skuUuid": "6bffd4a1-9ee5-4635-ac36-3eb665efe675", "state": "480", "customerId": null, "localAmount": 209, "localCurrency": "USD"}, {"chainId": "12840991423837202962", "amount": 203, "createdAt": "2018-07-05T15:15:39+00:00", "shoeSize": "6.5Y", "productId": null, "skuUuid": "22cd2a58-6227-4042-97eb-09a72d14976f", "state": "480", "customerId": null, "localAmount": 203, "localCurrency": "USD"}, {"chainId": "12682026715589444403", "amount": 197, "createdAt": "2018-06-29T04:57:55+00:00", "shoeSize": "6Y", "productId": null, "skuUuid": "6bffd4a1-9ee5-4635-ac36-3eb665efe675", "state": "480", "customerId": null, "localAmount": 197, "localCurrency": "USD"}, {"chainId": "12497422754707530845", "amount": 240, "createdAt": "2018-06-28T06:58:40+00:00", "shoeSize": "5.5Y", "productId": null, "skuUuid": "355f07f1-9055-402f-8568-82089771388c", "state": "480", "customerId": null, "localAmount": 240, "localCurrency": "USD"}, {"chainId": "12801754739895024733", "amount": 190, "createdAt": "2018-06-27T21:54:46+00:00", "shoeSize": "4Y", "productId": null, "skuUuid": "4d7bf400-5b42-47a4-b333-ceb4616b429b", "state": "480", "customerId": null, "localAmount": 190, "localCurrency": "USD"}, {"chainId": "12835064683226122209", "amount": 240, "createdAt": "2018-06-27T00:22:25+00:00", "shoeSize": "7Y", "productId": null, "skuUuid": "7c9f03f2-479e-4ed4-a044-c23ae2f4e397", "state": "480", "customerId": null, "localAmount": 240, "localCurrency": "USD"}, {"chainId": "12833492145844129503", "amount": 186, "createdAt": "2018-06-24T20:18:04+00:00", "shoeSize": "6Y", "productId": null, "skuUuid": "6bffd4a1-9ee5-4635-ac36-3eb665efe675", "state": "480", "customerId": null, "localAmount": 186, "localCurrency": "USD"}, {"chainId": "12832108127323846146", "amount": 227, "createdAt": "2018-06-22T22:28:17+00:00", "shoeSize": "5.5Y", "productId": null, "skuUuid": "355f07f1-9055-402f-8568-82089771388c", "state": "480", "customerId": null, "localAmount": 227, "localCurrency": "USD"}, {"chainId": "12776719666402307816", "amount": 195, "createdAt": "2018-06-21T13:30:42+00:00", "shoeSize": "6Y", "productId": null, "skuUuid": "6bffd4a1-9ee5-4635-ac36-3eb665efe675", "state": "480", "customerId": null, "localAmount": 195, "localCurrency": "USD"}, {"chainId": "12825738802751984042", "amount": 200, "createdAt": "2018-06-16T08:03:31+00:00", "shoeSize": "7Y", "productId": null, "skuUuid": "7c9f03f2-479e-4ed4-a044-c23ae2f4e397", "state": "480", "customerId": null, "localAmount": 200, "localCurrency": "USD"}, {"chainId": "12782905884884835923", "amount": 175, "createdAt": "2018-06-16T08:01:10+00:00", "shoeSize": "4Y", "productId": null, "skuUuid": "4d7bf400-5b42-47a4-b333-ceb4616b429b", "state": "480", "customerId": null, "localAmount": 175, "localCurrency": "USD"}, {"chainId": "12827129297991533920", "amount": 197, "createdAt": "2018-06-16T01:36:40+00:00", "shoeSize": "6.5Y", "productId": null, "skuUuid": "22cd2a58-6227-4042-97eb-09a72d14976f", "state": "480", "customerId": null, "localAmount": 197, "localCurrency": "USD"}, {"chainId": "12812742308239395798", "amount": 170, "createdAt": "2018-06-12T19:07:38+00:00", "shoeSize": "4Y", "productId": null, "skuUuid": "4d7bf400-5b42-47a4-b333-ceb4616b429b", "state": "480", "customerId": null, "localAmount": 170, "localCurrency": "USD"}, {"chainId": "12805242489864802556", "amount": 195, "createdAt": "2018-06-11T22:09:45+00:00", "shoeSize": "6Y", "productId": null, "skuUuid": "6bffd4a1-9ee5-4635-ac36-3eb665efe675", "state": "480", "customerId": null, "localAmount": 195, "localCurrency": "USD"}, {"chainId": "12782908330697839186", "amount": 220, "createdAt": "2018-06-03T09:30:14+00:00", "shoeSize": "5.5Y", "productId": null, "skuUuid": "355f07f1-9055-402f-8568-82089771388c", "state": "480", "customerId": null, "localAmount": 220, "localCurrency": "USD"}, {"chainId": "12815580648244715130", "amount": 176, "createdAt": "2018-05-31T03:11:06+00:00", "shoeSize": "6Y", "productId": null, "skuUuid": "6bffd4a1-9ee5-4635-ac36-3eb665efe675", "state": "480", "customerId": null, "localAmount": 176, "localCurrency": "USD"}, {"chainId": "12815541835998812462", "amount": 226, "createdAt": "2018-05-31T01:53:59+00:00", "shoeSize": "7Y", "productId": null, "skuUuid": "7c9f03f2-479e-4ed4-a044-c23ae2f4e397", "state": "480", "customerId": null, "localAmount": 226, "localCurrency": "USD"}, {"chainId": "12815358244689362603", "amount": 216, "createdAt": "2018-05-30T22:21:34+00:00", "shoeSize": "5.5Y", "productId": null, "skuUuid": "355f07f1-9055-402f-8568-82089771388c", "state": "480", "customerId": null, "localAmount": 216, "localCurrency": "USD"}, {"chainId": "12804584660820067337", "amount": 215, "createdAt": "2018-05-27T20:03:23+00:00", "shoeSize": "4.5Y", "productId": null, "skuUuid": "62d50d95-9fba-4746-a8f0-b57c00df9462", "state": "480", "customerId": null, "localAmount": 215, "localCurrency": "USD"}, {"chainId": "12800159835537783268", "amount": 220, "createdAt": "2018-05-27T04:37:17+00:00", "shoeSize": "5.5Y", "productId": null, "skuUuid": "355f07f1-9055-402f-8568-82089771388c", "state": "480", "customerId": null, "localAmount": 220, "localCurrency": "USD"}, {"chainId": "12782908524844520280", "amount": 230, "createdAt": "2018-05-26T04:45:18+00:00", "shoeSize": "7Y", "productId": null, "skuUuid": "7c9f03f2-479e-4ed4-a044-c23ae2f4e397", "state": "480", "customerId": null, "localAmount": 230, "localCurrency": "USD"}, {"chainId": "12808368738438568724", "amount": 180, "createdAt": "2018-05-21T04:22:20+00:00", "shoeSize": "6Y", "productId": null, "skuUuid": "6bffd4a1-9ee5-4635-ac36-3eb665efe675", "state": "480", "customerId": null, "localAmount": 180, "localCurrency": "USD"}, {"chainId": "12806573308421771447", "amount": 189, "createdAt": "2018-05-20T07:05:53+00:00", "shoeSize": "4Y", "productId": null, "skuUuid": "4d7bf400-5b42-47a4-b333-ceb4616b429b", "state": "480", "customerId": null, "localAmount": 189, "localCurrency": "USD"}, {"chainId": "12790049488439240108", "amount": 225, "createdAt": "2018-05-20T01:11:34+00:00", "shoeSize": "6.5Y", "productId": null, "skuUuid": "22cd2a58-6227-4042-97eb-09a72d14976f", "state": "480", "customerId": null, "localAmount": 225, "localCurrency": "USD"}, {"chainId": "12781627274316513666", "amount": 250, "createdAt": "2018-05-19T22:14:32+00:00", "shoeSize": "7Y", "productId": null, "skuUuid": "7c9f03f2-479e-4ed4-a044-c23ae2f4e397", "state": "480", "customerId": null, "localAmount": 250, "localCurrency": "USD"}, {"chainId": "12804223180359734475", "amount": 190, "createdAt": "2018-05-16T14:57:34+00:00", "shoeSize": "6Y", "productId": null, "skuUuid": "6bffd4a1-9ee5-4635-ac36-3eb665efe675", "state": "480", "customerId": null, "localAmount": 190, "localCurrency": "USD"}, {"chainId": "12794129270989378254", "amount": 176, "createdAt": "2018-05-15T16:24:58+00:00", "shoeSize": "4Y", "productId": null, "skuUuid": "4d7bf400-5b42-47a4-b333-ceb4616b429b", "state": "480", "customerId": null, "localAmount": 176, "localCurrency": "USD"}, {"chainId": "12795948506175002740", "amount": 216, "createdAt": "2018-05-14T03:29:49+00:00", "shoeSize": "4.5Y", "productId": null, "skuUuid": "62d50d95-9fba-4746-a8f0-b57c00df9462", "state": "480", "customerId": null, "localAmount": 216, "localCurrency": "USD"}, {"chainId": "12802388629679031159", "amount": 216, "createdAt": "2018-05-14T03:28:33+00:00", "shoeSize": "5.5Y", "productId": null, "skuUuid": "355f07f1-9055-402f-8568-82089771388c", "state": "480", "customerId": null, "localAmount": 216, "localCurrency": "USD"}, {"chainId": "12803175799534316595", "amount": 178, "createdAt": "2018-05-14T00:24:54+00:00", "shoeSize": "4Y", "productId": null, "skuUuid": "4d7bf400-5b42-47a4-b333-ceb4616b429b", "state": "480", "customerId": null, "localAmount": 178, "localCurrency": "USD"}, {"chainId": "12797482485553173929", "amount": 216, "createdAt": "2018-05-12T09:46:11+00:00", "shoeSize": "4.5Y", "productId": null, "skuUuid": "62d50d95-9fba-4746-a8f0-b57c00df9462", "state": "480", "customerId": null, "localAmount": 216, "localCurrency": "USD"}, {"chainId": "12795949082129983071", "amount": 216, "createdAt": "2018-05-12T09:44:20+00:00", "shoeSize": "5.5Y", "productId": null, "skuUuid": "355f07f1-9055-402f-8568-82089771388c", "state": "480", "customerId": null, "localAmount": 216, "localCurrency": "USD"}, {"chainId": "12797482155010710497", "amount": 216, "createdAt": "2018-05-08T19:12:28+00:00", "shoeSize": "5.5Y", "productId": null, "skuUuid": "355f07f1-9055-402f-8568-82089771388c", "state": "480", "customerId": null, "localAmount": 216, "localCurrency": "USD"}, {"chainId": "12795950735944475648", "amount": 190, "createdAt": "2018-05-05T20:40:15+00:00", "shoeSize": "6Y", "productId": null, "skuUuid": "6bffd4a1-9ee5-4635-ac36-3eb665efe675", "state": "480", "customerId": null, "localAmount": 190, "localCurrency": "USD"}, {"chainId": "12776399162000095103", "amount": 182, "createdAt": "2018-05-04T10:07:55+00:00", "shoeSize": "6Y", "productId": null, "skuUuid": "6bffd4a1-9ee5-4635-ac36-3eb665efe675", "state": "480", "customerId": null, "localAmount": 182, "localCurrency": "USD"}, {"chainId": "12793691138794676145", "amount": 182, "createdAt": "2018-04-30T22:20:35+00:00", "shoeSize": "4Y", "productId": null, "skuUuid": "4d7bf400-5b42-47a4-b333-ceb4616b429b", "state": "480", "customerId": null, "localAmount": 182, "localCurrency": "USD"}, {"chainId": "12793690838751892399", "amount": 182, "createdAt": "2018-04-30T22:19:59+00:00", "shoeSize": "6Y", "productId": null, "skuUuid": "6bffd4a1-9ee5-4635-ac36-3eb665efe675", "state": "480", "customerId": null, "localAmount": 182, "localCurrency": "USD"}, {"chainId": "12782854328020024475", "amount": 184, "createdAt": "2018-04-30T22:19:35+00:00", "shoeSize": "4Y", "productId": null, "skuUuid": "4d7bf400-5b42-47a4-b333-ceb4616b429b", "state": "480", "customerId": null, "localAmount": 184, "localCurrency": "USD"}, {"chainId": "12793283907458445272", "amount": 190, "createdAt": "2018-04-30T13:00:03+00:00", "shoeSize": "6Y", "productId": null, "skuUuid": "6bffd4a1-9ee5-4635-ac36-3eb665efe675", "state": "480", "customerId": null, "localAmount": 190, "localCurrency": "USD"}, {"chainId": "12782204166400277972", "amount": 220, "createdAt": "2018-04-28T02:51:42+00:00", "shoeSize": "6.5Y", "productId": null, "skuUuid": "22cd2a58-6227-4042-97eb-09a72d14976f", "state": "480", "customerId": null, "localAmount": 220, "localCurrency": "USD"}, {"chainId": "12751804761385370378", "amount": 234, "createdAt": "2018-04-19T18:00:43+00:00", "shoeSize": "5.5Y", "productId": null, "skuUuid": "355f07f1-9055-402f-8568-82089771388c", "state": "480", "customerId": null, "localAmount": 234, "localCurrency": "USD"}, {"chainId": "12785029542483613939", "amount": 186, "createdAt": "2018-04-18T23:31:35+00:00", "shoeSize": "6.5Y", "productId": null, "skuUuid": "22cd2a58-6227-4042-97eb-09a72d14976f", "state": "480", "customerId": null, "localAmount": 186, "localCurrency": "USD"}, {"chainId": "12785029232797376366", "amount": 188, "createdAt": "2018-04-18T23:30:54+00:00", "shoeSize": "6.5Y", "productId": null, "skuUuid": "22cd2a58-6227-4042-97eb-09a72d14976f", "state": "480", "customerId": null, "localAmount": 188, "localCurrency": "USD"}, {"chainId": "12785028580948611202", "amount": 185, "createdAt": "2018-04-18T23:29:37+00:00", "shoeSize": "6Y", "productId": null, "skuUuid": "6bffd4a1-9ee5-4635-ac36-3eb665efe675", "state": "480", "customerId": null, "localAmount": 185, "localCurrency": "USD"}, {"chainId": "12785027251046109597", "amount": 186, "createdAt": "2018-04-18T23:27:04+00:00", "shoeSize": "6Y", "productId": null, "skuUuid": "6bffd4a1-9ee5-4635-ac36-3eb665efe675", "state": "480", "customerId": null, "localAmount": 186, "localCurrency": "USD"}, {"chainId": "12781537656520407377", "amount": 187, "createdAt": "2018-04-18T23:25:49+00:00", "shoeSize": "6Y", "productId": null, "skuUuid": "6bffd4a1-9ee5-4635-ac36-3eb665efe675", "state": "480", "customerId": null, "localAmount": 187, "localCurrency": "USD"}, {"chainId": "12778548207989996440", "amount": 195, "createdAt": "2018-04-15T17:49:25+00:00", "shoeSize": "6.5Y", "productId": null, "skuUuid": "22cd2a58-6227-4042-97eb-09a72d14976f", "state": "480", "customerId": null, "localAmount": 195, "localCurrency": "USD"}, {"chainId": "12781529497319680147", "amount": 220, "createdAt": "2018-04-14T03:37:34+00:00", "shoeSize": "5Y", "productId": null, "skuUuid": "ff18fb24-567f-4cc1-b39a-454a64cb72bf", "state": "480", "customerId": null, "localAmount": 220, "localCurrency": "USD"}, {"chainId": "12719695458026467837", "amount": 240, "createdAt": "2018-04-09T19:37:41+00:00", "shoeSize": "7Y", "productId": null, "skuUuid": "7c9f03f2-479e-4ed4-a044-c23ae2f4e397", "state": "480", "customerId": null, "localAmount": 240, "localCurrency": "USD"}, {"chainId": "12772120644235614183", "amount": 186, "createdAt": "2018-04-01T04:03:50+00:00", "shoeSize": "6.5Y", "productId": null, "skuUuid": "22cd2a58-6227-4042-97eb-09a72d14976f", "state": "480", "customerId": null, "localAmount": 186, "localCurrency": "USD"}, {"chainId": "12767803349210359391", "amount": 177, "createdAt": "2018-03-26T05:06:08+00:00", "shoeSize": "4Y", "productId": null, "skuUuid": "4d7bf400-5b42-47a4-b333-ceb4616b429b", "state": "480", "customerId": null, "localAmount": 177, "localCurrency": "USD"}, {"chainId": "12619609473204964608", "amount": 204, "createdAt": "2018-03-16T03:51:15+00:00", "shoeSize": "4Y", "productId": null, "skuUuid": "4d7bf400-5b42-47a4-b333-ceb4616b429b", "state": "480", "customerId": null, "localAmount": 204, "localCurrency": "USD"}, {"chainId": "12753329994760238388", "amount": 190, "createdAt": "2018-03-14T01:12:09+00:00", "shoeSize": "6.5Y", "productId": null, "skuUuid": "22cd2a58-6227-4042-97eb-09a72d14976f", "state": "480", "customerId": null, "localAmount": 190, "localCurrency": "USD"}, {"chainId": "12756729945133578472", "amount": 222, "createdAt": "2018-03-13T05:57:47+00:00", "shoeSize": "6Y", "productId": null, "skuUuid": "6bffd4a1-9ee5-4635-ac36-3eb665efe675", "state": "480", "customerId": null, "localAmount": 222, "localCurrency": "USD"}, {"chainId": "12755509301190938947", "amount": 191, "createdAt": "2018-03-09T06:00:08+00:00", "shoeSize": "6.5Y", "productId": null, "skuUuid": "22cd2a58-6227-4042-97eb-09a72d14976f", "state": "480", "customerId": null, "localAmount": 191, "localCurrency": "USD"}, {"chainId": "12753232626947548377", "amount": 197, "createdAt": "2018-03-08T21:13:52+00:00", "shoeSize": "7Y", "productId": null, "skuUuid": "7c9f03f2-479e-4ed4-a044-c23ae2f4e397", "state": "480", "customerId": null, "localAmount": 197, "localCurrency": "USD"}, {"chainId": "12750764962816705286", "amount": 200, "createdAt": "2018-03-07T06:23:01+00:00", "shoeSize": "4Y", "productId": null, "skuUuid": "4d7bf400-5b42-47a4-b333-ceb4616b429b", "state": "480", "customerId": null, "localAmount": 200, "localCurrency": "USD"}, {"chainId": "12666283607007240269", "amount": 225, "createdAt": "2018-03-03T09:56:15+00:00", "shoeSize": "5.5Y", "productId": null, "skuUuid": "355f07f1-9055-402f-8568-82089771388c", "state": "480", "customerId": null, "localAmount": 225, "localCurrency": "USD"}, {"chainId": "12750753852034970513", "amount": 224, "createdAt": "2018-03-03T09:47:56+00:00", "shoeSize": "5.5Y", "productId": null, "skuUuid": "355f07f1-9055-402f-8568-82089771388c", "state": "480", "customerId": null, "localAmount": 224, "localCurrency": "USD"}, {"chainId": "12751227127282936072", "amount": 240, "createdAt": "2018-03-03T09:44:40+00:00", "shoeSize": "5Y", "productId": null, "skuUuid": "ff18fb24-567f-4cc1-b39a-454a64cb72bf", "state": "480", "customerId": null, "localAmount": 240, "localCurrency": "USD"}, {"chainId": "12573763112227060078", "amount": 230, "createdAt": "2018-03-03T01:13:38+00:00", "shoeSize": "5Y", "productId": null, "skuUuid": "ff18fb24-567f-4cc1-b39a-454a64cb72bf", "state": "480", "customerId": null, "localAmount": 230, "localCurrency": "USD"}, {"chainId": "12745921195597272276", "amount": 197, "createdAt": "2018-03-02T16:58:00+00:00", "shoeSize": "4Y", "productId": null, "skuUuid": "4d7bf400-5b42-47a4-b333-ceb4616b429b", "state": "480", "customerId": null, "localAmount": 197, "localCurrency": "USD"}, {"chainId": "12747496257903298648", "amount": 227, "createdAt": "2018-02-26T04:39:44+00:00", "shoeSize": "5Y", "productId": null, "skuUuid": "ff18fb24-567f-4cc1-b39a-454a64cb72bf", "state": "480", "customerId": null, "localAmount": 227, "localCurrency": "USD"}, {"chainId": "12743520181833188908", "amount": 214, "createdAt": "2018-02-24T13:38:03+00:00", "shoeSize": "7Y", "productId": null, "skuUuid": "7c9f03f2-479e-4ed4-a044-c23ae2f4e397", "state": "480", "customerId": null, "localAmount": 214, "localCurrency": "USD"}, {"chainId": "12741309726858749938", "amount": 215, "createdAt": "2018-02-17T17:24:23+00:00", "shoeSize": "5.5Y", "productId": null, "skuUuid": "355f07f1-9055-402f-8568-82089771388c", "state": "480", "customerId": null, "localAmount": 215, "localCurrency": "USD"}, {"chainId": "12737169093295861854", "amount": 259, "createdAt": "2018-02-16T15:16:25+00:00", "shoeSize": "7Y", "productId": null, "skuUuid": "7c9f03f2-479e-4ed4-a044-c23ae2f4e397", "state": "480", "customerId": null, "localAmount": 259, "localCurrency": "USD"}, {"chainId": "12628186398586658488", "amount": 213, "createdAt": "2018-02-12T02:38:58+00:00", "shoeSize": "4.5Y", "productId": null, "skuUuid": "62d50d95-9fba-4746-a8f0-b57c00df9462", "state": "480", "customerId": null, "localAmount": 213, "localCurrency": "USD"}, {"chainId": "12719630966496044745", "amount": 209, "createdAt": "2018-02-11T17:30:25+00:00", "shoeSize": "4Y", "productId": null, "skuUuid": "4d7bf400-5b42-47a4-b333-ceb4616b429b", "state": "480", "customerId": null, "localAmount": 209, "localCurrency": "USD"}, {"chainId": "12736748477364489765", "amount": 197, "createdAt": "2018-02-11T08:45:45+00:00", "shoeSize": "4Y", "productId": null, "skuUuid": "4d7bf400-5b42-47a4-b333-ceb4616b429b", "state": "480", "customerId": null, "localAmount": 197, "localCurrency": "USD"}, {"chainId": "12649757001107196736", "amount": 195, "createdAt": "2018-02-10T00:00:07+00:00", "shoeSize": "6.5Y", "productId": null, "skuUuid": "22cd2a58-6227-4042-97eb-09a72d14976f", "state": "480", "customerId": null, "localAmount": 195, "localCurrency": "USD"}, {"chainId": "12649742532669909587", "amount": 211, "createdAt": "2018-02-08T20:48:47+00:00", "shoeSize": "5.5Y", "productId": null, "skuUuid": "355f07f1-9055-402f-8568-82089771388c", "state": "480", "customerId": null, "localAmount": 211, "localCurrency": "USD"}, {"chainId": "12730667885364027725", "amount": 225, "createdAt": "2018-02-05T13:27:33+00:00", "shoeSize": "5Y", "productId": null, "skuUuid": "ff18fb24-567f-4cc1-b39a-454a64cb72bf", "state": "480", "customerId": null, "localAmount": 225, "localCurrency": "USD"}, {"chainId": "12719628370217713911", "amount": 240, "createdAt": "2018-02-04T04:16:52+00:00", "shoeSize": "7Y", "productId": null, "skuUuid": "7c9f03f2-479e-4ed4-a044-c23ae2f4e397", "state": "480", "customerId": null, "localAmount": 240, "localCurrency": "USD"}, {"chainId": "12699652583432173419", "amount": 220, "createdAt": "2018-02-04T03:36:33+00:00", "shoeSize": "5.5Y", "productId": null, "skuUuid": "355f07f1-9055-402f-8568-82089771388c", "state": "480", "customerId": null, "localAmount": 220, "localCurrency": "USD"}, {"chainId": "12730622444424786131", "amount": 300, "createdAt": "2018-02-03T18:56:54+00:00", "shoeSize": "4.5Y", "productId": null, "skuUuid": "62d50d95-9fba-4746-a8f0-b57c00df9462", "state": "480", "customerId": null, "localAmount": 300, "localCurrency": "USD"}, {"chainId": "12695958135389644605", "amount": 199, "createdAt": "2018-01-31T03:32:44+00:00", "shoeSize": "6Y", "productId": null, "skuUuid": "6bffd4a1-9ee5-4635-ac36-3eb665efe675", "state": "480", "customerId": null, "localAmount": 199, "localCurrency": "USD"}, {"chainId": "12692325432130692744", "amount": 234, "createdAt": "2018-01-24T04:57:43+00:00", "shoeSize": "5Y", "productId": null, "skuUuid": "ff18fb24-567f-4cc1-b39a-454a64cb72bf", "state": "480", "customerId": null, "localAmount": 234, "localCurrency": "USD"}, {"chainId": "12699513781579718570", "amount": 190, "createdAt": "2018-01-19T07:48:55+00:00", "shoeSize": "6.5Y", "productId": null, "skuUuid": "22cd2a58-6227-4042-97eb-09a72d14976f", "state": "480", "customerId": null, "localAmount": 190, "localCurrency": "USD"}, {"chainId": "12719358025196673283", "amount": 189, "createdAt": "2018-01-18T08:53:57+00:00", "shoeSize": "4Y", "productId": null, "skuUuid": "4d7bf400-5b42-47a4-b333-ceb4616b429b", "state": "480", "customerId": null, "localAmount": 189, "localCurrency": "USD"}, {"chainId": "12712611236705394820", "amount": 190, "createdAt": "2018-01-18T08:53:30+00:00", "shoeSize": "4Y", "productId": null, "skuUuid": "4d7bf400-5b42-47a4-b333-ceb4616b429b", "state": "480", "customerId": null, "localAmount": 190, "localCurrency": "USD"}, {"chainId": "12709450701274834044", "amount": 184, "createdAt": "2018-01-18T07:31:29+00:00", "shoeSize": "6.5Y", "productId": null, "skuUuid": "22cd2a58-6227-4042-97eb-09a72d14976f", "state": "480", "customerId": null, "localAmount": 184, "localCurrency": "USD"}, {"chainId": "12711334847634229534", "amount": 190, "createdAt": "2018-01-17T16:47:40+00:00", "shoeSize": "4Y", "productId": null, "skuUuid": "4d7bf400-5b42-47a4-b333-ceb4616b429b", "state": "480", "customerId": null, "localAmount": 190, "localCurrency": "USD"}, {"chainId": "12718252483993982768", "amount": 220, "createdAt": "2018-01-17T13:51:40+00:00", "shoeSize": "7Y", "productId": null, "skuUuid": "7c9f03f2-479e-4ed4-a044-c23ae2f4e397", "state": "480", "customerId": null, "localAmount": 220, "localCurrency": "USD"}, {"chainId": "12712708424132124996", "amount": 181, "createdAt": "2018-01-16T14:15:11+00:00", "shoeSize": "6.5Y", "productId": null, "skuUuid": "22cd2a58-6227-4042-97eb-09a72d14976f", "state": "480", "customerId": null, "localAmount": 181, "localCurrency": "USD"}, {"chainId": "12708392866361050121", "amount": 220, "createdAt": "2018-01-11T06:28:43+00:00", "shoeSize": "5Y", "productId": null, "skuUuid": "ff18fb24-567f-4cc1-b39a-454a64cb72bf", "state": "480", "customerId": null, "localAmount": 220, "localCurrency": "USD"}, {"chainId": "12712409997917079185", "amount": 180, "createdAt": "2018-01-08T18:49:28+00:00", "shoeSize": "4Y", "productId": null, "skuUuid": "4d7bf400-5b42-47a4-b333-ceb4616b429b", "state": "480", "customerId": null, "localAmount": 180, "localCurrency": "USD"}, {"chainId": "12709832447418267304", "amount": 202, "createdAt": "2018-01-05T05:28:19+00:00", "shoeSize": "5.5Y", "productId": null, "skuUuid": "355f07f1-9055-402f-8568-82089771388c", "state": "480", "customerId": null, "localAmount": 202, "localCurrency": "USD"}, {"chainId": "12672461470443374502", "amount": 168, "createdAt": "2018-01-04T18:23:48+00:00", "shoeSize": "7Y", "productId": null, "skuUuid": "7c9f03f2-479e-4ed4-a044-c23ae2f4e397", "state": "480", "customerId": null, "localAmount": 168, "localCurrency": "USD"}, {"chainId": "12694274445469319959", "amount": 194, "createdAt": "2017-12-23T05:27:23+00:00", "shoeSize": "6.5Y", "productId": null, "skuUuid": "22cd2a58-6227-4042-97eb-09a72d14976f", "state": "480", "customerId": null, "localAmount": 194, "localCurrency": "USD"}, {"chainId": "12649759043027067932", "amount": 194, "createdAt": "2017-12-20T07:41:20+00:00", "shoeSize": "4Y", "productId": null, "skuUuid": "4d7bf400-5b42-47a4-b333-ceb4616b429b", "state": "480", "customerId": null, "localAmount": 194, "localCurrency": "USD"}, {"chainId": "12684878582604232977", "amount": 244, "createdAt": "2017-12-19T05:03:00+00:00", "shoeSize": "5Y", "productId": null, "skuUuid": "ff18fb24-567f-4cc1-b39a-454a64cb72bf", "state": "480", "customerId": null, "localAmount": 244, "localCurrency": "USD"}, {"chainId": "12696336718215159403", "amount": 200, "createdAt": "2017-12-18T04:00:32+00:00", "shoeSize": "7Y", "productId": null, "skuUuid": "7c9f03f2-479e-4ed4-a044-c23ae2f4e397", "state": "480", "customerId": null, "localAmount": 200, "localCurrency": "USD"}, {"chainId": "12695002619868041811", "amount": 200, "createdAt": "2017-12-17T06:55:00+00:00", "shoeSize": "7Y", "productId": null, "skuUuid": "7c9f03f2-479e-4ed4-a044-c23ae2f4e397", "state": "480", "customerId": null, "localAmount": 200, "localCurrency": "USD"}, {"chainId": "12665200379771195562", "amount": 205, "createdAt": "2017-12-11T01:06:58+00:00", "shoeSize": "6.5Y", "productId": null, "skuUuid": "22cd2a58-6227-4042-97eb-09a72d14976f", "state": "480", "customerId": null, "localAmount": 205, "localCurrency": "USD"}, {"chainId": "12649764553418745672", "amount": 195, "createdAt": "2017-12-06T17:33:55+00:00", "shoeSize": "5.5Y", "productId": null, "skuUuid": "355f07f1-9055-402f-8568-82089771388c", "state": "480", "customerId": null, "localAmount": 195, "localCurrency": "USD"}, {"chainId": "12688452013714129798", "amount": 197, "createdAt": "2017-12-06T17:29:17+00:00", "shoeSize": "5.5Y", "productId": null, "skuUuid": "355f07f1-9055-402f-8568-82089771388c", "state": "480", "customerId": null, "localAmount": 197, "localCurrency": "USD"}, {"chainId": "12668513966574357428", "amount": 193, "createdAt": "2017-11-27T09:41:26+00:00", "shoeSize": "4Y", "productId": null, "skuUuid": "4d7bf400-5b42-47a4-b333-ceb4616b429b", "state": "480", "customerId": null, "localAmount": 193, "localCurrency": "USD"}, {"chainId": "12574790762084089632", "amount": 249, "createdAt": "2017-11-23T14:55:38+00:00", "shoeSize": "5Y", "productId": null, "skuUuid": "ff18fb24-567f-4cc1-b39a-454a64cb72bf", "state": "480", "customerId": null, "localAmount": 249, "localCurrency": "USD"}, {"chainId": "12649746495512020937", "amount": 204, "createdAt": "2017-11-18T03:37:50+00:00", "shoeSize": "6Y", "productId": null, "skuUuid": "6bffd4a1-9ee5-4635-ac36-3eb665efe675", "state": "480", "customerId": null, "localAmount": 204, "localCurrency": "USD"}, {"chainId": "12649744791855042724", "amount": 192, "createdAt": "2017-11-10T08:20:01+00:00", "shoeSize": "6Y", "productId": null, "skuUuid": "6bffd4a1-9ee5-4635-ac36-3eb665efe675", "state": "480", "customerId": null, "localAmount": 192, "localCurrency": "USD"}, {"chainId": "12662626111639881886", "amount": 220, "createdAt": "2017-11-10T03:27:27+00:00", "shoeSize": "7Y", "productId": null, "skuUuid": "7c9f03f2-479e-4ed4-a044-c23ae2f4e397", "state": "480", "customerId": null, "localAmount": 220, "localCurrency": "USD"}, {"chainId": "12668477436666809149", "amount": 181, "createdAt": "2017-11-09T05:42:43+00:00", "shoeSize": "6Y", "productId": null, "skuUuid": "6bffd4a1-9ee5-4635-ac36-3eb665efe675", "state": "480", "customerId": null, "localAmount": 181, "localCurrency": "USD"}, {"chainId": "12620905491203458098", "amount": 189, "createdAt": "2017-11-08T13:05:18+00:00", "shoeSize": "7Y", "productId": null, "skuUuid": "7c9f03f2-479e-4ed4-a044-c23ae2f4e397", "state": "480", "customerId": null, "localAmount": 189, "localCurrency": "USD"}, {"chainId": "12624933471199676028", "amount": 220, "createdAt": "2017-11-04T01:39:05+00:00", "shoeSize": "6.5Y", "productId": null, "skuUuid": "22cd2a58-6227-4042-97eb-09a72d14976f", "state": "480", "customerId": null, "localAmount": 220, "localCurrency": "USD"}, {"chainId": "12658278879492214675", "amount": 190, "createdAt": "2017-11-01T00:14:26+00:00", "shoeSize": "4.5Y", "productId": null, "skuUuid": "62d50d95-9fba-4746-a8f0-b57c00df9462", "state": "480", "customerId": null, "localAmount": 190, "localCurrency": "USD"}, {"chainId": "12608065981890583448", "amount": 181, "createdAt": "2017-10-31T22:42:58+00:00", "shoeSize": "6Y", "productId": null, "skuUuid": "6bffd4a1-9ee5-4635-ac36-3eb665efe675", "state": "480", "customerId": null, "localAmount": 181, "localCurrency": "USD"}, {"chainId": "12660867559053697705", "amount": 174, "createdAt": "2017-10-31T22:03:23+00:00", "shoeSize": "6.5Y", "productId": null, "skuUuid": "22cd2a58-6227-4042-97eb-09a72d14976f", "state": "480", "customerId": null, "localAmount": 174, "localCurrency": "USD"}, {"chainId": "12646419040115929807", "amount": 205, "createdAt": "2017-10-31T20:32:13+00:00", "shoeSize": "5Y", "productId": null, "skuUuid": "ff18fb24-567f-4cc1-b39a-454a64cb72bf", "state": "480", "customerId": null, "localAmount": 205, "localCurrency": "USD"}, {"chainId": "12646419184278356353", "amount": 183, "createdAt": "2017-10-31T20:29:23+00:00", "shoeSize": "4Y", "productId": null, "skuUuid": "4d7bf400-5b42-47a4-b333-ceb4616b429b", "state": "480", "customerId": null, "localAmount": 183, "localCurrency": "USD"}, {"chainId": "12655271077983419895", "amount": 175, "createdAt": "2017-10-30T03:15:33+00:00", "shoeSize": "6.5Y", "productId": null, "skuUuid": "22cd2a58-6227-4042-97eb-09a72d14976f", "state": "480", "customerId": null, "localAmount": 175, "localCurrency": "USD"}, {"chainId": "12655271783979220419", "amount": 199, "createdAt": "2017-10-29T11:28:41+00:00", "shoeSize": "4.5Y", "productId": null, "skuUuid": "62d50d95-9fba-4746-a8f0-b57c00df9462", "state": "480", "customerId": null, "localAmount": 199, "localCurrency": "USD"}, {"chainId": "12618260008817389289", "amount": 176, "createdAt": "2017-10-26T02:50:24+00:00", "shoeSize": "6.5Y", "productId": null, "skuUuid": "22cd2a58-6227-4042-97eb-09a72d14976f", "state": "480", "customerId": null, "localAmount": 176, "localCurrency": "USD"}, {"chainId": "12574790959903733724", "amount": 165, "createdAt": "2017-10-13T17:44:57+00:00", "shoeSize": "6.5Y", "productId": null, "skuUuid": "22cd2a58-6227-4042-97eb-09a72d14976f", "state": "480", "customerId": null, "localAmount": 165, "localCurrency": "USD"}, {"chainId": "12644184526342993315", "amount": 200, "createdAt": "2017-10-12T00:54:14+00:00", "shoeSize": "4.5Y", "productId": null, "skuUuid": "62d50d95-9fba-4746-a8f0-b57c00df9462", "state": "480", "customerId": null, "localAmount": 200, "localCurrency": "USD"}, {"chainId": "12622071902640585509", "amount": 190, "createdAt": "2017-09-27T23:37:19+00:00", "shoeSize": "5.5Y", "productId": null, "skuUuid": "355f07f1-9055-402f-8568-82089771388c", "state": "480", "customerId": null, "localAmount": 190, "localCurrency": "USD"}, {"chainId": "12625677815896050677", "amount": 194, "createdAt": "2017-09-22T16:10:51+00:00", "shoeSize": "6Y", "productId": null, "skuUuid": "6bffd4a1-9ee5-4635-ac36-3eb665efe675", "state": "480", "customerId": null, "localAmount": 194, "localCurrency": "USD"}, {"chainId": "12633398938913180200", "amount": 180, "createdAt": "2017-09-21T18:28:39+00:00", "shoeSize": "5.5Y", "productId": null, "skuUuid": "355f07f1-9055-402f-8568-82089771388c", "state": "480", "customerId": null, "localAmount": 180, "localCurrency": "USD"}, {"chainId": "12610847235919917378", "amount": 219, "createdAt": "2017-09-10T01:54:53+00:00", "shoeSize": "6Y", "productId": null, "skuUuid": "6bffd4a1-9ee5-4635-ac36-3eb665efe675", "state": "480", "customerId": null, "localAmount": 219, "localCurrency": "USD"}, {"chainId": "12617094550456914518", "amount": 161, "createdAt": "2017-08-30T06:35:15+00:00", "shoeSize": "6Y", "productId": null, "skuUuid": "6bffd4a1-9ee5-4635-ac36-3eb665efe675", "state": "480", "customerId": null, "localAmount": 161, "localCurrency": "USD"}, {"chainId": "12609535034320266241", "amount": 210, "createdAt": "2017-08-29T11:50:04+00:00", "shoeSize": "4.5Y", "productId": null, "skuUuid": "62d50d95-9fba-4746-a8f0-b57c00df9462", "state": "480", "customerId": null, "localAmount": 210, "localCurrency": "USD"}, {"chainId": "12613294237861039072", "amount": 200, "createdAt": "2017-08-28T18:27:02+00:00", "shoeSize": "7Y", "productId": null, "skuUuid": "7c9f03f2-479e-4ed4-a044-c23ae2f4e397", "state": "480", "customerId": null, "localAmount": 200, "localCurrency": "USD"}, {"chainId": "12574790659250249141", "amount": 209, "createdAt": "2017-08-20T05:32:03+00:00", "shoeSize": "4.5Y", "productId": null, "skuUuid": "62d50d95-9fba-4746-a8f0-b57c00df9462", "state": "480", "customerId": null, "localAmount": 209, "localCurrency": "USD"}, {"chainId": "12552897958179888453", "amount": 195, "createdAt": "2017-08-17T19:26:48+00:00", "shoeSize": "7Y", "productId": null, "skuUuid": "7c9f03f2-479e-4ed4-a044-c23ae2f4e397", "state": "480", "customerId": null, "localAmount": 195, "localCurrency": "USD"}, {"chainId": "12607378664444599078", "amount": 191, "createdAt": "2017-08-16T20:50:59+00:00", "shoeSize": "4.5Y", "productId": null, "skuUuid": "62d50d95-9fba-4746-a8f0-b57c00df9462", "state": "480", "customerId": null, "localAmount": 191, "localCurrency": "USD"}, {"chainId": "12602388883021637303", "amount": 190, "createdAt": "2017-08-16T15:25:59+00:00", "shoeSize": "4Y", "productId": null, "skuUuid": "4d7bf400-5b42-47a4-b333-ceb4616b429b", "state": "480", "customerId": null, "localAmount": 190, "localCurrency": "USD"}, {"chainId": "12606722911514015784", "amount": 160, "createdAt": "2017-08-15T23:08:06+00:00", "shoeSize": "5.5Y", "productId": null, "skuUuid": "355f07f1-9055-402f-8568-82089771388c", "state": "480", "customerId": null, "localAmount": 160, "localCurrency": "USD"}, {"chainId": "12584860244028734513", "amount": 186, "createdAt": "2017-08-14T23:13:18+00:00", "shoeSize": "4Y", "productId": null, "skuUuid": "4d7bf400-5b42-47a4-b333-ceb4616b429b", "state": "480", "customerId": null, "localAmount": 186, "localCurrency": "USD"}, {"chainId": "12605155851005601716", "amount": 174, "createdAt": "2017-08-13T19:14:38+00:00", "shoeSize": "5Y", "productId": null, "skuUuid": "ff18fb24-567f-4cc1-b39a-454a64cb72bf", "state": "480", "customerId": null, "localAmount": 174, "localCurrency": "USD"}, {"chainId": "12605155648320815782", "amount": 175, "createdAt": "2017-08-13T19:14:14+00:00", "shoeSize": "5Y", "productId": null, "skuUuid": "ff18fb24-567f-4cc1-b39a-454a64cb72bf", "state": "480", "customerId": null, "localAmount": 175, "localCurrency": "USD"}, {"chainId": "12604943804979377907", "amount": 174, "createdAt": "2017-08-13T12:13:20+00:00", "shoeSize": "5Y", "productId": null, "skuUuid": "ff18fb24-567f-4cc1-b39a-454a64cb72bf", "state": "480", "customerId": null, "localAmount": 174, "localCurrency": "USD"}, {"chainId": "12600977752673459095", "amount": 185, "createdAt": "2017-08-08T03:09:13+00:00", "shoeSize": "6Y", "productId": null, "skuUuid": "6bffd4a1-9ee5-4635-ac36-3eb665efe675", "state": "480", "customerId": null, "localAmount": 185, "localCurrency": "USD"}, {"chainId": "12598917195270088671", "amount": 185, "createdAt": "2017-08-05T04:39:29+00:00", "shoeSize": "7Y", "productId": null, "skuUuid": "7c9f03f2-479e-4ed4-a044-c23ae2f4e397", "state": "480", "customerId": null, "localAmount": 185, "localCurrency": "USD"}, {"chainId": "12596508429652877229", "amount": 161, "createdAt": "2017-08-01T20:53:46+00:00", "shoeSize": "5Y", "productId": null, "skuUuid": "ff18fb24-567f-4cc1-b39a-454a64cb72bf", "state": "480", "customerId": null, "localAmount": 161, "localCurrency": "USD"}, {"chainId": "12591330163124799538", "amount": 166, "createdAt": "2017-07-25T17:25:28+00:00", "shoeSize": "5Y", "productId": null, "skuUuid": "ff18fb24-567f-4cc1-b39a-454a64cb72bf", "state": "480", "customerId": null, "localAmount": 166, "localCurrency": "USD"}, {"chainId": "12582248670921708614", "amount": 198, "createdAt": "2017-07-20T01:00:29+00:00", "shoeSize": "4.5Y", "productId": null, "skuUuid": "62d50d95-9fba-4746-a8f0-b57c00df9462", "state": "480", "customerId": null, "localAmount": 198, "localCurrency": "USD"}, {"chainId": "12582142288441825735", "amount": 160, "createdAt": "2017-07-13T01:10:48+00:00", "shoeSize": "6Y", "productId": null, "skuUuid": "6bffd4a1-9ee5-4635-ac36-3eb665efe675", "state": "480", "customerId": null, "localAmount": 160, "localCurrency": "USD"}, {"chainId": "12581862527988925755", "amount": 190, "createdAt": "2017-07-12T15:54:54+00:00", "shoeSize": "4.5Y", "productId": null, "skuUuid": "62d50d95-9fba-4746-a8f0-b57c00df9462", "state": "480", "customerId": null, "localAmount": 190, "localCurrency": "USD"}, {"chainId": "12565989733194637515", "amount": 151, "createdAt": "2017-06-20T18:18:29+00:00", "shoeSize": "7Y", "productId": null, "skuUuid": "7c9f03f2-479e-4ed4-a044-c23ae2f4e397", "state": "480", "customerId": null, "localAmount": 151, "localCurrency": "USD"}, {"chainId": "12538840944761000875", "amount": 190, "createdAt": "2017-06-19T08:48:56+00:00", "shoeSize": "5Y", "productId": null, "skuUuid": "ff18fb24-567f-4cc1-b39a-454a64cb72bf", "state": "480", "customerId": null, "localAmount": 190, "localCurrency": "USD"}, {"chainId": "12555091889108071212", "amount": 165, "createdAt": "2017-06-05T17:26:29+00:00", "shoeSize": "6Y", "productId": null, "skuUuid": "6bffd4a1-9ee5-4635-ac36-3eb665efe675", "state": "480", "customerId": null, "localAmount": 165, "localCurrency": "USD"}, {"chainId": "12548481504904941715", "amount": 160, "createdAt": "2017-06-03T00:00:47+00:00", "shoeSize": "7Y", "productId": null, "skuUuid": "7c9f03f2-479e-4ed4-a044-c23ae2f4e397", "state": "480", "customerId": null, "localAmount": 160, "localCurrency": "USD"}, {"chainId": "12489519991244688048", "amount": 194, "createdAt": "2017-06-02T02:11:58+00:00", "shoeSize": "6Y", "productId": null, "skuUuid": "6bffd4a1-9ee5-4635-ac36-3eb665efe675", "state": "480", "customerId": null, "localAmount": 194, "localCurrency": "USD"}, {"chainId": "12528944205953390946", "amount": 230, "createdAt": "2017-06-01T08:37:36+00:00", "shoeSize": "5Y", "productId": null, "skuUuid": "ff18fb24-567f-4cc1-b39a-454a64cb72bf", "state": "480", "customerId": null, "localAmount": 230, "localCurrency": "USD"}, {"chainId": "12540873824867471288", "amount": 180, "createdAt": "2017-05-23T04:43:08+00:00", "shoeSize": "6Y", "productId": null, "skuUuid": "6bffd4a1-9ee5-4635-ac36-3eb665efe675", "state": "480", "customerId": null, "localAmount": 180, "localCurrency": "USD"}, {"chainId": "12519194585549493855", "amount": 219, "createdAt": "2017-05-19T15:22:24+00:00", "shoeSize": "5.5Y", "productId": null, "skuUuid": "355f07f1-9055-402f-8568-82089771388c", "state": "480", "customerId": null, "localAmount": 219, "localCurrency": "USD"}, {"chainId": "12523912250660956457", "amount": 220, "createdAt": "2017-05-03T23:00:17+00:00", "shoeSize": "6.5Y", "productId": null, "skuUuid": "22cd2a58-6227-4042-97eb-09a72d14976f", "state": "480", "customerId": null, "localAmount": 220, "localCurrency": "USD"}, {"chainId": "12502303840304157078", "amount": 240, "createdAt": "2017-04-11T16:22:10+00:00", "shoeSize": "7Y", "productId": null, "skuUuid": "7c9f03f2-479e-4ed4-a044-c23ae2f4e397", "state": "480", "customerId": null, "localAmount": 240, "localCurrency": "USD"}, {"chainId": "12511886469098802786", "amount": 210, "createdAt": "2017-04-07T17:15:43+00:00", "shoeSize": "5.5Y", "productId": null, "skuUuid": "355f07f1-9055-402f-8568-82089771388c", "state": "480", "customerId": null, "localAmount": 210, "localCurrency": "USD"}, {"chainId": "12495992044480659786", "amount": 225, "createdAt": "2017-04-03T14:21:14+00:00", "shoeSize": "4Y", "productId": null, "skuUuid": "4d7bf400-5b42-47a4-b333-ceb4616b429b", "state": "480", "customerId": null, "localAmount": 225, "localCurrency": "USD"}, {"chainId": "12478235692794846089", "amount": 185, "createdAt": "2017-03-26T21:26:32+00:00", "shoeSize": "6.5Y", "productId": null, "skuUuid": "22cd2a58-6227-4042-97eb-09a72d14976f", "state": "480", "customerId": null, "localAmount": 185, "localCurrency": "USD"}, {"chainId": "12474779502037150337", "amount": 166, "createdAt": "2017-02-14T22:00:08+00:00", "shoeSize": "5.5Y", "productId": null, "skuUuid": "355f07f1-9055-402f-8568-82089771388c", "state": "480", "customerId": null, "localAmount": 166, "localCurrency": "USD"}, {"chainId": "12466353970555898798", "amount": 175, "createdAt": "2017-02-08T21:20:33+00:00", "shoeSize": "7Y", "productId": null, "skuUuid": "7c9f03f2-479e-4ed4-a044-c23ae2f4e397", "state": "480", "customerId": null, "localAmount": 175, "localCurrency": "USD"}, {"chainId": "12445749959805862770", "amount": 185, "createdAt": "2017-01-23T09:15:31+00:00", "shoeSize": "7Y", "productId": null, "skuUuid": "7c9f03f2-479e-4ed4-a044-c23ae2f4e397", "state": "480", "customerId": null, "localAmount": 185, "localCurrency": "USD"}, {"chainId": "12376930564004091984", "amount": 191, "createdAt": "2017-01-23T00:32:47+00:00", "shoeSize": "5.5Y", "productId": null, "skuUuid": "355f07f1-9055-402f-8568-82089771388c", "state": "480", "customerId": null, "localAmount": 191, "localCurrency": "USD"}, {"chainId": "12443848300930488392", "amount": 216, "createdAt": "2017-01-14T07:05:46+00:00", "shoeSize": "7Y", "productId": null, "skuUuid": "7c9f03f2-479e-4ed4-a044-c23ae2f4e397", "state": "480", "customerId": null, "localAmount": 216, "localCurrency": "USD"}, {"chainId": "12428478635244127589", "amount": 205, "createdAt": "2016-12-13T02:19:21+00:00", "shoeSize": "4.5Y", "productId": null, "skuUuid": "62d50d95-9fba-4746-a8f0-b57c00df9462", "state": "480", "customerId": null, "localAmount": 205, "localCurrency": "USD"}, {"chainId": "12372647779755433983", "amount": 200, "createdAt": "2016-11-03T19:46:15+00:00", "shoeSize": "7Y", "productId": null, "skuUuid": "7c9f03f2-479e-4ed4-a044-c23ae2f4e397", "state": "480", "customerId": null, "localAmount": 200, "localCurrency": "USD"}, {"chainId": "12255788452238757334", "amount": 190, "createdAt": "2016-10-10T19:40:53+00:00", "shoeSize": "5Y", "productId": null, "skuUuid": "ff18fb24-567f-4cc1-b39a-454a64cb72bf", "state": "480", "customerId": null, "localAmount": 190, "localCurrency": "USD"}, {"chainId": "12278373364833638383", "amount": 209, "createdAt": "2016-06-23T04:38:17+00:00", "shoeSize": "6Y", "productId": null, "skuUuid": "6bffd4a1-9ee5-4635-ac36-3eb665efe675", "state": "480", "customerId": null, "localAmount": 209, "localCurrency": "USD"}, {"chainId": "12222352748404052135", "amount": 215, "createdAt": "2016-03-18T10:01:25+00:00", "shoeSize": "7Y", "productId": null, "skuUuid": "7c9f03f2-479e-4ed4-a044-c23ae2f4e397", "state": "480", "customerId": null, "localAmount": 215, "localCurrency": "USD"}, {"chainId": "12221739652986906742", "amount": 225, "createdAt": "2015-12-14T20:14:43+00:00", "shoeSize": "6Y", "productId": null, "skuUuid": "6bffd4a1-9ee5-4635-ac36-3eb665efe675", "state": "480", "customerId": null, "localAmount": 225, "localCurrency": "USD"}, {"chainId": "12221739651331527507", "amount": 250, "createdAt": "2015-12-12T04:13:09+00:00", "shoeSize": "4.5Y", "productId": null, "skuUuid": "62d50d95-9fba-4746-a8f0-b57c00df9462", "state": "480", "customerId": null, "localAmount": 250, "localCurrency": "USD"}, {"chainId": "12221876389516980776", "amount": 226, "createdAt": "2015-12-10T00:11:26+00:00", "shoeSize": "6Y", "productId": null, "skuUuid": "6bffd4a1-9ee5-4635-ac36-3eb665efe675", "state": "480", "customerId": null, "localAmount": 226, "localCurrency": "USD"}, {"chainId": "12221739651486707186", "amount": 250, "createdAt": "2015-12-06T00:14:55+00:00", "shoeSize": "4.5Y", "productId": null, "skuUuid": "62d50d95-9fba-4746-a8f0-b57c00df9462", "state": "480", "customerId": null, "localAmount": 250, "localCurrency": "USD"}, {"chainId": "12238480168618290873", "amount": 230, "createdAt": "2015-10-04T05:10:30+00:00", "shoeSize": "7Y", "productId": null, "skuUuid": "7c9f03f2-479e-4ed4-a044-c23ae2f4e397", "state": "480", "customerId": null, "localAmount": 230, "localCurrency": "USD"}, {"chainId": "12221739654634139938", "amount": 225, "createdAt": "2015-09-21T16:15:34+00:00", "shoeSize": "6.5Y", "productId": null, "skuUuid": "22cd2a58-6227-4042-97eb-09a72d14976f", "state": "480", "customerId": null, "localAmount": 225, "localCurrency": "USD"}, {"chainId": "12221739654474802998", "amount": 225, "createdAt": "2015-09-19T16:07:01+00:00", "shoeSize": "6.5Y", "productId": null, "skuUuid": "22cd2a58-6227-4042-97eb-09a72d14976f", "state": "480", "customerId": null, "localAmount": 225, "localCurrency": "USD"}]