[{"chainId": "12322581691327537109", "amount": 275, "createdAt": "2016-07-31T11:24:32+00:00", "shoeSize": "11.5", "productId": null, "skuUuid": "3af0d51e-c27e-4008-ae1c-1ecbabc1c2b8", "state": "480", "customerId": null, "localAmount": 275, "localCurrency": "USD"}, {"chainId": "12322581693839854016", "amount": 275, "createdAt": "2016-07-31T07:30:29+00:00", "shoeSize": "13", "productId": null, "skuUuid": "cf4ab5e3-8633-4682-b414-561c22c3a9dc", "state": "480", "customerId": null, "localAmount": 275, "localCurrency": "USD"}, {"chainId": "12322581694748267746", "amount": 350, "createdAt": "2016-07-30T04:00:45+00:00", "shoeSize": "14", "productId": null, "skuUuid": "d65cd4b4-2d56-4860-8ba2-afe3f8b876ca", "state": "480", "customerId": null, "localAmount": 350, "localCurrency": "USD"}, {"chainId": "12227803699575538876", "amount": 225, "createdAt": "2016-07-30T01:48:46+00:00", "shoeSize": "10.5", "productId": null, "skuUuid": "eb82a00d-bcd8-4fc1-a073-b92cf2729140", "state": "480", "customerId": null, "localAmount": 225, "localCurrency": "USD"}, {"chainId": "12322581698768427021", "amount": 275, "createdAt": "2016-07-28T16:36:05+00:00", "shoeSize": "9.5", "productId": null, "skuUuid": "94b7fb48-3afc-4c39-9748-96d23f1fb709", "state": "480", "customerId": null, "localAmount": 275, "localCurrency": "USD"}, {"chainId": "12322581691186707556", "amount": 275, "createdAt": "2016-07-28T07:53:17+00:00", "shoeSize": "11.5", "productId": null, "skuUuid": "3af0d51e-c27e-4008-ae1c-1ecbabc1c2b8", "state": "480", "customerId": null, "localAmount": 275, "localCurrency": "USD"}, {"chainId": "12277047037713251641", "amount": 220, "createdAt": "2016-07-25T17:28:58+00:00", "shoeSize": "9.5", "productId": null, "skuUuid": "94b7fb48-3afc-4c39-9748-96d23f1fb709", "state": "480", "customerId": null, "localAmount": 220, "localCurrency": "USD"}, {"chainId": "12322581695714631318", "amount": 300, "createdAt": "2016-07-25T16:07:24+00:00", "shoeSize": "7.5", "productId": null, "skuUuid": "1e017266-7d30-4199-b674-8b577f09a8bf", "state": "480", "customerId": null, "localAmount": 300, "localCurrency": "USD"}, {"chainId": "12322581689973100307", "amount": 300, "createdAt": "2016-07-23T23:58:05+00:00", "shoeSize": "11", "productId": null, "skuUuid": "41383ca4-ee75-439e-9046-cddd1c2d8a2b", "state": "480", "customerId": null, "localAmount": 300, "localCurrency": "USD"}, {"chainId": "12322581698438556655", "amount": 300, "createdAt": "2016-07-23T16:18:01+00:00", "shoeSize": "9.5", "productId": null, "skuUuid": "94b7fb48-3afc-4c39-9748-96d23f1fb709", "state": "480", "customerId": null, "localAmount": 300, "localCurrency": "USD"}, {"chainId": "12325239710359471908", "amount": 275, "createdAt": "2016-07-22T23:30:04+00:00", "shoeSize": "10.5", "productId": null, "skuUuid": "eb82a00d-bcd8-4fc1-a073-b92cf2729140", "state": "480", "customerId": null, "localAmount": 275, "localCurrency": "USD"}, {"chainId": "12322581687033133911", "amount": 275, "createdAt": "2016-07-21T17:59:47+00:00", "shoeSize": "10", "productId": null, "skuUuid": "b831b9c6-4430-42fe-bac0-ca17130f0dc7", "state": "480", "customerId": null, "localAmount": 275, "localCurrency": "USD"}, {"chainId": "12322581686749410613", "amount": 275, "createdAt": "2016-07-20T23:35:20+00:00", "shoeSize": "10", "productId": null, "skuUuid": "b831b9c6-4430-42fe-bac0-ca17130f0dc7", "state": "480", "customerId": null, "localAmount": 275, "localCurrency": "USD"}, {"chainId": "12323519236377361899", "amount": 284, "createdAt": "2016-07-19T19:56:28+00:00", "shoeSize": "10", "productId": null, "skuUuid": "b831b9c6-4430-42fe-bac0-ca17130f0dc7", "state": "480", "customerId": null, "localAmount": 284, "localCurrency": "USD"}, {"chainId": "12297918162450009401", "amount": 175, "createdAt": "2016-07-19T15:01:27+00:00", "shoeSize": "13", "productId": null, "skuUuid": "cf4ab5e3-8633-4682-b414-561c22c3a9dc", "state": "480", "customerId": null, "localAmount": 175, "localCurrency": "USD"}, {"chainId": "12322581688665503381", "amount": 275, "createdAt": "2016-07-19T02:40:52+00:00", "shoeSize": "10.5", "productId": null, "skuUuid": "eb82a00d-bcd8-4fc1-a073-b92cf2729140", "state": "480", "customerId": null, "localAmount": 275, "localCurrency": "USD"}, {"chainId": "12320767631420079246", "amount": 275, "createdAt": "2016-07-16T20:53:29+00:00", "shoeSize": "9.5", "productId": null, "skuUuid": "94b7fb48-3afc-4c39-9748-96d23f1fb709", "state": "480", "customerId": null, "localAmount": 275, "localCurrency": "USD"}, {"chainId": "12277130669698694393", "amount": 344, "createdAt": "2016-07-16T17:42:17+00:00", "shoeSize": "12", "productId": null, "skuUuid": "1c2fa5fa-7a7c-43c7-b2ee-8d9beb9981e7", "state": "480", "customerId": null, "localAmount": 344, "localCurrency": "USD"}, {"chainId": "12320646998270183629", "amount": 300, "createdAt": "2016-07-16T17:11:13+00:00", "shoeSize": "10.5", "productId": null, "skuUuid": "eb82a00d-bcd8-4fc1-a073-b92cf2729140", "state": "480", "customerId": null, "localAmount": 300, "localCurrency": "USD"}, {"chainId": "12319438897709000414", "amount": 325, "createdAt": "2016-07-14T23:44:26+00:00", "shoeSize": "9", "productId": null, "skuUuid": "2bd963d0-02a6-4d65-b0fb-48974cde11ba", "state": "480", "customerId": null, "localAmount": 325, "localCurrency": "USD"}, {"chainId": "12319318244083664239", "amount": 300, "createdAt": "2016-07-14T20:07:01+00:00", "shoeSize": "9", "productId": null, "skuUuid": "2bd963d0-02a6-4d65-b0fb-48974cde11ba", "state": "480", "customerId": null, "localAmount": 300, "localCurrency": "USD"}, {"chainId": "12319197389743961625", "amount": 275, "createdAt": "2016-07-14T16:04:07+00:00", "shoeSize": "12", "productId": null, "skuUuid": "1c2fa5fa-7a7c-43c7-b2ee-8d9beb9981e7", "state": "480", "customerId": null, "localAmount": 275, "localCurrency": "USD"}, {"chainId": "12317868453111343489", "amount": 275, "createdAt": "2016-07-12T21:35:12+00:00", "shoeSize": "10.5", "productId": null, "skuUuid": "eb82a00d-bcd8-4fc1-a073-b92cf2729140", "state": "480", "customerId": null, "localAmount": 275, "localCurrency": "USD"}, {"chainId": "12316298555653443428", "amount": 325, "createdAt": "2016-07-10T17:08:42+00:00", "shoeSize": "9", "productId": null, "skuUuid": "2bd963d0-02a6-4d65-b0fb-48974cde11ba", "state": "480", "customerId": null, "localAmount": 325, "localCurrency": "USD"}, {"chainId": "12248921957225298385", "amount": 325, "createdAt": "2016-07-07T10:46:38+00:00", "shoeSize": "12", "productId": null, "skuUuid": "1c2fa5fa-7a7c-43c7-b2ee-8d9beb9981e7", "state": "480", "customerId": null, "localAmount": 325, "localCurrency": "USD"}, {"chainId": "12312915909974107873", "amount": 275, "createdAt": "2016-07-06T01:54:45+00:00", "shoeSize": "12", "productId": null, "skuUuid": "1c2fa5fa-7a7c-43c7-b2ee-8d9beb9981e7", "state": "480", "customerId": null, "localAmount": 275, "localCurrency": "USD"}, {"chainId": "12312231874842543703", "amount": 240, "createdAt": "2016-07-05T15:26:58+00:00", "shoeSize": "10", "productId": null, "skuUuid": "b831b9c6-4430-42fe-bac0-ca17130f0dc7", "state": "480", "customerId": null, "localAmount": 240, "localCurrency": "USD"}, {"chainId": "12312394690846332808", "amount": 300, "createdAt": "2016-07-04T12:57:03+00:00", "shoeSize": "9.5", "productId": null, "skuUuid": "94b7fb48-3afc-4c39-9748-96d23f1fb709", "state": "480", "customerId": null, "localAmount": 300, "localCurrency": "USD"}, {"chainId": "12277765816133965012", "amount": 200, "createdAt": "2016-06-27T02:31:05+00:00", "shoeSize": "10.5", "productId": null, "skuUuid": "eb82a00d-bcd8-4fc1-a073-b92cf2729140", "state": "480", "customerId": null, "localAmount": 200, "localCurrency": "USD"}, {"chainId": "12306034004746119232", "amount": 300, "createdAt": "2016-06-26T11:56:15+00:00", "shoeSize": "10", "productId": null, "skuUuid": "b831b9c6-4430-42fe-bac0-ca17130f0dc7", "state": "480", "customerId": null, "localAmount": 300, "localCurrency": "USD"}, {"chainId": "12305187088664217742", "amount": 275, "createdAt": "2016-06-25T07:47:19+00:00", "shoeSize": "12", "productId": null, "skuUuid": "1c2fa5fa-7a7c-43c7-b2ee-8d9beb9981e7", "state": "480", "customerId": null, "localAmount": 275, "localCurrency": "USD"}, {"chainId": "12304704394649465399", "amount": 300, "createdAt": "2016-06-24T14:40:54+00:00", "shoeSize": "8.5", "productId": null, "skuUuid": "b17ad0be-b845-4164-9398-1fb373868874", "state": "480", "customerId": null, "localAmount": 300, "localCurrency": "USD"}, {"chainId": "12304462559780710191", "amount": 275, "createdAt": "2016-06-24T09:32:45+00:00", "shoeSize": "11.5", "productId": null, "skuUuid": "3af0d51e-c27e-4008-ae1c-1ecbabc1c2b8", "state": "480", "customerId": null, "localAmount": 275, "localCurrency": "USD"}, {"chainId": "12303375254424968533", "amount": 325, "createdAt": "2016-06-22T20:56:28+00:00", "shoeSize": "11", "productId": null, "skuUuid": "41383ca4-ee75-439e-9046-cddd1c2d8a2b", "state": "480", "customerId": null, "localAmount": 325, "localCurrency": "USD"}, {"chainId": "12302529394660983219", "amount": 325, "createdAt": "2016-06-21T17:54:32+00:00", "shoeSize": "10.5", "productId": null, "skuUuid": "eb82a00d-bcd8-4fc1-a073-b92cf2729140", "state": "480", "customerId": null, "localAmount": 325, "localCurrency": "USD"}, {"chainId": "12302408858682647684", "amount": 275, "createdAt": "2016-06-21T11:16:23+00:00", "shoeSize": "7.5", "productId": null, "skuUuid": "1e017266-7d30-4199-b674-8b577f09a8bf", "state": "480", "customerId": null, "localAmount": 275, "localCurrency": "USD"}, {"chainId": "12227010636104441558", "amount": 235, "createdAt": "2016-06-19T15:46:46+00:00", "shoeSize": "9", "productId": null, "skuUuid": "2bd963d0-02a6-4d65-b0fb-48974cde11ba", "state": "480", "customerId": null, "localAmount": 235, "localCurrency": "USD"}, {"chainId": "12300475995717442096", "amount": 300, "createdAt": "2016-06-18T20:16:11+00:00", "shoeSize": "10.5", "productId": null, "skuUuid": "eb82a00d-bcd8-4fc1-a073-b92cf2729140", "state": "480", "customerId": null, "localAmount": 300, "localCurrency": "USD"}, {"chainId": "12299526416597121361", "amount": 265, "createdAt": "2016-06-18T18:44:33+00:00", "shoeSize": "11", "productId": null, "skuUuid": "41383ca4-ee75-439e-9046-cddd1c2d8a2b", "state": "480", "customerId": null, "localAmount": 265, "localCurrency": "USD"}, {"chainId": "12299147291395239141", "amount": 250, "createdAt": "2016-06-16T23:49:09+00:00", "shoeSize": "11.5", "productId": null, "skuUuid": "3af0d51e-c27e-4008-ae1c-1ecbabc1c2b8", "state": "480", "customerId": null, "localAmount": 250, "localCurrency": "USD"}, {"chainId": "12298784964145576609", "amount": 275, "createdAt": "2016-06-16T11:15:42+00:00", "shoeSize": "12", "productId": null, "skuUuid": "1c2fa5fa-7a7c-43c7-b2ee-8d9beb9981e7", "state": "480", "customerId": null, "localAmount": 275, "localCurrency": "USD"}, {"chainId": "12296127314238378765", "amount": 325, "createdAt": "2016-06-12T20:45:59+00:00", "shoeSize": "9.5", "productId": null, "skuUuid": "94b7fb48-3afc-4c39-9748-96d23f1fb709", "state": "480", "customerId": null, "localAmount": 325, "localCurrency": "USD"}, {"chainId": "12295888694064334088", "amount": 325, "createdAt": "2016-06-12T13:51:21+00:00", "shoeSize": "8", "productId": null, "skuUuid": "4ff0d64c-9067-4dd5-911a-9a0786a8d258", "state": "480", "customerId": null, "localAmount": 325, "localCurrency": "USD"}, {"chainId": "12294558759663686125", "amount": 300, "createdAt": "2016-06-10T16:02:19+00:00", "shoeSize": "10", "productId": null, "skuUuid": "b831b9c6-4430-42fe-bac0-ca17130f0dc7", "state": "480", "customerId": null, "localAmount": 300, "localCurrency": "USD"}, {"chainId": "12292986525458785739", "amount": 325, "createdAt": "2016-06-08T11:10:21+00:00", "shoeSize": "9.5", "productId": null, "skuUuid": "94b7fb48-3afc-4c39-9748-96d23f1fb709", "state": "480", "customerId": null, "localAmount": 325, "localCurrency": "USD"}, {"chainId": "12291174524886332582", "amount": 325, "createdAt": "2016-06-06T00:58:52+00:00", "shoeSize": "10.5", "productId": null, "skuUuid": "eb82a00d-bcd8-4fc1-a073-b92cf2729140", "state": "480", "customerId": null, "localAmount": 325, "localCurrency": "USD"}, {"chainId": "12290328957065762730", "amount": 340, "createdAt": "2016-06-04T21:39:58+00:00", "shoeSize": "9", "productId": null, "skuUuid": "2bd963d0-02a6-4d65-b0fb-48974cde11ba", "state": "480", "customerId": null, "localAmount": 340, "localCurrency": "USD"}, {"chainId": "12140459955392645838", "amount": 316, "createdAt": "2016-06-02T18:58:14+00:00", "shoeSize": "12", "productId": null, "skuUuid": "1c2fa5fa-7a7c-43c7-b2ee-8d9beb9981e7", "state": "480", "customerId": null, "localAmount": 316, "localCurrency": "USD"}, {"chainId": "12288320926228801749", "amount": 220, "createdAt": "2016-06-02T15:40:11+00:00", "shoeSize": "10.5", "productId": null, "skuUuid": "eb82a00d-bcd8-4fc1-a073-b92cf2729140", "state": "480", "customerId": null, "localAmount": 220, "localCurrency": "USD"}, {"chainId": "12288155034249851215", "amount": 300, "createdAt": "2016-06-01T18:18:20+00:00", "shoeSize": "10.5", "productId": null, "skuUuid": "eb82a00d-bcd8-4fc1-a073-b92cf2729140", "state": "480", "customerId": null, "localAmount": 300, "localCurrency": "USD"}, {"chainId": "12286068017221567242", "amount": 300, "createdAt": "2016-05-29T18:26:44+00:00", "shoeSize": "13", "productId": null, "skuUuid": "cf4ab5e3-8633-4682-b414-561c22c3a9dc", "state": "480", "customerId": null, "localAmount": 300, "localCurrency": "USD"}, {"chainId": "12286068018186953728", "amount": 300, "createdAt": "2016-05-29T12:04:51+00:00", "shoeSize": "9", "productId": null, "skuUuid": "2bd963d0-02a6-4d65-b0fb-48974cde11ba", "state": "480", "customerId": null, "localAmount": 300, "localCurrency": "USD"}, {"chainId": "12286068016022649940", "amount": 325, "createdAt": "2016-05-27T21:36:28+00:00", "shoeSize": "10", "productId": null, "skuUuid": "b831b9c6-4430-42fe-bac0-ca17130f0dc7", "state": "480", "customerId": null, "localAmount": 325, "localCurrency": "USD"}, {"chainId": "12161805634716410550", "amount": 312.9, "createdAt": "2016-05-25T20:58:25+00:00", "shoeSize": "8", "productId": null, "skuUuid": "4ff0d64c-9067-4dd5-911a-9a0786a8d258", "state": "480", "customerId": null, "localAmount": 313, "localCurrency": "USD"}, {"chainId": "12248921961512928632", "amount": 325, "createdAt": "2016-05-25T15:56:48+00:00", "shoeSize": "9.5", "productId": null, "skuUuid": "94b7fb48-3afc-4c39-9748-96d23f1fb709", "state": "480", "customerId": null, "localAmount": 325, "localCurrency": "USD"}, {"chainId": "12250855035685714569", "amount": 325, "createdAt": "2016-05-23T19:18:18+00:00", "shoeSize": "9.5", "productId": null, "skuUuid": "94b7fb48-3afc-4c39-9748-96d23f1fb709", "state": "480", "customerId": null, "localAmount": 325, "localCurrency": "USD"}, {"chainId": "12161805634434821746", "amount": 312, "createdAt": "2016-05-21T14:22:52+00:00", "shoeSize": "15", "productId": null, "skuUuid": "34e2a329-61a7-4939-9ae5-72c25a571149", "state": "480", "customerId": null, "localAmount": 312, "localCurrency": "USD"}, {"chainId": "12279521239972034001", "amount": 300, "createdAt": "2016-05-20T22:33:03+00:00", "shoeSize": "9.5", "productId": null, "skuUuid": "94b7fb48-3afc-4c39-9748-96d23f1fb709", "state": "480", "customerId": null, "localAmount": 300, "localCurrency": "USD"}, {"chainId": "12272261755427302182", "amount": 325, "createdAt": "2016-05-20T08:50:12+00:00", "shoeSize": "11", "productId": null, "skuUuid": "41383ca4-ee75-439e-9046-cddd1c2d8a2b", "state": "480", "customerId": null, "localAmount": 325, "localCurrency": "USD"}, {"chainId": "12277476521101425997", "amount": 300, "createdAt": "2016-05-18T03:34:00+00:00", "shoeSize": "10", "productId": null, "skuUuid": "b831b9c6-4430-42fe-bac0-ca17130f0dc7", "state": "480", "customerId": null, "localAmount": 300, "localCurrency": "USD"}, {"chainId": "12248921957386273962", "amount": 300, "createdAt": "2016-05-17T19:31:46+00:00", "shoeSize": "12", "productId": null, "skuUuid": "1c2fa5fa-7a7c-43c7-b2ee-8d9beb9981e7", "state": "480", "customerId": null, "localAmount": 300, "localCurrency": "USD"}, {"chainId": "12233459489607924197", "amount": 350, "createdAt": "2016-05-17T11:00:29+00:00", "shoeSize": "10.5", "productId": null, "skuUuid": "eb82a00d-bcd8-4fc1-a073-b92cf2729140", "state": "480", "customerId": null, "localAmount": 350, "localCurrency": "USD"}, {"chainId": "12276011403971797689", "amount": 300, "createdAt": "2016-05-15T23:38:34+00:00", "shoeSize": "9.5", "productId": null, "skuUuid": "94b7fb48-3afc-4c39-9748-96d23f1fb709", "state": "480", "customerId": null, "localAmount": 300, "localCurrency": "USD"}, {"chainId": "12275649554395193061", "amount": 300, "createdAt": "2016-05-15T15:46:24+00:00", "shoeSize": "9.5", "productId": null, "skuUuid": "94b7fb48-3afc-4c39-9748-96d23f1fb709", "state": "480", "customerId": null, "localAmount": 300, "localCurrency": "USD"}, {"chainId": "12268485974568191431", "amount": 300, "createdAt": "2016-05-15T14:51:12+00:00", "shoeSize": "9.5", "productId": null, "skuUuid": "94b7fb48-3afc-4c39-9748-96d23f1fb709", "state": "480", "customerId": null, "localAmount": 300, "localCurrency": "USD"}, {"chainId": "12274317562280875417", "amount": 275, "createdAt": "2016-05-13T18:35:34+00:00", "shoeSize": "12.5", "productId": null, "skuUuid": "28ecd440-663e-4caa-bd54-06e16de8e0b4", "state": "480", "customerId": null, "localAmount": 275, "localCurrency": "USD"}, {"chainId": "12272889895529083293", "amount": 275, "createdAt": "2016-05-11T20:37:07+00:00", "shoeSize": "9.5", "productId": null, "skuUuid": "94b7fb48-3afc-4c39-9748-96d23f1fb709", "state": "480", "customerId": null, "localAmount": 275, "localCurrency": "USD"}, {"chainId": "12131059186891536803", "amount": 340, "createdAt": "2016-05-11T19:09:50+00:00", "shoeSize": "10", "productId": null, "skuUuid": "b831b9c6-4430-42fe-bac0-ca17130f0dc7", "state": "480", "customerId": null, "localAmount": 340, "localCurrency": "USD"}, {"chainId": "12272261754449074451", "amount": 325, "createdAt": "2016-05-11T01:04:27+00:00", "shoeSize": "10.5", "productId": null, "skuUuid": "eb82a00d-bcd8-4fc1-a073-b92cf2729140", "state": "480", "customerId": null, "localAmount": 325, "localCurrency": "USD"}, {"chainId": "12270548822971908322", "amount": 300, "createdAt": "2016-05-08T17:24:14+00:00", "shoeSize": "9.5", "productId": null, "skuUuid": "94b7fb48-3afc-4c39-9748-96d23f1fb709", "state": "480", "customerId": null, "localAmount": 300, "localCurrency": "USD"}, {"chainId": "12269819044768863623", "amount": 325, "createdAt": "2016-05-07T15:46:42+00:00", "shoeSize": "11", "productId": null, "skuUuid": "41383ca4-ee75-439e-9046-cddd1c2d8a2b", "state": "480", "customerId": null, "localAmount": 325, "localCurrency": "USD"}, {"chainId": "12269574299202004098", "amount": 300, "createdAt": "2016-05-07T07:15:57+00:00", "shoeSize": "13", "productId": null, "skuUuid": "cf4ab5e3-8633-4682-b414-561c22c3a9dc", "state": "480", "customerId": null, "localAmount": 300, "localCurrency": "USD"}, {"chainId": "12269211877518823115", "amount": 275, "createdAt": "2016-05-06T16:46:35+00:00", "shoeSize": "12", "productId": null, "skuUuid": "1c2fa5fa-7a7c-43c7-b2ee-8d9beb9981e7", "state": "480", "customerId": null, "localAmount": 275, "localCurrency": "USD"}, {"chainId": "12266315062044500376", "amount": 300, "createdAt": "2016-05-02T19:19:36+00:00", "shoeSize": "11", "productId": null, "skuUuid": "41383ca4-ee75-439e-9046-cddd1c2d8a2b", "state": "480", "customerId": null, "localAmount": 300, "localCurrency": "USD"}, {"chainId": "12161805635022824838", "amount": 337, "createdAt": "2016-05-01T23:27:54+00:00", "shoeSize": "9", "productId": null, "skuUuid": "2bd963d0-02a6-4d65-b0fb-48974cde11ba", "state": "480", "customerId": null, "localAmount": 337, "localCurrency": "USD"}, {"chainId": "12265105937802157972", "amount": 275, "createdAt": "2016-05-01T05:34:09+00:00", "shoeSize": "13", "productId": null, "skuUuid": "cf4ab5e3-8633-4682-b414-561c22c3a9dc", "state": "480", "customerId": null, "localAmount": 275, "localCurrency": "USD"}, {"chainId": "12161805635314747251", "amount": 362, "createdAt": "2016-04-28T05:33:37+00:00", "shoeSize": "9.5", "productId": null, "skuUuid": "94b7fb48-3afc-4c39-9748-96d23f1fb709", "state": "480", "customerId": null, "localAmount": 362, "localCurrency": "USD"}, {"chainId": "12180056734221370974", "amount": 325, "createdAt": "2016-04-26T20:31:52+00:00", "shoeSize": "10", "productId": null, "skuUuid": "b831b9c6-4430-42fe-bac0-ca17130f0dc7", "state": "480", "customerId": null, "localAmount": 325, "localCurrency": "USD"}, {"chainId": "12261723674105737409", "amount": 300, "createdAt": "2016-04-26T13:55:57+00:00", "shoeSize": "10", "productId": null, "skuUuid": "b831b9c6-4430-42fe-bac0-ca17130f0dc7", "state": "480", "customerId": null, "localAmount": 300, "localCurrency": "USD"}, {"chainId": "12226571932992784382", "amount": 325, "createdAt": "2016-04-26T13:18:47+00:00", "shoeSize": "13", "productId": null, "skuUuid": "cf4ab5e3-8633-4682-b414-561c22c3a9dc", "state": "480", "customerId": null, "localAmount": 325, "localCurrency": "USD"}, {"chainId": "12260754880608902548", "amount": 300, "createdAt": "2016-04-25T02:53:03+00:00", "shoeSize": "13", "productId": null, "skuUuid": "cf4ab5e3-8633-4682-b414-561c22c3a9dc", "state": "480", "customerId": null, "localAmount": 300, "localCurrency": "USD"}, {"chainId": "12248921960548200261", "amount": 300, "createdAt": "2016-04-21T04:55:49+00:00", "shoeSize": "8", "productId": null, "skuUuid": "4ff0d64c-9067-4dd5-911a-9a0786a8d258", "state": "480", "customerId": null, "localAmount": 300, "localCurrency": "USD"}, {"chainId": "12248921957533915370", "amount": 300, "createdAt": "2016-04-18T20:12:06+00:00", "shoeSize": "12", "productId": null, "skuUuid": "1c2fa5fa-7a7c-43c7-b2ee-8d9beb9981e7", "state": "480", "customerId": null, "localAmount": 300, "localCurrency": "USD"}, {"chainId": "12256164398240847365", "amount": 300, "createdAt": "2016-04-18T19:49:27+00:00", "shoeSize": "8", "productId": null, "skuUuid": "4ff0d64c-9067-4dd5-911a-9a0786a8d258", "state": "480", "customerId": null, "localAmount": 300, "localCurrency": "USD"}, {"chainId": "12254593921967712669", "amount": 275, "createdAt": "2016-04-16T17:51:05+00:00", "shoeSize": "10", "productId": null, "skuUuid": "b831b9c6-4430-42fe-bac0-ca17130f0dc7", "state": "480", "customerId": null, "localAmount": 275, "localCurrency": "USD"}, {"chainId": "12254111331619253222", "amount": 325, "createdAt": "2016-04-16T02:10:33+00:00", "shoeSize": "11", "productId": null, "skuUuid": "41383ca4-ee75-439e-9046-cddd1c2d8a2b", "state": "480", "customerId": null, "localAmount": 325, "localCurrency": "USD"}, {"chainId": "12248921956173040919", "amount": 350, "createdAt": "2016-04-15T01:43:14+00:00", "shoeSize": "10.5", "productId": null, "skuUuid": "eb82a00d-bcd8-4fc1-a073-b92cf2729140", "state": "480", "customerId": null, "localAmount": 350, "localCurrency": "USD"}, {"chainId": "12244255220154892065", "amount": 235, "createdAt": "2016-04-09T23:49:12+00:00", "shoeSize": "13", "productId": null, "skuUuid": "cf4ab5e3-8633-4682-b414-561c22c3a9dc", "state": "480", "customerId": null, "localAmount": 235, "localCurrency": "USD"}, {"chainId": "12248438469538621684", "amount": 300, "createdAt": "2016-04-08T00:22:07+00:00", "shoeSize": "10", "productId": null, "skuUuid": "b831b9c6-4430-42fe-bac0-ca17130f0dc7", "state": "480", "customerId": null, "localAmount": 300, "localCurrency": "USD"}, {"chainId": "12226571932665641437", "amount": 325, "createdAt": "2016-04-02T16:28:32+00:00", "shoeSize": "13", "productId": null, "skuUuid": "cf4ab5e3-8633-4682-b414-561c22c3a9dc", "state": "480", "customerId": null, "localAmount": 325, "localCurrency": "USD"}, {"chainId": "12237925693668618441", "amount": 325, "createdAt": "2016-04-02T01:09:38+00:00", "shoeSize": "10.5", "productId": null, "skuUuid": "eb82a00d-bcd8-4fc1-a073-b92cf2729140", "state": "480", "customerId": null, "localAmount": 325, "localCurrency": "USD"}, {"chainId": "12199501493887354274", "amount": 350, "createdAt": "2016-03-30T12:40:43+00:00", "shoeSize": "8.5", "productId": null, "skuUuid": "b17ad0be-b845-4164-9398-1fb373868874", "state": "480", "customerId": null, "localAmount": 350, "localCurrency": "USD"}, {"chainId": "12233459490838842811", "amount": 250, "createdAt": "2016-03-25T05:11:20+00:00", "shoeSize": "13", "productId": null, "skuUuid": "cf4ab5e3-8633-4682-b414-561c22c3a9dc", "state": "480", "customerId": null, "localAmount": 250, "localCurrency": "USD"}, {"chainId": "12226571929230483140", "amount": 300, "createdAt": "2016-03-24T00:57:07+00:00", "shoeSize": "10.5", "productId": null, "skuUuid": "eb82a00d-bcd8-4fc1-a073-b92cf2729140", "state": "480", "customerId": null, "localAmount": 300, "localCurrency": "USD"}, {"chainId": "12236960348754478450", "amount": 325, "createdAt": "2016-03-23T12:57:50+00:00", "shoeSize": "8.5", "productId": null, "skuUuid": "b17ad0be-b845-4164-9398-1fb373868874", "state": "480", "customerId": null, "localAmount": 325, "localCurrency": "USD"}, {"chainId": "12226571927887121624", "amount": 325, "createdAt": "2016-03-21T00:56:24+00:00", "shoeSize": "10", "productId": null, "skuUuid": "b831b9c6-4430-42fe-bac0-ca17130f0dc7", "state": "480", "customerId": null, "localAmount": 325, "localCurrency": "USD"}, {"chainId": "12235028383031881659", "amount": 300, "createdAt": "2016-03-20T16:53:42+00:00", "shoeSize": "9.5", "productId": null, "skuUuid": "94b7fb48-3afc-4c39-9748-96d23f1fb709", "state": "480", "customerId": null, "localAmount": 300, "localCurrency": "USD"}, {"chainId": "12233459491862869120", "amount": 325, "createdAt": "2016-03-20T16:53:42+00:00", "shoeSize": "9.5", "productId": null, "skuUuid": "94b7fb48-3afc-4c39-9748-96d23f1fb709", "state": "480", "customerId": null, "localAmount": 325, "localCurrency": "USD"}, {"chainId": "12199501493088640703", "amount": 325, "createdAt": "2016-03-19T21:08:36+00:00", "shoeSize": "8", "productId": null, "skuUuid": "4ff0d64c-9067-4dd5-911a-9a0786a8d258", "state": "480", "customerId": null, "localAmount": 325, "localCurrency": "USD"}, {"chainId": "12233652794868114098", "amount": 290, "createdAt": "2016-03-17T15:31:45+00:00", "shoeSize": "9", "productId": null, "skuUuid": "2bd963d0-02a6-4d65-b0fb-48974cde11ba", "state": "480", "customerId": null, "localAmount": 290, "localCurrency": "USD"}, {"chainId": "12226571934111379095", "amount": 325, "createdAt": "2016-03-17T12:44:09+00:00", "shoeSize": "9.5", "productId": null, "skuUuid": "94b7fb48-3afc-4c39-9748-96d23f1fb709", "state": "480", "customerId": null, "localAmount": 325, "localCurrency": "USD"}, {"chainId": "12226571933945990887", "amount": 350, "createdAt": "2016-03-16T04:54:30+00:00", "shoeSize": "9.5", "productId": null, "skuUuid": "94b7fb48-3afc-4c39-9748-96d23f1fb709", "state": "480", "customerId": null, "localAmount": 350, "localCurrency": "USD"}, {"chainId": "12226571928916544514", "amount": 350, "createdAt": "2016-03-15T16:33:30+00:00", "shoeSize": "10.5", "productId": null, "skuUuid": "eb82a00d-bcd8-4fc1-a073-b92cf2729140", "state": "480", "customerId": null, "localAmount": 350, "localCurrency": "USD"}, {"chainId": "12220167111633836860", "amount": 325, "createdAt": "2016-03-14T20:53:38+00:00", "shoeSize": "9", "productId": null, "skuUuid": "2bd963d0-02a6-4d65-b0fb-48974cde11ba", "state": "480", "customerId": null, "localAmount": 325, "localCurrency": "USD"}, {"chainId": "12226571934265664071", "amount": 325, "createdAt": "2016-03-14T12:37:34+00:00", "shoeSize": "9.5", "productId": null, "skuUuid": "94b7fb48-3afc-4c39-9748-96d23f1fb709", "state": "480", "customerId": null, "localAmount": 325, "localCurrency": "USD"}, {"chainId": "12230437142037181160", "amount": 300, "createdAt": "2016-03-14T12:37:34+00:00", "shoeSize": "9.5", "productId": null, "skuUuid": "94b7fb48-3afc-4c39-9748-96d23f1fb709", "state": "480", "customerId": null, "localAmount": 300, "localCurrency": "USD"}, {"chainId": "12186571506515507931", "amount": 325, "createdAt": "2016-03-13T13:01:06+00:00", "shoeSize": "8", "productId": null, "skuUuid": "4ff0d64c-9067-4dd5-911a-9a0786a8d258", "state": "480", "customerId": null, "localAmount": 325, "localCurrency": "USD"}, {"chainId": "12226571929062769625", "amount": 325, "createdAt": "2016-03-13T13:01:06+00:00", "shoeSize": "10.5", "productId": null, "skuUuid": "eb82a00d-bcd8-4fc1-a073-b92cf2729140", "state": "480", "customerId": null, "localAmount": 325, "localCurrency": "USD"}, {"chainId": "12131059184355652918", "amount": 290, "createdAt": "2016-03-13T00:44:28+00:00", "shoeSize": "10.5", "productId": null, "skuUuid": "eb82a00d-bcd8-4fc1-a073-b92cf2729140", "state": "480", "customerId": null, "localAmount": 290, "localCurrency": "USD"}, {"chainId": "12226571927687470978", "amount": 325, "createdAt": "2016-03-12T16:53:48+00:00", "shoeSize": "10", "productId": null, "skuUuid": "b831b9c6-4430-42fe-bac0-ca17130f0dc7", "state": "480", "customerId": null, "localAmount": 325, "localCurrency": "USD"}, {"chainId": "12226087566590658492", "amount": 300, "createdAt": "2016-03-08T13:00:12+00:00", "shoeSize": "9.5", "productId": null, "skuUuid": "94b7fb48-3afc-4c39-9748-96d23f1fb709", "state": "480", "customerId": null, "localAmount": 300, "localCurrency": "USD"}, {"chainId": "12225604426873658660", "amount": 325, "createdAt": "2016-03-07T20:54:30+00:00", "shoeSize": "10", "productId": null, "skuUuid": "b831b9c6-4430-42fe-bac0-ca17130f0dc7", "state": "480", "customerId": null, "localAmount": 325, "localCurrency": "USD"}, {"chainId": "12225002032026025656", "amount": 300, "createdAt": "2016-03-07T00:55:50+00:00", "shoeSize": "9", "productId": null, "skuUuid": "2bd963d0-02a6-4d65-b0fb-48974cde11ba", "state": "480", "customerId": null, "localAmount": 300, "localCurrency": "USD"}, {"chainId": "12216784873853572927", "amount": 312, "createdAt": "2016-03-05T21:20:45+00:00", "shoeSize": "10", "productId": null, "skuUuid": "b831b9c6-4430-42fe-bac0-ca17130f0dc7", "state": "480", "customerId": null, "localAmount": 312, "localCurrency": "USD"}, {"chainId": "12222583595565283776", "amount": 300, "createdAt": "2016-03-03T16:26:06+00:00", "shoeSize": "12", "productId": null, "skuUuid": "1c2fa5fa-7a7c-43c7-b2ee-8d9beb9981e7", "state": "480", "customerId": null, "localAmount": 300, "localCurrency": "USD"}, {"chainId": "12218472178928886959", "amount": 291, "createdAt": "2016-03-02T00:05:10+00:00", "shoeSize": "9", "productId": null, "skuUuid": "2bd963d0-02a6-4d65-b0fb-48974cde11ba", "state": "480", "customerId": null, "localAmount": 291, "localCurrency": "USD"}, {"chainId": "12219927380533181203", "amount": 325, "createdAt": "2016-02-29T00:56:18+00:00", "shoeSize": "9", "productId": null, "skuUuid": "2bd963d0-02a6-4d65-b0fb-48974cde11ba", "state": "480", "customerId": null, "localAmount": 325, "localCurrency": "USD"}, {"chainId": "12218958407135757845", "amount": 300, "createdAt": "2016-02-27T16:59:58+00:00", "shoeSize": "10.5", "productId": null, "skuUuid": "eb82a00d-bcd8-4fc1-a073-b92cf2729140", "state": "480", "customerId": null, "localAmount": 300, "localCurrency": "USD"}, {"chainId": "12199501492307737749", "amount": 325, "createdAt": "2016-02-25T21:11:13+00:00", "shoeSize": "12", "productId": null, "skuUuid": "1c2fa5fa-7a7c-43c7-b2ee-8d9beb9981e7", "state": "480", "customerId": null, "localAmount": 325, "localCurrency": "USD"}, {"chainId": "12217627364538241345", "amount": 375, "createdAt": "2016-02-25T21:11:13+00:00", "shoeSize": "12", "productId": null, "skuUuid": "1c2fa5fa-7a7c-43c7-b2ee-8d9beb9981e7", "state": "480", "customerId": null, "localAmount": 375, "localCurrency": "USD"}, {"chainId": "12217506169379651196", "amount": 325, "createdAt": "2016-02-25T16:29:33+00:00", "shoeSize": "12", "productId": null, "skuUuid": "1c2fa5fa-7a7c-43c7-b2ee-8d9beb9981e7", "state": "480", "customerId": null, "localAmount": 325, "localCurrency": "USD"}, {"chainId": "12215694636169934711", "amount": 325, "createdAt": "2016-02-23T04:55:49+00:00", "shoeSize": "8.5", "productId": null, "skuUuid": "b17ad0be-b845-4164-9398-1fb373868874", "state": "480", "customerId": null, "localAmount": 325, "localCurrency": "USD"}, {"chainId": "12199501490586500424", "amount": 300, "createdAt": "2016-02-20T16:56:24+00:00", "shoeSize": "11", "productId": null, "skuUuid": "41383ca4-ee75-439e-9046-cddd1c2d8a2b", "state": "480", "customerId": null, "localAmount": 300, "localCurrency": "USD"}, {"chainId": "12199501490317960138", "amount": 300, "createdAt": "2016-02-19T12:56:31+00:00", "shoeSize": "11", "productId": null, "skuUuid": "41383ca4-ee75-439e-9046-cddd1c2d8a2b", "state": "480", "customerId": null, "localAmount": 300, "localCurrency": "USD"}, {"chainId": "12212793588242770724", "amount": 325, "createdAt": "2016-02-19T05:04:06+00:00", "shoeSize": "13", "productId": null, "skuUuid": "cf4ab5e3-8633-4682-b414-561c22c3a9dc", "state": "480", "customerId": null, "localAmount": 325, "localCurrency": "USD"}, {"chainId": "12212313121834469474", "amount": 300, "createdAt": "2016-02-18T13:09:42+00:00", "shoeSize": "9.5", "productId": null, "skuUuid": "94b7fb48-3afc-4c39-9748-96d23f1fb709", "state": "480", "customerId": null, "localAmount": 300, "localCurrency": "USD"}, {"chainId": "12212065320130537470", "amount": 300, "createdAt": "2016-02-18T05:09:21+00:00", "shoeSize": "11.5", "productId": null, "skuUuid": "3af0d51e-c27e-4008-ae1c-1ecbabc1c2b8", "state": "480", "customerId": null, "localAmount": 300, "localCurrency": "USD"}, {"chainId": "12211945280338686859", "amount": 250, "createdAt": "2016-02-18T01:09:54+00:00", "shoeSize": "11", "productId": null, "skuUuid": "41383ca4-ee75-439e-9046-cddd1c2d8a2b", "state": "480", "customerId": null, "localAmount": 250, "localCurrency": "USD"}, {"chainId": "12211824848158383171", "amount": 325, "createdAt": "2016-02-17T20:56:26+00:00", "shoeSize": "10.5", "productId": null, "skuUuid": "eb82a00d-bcd8-4fc1-a073-b92cf2729140", "state": "480", "customerId": null, "localAmount": 325, "localCurrency": "USD"}, {"chainId": "12210980276654845212", "amount": 300, "createdAt": "2016-02-16T17:08:21+00:00", "shoeSize": "12", "productId": null, "skuUuid": "1c2fa5fa-7a7c-43c7-b2ee-8d9beb9981e7", "state": "480", "customerId": null, "localAmount": 300, "localCurrency": "USD"}, {"chainId": "12199501494732615927", "amount": 325, "createdAt": "2016-02-15T04:56:58+00:00", "shoeSize": "9", "productId": null, "skuUuid": "2bd963d0-02a6-4d65-b0fb-48974cde11ba", "state": "480", "customerId": null, "localAmount": 325, "localCurrency": "USD"}, {"chainId": "12131059185135507752", "amount": 340, "createdAt": "2016-02-15T00:45:44+00:00", "shoeSize": "11", "productId": null, "skuUuid": "41383ca4-ee75-439e-9046-cddd1c2d8a2b", "state": "480", "customerId": null, "localAmount": 340, "localCurrency": "USD"}, {"chainId": "12199501490461684809", "amount": 250, "createdAt": "2016-02-14T20:56:31+00:00", "shoeSize": "11", "productId": null, "skuUuid": "41383ca4-ee75-439e-9046-cddd1c2d8a2b", "state": "480", "customerId": null, "localAmount": 250, "localCurrency": "USD"}, {"chainId": "12208926658000972095", "amount": 300, "createdAt": "2016-02-13T20:43:23+00:00", "shoeSize": "9", "productId": null, "skuUuid": "2bd963d0-02a6-4d65-b0fb-48974cde11ba", "state": "480", "customerId": null, "localAmount": 300, "localCurrency": "USD"}, {"chainId": "12208926657096881625", "amount": 325, "createdAt": "2016-02-13T20:43:23+00:00", "shoeSize": "13", "productId": null, "skuUuid": "cf4ab5e3-8633-4682-b414-561c22c3a9dc", "state": "480", "customerId": null, "localAmount": 325, "localCurrency": "USD"}, {"chainId": "12208320276270223234", "amount": 250, "createdAt": "2016-02-13T00:41:02+00:00", "shoeSize": "10", "productId": null, "skuUuid": "b831b9c6-4430-42fe-bac0-ca17130f0dc7", "state": "480", "customerId": null, "localAmount": 250, "localCurrency": "USD"}, {"chainId": "12208320276089113421", "amount": 300, "createdAt": "2016-02-13T00:41:02+00:00", "shoeSize": "10", "productId": null, "skuUuid": "b831b9c6-4430-42fe-bac0-ca17130f0dc7", "state": "480", "customerId": null, "localAmount": 300, "localCurrency": "USD"}, {"chainId": "12208200139817980201", "amount": 300, "createdAt": "2016-02-12T21:02:14+00:00", "shoeSize": "12", "productId": null, "skuUuid": "1c2fa5fa-7a7c-43c7-b2ee-8d9beb9981e7", "state": "480", "customerId": null, "localAmount": 300, "localCurrency": "USD"}, {"chainId": "12199501491497971984", "amount": 300, "createdAt": "2016-02-06T21:11:14+00:00", "shoeSize": "11.5", "productId": null, "skuUuid": "3af0d51e-c27e-4008-ae1c-1ecbabc1c2b8", "state": "480", "customerId": null, "localAmount": 300, "localCurrency": "USD"}, {"chainId": "12203726578442895092", "amount": 275, "createdAt": "2016-02-06T16:23:30+00:00", "shoeSize": "11.5", "productId": null, "skuUuid": "3af0d51e-c27e-4008-ae1c-1ecbabc1c2b8", "state": "480", "customerId": null, "localAmount": 275, "localCurrency": "USD"}, {"chainId": "12155281829360907426", "amount": 316, "createdAt": "2016-02-05T00:04:52+00:00", "shoeSize": "9", "productId": null, "skuUuid": "2bd963d0-02a6-4d65-b0fb-48974cde11ba", "state": "480", "customerId": null, "localAmount": 316, "localCurrency": "USD"}, {"chainId": "12199501489488432896", "amount": 325, "createdAt": "2016-01-31T20:17:27+00:00", "shoeSize": "10", "productId": null, "skuUuid": "b831b9c6-4430-42fe-bac0-ca17130f0dc7", "state": "480", "customerId": null, "localAmount": 325, "localCurrency": "USD"}, {"chainId": "12199501491380263284", "amount": 300, "createdAt": "2016-01-31T20:17:27+00:00", "shoeSize": "11.5", "productId": null, "skuUuid": "3af0d51e-c27e-4008-ae1c-1ecbabc1c2b8", "state": "480", "customerId": null, "localAmount": 300, "localCurrency": "USD"}, {"chainId": "12191524705677694166", "amount": 300, "createdAt": "2016-01-31T20:17:27+00:00", "shoeSize": "12", "productId": null, "skuUuid": "1c2fa5fa-7a7c-43c7-b2ee-8d9beb9981e7", "state": "480", "customerId": null, "localAmount": 300, "localCurrency": "USD"}, {"chainId": "12199501495553735927", "amount": 325, "createdAt": "2016-01-31T20:17:27+00:00", "shoeSize": "9.5", "productId": null, "skuUuid": "94b7fb48-3afc-4c39-9748-96d23f1fb709", "state": "480", "customerId": null, "localAmount": 325, "localCurrency": "USD"}, {"chainId": "12198049128559928974", "amount": 325, "createdAt": "2016-01-29T21:09:38+00:00", "shoeSize": "9.5", "productId": null, "skuUuid": "94b7fb48-3afc-4c39-9748-96d23f1fb709", "state": "480", "customerId": null, "localAmount": 325, "localCurrency": "USD"}, {"chainId": "12197325854230125765", "amount": 325, "createdAt": "2016-01-28T21:09:31+00:00", "shoeSize": "9.5", "productId": null, "skuUuid": "94b7fb48-3afc-4c39-9748-96d23f1fb709", "state": "480", "customerId": null, "localAmount": 325, "localCurrency": "USD"}, {"chainId": "12191524705564036537", "amount": 300, "createdAt": "2016-01-23T13:01:53+00:00", "shoeSize": "12", "productId": null, "skuUuid": "1c2fa5fa-7a7c-43c7-b2ee-8d9beb9981e7", "state": "480", "customerId": null, "localAmount": 300, "localCurrency": "USD"}, {"chainId": "12193215214109329648", "amount": 325, "createdAt": "2016-01-23T04:56:49+00:00", "shoeSize": "9.5", "productId": null, "skuUuid": "94b7fb48-3afc-4c39-9748-96d23f1fb709", "state": "480", "customerId": null, "localAmount": 325, "localCurrency": "USD"}, {"chainId": "12187059057269754029", "amount": 300, "createdAt": "2016-01-23T00:56:54+00:00", "shoeSize": "11", "productId": null, "skuUuid": "41383ca4-ee75-439e-9046-cddd1c2d8a2b", "state": "480", "customerId": null, "localAmount": 300, "localCurrency": "USD"}, {"chainId": "12191524705284443865", "amount": 325, "createdAt": "2016-01-20T21:09:52+00:00", "shoeSize": "10", "productId": null, "skuUuid": "b831b9c6-4430-42fe-bac0-ca17130f0dc7", "state": "480", "customerId": null, "localAmount": 325, "localCurrency": "USD"}, {"chainId": "12190920203373657650", "amount": 325, "createdAt": "2016-01-20T01:09:30+00:00", "shoeSize": "10.5", "productId": null, "skuUuid": "eb82a00d-bcd8-4fc1-a073-b92cf2729140", "state": "480", "customerId": null, "localAmount": 325, "localCurrency": "USD"}, {"chainId": "12189481261590807369", "amount": 300, "createdAt": "2016-01-19T16:08:17+00:00", "shoeSize": "12", "productId": null, "skuUuid": "1c2fa5fa-7a7c-43c7-b2ee-8d9beb9981e7", "state": "480", "customerId": null, "localAmount": 300, "localCurrency": "USD"}, {"chainId": "12189714202235421759", "amount": 300, "createdAt": "2016-01-18T09:08:44+00:00", "shoeSize": "10", "productId": null, "skuUuid": "b831b9c6-4430-42fe-bac0-ca17130f0dc7", "state": "480", "customerId": null, "localAmount": 300, "localCurrency": "USD"}, {"chainId": "12156731062937257448", "amount": 300, "createdAt": "2016-01-16T01:09:27+00:00", "shoeSize": "9", "productId": null, "skuUuid": "2bd963d0-02a6-4d65-b0fb-48974cde11ba", "state": "480", "customerId": null, "localAmount": 300, "localCurrency": "USD"}, {"chainId": "12187789275890035979", "amount": 300, "createdAt": "2016-01-15T17:09:24+00:00", "shoeSize": "9", "productId": null, "skuUuid": "2bd963d0-02a6-4d65-b0fb-48974cde11ba", "state": "480", "customerId": null, "localAmount": 300, "localCurrency": "USD"}, {"chainId": "12185008527334800114", "amount": 350, "createdAt": "2016-01-11T21:08:48+00:00", "shoeSize": "14", "productId": null, "skuUuid": "d65cd4b4-2d56-4860-8ba2-afe3f8b876ca", "state": "480", "customerId": null, "localAmount": 350, "localCurrency": "USD"}, {"chainId": "12172805162859275160", "amount": 325, "createdAt": "2016-01-11T17:08:09+00:00", "shoeSize": "10.5", "productId": null, "skuUuid": "eb82a00d-bcd8-4fc1-a073-b92cf2729140", "state": "480", "customerId": null, "localAmount": 325, "localCurrency": "USD"}, {"chainId": "12131059185791941105", "amount": 275, "createdAt": "2016-01-11T16:45:35+00:00", "shoeSize": "11.5", "productId": null, "skuUuid": "3af0d51e-c27e-4008-ae1c-1ecbabc1c2b8", "state": "480", "customerId": null, "localAmount": 275, "localCurrency": "USD"}, {"chainId": "12178244277613536745", "amount": 325, "createdAt": "2016-01-02T13:08:58+00:00", "shoeSize": "9.5", "productId": null, "skuUuid": "94b7fb48-3afc-4c39-9748-96d23f1fb709", "state": "480", "customerId": null, "localAmount": 325, "localCurrency": "USD"}, {"chainId": "12140459955726935876", "amount": 266, "createdAt": "2015-12-24T20:05:19+00:00", "shoeSize": "13", "productId": null, "skuUuid": "cf4ab5e3-8633-4682-b414-561c22c3a9dc", "state": "480", "customerId": null, "localAmount": 266, "localCurrency": "USD"}, {"chainId": "12171838851559661086", "amount": 325, "createdAt": "2015-12-24T16:59:35+00:00", "shoeSize": "10", "productId": null, "skuUuid": "b831b9c6-4430-42fe-bac0-ca17130f0dc7", "state": "480", "customerId": null, "localAmount": 325, "localCurrency": "USD"}, {"chainId": "12131059183798423492", "amount": 290, "createdAt": "2015-12-24T00:45:10+00:00", "shoeSize": "10.5", "productId": null, "skuUuid": "eb82a00d-bcd8-4fc1-a073-b92cf2729140", "state": "480", "customerId": null, "localAmount": 290, "localCurrency": "USD"}, {"chainId": "12171116484785542897", "amount": 300, "createdAt": "2015-12-23T16:34:16+00:00", "shoeSize": "11", "productId": null, "skuUuid": "41383ca4-ee75-439e-9046-cddd1c2d8a2b", "state": "480", "customerId": null, "localAmount": 300, "localCurrency": "USD"}, {"chainId": "12169178121156825529", "amount": 325, "createdAt": "2015-12-21T01:05:40+00:00", "shoeSize": "11.5", "productId": null, "skuUuid": "3af0d51e-c27e-4008-ae1c-1ecbabc1c2b8", "state": "480", "customerId": null, "localAmount": 325, "localCurrency": "USD"}, {"chainId": "12138370417437025720", "amount": 325, "createdAt": "2015-12-20T21:05:44+00:00", "shoeSize": "9", "productId": null, "skuUuid": "2bd963d0-02a6-4d65-b0fb-48974cde11ba", "state": "480", "customerId": null, "localAmount": 325, "localCurrency": "USD"}, {"chainId": "12164102868028068356", "amount": 275, "createdAt": "2015-12-16T12:03:34+00:00", "shoeSize": "9", "productId": null, "skuUuid": "2bd963d0-02a6-4d65-b0fb-48974cde11ba", "state": "480", "customerId": null, "localAmount": 275, "localCurrency": "USD"}, {"chainId": "12164586073907866018", "amount": 300, "createdAt": "2015-12-14T16:25:45+00:00", "shoeSize": "8.5", "productId": null, "skuUuid": "b17ad0be-b845-4164-9398-1fb373868874", "state": "480", "customerId": null, "localAmount": 300, "localCurrency": "USD"}, {"chainId": "12133959798440434334", "amount": 350, "createdAt": "2015-12-14T00:02:39+00:00", "shoeSize": "12", "productId": null, "skuUuid": "1c2fa5fa-7a7c-43c7-b2ee-8d9beb9981e7", "state": "480", "customerId": null, "localAmount": 350, "localCurrency": "USD"}, {"chainId": "12162650938896478346", "amount": 325, "createdAt": "2015-12-12T00:02:44+00:00", "shoeSize": "8.5", "productId": null, "skuUuid": "b17ad0be-b845-4164-9398-1fb373868874", "state": "480", "customerId": null, "localAmount": 325, "localCurrency": "USD"}, {"chainId": "12160597075273064094", "amount": 275, "createdAt": "2015-12-09T04:03:18+00:00", "shoeSize": "10", "productId": null, "skuUuid": "b831b9c6-4430-42fe-bac0-ca17130f0dc7", "state": "480", "customerId": null, "localAmount": 275, "localCurrency": "USD"}, {"chainId": "12180628726348067948", "amount": 315, "createdAt": "2015-12-09T01:10:39+00:00", "shoeSize": "11", "productId": null, "skuUuid": "41383ca4-ee75-439e-9046-cddd1c2d8a2b", "state": "480", "customerId": null, "localAmount": 315, "localCurrency": "USD"}, {"chainId": "12159633183784408347", "amount": 275, "createdAt": "2015-12-07T20:02:48+00:00", "shoeSize": "10", "productId": null, "skuUuid": "b831b9c6-4430-42fe-bac0-ca17130f0dc7", "state": "480", "customerId": null, "localAmount": 275, "localCurrency": "USD"}, {"chainId": "12159148385211224021", "amount": 275, "createdAt": "2015-12-07T04:03:32+00:00", "shoeSize": "10", "productId": null, "skuUuid": "b831b9c6-4430-42fe-bac0-ca17130f0dc7", "state": "480", "customerId": null, "localAmount": 275, "localCurrency": "USD"}, {"chainId": "12157335006049069394", "amount": 300, "createdAt": "2015-12-04T20:02:44+00:00", "shoeSize": "12", "productId": null, "skuUuid": "1c2fa5fa-7a7c-43c7-b2ee-8d9beb9981e7", "state": "480", "customerId": null, "localAmount": 300, "localCurrency": "USD"}, {"chainId": "12152382341276845317", "amount": 300, "createdAt": "2015-12-03T20:02:57+00:00", "shoeSize": "11.5", "productId": null, "skuUuid": "3af0d51e-c27e-4008-ae1c-1ecbabc1c2b8", "state": "480", "customerId": null, "localAmount": 300, "localCurrency": "USD"}, {"chainId": "12153469510777995835", "amount": 225, "createdAt": "2015-12-03T12:03:31+00:00", "shoeSize": "12.5", "productId": null, "skuUuid": "28ecd440-663e-4caa-bd54-06e16de8e0b4", "state": "480", "customerId": null, "localAmount": 225, "localCurrency": "USD"}, {"chainId": "12154437882308452454", "amount": 300, "createdAt": "2015-12-03T04:03:30+00:00", "shoeSize": "9.5", "productId": null, "skuUuid": "94b7fb48-3afc-4c39-9748-96d23f1fb709", "state": "480", "customerId": null, "localAmount": 300, "localCurrency": "USD"}, {"chainId": "12180631717135913696", "amount": 210, "createdAt": "2015-12-03T03:21:31+00:00", "shoeSize": "13.5", "productId": null, "skuUuid": "16a597eb-714e-408b-8c70-6cddd174f1b7", "state": "480", "customerId": null, "localAmount": 210, "localCurrency": "USD"}, {"chainId": "12154437882616633268", "amount": 300, "createdAt": "2015-11-30T20:02:43+00:00", "shoeSize": "9.5", "productId": null, "skuUuid": "94b7fb48-3afc-4c39-9748-96d23f1fb709", "state": "480", "customerId": null, "localAmount": 300, "localCurrency": "USD"}, {"chainId": "12150089582707230370", "amount": 300, "createdAt": "2015-11-30T16:15:22+00:00", "shoeSize": "15", "productId": null, "skuUuid": "34e2a329-61a7-4939-9ae5-72c25a571149", "state": "480", "customerId": null, "localAmount": 300, "localCurrency": "USD"}, {"chainId": "12141630910160765231", "amount": 325, "createdAt": "2015-11-29T08:04:25+00:00", "shoeSize": "9", "productId": null, "skuUuid": "2bd963d0-02a6-4d65-b0fb-48974cde11ba", "state": "480", "customerId": null, "localAmount": 325, "localCurrency": "USD"}, {"chainId": "12136156903029642761", "amount": 300, "createdAt": "2015-11-28T00:06:02+00:00", "shoeSize": "13", "productId": null, "skuUuid": "cf4ab5e3-8633-4682-b414-561c22c3a9dc", "state": "480", "customerId": null, "localAmount": 300, "localCurrency": "USD"}, {"chainId": "12136156903334371480", "amount": 300, "createdAt": "2015-11-27T16:03:10+00:00", "shoeSize": "13", "productId": null, "skuUuid": "cf4ab5e3-8633-4682-b414-561c22c3a9dc", "state": "480", "customerId": null, "localAmount": 300, "localCurrency": "USD"}, {"chainId": "12132992748066261045", "amount": 300, "createdAt": "2015-11-27T12:03:47+00:00", "shoeSize": "13", "productId": null, "skuUuid": "cf4ab5e3-8633-4682-b414-561c22c3a9dc", "state": "480", "customerId": null, "localAmount": 300, "localCurrency": "USD"}, {"chainId": "12140908078657582118", "amount": 300, "createdAt": "2015-11-25T16:02:47+00:00", "shoeSize": "13", "productId": null, "skuUuid": "cf4ab5e3-8633-4682-b414-561c22c3a9dc", "state": "480", "customerId": null, "localAmount": 300, "localCurrency": "USD"}, {"chainId": "12148033542225537606", "amount": 325, "createdAt": "2015-11-23T16:02:39+00:00", "shoeSize": "10.5", "productId": null, "skuUuid": "eb82a00d-bcd8-4fc1-a073-b92cf2729140", "state": "480", "customerId": null, "localAmount": 325, "localCurrency": "USD"}, {"chainId": "12131050740041422137", "amount": 325, "createdAt": "2015-11-23T00:53:56+00:00", "shoeSize": "9", "productId": null, "skuUuid": "2bd963d0-02a6-4d65-b0fb-48974cde11ba", "state": "480", "customerId": null, "localAmount": 325, "localCurrency": "USD"}, {"chainId": "12132992748375531501", "amount": 300, "createdAt": "2015-11-23T00:53:56+00:00", "shoeSize": "13", "productId": null, "skuUuid": "cf4ab5e3-8633-4682-b414-561c22c3a9dc", "state": "480", "customerId": null, "localAmount": 300, "localCurrency": "USD"}, {"chainId": "12131059187819374133", "amount": 290, "createdAt": "2015-11-23T00:48:44+00:00", "shoeSize": "9", "productId": null, "skuUuid": "2bd963d0-02a6-4d65-b0fb-48974cde11ba", "state": "480", "customerId": null, "localAmount": 290, "localCurrency": "USD"}, {"chainId": "12131059188099888645", "amount": 290, "createdAt": "2015-11-23T00:48:36+00:00", "shoeSize": "9", "productId": null, "skuUuid": "2bd963d0-02a6-4d65-b0fb-48974cde11ba", "state": "480", "customerId": null, "localAmount": 290, "localCurrency": "USD"}, {"chainId": "12146585845761579410", "amount": 300, "createdAt": "2015-11-22T09:02:17+00:00", "shoeSize": "10", "productId": null, "skuUuid": "b831b9c6-4430-42fe-bac0-ca17130f0dc7", "state": "480", "customerId": null, "localAmount": 300, "localCurrency": "USD"}, {"chainId": "12146100815221439576", "amount": 300, "createdAt": "2015-11-21T16:04:26+00:00", "shoeSize": "10.5", "productId": null, "skuUuid": "eb82a00d-bcd8-4fc1-a073-b92cf2729140", "state": "480", "customerId": null, "localAmount": 300, "localCurrency": "USD"}, {"chainId": "12140460214364241063", "amount": 300, "createdAt": "2015-11-10T12:16:21+00:00", "shoeSize": "10", "productId": null, "skuUuid": "b831b9c6-4430-42fe-bac0-ca17130f0dc7", "state": "480", "customerId": null, "localAmount": 300, "localCurrency": "USD"}, {"chainId": "12131050725583347246", "amount": 300, "createdAt": "2015-11-09T04:16:09+00:00", "shoeSize": "10", "productId": null, "skuUuid": "b831b9c6-4430-42fe-bac0-ca17130f0dc7", "state": "480", "customerId": null, "localAmount": 300, "localCurrency": "USD"}, {"chainId": "12136336239979255821", "amount": 325, "createdAt": "2015-11-07T20:16:16+00:00", "shoeSize": "12", "productId": null, "skuUuid": "1c2fa5fa-7a7c-43c7-b2ee-8d9beb9981e7", "state": "480", "customerId": null, "localAmount": 325, "localCurrency": "USD"}, {"chainId": "12131050727430615854", "amount": 350, "createdAt": "2015-11-05T17:47:27+00:00", "shoeSize": "10.5", "productId": null, "skuUuid": "eb82a00d-bcd8-4fc1-a073-b92cf2729140", "state": "480", "customerId": null, "localAmount": 350, "localCurrency": "USD"}, {"chainId": "12136156902684208672", "amount": 325, "createdAt": "2015-11-05T17:47:27+00:00", "shoeSize": "10.5", "productId": null, "skuUuid": "eb82a00d-bcd8-4fc1-a073-b92cf2729140", "state": "480", "customerId": null, "localAmount": 325, "localCurrency": "USD"}, {"chainId": "12136156903669418734", "amount": 300, "createdAt": "2015-11-05T10:03:26+00:00", "shoeSize": "14", "productId": null, "skuUuid": "d65cd4b4-2d56-4860-8ba2-afe3f8b876ca", "state": "480", "customerId": null, "localAmount": 300, "localCurrency": "USD"}, {"chainId": "12141378458504637215", "amount": 158, "createdAt": "2015-10-28T02:45:44+00:00", "shoeSize": "14", "productId": null, "skuUuid": "d65cd4b4-2d56-4860-8ba2-afe3f8b876ca", "state": "480", "customerId": null, "localAmount": 158, "localCurrency": "USD"}, {"chainId": "12131050725463327627", "amount": 300, "createdAt": "2015-10-27T20:16:24+00:00", "shoeSize": "10", "productId": null, "skuUuid": "b831b9c6-4430-42fe-bac0-ca17130f0dc7", "state": "480", "customerId": null, "localAmount": 300, "localCurrency": "USD"}, {"chainId": "12131050727977653194", "amount": 325, "createdAt": "2015-10-27T20:16:24+00:00", "shoeSize": "10.5", "productId": null, "skuUuid": "eb82a00d-bcd8-4fc1-a073-b92cf2729140", "state": "480", "customerId": null, "localAmount": 325, "localCurrency": "USD"}, {"chainId": "12131050735920420732", "amount": 300, "createdAt": "2015-10-21T06:02:23+00:00", "shoeSize": "8", "productId": null, "skuUuid": "4ff0d64c-9067-4dd5-911a-9a0786a8d258", "state": "480", "customerId": null, "localAmount": 300, "localCurrency": "USD"}, {"chainId": "12131050731703446562", "amount": 325, "createdAt": "2015-10-21T06:02:23+00:00", "shoeSize": "11.5", "productId": null, "skuUuid": "3af0d51e-c27e-4008-ae1c-1ecbabc1c2b8", "state": "480", "customerId": null, "localAmount": 325, "localCurrency": "USD"}, {"chainId": "12141377244650412536", "amount": 173, "createdAt": "2015-10-18T04:12:27+00:00", "shoeSize": "8", "productId": null, "skuUuid": "4ff0d64c-9067-4dd5-911a-9a0786a8d258", "state": "480", "customerId": null, "localAmount": 173, "localCurrency": "USD"}, {"chainId": "12131050739875893043", "amount": 325, "createdAt": "2015-10-16T09:03:02+00:00", "shoeSize": "9", "productId": null, "skuUuid": "2bd963d0-02a6-4d65-b0fb-48974cde11ba", "state": "480", "customerId": null, "localAmount": 325, "localCurrency": "USD"}, {"chainId": "12131050731948695763", "amount": 250, "createdAt": "2015-10-15T09:12:55+00:00", "shoeSize": "11.5", "productId": null, "skuUuid": "3af0d51e-c27e-4008-ae1c-1ecbabc1c2b8", "state": "480", "customerId": null, "localAmount": 250, "localCurrency": "USD"}, {"chainId": "12131050733154334357", "amount": 300, "createdAt": "2015-10-14T20:03:01+00:00", "shoeSize": "13", "productId": null, "skuUuid": "cf4ab5e3-8633-4682-b414-561c22c3a9dc", "state": "480", "customerId": null, "localAmount": 300, "localCurrency": "USD"}, {"chainId": "12131050732726618717", "amount": 325, "createdAt": "2015-10-14T01:35:05+00:00", "shoeSize": "12", "productId": null, "skuUuid": "1c2fa5fa-7a7c-43c7-b2ee-8d9beb9981e7", "state": "480", "customerId": null, "localAmount": 325, "localCurrency": "USD"}, {"chainId": "12131050726751234187", "amount": 350, "createdAt": "2015-10-14T01:35:05+00:00", "shoeSize": "10.5", "productId": null, "skuUuid": "eb82a00d-bcd8-4fc1-a073-b92cf2729140", "state": "480", "customerId": null, "localAmount": 350, "localCurrency": "USD"}, {"chainId": "12131050739765647090", "amount": 325, "createdAt": "2015-10-12T04:04:26+00:00", "shoeSize": "9", "productId": null, "skuUuid": "2bd963d0-02a6-4d65-b0fb-48974cde11ba", "state": "480", "customerId": null, "localAmount": 325, "localCurrency": "USD"}, {"chainId": "12131050727846562781", "amount": 250, "createdAt": "2015-10-08T04:37:39+00:00", "shoeSize": "10.5", "productId": null, "skuUuid": "eb82a00d-bcd8-4fc1-a073-b92cf2729140", "state": "480", "customerId": null, "localAmount": 250, "localCurrency": "USD"}, {"chainId": "12131050730468800803", "amount": 300, "createdAt": "2015-10-07T13:48:48+00:00", "shoeSize": "11", "productId": null, "skuUuid": "41383ca4-ee75-439e-9046-cddd1c2d8a2b", "state": "480", "customerId": null, "localAmount": 300, "localCurrency": "USD"}, {"chainId": "12131050730031406955", "amount": 300, "createdAt": "2015-10-02T12:32:59+00:00", "shoeSize": "11", "productId": null, "skuUuid": "41383ca4-ee75-439e-9046-cddd1c2d8a2b", "state": "480", "customerId": null, "localAmount": 300, "localCurrency": "USD"}, {"chainId": "12131050734926175360", "amount": 350, "createdAt": "2015-09-30T20:19:52+00:00", "shoeSize": "7.5", "productId": null, "skuUuid": "1e017266-7d30-4199-b674-8b577f09a8bf", "state": "480", "customerId": null, "localAmount": 350, "localCurrency": "USD"}, {"chainId": "12131050739622353250", "amount": 300, "createdAt": "2015-09-25T20:26:12+00:00", "shoeSize": "9", "productId": null, "skuUuid": "2bd963d0-02a6-4d65-b0fb-48974cde11ba", "state": "480", "customerId": null, "localAmount": 300, "localCurrency": "USD"}, {"chainId": "12131050737413804963", "amount": 325, "createdAt": "2015-09-25T20:26:12+00:00", "shoeSize": "8.5", "productId": null, "skuUuid": "b17ad0be-b845-4164-9398-1fb373868874", "state": "480", "customerId": null, "localAmount": 325, "localCurrency": "USD"}, {"chainId": "12131059183347479005", "amount": 315, "createdAt": "2015-09-18T20:23:17+00:00", "shoeSize": "10", "productId": null, "skuUuid": "b831b9c6-4430-42fe-bac0-ca17130f0dc7", "state": "480", "customerId": null, "localAmount": 315, "localCurrency": "USD"}, {"chainId": "12131050731825542144", "amount": 300, "createdAt": "2015-09-18T04:02:01+00:00", "shoeSize": "11.5", "productId": null, "skuUuid": "3af0d51e-c27e-4008-ae1c-1ecbabc1c2b8", "state": "480", "customerId": null, "localAmount": 300, "localCurrency": "USD"}, {"chainId": "12131050732596602149", "amount": 300, "createdAt": "2015-09-16T12:15:19+00:00", "shoeSize": "12", "productId": null, "skuUuid": "1c2fa5fa-7a7c-43c7-b2ee-8d9beb9981e7", "state": "480", "customerId": null, "localAmount": 300, "localCurrency": "USD"}, {"chainId": "12131050729606905937", "amount": 325, "createdAt": "2015-09-15T16:24:44+00:00", "shoeSize": "11", "productId": null, "skuUuid": "41383ca4-ee75-439e-9046-cddd1c2d8a2b", "state": "480", "customerId": null, "localAmount": 325, "localCurrency": "USD"}, {"chainId": "12131050741603727009", "amount": 300, "createdAt": "2015-09-14T04:23:24+00:00", "shoeSize": "9.5", "productId": null, "skuUuid": "94b7fb48-3afc-4c39-9748-96d23f1fb709", "state": "480", "customerId": null, "localAmount": 300, "localCurrency": "USD"}, {"chainId": "12131050735207351196", "amount": 350, "createdAt": "2015-09-08T12:05:08+00:00", "shoeSize": "8", "productId": null, "skuUuid": "4ff0d64c-9067-4dd5-911a-9a0786a8d258", "state": "480", "customerId": null, "localAmount": 350, "localCurrency": "USD"}, {"chainId": "12131050739378129240", "amount": 325, "createdAt": "2015-09-07T12:25:29+00:00", "shoeSize": "9", "productId": null, "skuUuid": "2bd963d0-02a6-4d65-b0fb-48974cde11ba", "state": "480", "customerId": null, "localAmount": 325, "localCurrency": "USD"}, {"chainId": "12131050739511877139", "amount": 325, "createdAt": "2015-09-04T16:01:50+00:00", "shoeSize": "9", "productId": null, "skuUuid": "2bd963d0-02a6-4d65-b0fb-48974cde11ba", "state": "480", "customerId": null, "localAmount": 325, "localCurrency": "USD"}, {"chainId": "12131050733892300068", "amount": 250, "createdAt": "2015-09-04T00:15:12+00:00", "shoeSize": "13", "productId": null, "skuUuid": "cf4ab5e3-8633-4682-b414-561c22c3a9dc", "state": "480", "customerId": null, "localAmount": 250, "localCurrency": "USD"}, {"chainId": "12131050729481896156", "amount": 300, "createdAt": "2015-09-03T16:04:35+00:00", "shoeSize": "11", "productId": null, "skuUuid": "41383ca4-ee75-439e-9046-cddd1c2d8a2b", "state": "480", "customerId": null, "localAmount": 300, "localCurrency": "USD"}, {"chainId": "12131050729062450087", "amount": 300, "createdAt": "2015-08-30T20:00:49+00:00", "shoeSize": "11", "productId": null, "skuUuid": "41383ca4-ee75-439e-9046-cddd1c2d8a2b", "state": "480", "customerId": null, "localAmount": 300, "localCurrency": "USD"}, {"chainId": "12131050737010882281", "amount": 350, "createdAt": "2015-08-30T16:25:37+00:00", "shoeSize": "8.5", "productId": null, "skuUuid": "b17ad0be-b845-4164-9398-1fb373868874", "state": "480", "customerId": null, "localAmount": 350, "localCurrency": "USD"}, {"chainId": "12131059187066888666", "amount": 315, "createdAt": "2015-08-30T00:24:41+00:00", "shoeSize": "13", "productId": null, "skuUuid": "cf4ab5e3-8633-4682-b414-561c22c3a9dc", "state": "480", "customerId": null, "localAmount": 315, "localCurrency": "USD"}, {"chainId": "12131050725347635574", "amount": 350, "createdAt": "2015-08-28T08:08:01+00:00", "shoeSize": "10", "productId": null, "skuUuid": "b831b9c6-4430-42fe-bac0-ca17130f0dc7", "state": "480", "customerId": null, "localAmount": 350, "localCurrency": "USD"}, {"chainId": "12131050733747244872", "amount": 300, "createdAt": "2015-08-27T20:20:05+00:00", "shoeSize": "13", "productId": null, "skuUuid": "cf4ab5e3-8633-4682-b414-561c22c3a9dc", "state": "480", "customerId": null, "localAmount": 300, "localCurrency": "USD"}, {"chainId": "12131050741493650358", "amount": 300, "createdAt": "2015-08-27T00:15:06+00:00", "shoeSize": "9.5", "productId": null, "skuUuid": "94b7fb48-3afc-4c39-9748-96d23f1fb709", "state": "480", "customerId": null, "localAmount": 300, "localCurrency": "USD"}, {"chainId": "12131050734784225848", "amount": 350, "createdAt": "2015-08-25T16:15:41+00:00", "shoeSize": "7.5", "productId": null, "skuUuid": "1e017266-7d30-4199-b674-8b577f09a8bf", "state": "480", "customerId": null, "localAmount": 350, "localCurrency": "USD"}, {"chainId": "12131050732475839504", "amount": 300, "createdAt": "2015-08-21T04:12:55+00:00", "shoeSize": "12", "productId": null, "skuUuid": "1c2fa5fa-7a7c-43c7-b2ee-8d9beb9981e7", "state": "480", "customerId": null, "localAmount": 300, "localCurrency": "USD"}, {"chainId": "12131050733029603710", "amount": 300, "createdAt": "2015-08-17T16:25:02+00:00", "shoeSize": "13", "productId": null, "skuUuid": "cf4ab5e3-8633-4682-b414-561c22c3a9dc", "state": "480", "customerId": null, "localAmount": 300, "localCurrency": "USD"}, {"chainId": "12131050739015685200", "amount": 300, "createdAt": "2015-08-17T12:21:44+00:00", "shoeSize": "9", "productId": null, "skuUuid": "2bd963d0-02a6-4d65-b0fb-48974cde11ba", "state": "480", "customerId": null, "localAmount": 300, "localCurrency": "USD"}, {"chainId": "12131050732364082402", "amount": 275, "createdAt": "2015-08-16T00:03:09+00:00", "shoeSize": "12", "productId": null, "skuUuid": "1c2fa5fa-7a7c-43c7-b2ee-8d9beb9981e7", "state": "480", "customerId": null, "localAmount": 275, "localCurrency": "USD"}, {"chainId": "12131050736883573159", "amount": 350, "createdAt": "2015-08-15T16:08:04+00:00", "shoeSize": "8.5", "productId": null, "skuUuid": "b17ad0be-b845-4164-9398-1fb373868874", "state": "480", "customerId": null, "localAmount": 350, "localCurrency": "USD"}, {"chainId": "12131050741374387912", "amount": 350, "createdAt": "2015-08-13T16:24:33+00:00", "shoeSize": "9.5", "productId": null, "skuUuid": "94b7fb48-3afc-4c39-9748-96d23f1fb709", "state": "480", "customerId": null, "localAmount": 350, "localCurrency": "USD"}, {"chainId": "12131050726623935506", "amount": 300, "createdAt": "2015-08-11T00:26:18+00:00", "shoeSize": "10.5", "productId": null, "skuUuid": "eb82a00d-bcd8-4fc1-a073-b92cf2729140", "state": "480", "customerId": null, "localAmount": 300, "localCurrency": "USD"}, {"chainId": "12131050733275045554", "amount": 300, "createdAt": "2015-08-09T20:26:25+00:00", "shoeSize": "13", "productId": null, "skuUuid": "cf4ab5e3-8633-4682-b414-561c22c3a9dc", "state": "480", "customerId": null, "localAmount": 300, "localCurrency": "USD"}, {"chainId": "12131050738663299701", "amount": 300, "createdAt": "2015-08-08T04:11:38+00:00", "shoeSize": "9", "productId": null, "skuUuid": "2bd963d0-02a6-4d65-b0fb-48974cde11ba", "state": "480", "customerId": null, "localAmount": 300, "localCurrency": "USD"}, {"chainId": "12131050732093657988", "amount": 325, "createdAt": "2015-08-06T20:05:01+00:00", "shoeSize": "12", "productId": null, "skuUuid": "1c2fa5fa-7a7c-43c7-b2ee-8d9beb9981e7", "state": "480", "customerId": null, "localAmount": 325, "localCurrency": "USD"}, {"chainId": "12131050736636756018", "amount": 350, "createdAt": "2015-08-06T20:05:01+00:00", "shoeSize": "8.5", "productId": null, "skuUuid": "b17ad0be-b845-4164-9398-1fb373868874", "state": "480", "customerId": null, "localAmount": 350, "localCurrency": "USD"}, {"chainId": "12131050741243720971", "amount": 350, "createdAt": "2015-08-06T18:10:26+00:00", "shoeSize": "9.5", "productId": null, "skuUuid": "94b7fb48-3afc-4c39-9748-96d23f1fb709", "state": "480", "customerId": null, "localAmount": 350, "localCurrency": "USD"}, {"chainId": "12131050735088067328", "amount": 350, "createdAt": "2015-08-05T12:25:11+00:00", "shoeSize": "8", "productId": null, "skuUuid": "4ff0d64c-9067-4dd5-911a-9a0786a8d258", "state": "480", "customerId": null, "localAmount": 350, "localCurrency": "USD"}, {"chainId": "12131050739137577844", "amount": 300, "createdAt": "2015-08-04T04:05:21+00:00", "shoeSize": "9", "productId": null, "skuUuid": "2bd963d0-02a6-4d65-b0fb-48974cde11ba", "state": "480", "customerId": null, "localAmount": 300, "localCurrency": "USD"}, {"chainId": "12131050739255141657", "amount": 300, "createdAt": "2015-08-03T20:24:34+00:00", "shoeSize": "9", "productId": null, "skuUuid": "2bd963d0-02a6-4d65-b0fb-48974cde11ba", "state": "480", "customerId": null, "localAmount": 300, "localCurrency": "USD"}, {"chainId": "12131050728799702256", "amount": 350, "createdAt": "2015-08-01T12:06:13+00:00", "shoeSize": "11", "productId": null, "skuUuid": "41383ca4-ee75-439e-9046-cddd1c2d8a2b", "state": "480", "customerId": null, "localAmount": 350, "localCurrency": "USD"}, {"chainId": "12131050732247930953", "amount": 250, "createdAt": "2015-08-01T12:06:13+00:00", "shoeSize": "12", "productId": null, "skuUuid": "1c2fa5fa-7a7c-43c7-b2ee-8d9beb9981e7", "state": "480", "customerId": null, "localAmount": 250, "localCurrency": "USD"}, {"chainId": "12131050736760058641", "amount": 350, "createdAt": "2015-07-31T16:18:59+00:00", "shoeSize": "8.5", "productId": null, "skuUuid": "b17ad0be-b845-4164-9398-1fb373868874", "state": "480", "customerId": null, "localAmount": 350, "localCurrency": "USD"}, {"chainId": "12131050728921486612", "amount": 300, "createdAt": "2015-07-31T04:19:21+00:00", "shoeSize": "11", "productId": null, "skuUuid": "41383ca4-ee75-439e-9046-cddd1c2d8a2b", "state": "480", "customerId": null, "localAmount": 300, "localCurrency": "USD"}, {"chainId": "12131050733631049449", "amount": 300, "createdAt": "2015-07-30T20:21:14+00:00", "shoeSize": "13", "productId": null, "skuUuid": "cf4ab5e3-8633-4682-b414-561c22c3a9dc", "state": "480", "customerId": null, "localAmount": 300, "localCurrency": "USD"}, {"chainId": "12131050733513615574", "amount": 275, "createdAt": "2015-07-28T00:26:23+00:00", "shoeSize": "13", "productId": null, "skuUuid": "cf4ab5e3-8633-4682-b414-561c22c3a9dc", "state": "480", "customerId": null, "localAmount": 275, "localCurrency": "USD"}, {"chainId": "12131050726515870115", "amount": 300, "createdAt": "2015-07-25T20:06:45+00:00", "shoeSize": "10.5", "productId": null, "skuUuid": "eb82a00d-bcd8-4fc1-a073-b92cf2729140", "state": "480", "customerId": null, "localAmount": 300, "localCurrency": "USD"}, {"chainId": "12131050726381275441", "amount": 300, "createdAt": "2015-07-23T16:02:29+00:00", "shoeSize": "10.5", "productId": null, "skuUuid": "eb82a00d-bcd8-4fc1-a073-b92cf2729140", "state": "480", "customerId": null, "localAmount": 300, "localCurrency": "USD"}, {"chainId": "12131050736511851219", "amount": 300, "createdAt": "2015-07-18T00:06:33+00:00", "shoeSize": "8.5", "productId": null, "skuUuid": "b17ad0be-b845-4164-9398-1fb373868874", "state": "480", "customerId": null, "localAmount": 300, "localCurrency": "USD"}, {"chainId": "12131050738872836029", "amount": 300, "createdAt": "2015-07-15T20:06:21+00:00", "shoeSize": "9", "productId": null, "skuUuid": "2bd963d0-02a6-4d65-b0fb-48974cde11ba", "state": "480", "customerId": null, "localAmount": 300, "localCurrency": "USD"}, {"chainId": "12131050731576742676", "amount": 300, "createdAt": "2015-07-15T16:25:35+00:00", "shoeSize": "11.5", "productId": null, "skuUuid": "3af0d51e-c27e-4008-ae1c-1ecbabc1c2b8", "state": "480", "customerId": null, "localAmount": 300, "localCurrency": "USD"}, {"chainId": "12131050728653049344", "amount": 350, "createdAt": "2015-07-07T20:26:06+00:00", "shoeSize": "11", "productId": null, "skuUuid": "41383ca4-ee75-439e-9046-cddd1c2d8a2b", "state": "480", "customerId": null, "localAmount": 350, "localCurrency": "USD"}, {"chainId": "12131050741125738149", "amount": 350, "createdAt": "2015-07-06T12:19:49+00:00", "shoeSize": "9.5", "productId": null, "skuUuid": "94b7fb48-3afc-4c39-9748-96d23f1fb709", "state": "480", "customerId": null, "localAmount": 350, "localCurrency": "USD"}, {"chainId": "12131050726244584893", "amount": 275, "createdAt": "2015-07-05T04:24:51+00:00", "shoeSize": "10.5", "productId": null, "skuUuid": "eb82a00d-bcd8-4fc1-a073-b92cf2729140", "state": "480", "customerId": null, "localAmount": 275, "localCurrency": "USD"}, {"chainId": "12131050731452287341", "amount": 300, "createdAt": "2015-07-05T00:11:32+00:00", "shoeSize": "11.5", "productId": null, "skuUuid": "3af0d51e-c27e-4008-ae1c-1ecbabc1c2b8", "state": "480", "customerId": null, "localAmount": 300, "localCurrency": "USD"}, {"chainId": "12131050737973927782", "amount": 375, "createdAt": "2015-07-02T00:08:54+00:00", "shoeSize": "9", "productId": null, "skuUuid": "2bd963d0-02a6-4d65-b0fb-48974cde11ba", "state": "480", "customerId": null, "localAmount": 375, "localCurrency": "USD"}, {"chainId": "12131050741003859919", "amount": 375, "createdAt": "2015-06-29T20:18:14+00:00", "shoeSize": "9.5", "productId": null, "skuUuid": "94b7fb48-3afc-4c39-9748-96d23f1fb709", "state": "480", "customerId": null, "localAmount": 375, "localCurrency": "USD"}, {"chainId": "12131050737842387305", "amount": 375, "createdAt": "2015-06-26T04:25:42+00:00", "shoeSize": "9", "productId": null, "skuUuid": "2bd963d0-02a6-4d65-b0fb-48974cde11ba", "state": "480", "customerId": null, "localAmount": 375, "localCurrency": "USD"}, {"chainId": "12131050733391891458", "amount": 275, "createdAt": "2015-06-25T12:05:37+00:00", "shoeSize": "13", "productId": null, "skuUuid": "cf4ab5e3-8633-4682-b414-561c22c3a9dc", "state": "480", "customerId": null, "localAmount": 275, "localCurrency": "USD"}, {"chainId": "12140459954731699872", "amount": 291, "createdAt": "2015-06-25T00:08:08+00:00", "shoeSize": "10", "productId": null, "skuUuid": "b831b9c6-4430-42fe-bac0-ca17130f0dc7", "state": "480", "customerId": null, "localAmount": 291, "localCurrency": "USD"}, {"chainId": "12131050725197596733", "amount": 275, "createdAt": "2015-06-24T04:19:07+00:00", "shoeSize": "10", "productId": null, "skuUuid": "b831b9c6-4430-42fe-bac0-ca17130f0dc7", "state": "480", "customerId": null, "localAmount": 275, "localCurrency": "USD"}, {"chainId": "12131050731323315349", "amount": 300, "createdAt": "2015-06-20T20:04:15+00:00", "shoeSize": "11.5", "productId": null, "skuUuid": "3af0d51e-c27e-4008-ae1c-1ecbabc1c2b8", "state": "480", "customerId": null, "localAmount": 300, "localCurrency": "USD"}, {"chainId": "12131050726141764568", "amount": 275, "createdAt": "2015-06-19T20:37:30+00:00", "shoeSize": "10.5", "productId": null, "skuUuid": "eb82a00d-bcd8-4fc1-a073-b92cf2729140", "state": "480", "customerId": null, "localAmount": 275, "localCurrency": "USD"}, {"chainId": "12131050740518846945", "amount": 350, "createdAt": "2015-06-19T12:24:21+00:00", "shoeSize": "9.5", "productId": null, "skuUuid": "94b7fb48-3afc-4c39-9748-96d23f1fb709", "state": "480", "customerId": null, "localAmount": 350, "localCurrency": "USD"}, {"chainId": "12131050738522157040", "amount": 250, "createdAt": "2015-06-18T20:45:12+00:00", "shoeSize": "9", "productId": null, "skuUuid": "2bd963d0-02a6-4d65-b0fb-48974cde11ba", "state": "480", "customerId": null, "localAmount": 250, "localCurrency": "USD"}, {"chainId": "12131050736390701178", "amount": 350, "createdAt": "2015-06-18T12:05:21+00:00", "shoeSize": "8.5", "productId": null, "skuUuid": "b17ad0be-b845-4164-9398-1fb373868874", "state": "480", "customerId": null, "localAmount": 350, "localCurrency": "USD"}, {"chainId": "12131050738228290410", "amount": 325, "createdAt": "2015-06-17T00:06:47+00:00", "shoeSize": "9", "productId": null, "skuUuid": "2bd963d0-02a6-4d65-b0fb-48974cde11ba", "state": "480", "customerId": null, "localAmount": 325, "localCurrency": "USD"}, {"chainId": "12131050738376529450", "amount": 300, "createdAt": "2015-06-15T12:00:50+00:00", "shoeSize": "9", "productId": null, "skuUuid": "2bd963d0-02a6-4d65-b0fb-48974cde11ba", "state": "480", "customerId": null, "localAmount": 300, "localCurrency": "USD"}, {"chainId": "12131050725061507958", "amount": 250, "createdAt": "2015-06-12T00:06:34+00:00", "shoeSize": "10", "productId": null, "skuUuid": "b831b9c6-4430-42fe-bac0-ca17130f0dc7", "state": "480", "customerId": null, "localAmount": 250, "localCurrency": "USD"}, {"chainId": "12131050740368194813", "amount": 350, "createdAt": "2015-06-11T20:08:05+00:00", "shoeSize": "9.5", "productId": null, "skuUuid": "94b7fb48-3afc-4c39-9748-96d23f1fb709", "state": "480", "customerId": null, "localAmount": 350, "localCurrency": "USD"}, {"chainId": "12131050736089375381", "amount": 350, "createdAt": "2015-06-10T20:27:02+00:00", "shoeSize": "8.5", "productId": null, "skuUuid": "b17ad0be-b845-4164-9398-1fb373868874", "state": "480", "customerId": null, "localAmount": 350, "localCurrency": "USD"}, {"chainId": "12131050740760963438", "amount": 350, "createdAt": "2015-06-09T20:00:50+00:00", "shoeSize": "9.5", "productId": null, "skuUuid": "94b7fb48-3afc-4c39-9748-96d23f1fb709", "state": "480", "customerId": null, "localAmount": 350, "localCurrency": "USD"}, {"chainId": "12131050736240297033", "amount": 350, "createdAt": "2015-06-07T20:26:06+00:00", "shoeSize": "8.5", "productId": null, "skuUuid": "b17ad0be-b845-4164-9398-1fb373868874", "state": "480", "customerId": null, "localAmount": 350, "localCurrency": "USD"}, {"chainId": "12131050724947360233", "amount": 250, "createdAt": "2015-06-06T20:24:08+00:00", "shoeSize": "10", "productId": null, "skuUuid": "b831b9c6-4430-42fe-bac0-ca17130f0dc7", "state": "480", "customerId": null, "localAmount": 250, "localCurrency": "USD"}, {"chainId": "12131050728402179632", "amount": 375, "createdAt": "2015-06-06T12:31:55+00:00", "shoeSize": "11", "productId": null, "skuUuid": "41383ca4-ee75-439e-9046-cddd1c2d8a2b", "state": "480", "customerId": null, "localAmount": 375, "localCurrency": "USD"}, {"chainId": "12131050738101904776", "amount": 350, "createdAt": "2015-06-05T12:17:34+00:00", "shoeSize": "9", "productId": null, "skuUuid": "2bd963d0-02a6-4d65-b0fb-48974cde11ba", "state": "480", "customerId": null, "localAmount": 350, "localCurrency": "USD"}, {"chainId": "12131050740889231942", "amount": 350, "createdAt": "2015-06-05T04:06:04+00:00", "shoeSize": "9.5", "productId": null, "skuUuid": "94b7fb48-3afc-4c39-9748-96d23f1fb709", "state": "480", "customerId": null, "localAmount": 350, "localCurrency": "USD"}, {"chainId": "12131050725907682694", "amount": 300, "createdAt": "2015-06-01T16:24:23+00:00", "shoeSize": "10.5", "productId": null, "skuUuid": "eb82a00d-bcd8-4fc1-a073-b92cf2729140", "state": "480", "customerId": null, "localAmount": 300, "localCurrency": "USD"}, {"chainId": "12131050726025215864", "amount": 275, "createdAt": "2015-05-31T12:05:35+00:00", "shoeSize": "10.5", "productId": null, "skuUuid": "eb82a00d-bcd8-4fc1-a073-b92cf2729140", "state": "480", "customerId": null, "localAmount": 275, "localCurrency": "USD"}, {"chainId": "12131050740640489483", "amount": 325, "createdAt": "2015-05-31T08:08:30+00:00", "shoeSize": "9.5", "productId": null, "skuUuid": "94b7fb48-3afc-4c39-9748-96d23f1fb709", "state": "480", "customerId": null, "localAmount": 325, "localCurrency": "USD"}, {"chainId": "12131050732901522188", "amount": 300, "createdAt": "2015-05-29T20:23:29+00:00", "shoeSize": "13", "productId": null, "skuUuid": "cf4ab5e3-8633-4682-b414-561c22c3a9dc", "state": "480", "customerId": null, "localAmount": 300, "localCurrency": "USD"}, {"chainId": "12131050728539337810", "amount": 375, "createdAt": "2015-05-28T00:18:03+00:00", "shoeSize": "11", "productId": null, "skuUuid": "41383ca4-ee75-439e-9046-cddd1c2d8a2b", "state": "480", "customerId": null, "localAmount": 375, "localCurrency": "USD"}, {"chainId": "12140459955215851927", "amount": 316, "createdAt": "2015-05-24T20:22:54+00:00", "shoeSize": "10.5", "productId": null, "skuUuid": "eb82a00d-bcd8-4fc1-a073-b92cf2729140", "state": "480", "customerId": null, "localAmount": 316, "localCurrency": "USD"}, {"chainId": "12167330059390962524", "amount": 290, "createdAt": "2015-05-24T20:21:54+00:00", "shoeSize": "12", "productId": null, "skuUuid": "1c2fa5fa-7a7c-43c7-b2ee-8d9beb9981e7", "state": "480", "customerId": null, "localAmount": 290, "localCurrency": "USD"}, {"chainId": "12167329315089350083", "amount": 246, "createdAt": "2015-05-24T03:48:38+00:00", "shoeSize": "11.5", "productId": null, "skuUuid": "3af0d51e-c27e-4008-ae1c-1ecbabc1c2b8", "state": "480", "customerId": null, "localAmount": 246, "localCurrency": "USD"}, {"chainId": "12130391634665716933", "amount": 168, "createdAt": "2015-04-02T03:56:10+00:00", "shoeSize": "11", "productId": null, "skuUuid": "41383ca4-ee75-439e-9046-cddd1c2d8a2b", "state": "480", "customerId": null, "localAmount": 168, "localCurrency": "USD"}, {"chainId": "12167330054951393688", "amount": 290, "createdAt": "2015-03-29T21:12:32+00:00", "shoeSize": "12", "productId": null, "skuUuid": "1c2fa5fa-7a7c-43c7-b2ee-8d9beb9981e7", "state": "480", "customerId": null, "localAmount": 290, "localCurrency": "USD"}, {"chainId": "12306397292646338814", "amount": 343, "createdAt": "2014-11-17T18:23:33+00:00", "shoeSize": "11.5", "productId": null, "skuUuid": "3af0d51e-c27e-4008-ae1c-1ecbabc1c2b8", "state": "480", "customerId": null, "localAmount": 343, "localCurrency": "USD"}, {"chainId": "12167329717377090335", "amount": 240, "createdAt": "2014-08-19T22:12:30+00:00", "shoeSize": "14", "productId": null, "skuUuid": "d65cd4b4-2d56-4860-8ba2-afe3f8b876ca", "state": "480", "customerId": null, "localAmount": 240, "localCurrency": "USD"}, {"chainId": "12167329698153006970", "amount": 230, "createdAt": "2014-02-01T17:17:55+00:00", "shoeSize": "11.5", "productId": null, "skuUuid": "3af0d51e-c27e-4008-ae1c-1ecbabc1c2b8", "state": "480", "customerId": null, "localAmount": 230, "localCurrency": "USD"}, {"chainId": "12129127010258158835", "amount": 175, "createdAt": "2014-01-13T19:42:43+00:00", "shoeSize": "10", "productId": null, "skuUuid": "b831b9c6-4430-42fe-bac0-ca17130f0dc7", "state": "480", "customerId": null, "localAmount": 175, "localCurrency": "USD"}, {"chainId": "12129125160079902636", "amount": 180, "createdAt": "2013-12-29T01:51:21+00:00", "shoeSize": "7.5", "productId": null, "skuUuid": "1e017266-7d30-4199-b674-8b577f09a8bf", "state": "480", "customerId": null, "localAmount": 180, "localCurrency": "USD"}, {"chainId": "12129129834271855435", "amount": 190, "createdAt": "2013-06-28T02:28:28+00:00", "shoeSize": "11.5", "productId": null, "skuUuid": "3af0d51e-c27e-4008-ae1c-1ecbabc1c2b8", "state": "480", "customerId": null, "localAmount": 190, "localCurrency": "USD"}, {"chainId": "12129130010152193813", "amount": 188, "createdAt": "2013-05-15T04:00:58+00:00", "shoeSize": "11.5", "productId": null, "skuUuid": "3af0d51e-c27e-4008-ae1c-1ecbabc1c2b8", "state": "480", "customerId": null, "localAmount": 188, "localCurrency": "USD"}, {"chainId": "12129130153285325710", "amount": 289, "createdAt": "2013-05-08T00:26:06+00:00", "shoeSize": "8", "productId": null, "skuUuid": "4ff0d64c-9067-4dd5-911a-9a0786a8d258", "state": "480", "customerId": null, "localAmount": 289, "localCurrency": "USD"}, {"chainId": "12129124868628675089", "amount": 183, "createdAt": "2013-05-02T12:44:10+00:00", "shoeSize": "9", "productId": null, "skuUuid": "2bd963d0-02a6-4d65-b0fb-48974cde11ba", "state": "480", "customerId": null, "localAmount": 183, "localCurrency": "USD"}, {"chainId": "12129129925109407532", "amount": 216, "createdAt": "2013-05-02T01:20:03+00:00", "shoeSize": "11.5", "productId": null, "skuUuid": "3af0d51e-c27e-4008-ae1c-1ecbabc1c2b8", "state": "480", "customerId": null, "localAmount": 216, "localCurrency": "USD"}, {"chainId": "12129129374331393977", "amount": 182, "createdAt": "2013-05-01T07:15:44+00:00", "shoeSize": "11", "productId": null, "skuUuid": "41383ca4-ee75-439e-9046-cddd1c2d8a2b", "state": "480", "customerId": null, "localAmount": 182, "localCurrency": "USD"}, {"chainId": "12129129374531814612", "amount": 179, "createdAt": "2013-05-01T07:15:11+00:00", "shoeSize": "11.5", "productId": null, "skuUuid": "3af0d51e-c27e-4008-ae1c-1ecbabc1c2b8", "state": "480", "customerId": null, "localAmount": 179, "localCurrency": "USD"}, {"chainId": "12129124867631999501", "amount": 185, "createdAt": "2013-04-29T12:24:19+00:00", "shoeSize": "9", "productId": null, "skuUuid": "2bd963d0-02a6-4d65-b0fb-48974cde11ba", "state": "480", "customerId": null, "localAmount": 185, "localCurrency": "USD"}, {"chainId": "12129129827825446924", "amount": 190, "createdAt": "2013-04-29T05:33:43+00:00", "shoeSize": "11.5", "productId": null, "skuUuid": "3af0d51e-c27e-4008-ae1c-1ecbabc1c2b8", "state": "480", "customerId": null, "localAmount": 190, "localCurrency": "USD"}, {"chainId": "12129128210891191150", "amount": 216, "createdAt": "2013-04-22T16:02:20+00:00", "shoeSize": "11", "productId": null, "skuUuid": "41383ca4-ee75-439e-9046-cddd1c2d8a2b", "state": "480", "customerId": null, "localAmount": 216, "localCurrency": "USD"}, {"chainId": "12129128575358002079", "amount": 190, "createdAt": "2013-04-22T04:05:28+00:00", "shoeSize": "11.5", "productId": null, "skuUuid": "3af0d51e-c27e-4008-ae1c-1ecbabc1c2b8", "state": "480", "customerId": null, "localAmount": 190, "localCurrency": "USD"}, {"chainId": "12129124649080145960", "amount": 178, "createdAt": "2013-04-21T23:19:35+00:00", "shoeSize": "10", "productId": null, "skuUuid": "b831b9c6-4430-42fe-bac0-ca17130f0dc7", "state": "480", "customerId": null, "localAmount": 178, "localCurrency": "USD"}, {"chainId": "12129129924912318151", "amount": 216, "createdAt": "2013-04-06T15:48:54+00:00", "shoeSize": "10.5", "productId": null, "skuUuid": "eb82a00d-bcd8-4fc1-a073-b92cf2729140", "state": "480", "customerId": null, "localAmount": 216, "localCurrency": "USD"}, {"chainId": "12129126202320396770", "amount": 185, "createdAt": "2013-03-30T21:00:00+00:00", "shoeSize": "9.5", "productId": null, "skuUuid": "94b7fb48-3afc-4c39-9748-96d23f1fb709", "state": "480", "customerId": null, "localAmount": 185, "localCurrency": "USD"}, {"chainId": "12129126939890759121", "amount": 168, "createdAt": "2013-03-24T01:16:35+00:00", "shoeSize": "13", "productId": null, "skuUuid": "cf4ab5e3-8633-4682-b414-561c22c3a9dc", "state": "480", "customerId": null, "localAmount": 168, "localCurrency": "USD"}, {"chainId": "12129128217992773215", "amount": 183, "createdAt": "2013-03-18T00:00:44+00:00", "shoeSize": "8", "productId": null, "skuUuid": "4ff0d64c-9067-4dd5-911a-9a0786a8d258", "state": "480", "customerId": null, "localAmount": 183, "localCurrency": "USD"}, {"chainId": "12129128570018025105", "amount": 190, "createdAt": "2013-03-17T21:17:37+00:00", "shoeSize": "11.5", "productId": null, "skuUuid": "3af0d51e-c27e-4008-ae1c-1ecbabc1c2b8", "state": "480", "customerId": null, "localAmount": 190, "localCurrency": "USD"}, {"chainId": "12129129080245798809", "amount": 173, "createdAt": "2013-03-16T11:34:53+00:00", "shoeSize": "9.5", "productId": null, "skuUuid": "94b7fb48-3afc-4c39-9748-96d23f1fb709", "state": "480", "customerId": null, "localAmount": 173, "localCurrency": "USD"}, {"chainId": "12129129818934463982", "amount": 190, "createdAt": "2013-03-13T19:57:01+00:00", "shoeSize": "11.5", "productId": null, "skuUuid": "3af0d51e-c27e-4008-ae1c-1ecbabc1c2b8", "state": "480", "customerId": null, "localAmount": 190, "localCurrency": "USD"}, {"chainId": "12129128567882546909", "amount": 190, "createdAt": "2013-03-06T05:40:48+00:00", "shoeSize": "11.5", "productId": null, "skuUuid": "3af0d51e-c27e-4008-ae1c-1ecbabc1c2b8", "state": "480", "customerId": null, "localAmount": 190, "localCurrency": "USD"}, {"chainId": "12129124645017151886", "amount": 172, "createdAt": "2013-03-02T19:03:32+00:00", "shoeSize": "9.5", "productId": null, "skuUuid": "94b7fb48-3afc-4c39-9748-96d23f1fb709", "state": "480", "customerId": null, "localAmount": 172, "localCurrency": "USD"}, {"chainId": "12129125402894199273", "amount": 185, "createdAt": "2013-02-23T19:49:49+00:00", "shoeSize": "10", "productId": null, "skuUuid": "b831b9c6-4430-42fe-bac0-ca17130f0dc7", "state": "480", "customerId": null, "localAmount": 185, "localCurrency": "USD"}, {"chainId": "12129126932099682020", "amount": 188, "createdAt": "2013-02-18T17:22:21+00:00", "shoeSize": "10", "productId": null, "skuUuid": "b831b9c6-4430-42fe-bac0-ca17130f0dc7", "state": "480", "customerId": null, "localAmount": 188, "localCurrency": "USD"}, {"chainId": "12129127455441894902", "amount": 173, "createdAt": "2013-02-17T20:37:12+00:00", "shoeSize": "10.5", "productId": null, "skuUuid": "eb82a00d-bcd8-4fc1-a073-b92cf2729140", "state": "480", "customerId": null, "localAmount": 173, "localCurrency": "USD"}, {"chainId": "12129127455955216993", "amount": 191, "createdAt": "2013-02-17T19:56:38+00:00", "shoeSize": "12", "productId": null, "skuUuid": "1c2fa5fa-7a7c-43c7-b2ee-8d9beb9981e7", "state": "480", "customerId": null, "localAmount": 191, "localCurrency": "USD"}, {"chainId": "12129126414597651573", "amount": 195, "createdAt": "2013-02-13T02:19:29+00:00", "shoeSize": "10", "productId": null, "skuUuid": "b831b9c6-4430-42fe-bac0-ca17130f0dc7", "state": "480", "customerId": null, "localAmount": 195, "localCurrency": "USD"}, {"chainId": "12129125116060967014", "amount": 190, "createdAt": "2013-02-13T02:11:59+00:00", "shoeSize": "13", "productId": null, "skuUuid": "cf4ab5e3-8633-4682-b414-561c22c3a9dc", "state": "480", "customerId": null, "localAmount": 190, "localCurrency": "USD"}, {"chainId": "12129125690471778222", "amount": 188, "createdAt": "2013-02-12T20:11:54+00:00", "shoeSize": "12", "productId": null, "skuUuid": "1c2fa5fa-7a7c-43c7-b2ee-8d9beb9981e7", "state": "480", "customerId": null, "localAmount": 188, "localCurrency": "USD"}, {"chainId": "12129127452125268267", "amount": 175, "createdAt": "2013-02-12T19:37:42+00:00", "shoeSize": "11.5", "productId": null, "skuUuid": "3af0d51e-c27e-4008-ae1c-1ecbabc1c2b8", "state": "480", "customerId": null, "localAmount": 175, "localCurrency": "USD"}, {"chainId": "12129126928995789650", "amount": 183, "createdAt": "2013-02-12T03:00:51+00:00", "shoeSize": "10", "productId": null, "skuUuid": "b831b9c6-4430-42fe-bac0-ca17130f0dc7", "state": "480", "customerId": null, "localAmount": 183, "localCurrency": "USD"}, {"chainId": "12129124131056197628", "amount": 193, "createdAt": "2013-02-11T23:04:44+00:00", "shoeSize": "11", "productId": null, "skuUuid": "41383ca4-ee75-439e-9046-cddd1c2d8a2b", "state": "480", "customerId": null, "localAmount": 193, "localCurrency": "USD"}, {"chainId": "12129126930104234584", "amount": 180, "createdAt": "2013-02-11T13:34:24+00:00", "shoeSize": "10.5", "productId": null, "skuUuid": "eb82a00d-bcd8-4fc1-a073-b92cf2729140", "state": "480", "customerId": null, "localAmount": 180, "localCurrency": "USD"}, {"chainId": "12129126929506207753", "amount": 190, "createdAt": "2013-02-11T13:34:09+00:00", "shoeSize": "8.5", "productId": null, "skuUuid": "b17ad0be-b845-4164-9398-1fb373868874", "state": "480", "customerId": null, "localAmount": 190, "localCurrency": "USD"}, {"chainId": "12129126931010221590", "amount": 200, "createdAt": "2013-02-09T01:24:23+00:00", "shoeSize": "11.5", "productId": null, "skuUuid": "3af0d51e-c27e-4008-ae1c-1ecbabc1c2b8", "state": "480", "customerId": null, "localAmount": 200, "localCurrency": "USD"}, {"chainId": "12129126689151013707", "amount": 194, "createdAt": "2013-02-08T14:46:03+00:00", "shoeSize": "12", "productId": null, "skuUuid": "1c2fa5fa-7a7c-43c7-b2ee-8d9beb9981e7", "state": "480", "customerId": null, "localAmount": 194, "localCurrency": "USD"}, {"chainId": "12129129359850859020", "amount": 180, "createdAt": "2013-02-08T02:05:54+00:00", "shoeSize": "12", "productId": null, "skuUuid": "1c2fa5fa-7a7c-43c7-b2ee-8d9beb9981e7", "state": "480", "customerId": null, "localAmount": 180, "localCurrency": "USD"}, {"chainId": "12129129075865948043", "amount": 188, "createdAt": "2013-02-08T02:00:20+00:00", "shoeSize": "10", "productId": null, "skuUuid": "b831b9c6-4430-42fe-bac0-ca17130f0dc7", "state": "480", "customerId": null, "localAmount": 188, "localCurrency": "USD"}, {"chainId": "12129129996581861760", "amount": 203, "createdAt": "2013-02-07T04:09:24+00:00", "shoeSize": "8.5", "productId": null, "skuUuid": "b17ad0be-b845-4164-9398-1fb373868874", "state": "480", "customerId": null, "localAmount": 203, "localCurrency": "USD"}, {"chainId": "12129125401299301892", "amount": 180, "createdAt": "2013-02-06T06:42:24+00:00", "shoeSize": "9", "productId": null, "skuUuid": "2bd963d0-02a6-4d65-b0fb-48974cde11ba", "state": "480", "customerId": null, "localAmount": 180, "localCurrency": "USD"}, {"chainId": "12129125401098355372", "amount": 190, "createdAt": "2013-02-06T04:59:23+00:00", "shoeSize": "9.5", "productId": null, "skuUuid": "94b7fb48-3afc-4c39-9748-96d23f1fb709", "state": "480", "customerId": null, "localAmount": 190, "localCurrency": "USD"}, {"chainId": "12129123897243226840", "amount": 188, "createdAt": "2013-02-04T14:56:19+00:00", "shoeSize": "13", "productId": null, "skuUuid": "cf4ab5e3-8633-4682-b414-561c22c3a9dc", "state": "480", "customerId": null, "localAmount": 188, "localCurrency": "USD"}, {"chainId": "12129125113092788893", "amount": 193, "createdAt": "2013-02-04T09:00:54+00:00", "shoeSize": "11", "productId": null, "skuUuid": "41383ca4-ee75-439e-9046-cddd1c2d8a2b", "state": "480", "customerId": null, "localAmount": 193, "localCurrency": "USD"}, {"chainId": "12129123896746978101", "amount": 173, "createdAt": "2013-02-04T05:43:35+00:00", "shoeSize": "13", "productId": null, "skuUuid": "cf4ab5e3-8633-4682-b414-561c22c3a9dc", "state": "480", "customerId": null, "localAmount": 173, "localCurrency": "USD"}, {"chainId": "12129126927046716193", "amount": 193, "createdAt": "2013-02-04T03:50:58+00:00", "shoeSize": "10", "productId": null, "skuUuid": "b831b9c6-4430-42fe-bac0-ca17130f0dc7", "state": "480", "customerId": null, "localAmount": 193, "localCurrency": "USD"}, {"chainId": "12129129073221367617", "amount": 187, "createdAt": "2013-02-04T01:36:30+00:00", "shoeSize": "10", "productId": null, "skuUuid": "b831b9c6-4430-42fe-bac0-ca17130f0dc7", "state": "480", "customerId": null, "localAmount": 187, "localCurrency": "USD"}, {"chainId": "12129125113778106409", "amount": 184, "createdAt": "2013-02-04T01:31:07+00:00", "shoeSize": "8.5", "productId": null, "skuUuid": "b17ad0be-b845-4164-9398-1fb373868874", "state": "480", "customerId": null, "localAmount": 184, "localCurrency": "USD"}, {"chainId": "12129129359133117511", "amount": 188, "createdAt": "2013-02-03T20:14:29+00:00", "shoeSize": "12", "productId": null, "skuUuid": "1c2fa5fa-7a7c-43c7-b2ee-8d9beb9981e7", "state": "480", "customerId": null, "localAmount": 188, "localCurrency": "USD"}, {"chainId": "12129129073554524414", "amount": 180, "createdAt": "2013-02-02T19:37:16+00:00", "shoeSize": "10", "productId": null, "skuUuid": "b831b9c6-4430-42fe-bac0-ca17130f0dc7", "state": "480", "customerId": null, "localAmount": 180, "localCurrency": "USD"}, {"chainId": "12129128563158836389", "amount": 178, "createdAt": "2013-02-02T16:57:19+00:00", "shoeSize": "13", "productId": null, "skuUuid": "cf4ab5e3-8633-4682-b414-561c22c3a9dc", "state": "480", "customerId": null, "localAmount": 178, "localCurrency": "USD"}, {"chainId": "12129127891772601734", "amount": 200, "createdAt": "2013-02-02T01:33:13+00:00", "shoeSize": "11.5", "productId": null, "skuUuid": "3af0d51e-c27e-4008-ae1c-1ecbabc1c2b8", "state": "480", "customerId": null, "localAmount": 200, "localCurrency": "USD"}, {"chainId": "12129128211686779027", "amount": 180, "createdAt": "2013-02-01T22:56:20+00:00", "shoeSize": "10", "productId": null, "skuUuid": "b831b9c6-4430-42fe-bac0-ca17130f0dc7", "state": "480", "customerId": null, "localAmount": 180, "localCurrency": "USD"}, {"chainId": "12129125400580882765", "amount": 201, "createdAt": "2013-02-01T04:39:09+00:00", "shoeSize": "9.5", "productId": null, "skuUuid": "94b7fb48-3afc-4c39-9748-96d23f1fb709", "state": "480", "customerId": null, "localAmount": 201, "localCurrency": "USD"}, {"chainId": "12129125114007173158", "amount": 209, "createdAt": "2013-02-01T03:00:42+00:00", "shoeSize": "11", "productId": null, "skuUuid": "41383ca4-ee75-439e-9046-cddd1c2d8a2b", "state": "480", "customerId": null, "localAmount": 209, "localCurrency": "USD"}, {"chainId": "12129127891263367860", "amount": 188, "createdAt": "2013-02-01T02:24:25+00:00", "shoeSize": "11.5", "productId": null, "skuUuid": "3af0d51e-c27e-4008-ae1c-1ecbabc1c2b8", "state": "480", "customerId": null, "localAmount": 188, "localCurrency": "USD"}, {"chainId": "12129127890294649493", "amount": 200, "createdAt": "2013-02-01T02:00:57+00:00", "shoeSize": "10", "productId": null, "skuUuid": "b831b9c6-4430-42fe-bac0-ca17130f0dc7", "state": "480", "customerId": null, "localAmount": 200, "localCurrency": "USD"}, {"chainId": "12129129072005584500", "amount": 193, "createdAt": "2013-01-31T18:19:13+00:00", "shoeSize": "9.5", "productId": null, "skuUuid": "94b7fb48-3afc-4c39-9748-96d23f1fb709", "state": "480", "customerId": null, "localAmount": 193, "localCurrency": "USD"}, {"chainId": "12129129704247661082", "amount": 212, "createdAt": "2013-01-30T21:01:08+00:00", "shoeSize": "11", "productId": null, "skuUuid": "41383ca4-ee75-439e-9046-cddd1c2d8a2b", "state": "480", "customerId": null, "localAmount": 212, "localCurrency": "USD"}, {"chainId": "12129127890782827437", "amount": 178, "createdAt": "2013-01-30T20:06:58+00:00", "shoeSize": "11", "productId": null, "skuUuid": "41383ca4-ee75-439e-9046-cddd1c2d8a2b", "state": "480", "customerId": null, "localAmount": 178, "localCurrency": "USD"}, {"chainId": "12129128562885190202", "amount": 200, "createdAt": "2013-01-30T03:45:46+00:00", "shoeSize": "11", "productId": null, "skuUuid": "41383ca4-ee75-439e-9046-cddd1c2d8a2b", "state": "480", "customerId": null, "localAmount": 200, "localCurrency": "USD"}, {"chainId": "12129125981698360567", "amount": 198, "createdAt": "2013-01-30T03:45:04+00:00", "shoeSize": "9", "productId": null, "skuUuid": "2bd963d0-02a6-4d65-b0fb-48974cde11ba", "state": "480", "customerId": null, "localAmount": 198, "localCurrency": "USD"}, {"chainId": "12129126196519910872", "amount": 190, "createdAt": "2013-01-30T03:35:24+00:00", "shoeSize": "9.5", "productId": null, "skuUuid": "94b7fb48-3afc-4c39-9748-96d23f1fb709", "state": "480", "customerId": null, "localAmount": 190, "localCurrency": "USD"}, {"chainId": "12129127452636677205", "amount": 195, "createdAt": "2013-01-30T03:32:22+00:00", "shoeSize": "11.5", "productId": null, "skuUuid": "3af0d51e-c27e-4008-ae1c-1ecbabc1c2b8", "state": "480", "customerId": null, "localAmount": 195, "localCurrency": "USD"}, {"chainId": "12129128562693422040", "amount": 209, "createdAt": "2013-01-29T18:09:25+00:00", "shoeSize": "11", "productId": null, "skuUuid": "41383ca4-ee75-439e-9046-cddd1c2d8a2b", "state": "480", "customerId": null, "localAmount": 209, "localCurrency": "USD"}, {"chainId": "12129129072338635962", "amount": 207, "createdAt": "2013-01-29T01:16:52+00:00", "shoeSize": "9", "productId": null, "skuUuid": "2bd963d0-02a6-4d65-b0fb-48974cde11ba", "state": "480", "customerId": null, "localAmount": 207, "localCurrency": "USD"}, {"chainId": "12129127889158788273", "amount": 197, "createdAt": "2013-01-28T01:00:47+00:00", "shoeSize": "9", "productId": null, "skuUuid": "2bd963d0-02a6-4d65-b0fb-48974cde11ba", "state": "480", "customerId": null, "localAmount": 197, "localCurrency": "USD"}, {"chainId": "12129128775835726572", "amount": 229, "createdAt": "2013-01-27T20:56:17+00:00", "shoeSize": "9.5", "productId": null, "skuUuid": "94b7fb48-3afc-4c39-9748-96d23f1fb709", "state": "480", "customerId": null, "localAmount": 229, "localCurrency": "USD"}, {"chainId": "12129129995743525317", "amount": 221, "createdAt": "2013-01-27T01:20:00+00:00", "shoeSize": "9.5", "productId": null, "skuUuid": "94b7fb48-3afc-4c39-9748-96d23f1fb709", "state": "480", "customerId": null, "localAmount": 221, "localCurrency": "USD"}, {"chainId": "12129129071769105700", "amount": 218, "createdAt": "2013-01-26T18:34:56+00:00", "shoeSize": "11", "productId": null, "skuUuid": "41383ca4-ee75-439e-9046-cddd1c2d8a2b", "state": "480", "customerId": null, "localAmount": 218, "localCurrency": "USD"}, {"chainId": "12129129993736905000", "amount": 240, "createdAt": "2013-01-17T01:21:55+00:00", "shoeSize": "11", "productId": null, "skuUuid": "41383ca4-ee75-439e-9046-cddd1c2d8a2b", "state": "480", "customerId": null, "localAmount": 240, "localCurrency": "USD"}, {"chainId": "12129128207706529943", "amount": 223, "createdAt": "2013-01-07T03:33:39+00:00", "shoeSize": "9.5", "productId": null, "skuUuid": "94b7fb48-3afc-4c39-9748-96d23f1fb709", "state": "480", "customerId": null, "localAmount": 223, "localCurrency": "USD"}]