[{"chainId": "12896842207627965287", "amount": 140, "createdAt": "2019-01-22T21:05:25+00:00", "shoeSize": "6Y", "productId": null, "skuUuid": "9593ded1-8b6c-47d0-81e3-9e6b5a7d964b", "state": "480", "customerId": null, "localAmount": 140, "localCurrency": "USD"}, {"chainId": "12981271310729027253", "amount": 118, "createdAt": "2019-01-20T15:58:13+00:00", "shoeSize": "7Y", "productId": null, "skuUuid": "1c4cd344-7577-4089-bba2-6a0cb259b9ed", "state": "480", "customerId": null, "localAmount": 118, "localCurrency": "USD"}, {"chainId": "12946645439679554498", "amount": 125, "createdAt": "2019-01-20T15:57:53+00:00", "shoeSize": "6Y", "productId": null, "skuUuid": "9593ded1-8b6c-47d0-81e3-9e6b5a7d964b", "state": "480", "customerId": null, "localAmount": 125, "localCurrency": "USD"}, {"chainId": "12972898598008576447", "amount": 115, "createdAt": "2019-01-20T15:40:46+00:00", "shoeSize": "7Y", "productId": null, "skuUuid": "1c4cd344-7577-4089-bba2-6a0cb259b9ed", "state": "480", "customerId": null, "localAmount": 115, "localCurrency": "USD"}, {"chainId": "12981540443941277924", "amount": 108, "createdAt": "2019-01-20T15:27:30+00:00", "shoeSize": "6.5Y", "productId": null, "skuUuid": "a28c8390-2e2c-44bf-8db1-d21287cdf39b", "state": "480", "customerId": null, "localAmount": 108, "localCurrency": "USD"}, {"chainId": "12927626344813590786", "amount": 113, "createdAt": "2019-01-14T16:30:33+00:00", "shoeSize": "7Y", "productId": null, "skuUuid": "1c4cd344-7577-4089-bba2-6a0cb259b9ed", "state": "480", "customerId": null, "localAmount": 113, "localCurrency": "USD"}, {"chainId": "12933523615553773821", "amount": 112, "createdAt": "2019-01-03T17:48:49+00:00", "shoeSize": "7Y", "productId": null, "skuUuid": "1c4cd344-7577-4089-bba2-6a0cb259b9ed", "state": "480", "customerId": null, "localAmount": 112, "localCurrency": "USD"}, {"chainId": "12958048360298941721", "amount": 115, "createdAt": "2019-01-01T05:07:26+00:00", "shoeSize": "6Y", "productId": null, "skuUuid": "9593ded1-8b6c-47d0-81e3-9e6b5a7d964b", "state": "480", "customerId": null, "localAmount": 115, "localCurrency": "USD"}, {"chainId": "12954478821998925977", "amount": 101, "createdAt": "2018-12-29T04:42:29+00:00", "shoeSize": "6.5Y", "productId": null, "skuUuid": "a28c8390-2e2c-44bf-8db1-d21287cdf39b", "state": "480", "customerId": null, "localAmount": 101, "localCurrency": "USD"}, {"chainId": "12962490862366085105", "amount": 110, "createdAt": "2018-12-25T22:21:03+00:00", "shoeSize": "7Y", "productId": null, "skuUuid": "1c4cd344-7577-4089-bba2-6a0cb259b9ed", "state": "480", "customerId": null, "localAmount": 110, "localCurrency": "USD"}, {"chainId": "12961694742326784605", "amount": 91, "createdAt": "2018-12-18T17:33:44+00:00", "shoeSize": "7Y", "productId": null, "skuUuid": "1c4cd344-7577-4089-bba2-6a0cb259b9ed", "state": "480", "customerId": null, "localAmount": 91, "localCurrency": "USD"}, {"chainId": "12557964291590761415", "amount": 149, "createdAt": "2018-12-17T07:22:00+00:00", "shoeSize": "5.5Y", "productId": null, "skuUuid": "159e4973-e423-49d2-985b-c0cb7e461045", "state": "480", "customerId": null, "localAmount": 149, "localCurrency": "USD"}, {"chainId": "12941385644566976617", "amount": 104, "createdAt": "2018-12-14T18:19:28+00:00", "shoeSize": "6.5Y", "productId": null, "skuUuid": "a28c8390-2e2c-44bf-8db1-d21287cdf39b", "state": "480", "customerId": null, "localAmount": 104, "localCurrency": "USD"}, {"chainId": "12957969369232836856", "amount": 92, "createdAt": "2018-12-14T14:43:36+00:00", "shoeSize": "7Y", "productId": null, "skuUuid": "1c4cd344-7577-4089-bba2-6a0cb259b9ed", "state": "480", "customerId": null, "localAmount": 92, "localCurrency": "USD"}, {"chainId": "12956084967890162014", "amount": 115, "createdAt": "2018-12-13T22:24:58+00:00", "shoeSize": "6Y", "productId": null, "skuUuid": "9593ded1-8b6c-47d0-81e3-9e6b5a7d964b", "state": "480", "customerId": null, "localAmount": 115, "localCurrency": "USD"}, {"chainId": "12952471074946223067", "amount": 140, "createdAt": "2018-12-12T11:46:20+00:00", "shoeSize": "5Y", "productId": null, "skuUuid": "8cacef3a-c55d-4c03-a68b-a75c4df28857", "state": "480", "customerId": null, "localAmount": 140, "localCurrency": "USD"}, {"chainId": "12955483125335083839", "amount": 160, "createdAt": "2018-12-12T05:56:11+00:00", "shoeSize": "4.5Y", "productId": null, "skuUuid": "dc573523-5f5a-413f-94ba-88092488d385", "state": "480", "customerId": null, "localAmount": 160, "localCurrency": "USD"}, {"chainId": "12955405007557610739", "amount": 101, "createdAt": "2018-12-10T01:17:11+00:00", "shoeSize": "6Y", "productId": null, "skuUuid": "9593ded1-8b6c-47d0-81e3-9e6b5a7d964b", "state": "480", "customerId": null, "localAmount": 101, "localCurrency": "USD"}, {"chainId": "12952656687281034117", "amount": 90, "createdAt": "2018-12-07T14:49:27+00:00", "shoeSize": "6.5Y", "productId": null, "skuUuid": "a28c8390-2e2c-44bf-8db1-d21287cdf39b", "state": "480", "customerId": null, "localAmount": 90, "localCurrency": "USD"}, {"chainId": "12952652959557157046", "amount": 125, "createdAt": "2018-12-07T14:48:42+00:00", "shoeSize": "5Y", "productId": null, "skuUuid": "8cacef3a-c55d-4c03-a68b-a75c4df28857", "state": "480", "customerId": null, "localAmount": 125, "localCurrency": "USD"}, {"chainId": "12950802405361935269", "amount": 170, "createdAt": "2018-12-03T16:52:40+00:00", "shoeSize": "4Y", "productId": null, "skuUuid": "72386f31-7be8-490a-bfdf-006ab7e92ce1", "state": "480", "customerId": null, "localAmount": 170, "localCurrency": "USD"}, {"chainId": "12949078898497394556", "amount": 118, "createdAt": "2018-12-01T07:48:18+00:00", "shoeSize": "6Y", "productId": null, "skuUuid": "9593ded1-8b6c-47d0-81e3-9e6b5a7d964b", "state": "480", "customerId": null, "localAmount": 118, "localCurrency": "USD"}, {"chainId": "12947217818382647868", "amount": 170, "createdAt": "2018-11-28T18:10:44+00:00", "shoeSize": "5Y", "productId": null, "skuUuid": "8cacef3a-c55d-4c03-a68b-a75c4df28857", "state": "480", "customerId": null, "localAmount": 170, "localCurrency": "USD"}, {"chainId": "12932870158733547373", "amount": 171, "createdAt": "2018-11-23T17:18:18+00:00", "shoeSize": "5Y", "productId": null, "skuUuid": "8cacef3a-c55d-4c03-a68b-a75c4df28857", "state": "480", "customerId": null, "localAmount": 171, "localCurrency": "USD"}, {"chainId": "12936355863099831719", "amount": 117, "createdAt": "2018-11-23T14:09:45+00:00", "shoeSize": "6.5Y", "productId": null, "skuUuid": "a28c8390-2e2c-44bf-8db1-d21287cdf39b", "state": "480", "customerId": null, "localAmount": 117, "localCurrency": "USD"}, {"chainId": "12937012753338586519", "amount": 130, "createdAt": "2018-11-23T09:50:52+00:00", "shoeSize": "6Y", "productId": null, "skuUuid": "9593ded1-8b6c-47d0-81e3-9e6b5a7d964b", "state": "480", "customerId": null, "localAmount": 130, "localCurrency": "USD"}, {"chainId": "12941525098033596320", "amount": 88, "createdAt": "2018-11-23T00:22:07+00:00", "shoeSize": "7Y", "productId": null, "skuUuid": "1c4cd344-7577-4089-bba2-6a0cb259b9ed", "state": "480", "customerId": null, "localAmount": 88, "localCurrency": "USD"}, {"chainId": "12941524939954580815", "amount": 102, "createdAt": "2018-11-20T21:39:59+00:00", "shoeSize": "7Y", "productId": null, "skuUuid": "1c4cd344-7577-4089-bba2-6a0cb259b9ed", "state": "480", "customerId": null, "localAmount": 102, "localCurrency": "USD"}, {"chainId": "12941522492899613792", "amount": 116, "createdAt": "2018-11-20T21:35:08+00:00", "shoeSize": "6.5Y", "productId": null, "skuUuid": "a28c8390-2e2c-44bf-8db1-d21287cdf39b", "state": "480", "customerId": null, "localAmount": 116, "localCurrency": "USD"}, {"chainId": "12939210331103463331", "amount": 175, "createdAt": "2018-11-17T17:01:17+00:00", "shoeSize": "4Y", "productId": null, "skuUuid": "72386f31-7be8-490a-bfdf-006ab7e92ce1", "state": "480", "customerId": null, "localAmount": 175, "localCurrency": "USD"}, {"chainId": "12937221626771676262", "amount": 116, "createdAt": "2018-11-14T23:10:04+00:00", "shoeSize": "6.5Y", "productId": null, "skuUuid": "a28c8390-2e2c-44bf-8db1-d21287cdf39b", "state": "480", "customerId": null, "localAmount": 116, "localCurrency": "USD"}, {"chainId": "12937197674834481526", "amount": 170, "createdAt": "2018-11-14T22:22:31+00:00", "shoeSize": "5Y", "productId": null, "skuUuid": "8cacef3a-c55d-4c03-a68b-a75c4df28857", "state": "480", "customerId": null, "localAmount": 170, "localCurrency": "USD"}, {"chainId": "12935646875846387277", "amount": 120, "createdAt": "2018-11-13T18:28:33+00:00", "shoeSize": "6.5Y", "productId": null, "skuUuid": "a28c8390-2e2c-44bf-8db1-d21287cdf39b", "state": "480", "customerId": null, "localAmount": 120, "localCurrency": "USD"}, {"chainId": "12935647150495897618", "amount": 125, "createdAt": "2018-11-13T17:39:44+00:00", "shoeSize": "6Y", "productId": null, "skuUuid": "9593ded1-8b6c-47d0-81e3-9e6b5a7d964b", "state": "480", "customerId": null, "localAmount": 125, "localCurrency": "USD"}, {"chainId": "12935686187532765320", "amount": 166, "createdAt": "2018-11-12T20:19:26+00:00", "shoeSize": "4.5Y", "productId": null, "skuUuid": "dc573523-5f5a-413f-94ba-88092488d385", "state": "480", "customerId": null, "localAmount": 166, "localCurrency": "USD"}, {"chainId": "12935685695136662116", "amount": 173, "createdAt": "2018-11-12T20:18:29+00:00", "shoeSize": "5Y", "productId": null, "skuUuid": "8cacef3a-c55d-4c03-a68b-a75c4df28857", "state": "480", "customerId": null, "localAmount": 173, "localCurrency": "USD"}, {"chainId": "12935673309788208328", "amount": 146, "createdAt": "2018-11-12T19:53:50+00:00", "shoeSize": "5.5Y", "productId": null, "skuUuid": "159e4973-e423-49d2-985b-c0cb7e461045", "state": "480", "customerId": null, "localAmount": 146, "localCurrency": "USD"}, {"chainId": "12924091224013330327", "amount": 117, "createdAt": "2018-11-12T18:59:26+00:00", "shoeSize": "6.5Y", "productId": null, "skuUuid": "a28c8390-2e2c-44bf-8db1-d21287cdf39b", "state": "480", "customerId": null, "localAmount": 117, "localCurrency": "USD"}, {"chainId": "12933435318778832041", "amount": 115, "createdAt": "2018-11-12T18:58:20+00:00", "shoeSize": "6Y", "productId": null, "skuUuid": "9593ded1-8b6c-47d0-81e3-9e6b5a7d964b", "state": "480", "customerId": null, "localAmount": 115, "localCurrency": "USD"}, {"chainId": "12930518089486872391", "amount": 146, "createdAt": "2018-11-10T22:09:44+00:00", "shoeSize": "5.5Y", "productId": null, "skuUuid": "159e4973-e423-49d2-985b-c0cb7e461045", "state": "480", "customerId": null, "localAmount": 146, "localCurrency": "USD"}, {"chainId": "12933524216167589445", "amount": 125, "createdAt": "2018-11-09T20:43:57+00:00", "shoeSize": "6Y", "productId": null, "skuUuid": "9593ded1-8b6c-47d0-81e3-9e6b5a7d964b", "state": "480", "customerId": null, "localAmount": 125, "localCurrency": "USD"}, {"chainId": "12932872405469459689", "amount": 126, "createdAt": "2018-11-09T17:45:06+00:00", "shoeSize": "6Y", "productId": null, "skuUuid": "9593ded1-8b6c-47d0-81e3-9e6b5a7d964b", "state": "480", "customerId": null, "localAmount": 126, "localCurrency": "USD"}, {"chainId": "12933049590969409584", "amount": 106, "createdAt": "2018-11-09T05:00:59+00:00", "shoeSize": "7Y", "productId": null, "skuUuid": "1c4cd344-7577-4089-bba2-6a0cb259b9ed", "state": "480", "customerId": null, "localAmount": 106, "localCurrency": "USD"}, {"chainId": "12932871964127340086", "amount": 131, "createdAt": "2018-11-08T23:08:02+00:00", "shoeSize": "6Y", "productId": null, "skuUuid": "9593ded1-8b6c-47d0-81e3-9e6b5a7d964b", "state": "480", "customerId": null, "localAmount": 131, "localCurrency": "USD"}, {"chainId": "12927066624206149233", "amount": 160, "createdAt": "2018-11-05T02:51:19+00:00", "shoeSize": "5.5Y", "productId": null, "skuUuid": "159e4973-e423-49d2-985b-c0cb7e461045", "state": "480", "customerId": null, "localAmount": 160, "localCurrency": "USD"}, {"chainId": "12926373822755038960", "amount": 130, "createdAt": "2018-11-03T04:09:58+00:00", "shoeSize": "6Y", "productId": null, "skuUuid": "9593ded1-8b6c-47d0-81e3-9e6b5a7d964b", "state": "480", "customerId": null, "localAmount": 130, "localCurrency": "USD"}, {"chainId": "12928031188165000119", "amount": 164, "createdAt": "2018-11-02T06:50:24+00:00", "shoeSize": "5Y", "productId": null, "skuUuid": "8cacef3a-c55d-4c03-a68b-a75c4df28857", "state": "480", "customerId": null, "localAmount": 164, "localCurrency": "USD"}, {"chainId": "12927832226858344790", "amount": 163, "createdAt": "2018-11-02T00:15:02+00:00", "shoeSize": "4Y", "productId": null, "skuUuid": "72386f31-7be8-490a-bfdf-006ab7e92ce1", "state": "480", "customerId": null, "localAmount": 163, "localCurrency": "USD"}, {"chainId": "12927062860517900241", "amount": 154, "createdAt": "2018-10-31T22:49:10+00:00", "shoeSize": "5.5Y", "productId": null, "skuUuid": "159e4973-e423-49d2-985b-c0cb7e461045", "state": "480", "customerId": null, "localAmount": 154, "localCurrency": "USD"}, {"chainId": "12917524920314665269", "amount": 153, "createdAt": "2018-10-31T17:46:30+00:00", "shoeSize": "4Y", "productId": null, "skuUuid": "72386f31-7be8-490a-bfdf-006ab7e92ce1", "state": "480", "customerId": null, "localAmount": 153, "localCurrency": "USD"}, {"chainId": "12886575416211500206", "amount": 125, "createdAt": "2018-10-31T03:42:07+00:00", "shoeSize": "7Y", "productId": null, "skuUuid": "1c4cd344-7577-4089-bba2-6a0cb259b9ed", "state": "480", "customerId": null, "localAmount": 125, "localCurrency": "USD"}, {"chainId": "12923458468775131012", "amount": 160, "createdAt": "2018-10-31T03:14:42+00:00", "shoeSize": "5.5Y", "productId": null, "skuUuid": "159e4973-e423-49d2-985b-c0cb7e461045", "state": "480", "customerId": null, "localAmount": 160, "localCurrency": "USD"}, {"chainId": "12923455062631441986", "amount": 168, "createdAt": "2018-10-31T03:11:08+00:00", "shoeSize": "4.5Y", "productId": null, "skuUuid": "dc573523-5f5a-413f-94ba-88092488d385", "state": "480", "customerId": null, "localAmount": 168, "localCurrency": "USD"}, {"chainId": "12926438404879328388", "amount": 152, "createdAt": "2018-10-31T02:05:44+00:00", "shoeSize": "4.5Y", "productId": null, "skuUuid": "dc573523-5f5a-413f-94ba-88092488d385", "state": "480", "customerId": null, "localAmount": 152, "localCurrency": "USD"}, {"chainId": "12926373309322762329", "amount": 124, "createdAt": "2018-10-30T23:56:22+00:00", "shoeSize": "6Y", "productId": null, "skuUuid": "9593ded1-8b6c-47d0-81e3-9e6b5a7d964b", "state": "480", "customerId": null, "localAmount": 124, "localCurrency": "USD"}, {"chainId": "12926373070179504273", "amount": 126, "createdAt": "2018-10-30T23:55:54+00:00", "shoeSize": "6.5Y", "productId": null, "skuUuid": "a28c8390-2e2c-44bf-8db1-d21287cdf39b", "state": "480", "customerId": null, "localAmount": 126, "localCurrency": "USD"}, {"chainId": "12924712000896228576", "amount": 113, "createdAt": "2018-10-28T16:55:38+00:00", "shoeSize": "7Y", "productId": null, "skuUuid": "1c4cd344-7577-4089-bba2-6a0cb259b9ed", "state": "480", "customerId": null, "localAmount": 113, "localCurrency": "USD"}, {"chainId": "12923454695282875194", "amount": 149, "createdAt": "2018-10-26T23:29:15+00:00", "shoeSize": "4Y", "productId": null, "skuUuid": "72386f31-7be8-490a-bfdf-006ab7e92ce1", "state": "480", "customerId": null, "localAmount": 149, "localCurrency": "USD"}, {"chainId": "12923458902761198156", "amount": 145, "createdAt": "2018-10-26T23:25:57+00:00", "shoeSize": "5.5Y", "productId": null, "skuUuid": "159e4973-e423-49d2-985b-c0cb7e461045", "state": "480", "customerId": null, "localAmount": 145, "localCurrency": "USD"}, {"chainId": "12923457548275627585", "amount": 167, "createdAt": "2018-10-26T23:23:16+00:00", "shoeSize": "4.5Y", "productId": null, "skuUuid": "dc573523-5f5a-413f-94ba-88092488d385", "state": "480", "customerId": null, "localAmount": 167, "localCurrency": "USD"}, {"chainId": "12923456885304656856", "amount": 167, "createdAt": "2018-10-26T23:21:57+00:00", "shoeSize": "5Y", "productId": null, "skuUuid": "8cacef3a-c55d-4c03-a68b-a75c4df28857", "state": "480", "customerId": null, "localAmount": 167, "localCurrency": "USD"}, {"chainId": "12923456268133989513", "amount": 168, "createdAt": "2018-10-26T23:20:47+00:00", "shoeSize": "5Y", "productId": null, "skuUuid": "8cacef3a-c55d-4c03-a68b-a75c4df28857", "state": "480", "customerId": null, "localAmount": 168, "localCurrency": "USD"}, {"chainId": "12923279463119056727", "amount": 115, "createdAt": "2018-10-26T17:29:26+00:00", "shoeSize": "7Y", "productId": null, "skuUuid": "1c4cd344-7577-4089-bba2-6a0cb259b9ed", "state": "480", "customerId": null, "localAmount": 115, "localCurrency": "USD"}, {"chainId": "12923259618758128917", "amount": 119, "createdAt": "2018-10-26T16:50:03+00:00", "shoeSize": "6Y", "productId": null, "skuUuid": "9593ded1-8b6c-47d0-81e3-9e6b5a7d964b", "state": "480", "customerId": null, "localAmount": 119, "localCurrency": "USD"}, {"chainId": "12919047193513729823", "amount": 117, "createdAt": "2018-10-26T16:49:47+00:00", "shoeSize": "7Y", "productId": null, "skuUuid": "1c4cd344-7577-4089-bba2-6a0cb259b9ed", "state": "480", "customerId": null, "localAmount": 117, "localCurrency": "USD"}, {"chainId": "12922126616638843979", "amount": 169, "createdAt": "2018-10-25T03:19:00+00:00", "shoeSize": "4.5Y", "productId": null, "skuUuid": "dc573523-5f5a-413f-94ba-88092488d385", "state": "480", "customerId": null, "localAmount": 169, "localCurrency": "USD"}, {"chainId": "12921966508809851201", "amount": 116, "createdAt": "2018-10-24T22:01:15+00:00", "shoeSize": "6Y", "productId": null, "skuUuid": "9593ded1-8b6c-47d0-81e3-9e6b5a7d964b", "state": "480", "customerId": null, "localAmount": 116, "localCurrency": "USD"}, {"chainId": "12919047036928719628", "amount": 120, "createdAt": "2018-10-24T21:59:07+00:00", "shoeSize": "6Y", "productId": null, "skuUuid": "9593ded1-8b6c-47d0-81e3-9e6b5a7d964b", "state": "480", "customerId": null, "localAmount": 120, "localCurrency": "USD"}, {"chainId": "12918541513546352800", "amount": 174, "createdAt": "2018-10-24T18:54:19+00:00", "shoeSize": "5Y", "productId": null, "skuUuid": "8cacef3a-c55d-4c03-a68b-a75c4df28857", "state": "480", "customerId": null, "localAmount": 174, "localCurrency": "USD"}, {"chainId": "12916771270615421288", "amount": 168, "createdAt": "2018-10-24T17:13:38+00:00", "shoeSize": "5Y", "productId": null, "skuUuid": "8cacef3a-c55d-4c03-a68b-a75c4df28857", "state": "480", "customerId": null, "localAmount": 168, "localCurrency": "USD"}, {"chainId": "12918840645465957223", "amount": 127, "createdAt": "2018-10-20T14:30:16+00:00", "shoeSize": "6.5Y", "productId": null, "skuUuid": "a28c8390-2e2c-44bf-8db1-d21287cdf39b", "state": "480", "customerId": null, "localAmount": 127, "localCurrency": "USD"}, {"chainId": "12918836467078866804", "amount": 161, "createdAt": "2018-10-20T14:22:00+00:00", "shoeSize": "5.5Y", "productId": null, "skuUuid": "159e4973-e423-49d2-985b-c0cb7e461045", "state": "480", "customerId": null, "localAmount": 161, "localCurrency": "USD"}, {"chainId": "12918836358223939901", "amount": 163, "createdAt": "2018-10-20T14:21:45+00:00", "shoeSize": "5.5Y", "productId": null, "skuUuid": "159e4973-e423-49d2-985b-c0cb7e461045", "state": "480", "customerId": null, "localAmount": 163, "localCurrency": "USD"}, {"chainId": "12906721908369781529", "amount": 167, "createdAt": "2018-10-18T21:49:10+00:00", "shoeSize": "5.5Y", "productId": null, "skuUuid": "159e4973-e423-49d2-985b-c0cb7e461045", "state": "480", "customerId": null, "localAmount": 167, "localCurrency": "USD"}, {"chainId": "12903237217768804536", "amount": 175, "createdAt": "2018-10-14T03:34:41+00:00", "shoeSize": "5Y", "productId": null, "skuUuid": "8cacef3a-c55d-4c03-a68b-a75c4df28857", "state": "480", "customerId": null, "localAmount": 175, "localCurrency": "USD"}, {"chainId": "12913041186125277288", "amount": 150, "createdAt": "2018-10-12T14:27:54+00:00", "shoeSize": "4Y", "productId": null, "skuUuid": "72386f31-7be8-490a-bfdf-006ab7e92ce1", "state": "480", "customerId": null, "localAmount": 150, "localCurrency": "USD"}, {"chainId": "12912665563237310209", "amount": 169, "createdAt": "2018-10-12T02:01:48+00:00", "shoeSize": "5Y", "productId": null, "skuUuid": "8cacef3a-c55d-4c03-a68b-a75c4df28857", "state": "480", "customerId": null, "localAmount": 169, "localCurrency": "USD"}, {"chainId": "12912665341479758680", "amount": 162, "createdAt": "2018-10-12T02:01:08+00:00", "shoeSize": "4Y", "productId": null, "skuUuid": "72386f31-7be8-490a-bfdf-006ab7e92ce1", "state": "480", "customerId": null, "localAmount": 162, "localCurrency": "USD"}, {"chainId": "12912665187392482092", "amount": 163, "createdAt": "2018-10-12T02:00:46+00:00", "shoeSize": "4Y", "productId": null, "skuUuid": "72386f31-7be8-490a-bfdf-006ab7e92ce1", "state": "480", "customerId": null, "localAmount": 163, "localCurrency": "USD"}, {"chainId": "12911855337415888153", "amount": 160, "createdAt": "2018-10-11T01:52:22+00:00", "shoeSize": "4Y", "productId": null, "skuUuid": "72386f31-7be8-490a-bfdf-006ab7e92ce1", "state": "480", "customerId": null, "localAmount": 160, "localCurrency": "USD"}, {"chainId": "12911855781180488118", "amount": 165, "createdAt": "2018-10-10T23:12:38+00:00", "shoeSize": "5Y", "productId": null, "skuUuid": "8cacef3a-c55d-4c03-a68b-a75c4df28857", "state": "480", "customerId": null, "localAmount": 165, "localCurrency": "USD"}, {"chainId": "12911855662284996848", "amount": 177, "createdAt": "2018-10-10T23:12:23+00:00", "shoeSize": "5Y", "productId": null, "skuUuid": "8cacef3a-c55d-4c03-a68b-a75c4df28857", "state": "480", "customerId": null, "localAmount": 177, "localCurrency": "USD"}, {"chainId": "12911855536214193104", "amount": 178, "createdAt": "2018-10-10T23:12:08+00:00", "shoeSize": "5Y", "productId": null, "skuUuid": "8cacef3a-c55d-4c03-a68b-a75c4df28857", "state": "480", "customerId": null, "localAmount": 178, "localCurrency": "USD"}, {"chainId": "12911789491747746544", "amount": 126, "createdAt": "2018-10-10T21:00:55+00:00", "shoeSize": "6.5Y", "productId": null, "skuUuid": "a28c8390-2e2c-44bf-8db1-d21287cdf39b", "state": "480", "customerId": null, "localAmount": 126, "localCurrency": "USD"}, {"chainId": "12911789335068325584", "amount": 131, "createdAt": "2018-10-10T21:00:37+00:00", "shoeSize": "6Y", "productId": null, "skuUuid": "9593ded1-8b6c-47d0-81e3-9e6b5a7d964b", "state": "480", "customerId": null, "localAmount": 131, "localCurrency": "USD"}, {"chainId": "12911789190719830077", "amount": 174, "createdAt": "2018-10-10T21:00:20+00:00", "shoeSize": "4Y", "productId": null, "skuUuid": "72386f31-7be8-490a-bfdf-006ab7e92ce1", "state": "480", "customerId": null, "localAmount": 174, "localCurrency": "USD"}, {"chainId": "12911333002455090603", "amount": 126, "createdAt": "2018-10-10T05:53:58+00:00", "shoeSize": "6.5Y", "productId": null, "skuUuid": "a28c8390-2e2c-44bf-8db1-d21287cdf39b", "state": "480", "customerId": null, "localAmount": 126, "localCurrency": "USD"}, {"chainId": "12904654466018976536", "amount": 127, "createdAt": "2018-10-09T01:14:41+00:00", "shoeSize": "7Y", "productId": null, "skuUuid": "1c4cd344-7577-4089-bba2-6a0cb259b9ed", "state": "480", "customerId": null, "localAmount": 127, "localCurrency": "USD"}, {"chainId": "12888668473008711040", "amount": 129, "createdAt": "2018-10-06T19:26:27+00:00", "shoeSize": "7Y", "productId": null, "skuUuid": "1c4cd344-7577-4089-bba2-6a0cb259b9ed", "state": "480", "customerId": null, "localAmount": 129, "localCurrency": "USD"}, {"chainId": "12908814528367933673", "amount": 176, "createdAt": "2018-10-06T18:30:12+00:00", "shoeSize": "4.5Y", "productId": null, "skuUuid": "dc573523-5f5a-413f-94ba-88092488d385", "state": "480", "customerId": null, "localAmount": 176, "localCurrency": "USD"}, {"chainId": "12907530882710390296", "amount": 159, "createdAt": "2018-10-04T23:59:51+00:00", "shoeSize": "5.5Y", "productId": null, "skuUuid": "159e4973-e423-49d2-985b-c0cb7e461045", "state": "480", "customerId": null, "localAmount": 159, "localCurrency": "USD"}, {"chainId": "12907395462318484437", "amount": 130, "createdAt": "2018-10-04T19:30:44+00:00", "shoeSize": "7Y", "productId": null, "skuUuid": "1c4cd344-7577-4089-bba2-6a0cb259b9ed", "state": "480", "customerId": null, "localAmount": 130, "localCurrency": "USD"}, {"chainId": "12742434663600187346", "amount": 174, "createdAt": "2018-10-04T00:07:32+00:00", "shoeSize": "4Y", "productId": null, "skuUuid": "72386f31-7be8-490a-bfdf-006ab7e92ce1", "state": "480", "customerId": null, "localAmount": 174, "localCurrency": "USD"}, {"chainId": "12906213692623007510", "amount": 178, "createdAt": "2018-10-03T04:22:48+00:00", "shoeSize": "5Y", "productId": null, "skuUuid": "8cacef3a-c55d-4c03-a68b-a75c4df28857", "state": "480", "customerId": null, "localAmount": 178, "localCurrency": "USD"}, {"chainId": "12906213419312190955", "amount": 179, "createdAt": "2018-10-03T04:22:19+00:00", "shoeSize": "5Y", "productId": null, "skuUuid": "8cacef3a-c55d-4c03-a68b-a75c4df28857", "state": "480", "customerId": null, "localAmount": 179, "localCurrency": "USD"}, {"chainId": "12906212352119912865", "amount": 174, "createdAt": "2018-10-03T04:20:11+00:00", "shoeSize": "4Y", "productId": null, "skuUuid": "72386f31-7be8-490a-bfdf-006ab7e92ce1", "state": "480", "customerId": null, "localAmount": 174, "localCurrency": "USD"}, {"chainId": "12901764319680213355", "amount": 190, "createdAt": "2018-10-03T01:25:35+00:00", "shoeSize": "4.5Y", "productId": null, "skuUuid": "dc573523-5f5a-413f-94ba-88092488d385", "state": "480", "customerId": null, "localAmount": 190, "localCurrency": "USD"}, {"chainId": "12905945905934317165", "amount": 179, "createdAt": "2018-10-02T19:30:50+00:00", "shoeSize": "4.5Y", "productId": null, "skuUuid": "dc573523-5f5a-413f-94ba-88092488d385", "state": "480", "customerId": null, "localAmount": 179, "localCurrency": "USD"}, {"chainId": "12905297146175258795", "amount": 179, "createdAt": "2018-10-01T22:05:00+00:00", "shoeSize": "5Y", "productId": null, "skuUuid": "8cacef3a-c55d-4c03-a68b-a75c4df28857", "state": "480", "customerId": null, "localAmount": 179, "localCurrency": "USD"}, {"chainId": "12905297021991234743", "amount": 179, "createdAt": "2018-10-01T22:01:32+00:00", "shoeSize": "4.5Y", "productId": null, "skuUuid": "dc573523-5f5a-413f-94ba-88092488d385", "state": "480", "customerId": null, "localAmount": 179, "localCurrency": "USD"}, {"chainId": "12904688771538748027", "amount": 187, "createdAt": "2018-10-01T01:53:03+00:00", "shoeSize": "5Y", "productId": null, "skuUuid": "8cacef3a-c55d-4c03-a68b-a75c4df28857", "state": "480", "customerId": null, "localAmount": 187, "localCurrency": "USD"}, {"chainId": "12903773254043696552", "amount": 185, "createdAt": "2018-10-01T00:15:10+00:00", "shoeSize": "4.5Y", "productId": null, "skuUuid": "dc573523-5f5a-413f-94ba-88092488d385", "state": "480", "customerId": null, "localAmount": 185, "localCurrency": "USD"}, {"chainId": "12903859177030512050", "amount": 151, "createdAt": "2018-09-29T23:32:36+00:00", "shoeSize": "5.5Y", "productId": null, "skuUuid": "159e4973-e423-49d2-985b-c0cb7e461045", "state": "480", "customerId": null, "localAmount": 151, "localCurrency": "USD"}, {"chainId": "12902358495735405937", "amount": 157, "createdAt": "2018-09-29T21:13:55+00:00", "shoeSize": "5.5Y", "productId": null, "skuUuid": "159e4973-e423-49d2-985b-c0cb7e461045", "state": "480", "customerId": null, "localAmount": 157, "localCurrency": "USD"}, {"chainId": "12903771411622819377", "amount": 183, "createdAt": "2018-09-29T19:30:24+00:00", "shoeSize": "4Y", "productId": null, "skuUuid": "72386f31-7be8-490a-bfdf-006ab7e92ce1", "state": "480", "customerId": null, "localAmount": 183, "localCurrency": "USD"}, {"chainId": "12903762824042126382", "amount": 180, "createdAt": "2018-09-29T19:13:22+00:00", "shoeSize": "4.5Y", "productId": null, "skuUuid": "dc573523-5f5a-413f-94ba-88092488d385", "state": "480", "customerId": null, "localAmount": 180, "localCurrency": "USD"}, {"chainId": "12903762105049861474", "amount": 184, "createdAt": "2018-09-29T19:11:56+00:00", "shoeSize": "4Y", "productId": null, "skuUuid": "72386f31-7be8-490a-bfdf-006ab7e92ce1", "state": "480", "customerId": null, "localAmount": 184, "localCurrency": "USD"}, {"chainId": "12903761384812733276", "amount": 161, "createdAt": "2018-09-29T19:10:30+00:00", "shoeSize": "5.5Y", "productId": null, "skuUuid": "159e4973-e423-49d2-985b-c0cb7e461045", "state": "480", "customerId": null, "localAmount": 161, "localCurrency": "USD"}, {"chainId": "12903117351028083647", "amount": 161, "createdAt": "2018-09-28T21:50:55+00:00", "shoeSize": "5.5Y", "productId": null, "skuUuid": "159e4973-e423-49d2-985b-c0cb7e461045", "state": "480", "customerId": null, "localAmount": 161, "localCurrency": "USD"}, {"chainId": "12903117208820519227", "amount": 185, "createdAt": "2018-09-28T21:50:39+00:00", "shoeSize": "5Y", "productId": null, "skuUuid": "8cacef3a-c55d-4c03-a68b-a75c4df28857", "state": "480", "customerId": null, "localAmount": 185, "localCurrency": "USD"}, {"chainId": "12901727634606173219", "amount": 161, "createdAt": "2018-09-27T20:38:48+00:00", "shoeSize": "5.5Y", "productId": null, "skuUuid": "159e4973-e423-49d2-985b-c0cb7e461045", "state": "480", "customerId": null, "localAmount": 161, "localCurrency": "USD"}, {"chainId": "12901734266945598816", "amount": 185, "createdAt": "2018-09-27T00:02:59+00:00", "shoeSize": "5Y", "productId": null, "skuUuid": "8cacef3a-c55d-4c03-a68b-a75c4df28857", "state": "480", "customerId": null, "localAmount": 185, "localCurrency": "USD"}, {"chainId": "12901515939537357768", "amount": 127, "createdAt": "2018-09-26T16:49:11+00:00", "shoeSize": "6.5Y", "productId": null, "skuUuid": "a28c8390-2e2c-44bf-8db1-d21287cdf39b", "state": "480", "customerId": null, "localAmount": 127, "localCurrency": "USD"}, {"chainId": "12901410277880997706", "amount": 128, "createdAt": "2018-09-26T13:19:15+00:00", "shoeSize": "6Y", "productId": null, "skuUuid": "9593ded1-8b6c-47d0-81e3-9e6b5a7d964b", "state": "480", "customerId": null, "localAmount": 128, "localCurrency": "USD"}, {"chainId": "12800853483490071663", "amount": 150, "createdAt": "2018-09-26T05:52:26+00:00", "shoeSize": "6.5Y", "productId": null, "skuUuid": "a28c8390-2e2c-44bf-8db1-d21287cdf39b", "state": "480", "customerId": null, "localAmount": 150, "localCurrency": "USD"}, {"chainId": "12716156932206242620", "amount": 139, "createdAt": "2018-09-26T05:51:29+00:00", "shoeSize": "6.5Y", "productId": null, "skuUuid": "a28c8390-2e2c-44bf-8db1-d21287cdf39b", "state": "480", "customerId": null, "localAmount": 139, "localCurrency": "USD"}, {"chainId": "12900161827740043419", "amount": 184, "createdAt": "2018-09-24T19:58:55+00:00", "shoeSize": "4Y", "productId": null, "skuUuid": "72386f31-7be8-490a-bfdf-006ab7e92ce1", "state": "480", "customerId": null, "localAmount": 184, "localCurrency": "USD"}, {"chainId": "12892998140326489976", "amount": 184, "createdAt": "2018-09-22T14:58:13+00:00", "shoeSize": "4Y", "productId": null, "skuUuid": "72386f31-7be8-490a-bfdf-006ab7e92ce1", "state": "480", "customerId": null, "localAmount": 184, "localCurrency": "USD"}, {"chainId": "12897957722740443682", "amount": 128, "createdAt": "2018-09-21T18:59:40+00:00", "shoeSize": "6.5Y", "productId": null, "skuUuid": "a28c8390-2e2c-44bf-8db1-d21287cdf39b", "state": "480", "customerId": null, "localAmount": 128, "localCurrency": "USD"}, {"chainId": "12892123436541457547", "amount": 130, "createdAt": "2018-09-20T05:59:49+00:00", "shoeSize": "6Y", "productId": null, "skuUuid": "9593ded1-8b6c-47d0-81e3-9e6b5a7d964b", "state": "480", "customerId": null, "localAmount": 130, "localCurrency": "USD"}, {"chainId": "12893775177922918470", "amount": 128, "createdAt": "2018-09-20T05:59:20+00:00", "shoeSize": "6Y", "productId": null, "skuUuid": "9593ded1-8b6c-47d0-81e3-9e6b5a7d964b", "state": "480", "customerId": null, "localAmount": 128, "localCurrency": "USD"}, {"chainId": "12895800806174422635", "amount": 189, "createdAt": "2018-09-20T05:58:50+00:00", "shoeSize": "5Y", "productId": null, "skuUuid": "8cacef3a-c55d-4c03-a68b-a75c4df28857", "state": "480", "customerId": null, "localAmount": 189, "localCurrency": "USD"}, {"chainId": "12896489003471958920", "amount": 161, "createdAt": "2018-09-19T18:27:00+00:00", "shoeSize": "5.5Y", "productId": null, "skuUuid": "159e4973-e423-49d2-985b-c0cb7e461045", "state": "480", "customerId": null, "localAmount": 161, "localCurrency": "USD"}, {"chainId": "12896488168137534710", "amount": 180, "createdAt": "2018-09-19T18:19:55+00:00", "shoeSize": "4.5Y", "productId": null, "skuUuid": "dc573523-5f5a-413f-94ba-88092488d385", "state": "480", "customerId": null, "localAmount": 180, "localCurrency": "USD"}, {"chainId": "12896487132066455993", "amount": 190, "createdAt": "2018-09-19T18:17:52+00:00", "shoeSize": "4Y", "productId": null, "skuUuid": "72386f31-7be8-490a-bfdf-006ab7e92ce1", "state": "480", "customerId": null, "localAmount": 190, "localCurrency": "USD"}, {"chainId": "12395298732329020662", "amount": 130, "createdAt": "2018-09-19T17:44:08+00:00", "shoeSize": "7Y", "productId": null, "skuUuid": "1c4cd344-7577-4089-bba2-6a0cb259b9ed", "state": "480", "customerId": null, "localAmount": 130, "localCurrency": "USD"}, {"chainId": "12886276039800397612", "amount": 185, "createdAt": "2018-09-18T01:43:14+00:00", "shoeSize": "5Y", "productId": null, "skuUuid": "8cacef3a-c55d-4c03-a68b-a75c4df28857", "state": "480", "customerId": null, "localAmount": 185, "localCurrency": "USD"}, {"chainId": "12889953954270599386", "amount": 130, "createdAt": "2018-09-17T23:38:09+00:00", "shoeSize": "7Y", "productId": null, "skuUuid": "1c4cd344-7577-4089-bba2-6a0cb259b9ed", "state": "480", "customerId": null, "localAmount": 130, "localCurrency": "USD"}, {"chainId": "12895170797978675166", "amount": 161, "createdAt": "2018-09-17T22:42:36+00:00", "shoeSize": "5.5Y", "productId": null, "skuUuid": "159e4973-e423-49d2-985b-c0cb7e461045", "state": "480", "customerId": null, "localAmount": 161, "localCurrency": "USD"}, {"chainId": "12895126911803979304", "amount": 162, "createdAt": "2018-09-17T21:15:25+00:00", "shoeSize": "5.5Y", "productId": null, "skuUuid": "159e4973-e423-49d2-985b-c0cb7e461045", "state": "480", "customerId": null, "localAmount": 162, "localCurrency": "USD"}, {"chainId": "12842899701715234291", "amount": 125, "createdAt": "2018-09-17T17:31:05+00:00", "shoeSize": "6.5Y", "productId": null, "skuUuid": "a28c8390-2e2c-44bf-8db1-d21287cdf39b", "state": "480", "customerId": null, "localAmount": 125, "localCurrency": "USD"}, {"chainId": "12842899813536696940", "amount": 124, "createdAt": "2018-09-16T04:24:20+00:00", "shoeSize": "6.5Y", "productId": null, "skuUuid": "a28c8390-2e2c-44bf-8db1-d21287cdf39b", "state": "480", "customerId": null, "localAmount": 124, "localCurrency": "USD"}, {"chainId": "12892779750782148357", "amount": 120, "createdAt": "2018-09-16T00:07:07+00:00", "shoeSize": "6.5Y", "productId": null, "skuUuid": "a28c8390-2e2c-44bf-8db1-d21287cdf39b", "state": "480", "customerId": null, "localAmount": 120, "localCurrency": "USD"}, {"chainId": "12891368861993046403", "amount": 128, "createdAt": "2018-09-15T01:39:25+00:00", "shoeSize": "6Y", "productId": null, "skuUuid": "9593ded1-8b6c-47d0-81e3-9e6b5a7d964b", "state": "480", "customerId": null, "localAmount": 128, "localCurrency": "USD"}, {"chainId": "12893006418329064574", "amount": 173, "createdAt": "2018-09-14T23:02:18+00:00", "shoeSize": "5Y", "productId": null, "skuUuid": "8cacef3a-c55d-4c03-a68b-a75c4df28857", "state": "480", "customerId": null, "localAmount": 173, "localCurrency": "USD"}, {"chainId": "12742150246128685531", "amount": 119, "createdAt": "2018-09-14T15:31:42+00:00", "shoeSize": "6.5Y", "productId": null, "skuUuid": "a28c8390-2e2c-44bf-8db1-d21287cdf39b", "state": "480", "customerId": null, "localAmount": 119, "localCurrency": "USD"}, {"chainId": "12889585761032662505", "amount": 125, "createdAt": "2018-09-13T17:47:17+00:00", "shoeSize": "6Y", "productId": null, "skuUuid": "9593ded1-8b6c-47d0-81e3-9e6b5a7d964b", "state": "480", "customerId": null, "localAmount": 125, "localCurrency": "USD"}, {"chainId": "12891368253537925146", "amount": 119, "createdAt": "2018-09-13T14:50:47+00:00", "shoeSize": "6.5Y", "productId": null, "skuUuid": "a28c8390-2e2c-44bf-8db1-d21287cdf39b", "state": "480", "customerId": null, "localAmount": 119, "localCurrency": "USD"}, {"chainId": "12891486816589422432", "amount": 121, "createdAt": "2018-09-12T20:43:06+00:00", "shoeSize": "7Y", "productId": null, "skuUuid": "1c4cd344-7577-4089-bba2-6a0cb259b9ed", "state": "480", "customerId": null, "localAmount": 121, "localCurrency": "USD"}, {"chainId": "12891486652192331551", "amount": 165, "createdAt": "2018-09-12T20:42:47+00:00", "shoeSize": "5Y", "productId": null, "skuUuid": "8cacef3a-c55d-4c03-a68b-a75c4df28857", "state": "480", "customerId": null, "localAmount": 165, "localCurrency": "USD"}, {"chainId": "12891486540357739029", "amount": 169, "createdAt": "2018-09-12T20:42:34+00:00", "shoeSize": "5Y", "productId": null, "skuUuid": "8cacef3a-c55d-4c03-a68b-a75c4df28857", "state": "480", "customerId": null, "localAmount": 169, "localCurrency": "USD"}, {"chainId": "12891486411487290510", "amount": 170, "createdAt": "2018-09-12T20:42:19+00:00", "shoeSize": "5Y", "productId": null, "skuUuid": "8cacef3a-c55d-4c03-a68b-a75c4df28857", "state": "480", "customerId": null, "localAmount": 170, "localCurrency": "USD"}, {"chainId": "12891486292279120577", "amount": 171, "createdAt": "2018-09-12T20:42:05+00:00", "shoeSize": "4Y", "productId": null, "skuUuid": "72386f31-7be8-490a-bfdf-006ab7e92ce1", "state": "480", "customerId": null, "localAmount": 171, "localCurrency": "USD"}, {"chainId": "12891368505891066574", "amount": 165, "createdAt": "2018-09-12T16:48:07+00:00", "shoeSize": "4.5Y", "productId": null, "skuUuid": "dc573523-5f5a-413f-94ba-88092488d385", "state": "480", "customerId": null, "localAmount": 165, "localCurrency": "USD"}, {"chainId": "12887052765214196048", "amount": 119, "createdAt": "2018-09-12T05:21:20+00:00", "shoeSize": "6.5Y", "productId": null, "skuUuid": "a28c8390-2e2c-44bf-8db1-d21287cdf39b", "state": "480", "customerId": null, "localAmount": 119, "localCurrency": "USD"}, {"chainId": "12890914951018919146", "amount": 120, "createdAt": "2018-09-12T01:46:56+00:00", "shoeSize": "7Y", "productId": null, "skuUuid": "1c4cd344-7577-4089-bba2-6a0cb259b9ed", "state": "480", "customerId": null, "localAmount": 120, "localCurrency": "USD"}, {"chainId": "12890723270238357152", "amount": 120, "createdAt": "2018-09-11T19:26:06+00:00", "shoeSize": "7Y", "productId": null, "skuUuid": "1c4cd344-7577-4089-bba2-6a0cb259b9ed", "state": "480", "customerId": null, "localAmount": 120, "localCurrency": "USD"}, {"chainId": "12759180227888902511", "amount": 170, "createdAt": "2018-09-11T01:31:29+00:00", "shoeSize": "5.5Y", "productId": null, "skuUuid": "159e4973-e423-49d2-985b-c0cb7e461045", "state": "480", "customerId": null, "localAmount": 170, "localCurrency": "USD"}, {"chainId": "12734963164598344181", "amount": 120, "createdAt": "2018-09-10T05:40:28+00:00", "shoeSize": "6Y", "productId": null, "skuUuid": "9593ded1-8b6c-47d0-81e3-9e6b5a7d964b", "state": "480", "customerId": null, "localAmount": 120, "localCurrency": "USD"}, {"chainId": "12857407708827291604", "amount": 120, "createdAt": "2018-09-09T23:00:33+00:00", "shoeSize": "6Y", "productId": null, "skuUuid": "9593ded1-8b6c-47d0-81e3-9e6b5a7d964b", "state": "480", "customerId": null, "localAmount": 120, "localCurrency": "USD"}, {"chainId": "12857407963638670917", "amount": 120, "createdAt": "2018-09-09T22:50:56+00:00", "shoeSize": "6Y", "productId": null, "skuUuid": "9593ded1-8b6c-47d0-81e3-9e6b5a7d964b", "state": "480", "customerId": null, "localAmount": 120, "localCurrency": "USD"}, {"chainId": "12857408117143125976", "amount": 120, "createdAt": "2018-09-09T22:39:23+00:00", "shoeSize": "6Y", "productId": null, "skuUuid": "9593ded1-8b6c-47d0-81e3-9e6b5a7d964b", "state": "480", "customerId": null, "localAmount": 120, "localCurrency": "USD"}, {"chainId": "12857408419153743139", "amount": 120, "createdAt": "2018-09-09T22:38:13+00:00", "shoeSize": "6Y", "productId": null, "skuUuid": "9593ded1-8b6c-47d0-81e3-9e6b5a7d964b", "state": "480", "customerId": null, "localAmount": 120, "localCurrency": "USD"}, {"chainId": "12857408270567647875", "amount": 120, "createdAt": "2018-09-09T22:37:51+00:00", "shoeSize": "6Y", "productId": null, "skuUuid": "9593ded1-8b6c-47d0-81e3-9e6b5a7d964b", "state": "480", "customerId": null, "localAmount": 120, "localCurrency": "USD"}, {"chainId": "12842900167259854049", "amount": 120, "createdAt": "2018-09-09T15:12:24+00:00", "shoeSize": "6Y", "productId": null, "skuUuid": "9593ded1-8b6c-47d0-81e3-9e6b5a7d964b", "state": "480", "customerId": null, "localAmount": 120, "localCurrency": "USD"}, {"chainId": "12870645333735578917", "amount": 120, "createdAt": "2018-09-09T15:11:44+00:00", "shoeSize": "6Y", "productId": null, "skuUuid": "9593ded1-8b6c-47d0-81e3-9e6b5a7d964b", "state": "480", "customerId": null, "localAmount": 120, "localCurrency": "USD"}, {"chainId": "12886508939470038076", "amount": 125, "createdAt": "2018-09-06T13:35:35+00:00", "shoeSize": "7Y", "productId": null, "skuUuid": "1c4cd344-7577-4089-bba2-6a0cb259b9ed", "state": "480", "customerId": null, "localAmount": 125, "localCurrency": "USD"}, {"chainId": "12886575560741331824", "amount": 126, "createdAt": "2018-09-06T13:35:10+00:00", "shoeSize": "7Y", "productId": null, "skuUuid": "1c4cd344-7577-4089-bba2-6a0cb259b9ed", "state": "480", "customerId": null, "localAmount": 126, "localCurrency": "USD"}, {"chainId": "12842900055556386933", "amount": 117, "createdAt": "2018-09-06T00:07:25+00:00", "shoeSize": "6Y", "productId": null, "skuUuid": "9593ded1-8b6c-47d0-81e3-9e6b5a7d964b", "state": "480", "customerId": null, "localAmount": 117, "localCurrency": "USD"}, {"chainId": "12876987330751844169", "amount": 115, "createdAt": "2018-09-05T21:15:53+00:00", "shoeSize": "6.5Y", "productId": null, "skuUuid": "a28c8390-2e2c-44bf-8db1-d21287cdf39b", "state": "480", "customerId": null, "localAmount": 115, "localCurrency": "USD"}, {"chainId": "12842899529670791966", "amount": 112, "createdAt": "2018-09-05T21:12:57+00:00", "shoeSize": "6.5Y", "productId": null, "skuUuid": "a28c8390-2e2c-44bf-8db1-d21287cdf39b", "state": "480", "customerId": null, "localAmount": 112, "localCurrency": "USD"}, {"chainId": "12860845915636877303", "amount": 115, "createdAt": "2018-09-05T20:11:08+00:00", "shoeSize": "6.5Y", "productId": null, "skuUuid": "a28c8390-2e2c-44bf-8db1-d21287cdf39b", "state": "480", "customerId": null, "localAmount": 115, "localCurrency": "USD"}, {"chainId": "12876987217309979013", "amount": 119, "createdAt": "2018-09-05T20:08:10+00:00", "shoeSize": "6Y", "productId": null, "skuUuid": "9593ded1-8b6c-47d0-81e3-9e6b5a7d964b", "state": "480", "customerId": null, "localAmount": 119, "localCurrency": "USD"}, {"chainId": "12782717384757981605", "amount": 105, "createdAt": "2018-09-05T19:06:41+00:00", "shoeSize": "6.5Y", "productId": null, "skuUuid": "a28c8390-2e2c-44bf-8db1-d21287cdf39b", "state": "480", "customerId": null, "localAmount": 105, "localCurrency": "USD"}, {"chainId": "12876986689690629334", "amount": 160, "createdAt": "2018-09-05T09:03:21+00:00", "shoeSize": "4Y", "productId": null, "skuUuid": "72386f31-7be8-490a-bfdf-006ab7e92ce1", "state": "480", "customerId": null, "localAmount": 160, "localCurrency": "USD"}, {"chainId": "12876986824735595337", "amount": 165, "createdAt": "2018-09-05T09:02:51+00:00", "shoeSize": "4.5Y", "productId": null, "skuUuid": "dc573523-5f5a-413f-94ba-88092488d385", "state": "480", "customerId": null, "localAmount": 165, "localCurrency": "USD"}, {"chainId": "12876987417633979472", "amount": 131, "createdAt": "2018-09-05T09:01:49+00:00", "shoeSize": "7Y", "productId": null, "skuUuid": "1c4cd344-7577-4089-bba2-6a0cb259b9ed", "state": "480", "customerId": null, "localAmount": 131, "localCurrency": "USD"}, {"chainId": "12876986928944153446", "amount": 175, "createdAt": "2018-09-05T09:00:02+00:00", "shoeSize": "5Y", "productId": null, "skuUuid": "8cacef3a-c55d-4c03-a68b-a75c4df28857", "state": "480", "customerId": null, "localAmount": 175, "localCurrency": "USD"}, {"chainId": "12876987046466030668", "amount": 155, "createdAt": "2018-09-05T08:59:12+00:00", "shoeSize": "5.5Y", "productId": null, "skuUuid": "159e4973-e423-49d2-985b-c0cb7e461045", "state": "480", "customerId": null, "localAmount": 155, "localCurrency": "USD"}, {"chainId": "12842899951859284626", "amount": 102, "createdAt": "2018-09-03T22:37:24+00:00", "shoeSize": "6Y", "productId": null, "skuUuid": "9593ded1-8b6c-47d0-81e3-9e6b5a7d964b", "state": "480", "customerId": null, "localAmount": 102, "localCurrency": "USD"}, {"chainId": "12880012017078992924", "amount": 150, "createdAt": "2018-09-03T07:49:18+00:00", "shoeSize": "5.5Y", "productId": null, "skuUuid": "159e4973-e423-49d2-985b-c0cb7e461045", "state": "480", "customerId": null, "localAmount": 150, "localCurrency": "USD"}, {"chainId": "12882762108186130828", "amount": 160, "createdAt": "2018-08-31T19:48:45+00:00", "shoeSize": "5Y", "productId": null, "skuUuid": "8cacef3a-c55d-4c03-a68b-a75c4df28857", "state": "480", "customerId": null, "localAmount": 160, "localCurrency": "USD"}, {"chainId": "12879528267141881963", "amount": 108, "createdAt": "2018-08-27T08:43:40+00:00", "shoeSize": "7Y", "productId": null, "skuUuid": "1c4cd344-7577-4089-bba2-6a0cb259b9ed", "state": "480", "customerId": null, "localAmount": 108, "localCurrency": "USD"}, {"chainId": "12877753838331389479", "amount": 108, "createdAt": "2018-08-24T21:58:12+00:00", "shoeSize": "7Y", "productId": null, "skuUuid": "1c4cd344-7577-4089-bba2-6a0cb259b9ed", "state": "480", "customerId": null, "localAmount": 108, "localCurrency": "USD"}, {"chainId": "12876986441756288842", "amount": 158, "createdAt": "2018-08-23T20:33:36+00:00", "shoeSize": "5Y", "productId": null, "skuUuid": "8cacef3a-c55d-4c03-a68b-a75c4df28857", "state": "480", "customerId": null, "localAmount": 158, "localCurrency": "USD"}, {"chainId": "12876986159247168959", "amount": 130, "createdAt": "2018-08-23T20:32:59+00:00", "shoeSize": "4Y", "productId": null, "skuUuid": "72386f31-7be8-490a-bfdf-006ab7e92ce1", "state": "480", "customerId": null, "localAmount": 130, "localCurrency": "USD"}, {"chainId": "12876985758385217559", "amount": 140, "createdAt": "2018-08-23T20:32:12+00:00", "shoeSize": "4.5Y", "productId": null, "skuUuid": "dc573523-5f5a-413f-94ba-88092488d385", "state": "480", "customerId": null, "localAmount": 140, "localCurrency": "USD"}, {"chainId": "12859521510914467941", "amount": 95, "createdAt": "2018-08-22T14:34:16+00:00", "shoeSize": "6.5Y", "productId": null, "skuUuid": "a28c8390-2e2c-44bf-8db1-d21287cdf39b", "state": "480", "customerId": null, "localAmount": 95, "localCurrency": "USD"}, {"chainId": "12869946584748581039", "amount": 90, "createdAt": "2018-08-14T05:53:27+00:00", "shoeSize": "6Y", "productId": null, "skuUuid": "9593ded1-8b6c-47d0-81e3-9e6b5a7d964b", "state": "480", "customerId": null, "localAmount": 90, "localCurrency": "USD"}, {"chainId": "12780009784647206812", "amount": 85, "createdAt": "2018-08-14T03:26:11+00:00", "shoeSize": "6Y", "productId": null, "skuUuid": "9593ded1-8b6c-47d0-81e3-9e6b5a7d964b", "state": "480", "customerId": null, "localAmount": 85, "localCurrency": "USD"}, {"chainId": "12851472317709549336", "amount": 111, "createdAt": "2018-08-05T19:37:35+00:00", "shoeSize": "6Y", "productId": null, "skuUuid": "9593ded1-8b6c-47d0-81e3-9e6b5a7d964b", "state": "480", "customerId": null, "localAmount": 111, "localCurrency": "USD"}, {"chainId": "12859712438656177392", "amount": 120, "createdAt": "2018-07-31T00:33:15+00:00", "shoeSize": "4Y", "productId": null, "skuUuid": "72386f31-7be8-490a-bfdf-006ab7e92ce1", "state": "480", "customerId": null, "localAmount": 120, "localCurrency": "USD"}, {"chainId": "12853023479733817747", "amount": 97, "createdAt": "2018-07-21T19:03:19+00:00", "shoeSize": "7Y", "productId": null, "skuUuid": "1c4cd344-7577-4089-bba2-6a0cb259b9ed", "state": "480", "customerId": null, "localAmount": 97, "localCurrency": "USD"}, {"chainId": "12851230682922934212", "amount": 101, "createdAt": "2018-07-19T07:41:21+00:00", "shoeSize": "6.5Y", "productId": null, "skuUuid": "a28c8390-2e2c-44bf-8db1-d21287cdf39b", "state": "480", "customerId": null, "localAmount": 101, "localCurrency": "USD"}, {"chainId": "12675699978622054634", "amount": 145, "createdAt": "2018-07-13T16:27:54+00:00", "shoeSize": "7Y", "productId": null, "skuUuid": "1c4cd344-7577-4089-bba2-6a0cb259b9ed", "state": "480", "customerId": null, "localAmount": 145, "localCurrency": "USD"}, {"chainId": "12835102052756864661", "amount": 131, "createdAt": "2018-07-13T14:42:27+00:00", "shoeSize": "3.5Y", "productId": null, "skuUuid": "2ab0fab3-ad5d-4140-abbe-b38d8cece5cd", "state": "480", "customerId": null, "localAmount": 131, "localCurrency": "USD"}, {"chainId": "12843029377331809131", "amount": 117, "createdAt": "2018-07-09T16:06:38+00:00", "shoeSize": "6Y", "productId": null, "skuUuid": "9593ded1-8b6c-47d0-81e3-9e6b5a7d964b", "state": "480", "customerId": null, "localAmount": 117, "localCurrency": "USD"}, {"chainId": "12843801913726959269", "amount": 129, "createdAt": "2018-07-09T01:41:43+00:00", "shoeSize": "5.5Y", "productId": null, "skuUuid": "159e4973-e423-49d2-985b-c0cb7e461045", "state": "480", "customerId": null, "localAmount": 129, "localCurrency": "USD"}, {"chainId": "12842899224674899202", "amount": 114, "createdAt": "2018-07-07T19:48:16+00:00", "shoeSize": "6Y", "productId": null, "skuUuid": "9593ded1-8b6c-47d0-81e3-9e6b5a7d964b", "state": "480", "customerId": null, "localAmount": 114, "localCurrency": "USD"}, {"chainId": "12842899056178550436", "amount": 115, "createdAt": "2018-07-07T19:47:54+00:00", "shoeSize": "6Y", "productId": null, "skuUuid": "9593ded1-8b6c-47d0-81e3-9e6b5a7d964b", "state": "480", "customerId": null, "localAmount": 115, "localCurrency": "USD"}, {"chainId": "12842774846239258974", "amount": 98, "createdAt": "2018-07-07T15:41:12+00:00", "shoeSize": "7Y", "productId": null, "skuUuid": "1c4cd344-7577-4089-bba2-6a0cb259b9ed", "state": "480", "customerId": null, "localAmount": 98, "localCurrency": "USD"}, {"chainId": "12834986810247832521", "amount": 163, "createdAt": "2018-07-03T21:09:22+00:00", "shoeSize": "4.5Y", "productId": null, "skuUuid": "dc573523-5f5a-413f-94ba-88092488d385", "state": "480", "customerId": null, "localAmount": 163, "localCurrency": "USD"}, {"chainId": "12805972433793282073", "amount": 96, "createdAt": "2018-06-28T16:19:00+00:00", "shoeSize": "7Y", "productId": null, "skuUuid": "1c4cd344-7577-4089-bba2-6a0cb259b9ed", "state": "480", "customerId": null, "localAmount": 96, "localCurrency": "USD"}, {"chainId": "12815886982020565931", "amount": 110, "createdAt": "2018-06-20T17:12:02+00:00", "shoeSize": "7Y", "productId": null, "skuUuid": "1c4cd344-7577-4089-bba2-6a0cb259b9ed", "state": "480", "customerId": null, "localAmount": 110, "localCurrency": "USD"}, {"chainId": "12811248281372861117", "amount": 100, "createdAt": "2018-06-20T16:27:50+00:00", "shoeSize": "6.5Y", "productId": null, "skuUuid": "a28c8390-2e2c-44bf-8db1-d21287cdf39b", "state": "480", "customerId": null, "localAmount": 100, "localCurrency": "USD"}, {"chainId": "12829965143704363159", "amount": 140, "createdAt": "2018-06-19T23:30:37+00:00", "shoeSize": "5.5Y", "productId": null, "skuUuid": "159e4973-e423-49d2-985b-c0cb7e461045", "state": "480", "customerId": null, "localAmount": 140, "localCurrency": "USD"}, {"chainId": "12778400650572049644", "amount": 110, "createdAt": "2018-06-19T16:27:04+00:00", "shoeSize": "6.5Y", "productId": null, "skuUuid": "a28c8390-2e2c-44bf-8db1-d21287cdf39b", "state": "480", "customerId": null, "localAmount": 110, "localCurrency": "USD"}, {"chainId": "12824300882218774543", "amount": 100, "createdAt": "2018-06-16T05:37:39+00:00", "shoeSize": "7Y", "productId": null, "skuUuid": "1c4cd344-7577-4089-bba2-6a0cb259b9ed", "state": "480", "customerId": null, "localAmount": 100, "localCurrency": "USD"}, {"chainId": "12824300457509304546", "amount": 100, "createdAt": "2018-06-16T04:30:11+00:00", "shoeSize": "6Y", "productId": null, "skuUuid": "9593ded1-8b6c-47d0-81e3-9e6b5a7d964b", "state": "480", "customerId": null, "localAmount": 100, "localCurrency": "USD"}, {"chainId": "12827145357373495542", "amount": 153, "createdAt": "2018-06-16T02:08:06+00:00", "shoeSize": "5.5Y", "productId": null, "skuUuid": "159e4973-e423-49d2-985b-c0cb7e461045", "state": "480", "customerId": null, "localAmount": 153, "localCurrency": "USD"}, {"chainId": "12823882828600651168", "amount": 154, "createdAt": "2018-06-16T02:07:45+00:00", "shoeSize": "5.5Y", "productId": null, "skuUuid": "159e4973-e423-49d2-985b-c0cb7e461045", "state": "480", "customerId": null, "localAmount": 154, "localCurrency": "USD"}, {"chainId": "12825663909563050804", "amount": 162, "createdAt": "2018-06-14T01:04:49+00:00", "shoeSize": "5Y", "productId": null, "skuUuid": "8cacef3a-c55d-4c03-a68b-a75c4df28857", "state": "480", "customerId": null, "localAmount": 162, "localCurrency": "USD"}, {"chainId": "12823882645800182686", "amount": 155, "createdAt": "2018-06-11T14:05:41+00:00", "shoeSize": "5.5Y", "productId": null, "skuUuid": "159e4973-e423-49d2-985b-c0cb7e461045", "state": "480", "customerId": null, "localAmount": 155, "localCurrency": "USD"}, {"chainId": "12823882072840902792", "amount": 156, "createdAt": "2018-06-11T14:04:41+00:00", "shoeSize": "5.5Y", "productId": null, "skuUuid": "159e4973-e423-49d2-985b-c0cb7e461045", "state": "480", "customerId": null, "localAmount": 156, "localCurrency": "USD"}, {"chainId": "12505111819498616709", "amount": 154, "createdAt": "2018-06-11T02:55:32+00:00", "shoeSize": "5.5Y", "productId": null, "skuUuid": "159e4973-e423-49d2-985b-c0cb7e461045", "state": "480", "customerId": null, "localAmount": 154, "localCurrency": "USD"}, {"chainId": "12818814466150913285", "amount": 109, "createdAt": "2018-06-06T11:09:50+00:00", "shoeSize": "7Y", "productId": null, "skuUuid": "1c4cd344-7577-4089-bba2-6a0cb259b9ed", "state": "480", "customerId": null, "localAmount": 109, "localCurrency": "USD"}, {"chainId": "12819163191125379720", "amount": 100, "createdAt": "2018-06-05T01:48:58+00:00", "shoeSize": "7Y", "productId": null, "skuUuid": "1c4cd344-7577-4089-bba2-6a0cb259b9ed", "state": "480", "customerId": null, "localAmount": 100, "localCurrency": "USD"}, {"chainId": "12819090744890202041", "amount": 150, "createdAt": "2018-06-04T23:25:07+00:00", "shoeSize": "5.5Y", "productId": null, "skuUuid": "159e4973-e423-49d2-985b-c0cb7e461045", "state": "480", "customerId": null, "localAmount": 150, "localCurrency": "USD"}, {"chainId": "12815887069043972423", "amount": 118, "createdAt": "2018-05-31T13:19:54+00:00", "shoeSize": "6.5Y", "productId": null, "skuUuid": "a28c8390-2e2c-44bf-8db1-d21287cdf39b", "state": "480", "customerId": null, "localAmount": 118, "localCurrency": "USD"}, {"chainId": "12737136505588707256", "amount": 153, "createdAt": "2018-05-31T05:24:26+00:00", "shoeSize": "4.5Y", "productId": null, "skuUuid": "dc573523-5f5a-413f-94ba-88092488d385", "state": "480", "customerId": null, "localAmount": 153, "localCurrency": "USD"}, {"chainId": "12815517501507830491", "amount": 143, "createdAt": "2018-05-31T03:56:17+00:00", "shoeSize": "5.5Y", "productId": null, "skuUuid": "159e4973-e423-49d2-985b-c0cb7e461045", "state": "480", "customerId": null, "localAmount": 143, "localCurrency": "USD"}, {"chainId": "12815517145586470706", "amount": 155, "createdAt": "2018-05-31T01:04:55+00:00", "shoeSize": "5.5Y", "productId": null, "skuUuid": "159e4973-e423-49d2-985b-c0cb7e461045", "state": "480", "customerId": null, "localAmount": 155, "localCurrency": "USD"}, {"chainId": "12815507812467307485", "amount": 103, "createdAt": "2018-05-31T00:46:23+00:00", "shoeSize": "6Y", "productId": null, "skuUuid": "9593ded1-8b6c-47d0-81e3-9e6b5a7d964b", "state": "480", "customerId": null, "localAmount": 103, "localCurrency": "USD"}, {"chainId": "12642227521818622097", "amount": 161, "createdAt": "2018-05-30T21:42:46+00:00", "shoeSize": "5Y", "productId": null, "skuUuid": "8cacef3a-c55d-4c03-a68b-a75c4df28857", "state": "480", "customerId": null, "localAmount": 161, "localCurrency": "USD"}, {"chainId": "12815393886096068697", "amount": 162, "createdAt": "2018-05-30T21:00:02+00:00", "shoeSize": "4.5Y", "productId": null, "skuUuid": "dc573523-5f5a-413f-94ba-88092488d385", "state": "480", "customerId": null, "localAmount": 162, "localCurrency": "USD"}, {"chainId": "12811248763437345241", "amount": 155, "createdAt": "2018-05-29T07:15:40+00:00", "shoeSize": "5.5Y", "productId": null, "skuUuid": "159e4973-e423-49d2-985b-c0cb7e461045", "state": "480", "customerId": null, "localAmount": 155, "localCurrency": "USD"}, {"chainId": "12800935474172366681", "amount": 102, "createdAt": "2018-05-28T04:55:08+00:00", "shoeSize": "6.5Y", "productId": null, "skuUuid": "a28c8390-2e2c-44bf-8db1-d21287cdf39b", "state": "480", "customerId": null, "localAmount": 102, "localCurrency": "USD"}, {"chainId": "12811249530011916263", "amount": 153, "createdAt": "2018-05-27T22:44:07+00:00", "shoeSize": "5Y", "productId": null, "skuUuid": "8cacef3a-c55d-4c03-a68b-a75c4df28857", "state": "480", "customerId": null, "localAmount": 153, "localCurrency": "USD"}, {"chainId": "12800935336289210482", "amount": 110, "createdAt": "2018-05-25T11:07:48+00:00", "shoeSize": "6Y", "productId": null, "skuUuid": "9593ded1-8b6c-47d0-81e3-9e6b5a7d964b", "state": "480", "customerId": null, "localAmount": 110, "localCurrency": "USD"}, {"chainId": "12811248520996838124", "amount": 136, "createdAt": "2018-05-25T03:44:01+00:00", "shoeSize": "5.5Y", "productId": null, "skuUuid": "159e4973-e423-49d2-985b-c0cb7e461045", "state": "480", "customerId": null, "localAmount": 136, "localCurrency": "USD"}, {"chainId": "12807336006639938996", "amount": 153, "createdAt": "2018-05-20T13:08:23+00:00", "shoeSize": "5Y", "productId": null, "skuUuid": "8cacef3a-c55d-4c03-a68b-a75c4df28857", "state": "480", "customerId": null, "localAmount": 153, "localCurrency": "USD"}, {"chainId": "12801391399253736285", "amount": 148, "createdAt": "2018-05-11T13:19:40+00:00", "shoeSize": "4.5Y", "productId": null, "skuUuid": "dc573523-5f5a-413f-94ba-88092488d385", "state": "480", "customerId": null, "localAmount": 148, "localCurrency": "USD"}, {"chainId": "12801007404905760913", "amount": 109, "createdAt": "2018-05-11T00:36:44+00:00", "shoeSize": "7Y", "productId": null, "skuUuid": "1c4cd344-7577-4089-bba2-6a0cb259b9ed", "state": "480", "customerId": null, "localAmount": 109, "localCurrency": "USD"}, {"chainId": "12515487230668824866", "amount": 151, "createdAt": "2018-05-02T16:54:24+00:00", "shoeSize": "4.5Y", "productId": null, "skuUuid": "dc573523-5f5a-413f-94ba-88092488d385", "state": "480", "customerId": null, "localAmount": 151, "localCurrency": "USD"}, {"chainId": "12636309697801159829", "amount": 109, "createdAt": "2018-04-29T04:08:55+00:00", "shoeSize": "7Y", "productId": null, "skuUuid": "1c4cd344-7577-4089-bba2-6a0cb259b9ed", "state": "480", "customerId": null, "localAmount": 109, "localCurrency": "USD"}, {"chainId": "12686346769908981885", "amount": 163, "createdAt": "2018-04-26T00:04:06+00:00", "shoeSize": "5.5Y", "productId": null, "skuUuid": "159e4973-e423-49d2-985b-c0cb7e461045", "state": "480", "customerId": null, "localAmount": 163, "localCurrency": "USD"}, {"chainId": "12658165690849184100", "amount": 117, "createdAt": "2018-04-24T01:56:20+00:00", "shoeSize": "6Y", "productId": null, "skuUuid": "9593ded1-8b6c-47d0-81e3-9e6b5a7d964b", "state": "480", "customerId": null, "localAmount": 117, "localCurrency": "USD"}, {"chainId": "12785191856458960119", "amount": 100, "createdAt": "2018-04-19T04:54:01+00:00", "shoeSize": "6.5Y", "productId": null, "skuUuid": "a28c8390-2e2c-44bf-8db1-d21287cdf39b", "state": "480", "customerId": null, "localAmount": 100, "localCurrency": "USD"}, {"chainId": "12782203441336763038", "amount": 155, "createdAt": "2018-04-18T15:39:52+00:00", "shoeSize": "5Y", "productId": null, "skuUuid": "8cacef3a-c55d-4c03-a68b-a75c4df28857", "state": "480", "customerId": null, "localAmount": 155, "localCurrency": "USD"}, {"chainId": "12763179248748581369", "amount": 143, "createdAt": "2018-04-11T02:07:48+00:00", "shoeSize": "5Y", "productId": null, "skuUuid": "8cacef3a-c55d-4c03-a68b-a75c4df28857", "state": "480", "customerId": null, "localAmount": 143, "localCurrency": "USD"}, {"chainId": "12778400214898491849", "amount": 100, "createdAt": "2018-04-09T20:00:19+00:00", "shoeSize": "6Y", "productId": null, "skuUuid": "9593ded1-8b6c-47d0-81e3-9e6b5a7d964b", "state": "480", "customerId": null, "localAmount": 100, "localCurrency": "USD"}, {"chainId": "12751690281243904516", "amount": 100, "createdAt": "2018-03-30T20:32:13+00:00", "shoeSize": "6.5Y", "productId": null, "skuUuid": "a28c8390-2e2c-44bf-8db1-d21287cdf39b", "state": "480", "customerId": null, "localAmount": 100, "localCurrency": "USD"}, {"chainId": "12768273107526331350", "amount": 101, "createdAt": "2018-03-26T20:39:27+00:00", "shoeSize": "7Y", "productId": null, "skuUuid": "1c4cd344-7577-4089-bba2-6a0cb259b9ed", "state": "480", "customerId": null, "localAmount": 101, "localCurrency": "USD"}, {"chainId": "12705590397495301325", "amount": 115, "createdAt": "2018-03-26T19:36:26+00:00", "shoeSize": "7Y", "productId": null, "skuUuid": "1c4cd344-7577-4089-bba2-6a0cb259b9ed", "state": "480", "customerId": null, "localAmount": 115, "localCurrency": "USD"}, {"chainId": "12766596706229959201", "amount": 110, "createdAt": "2018-03-26T02:44:45+00:00", "shoeSize": "6Y", "productId": null, "skuUuid": "9593ded1-8b6c-47d0-81e3-9e6b5a7d964b", "state": "480", "customerId": null, "localAmount": 110, "localCurrency": "USD"}, {"chainId": "12766596826572053379", "amount": 105, "createdAt": "2018-03-24T19:22:39+00:00", "shoeSize": "6.5Y", "productId": null, "skuUuid": "a28c8390-2e2c-44bf-8db1-d21287cdf39b", "state": "480", "customerId": null, "localAmount": 105, "localCurrency": "USD"}, {"chainId": "12742348450767818380", "amount": 101, "createdAt": "2018-03-24T13:08:16+00:00", "shoeSize": "6.5Y", "productId": null, "skuUuid": "a28c8390-2e2c-44bf-8db1-d21287cdf39b", "state": "480", "customerId": null, "localAmount": 101, "localCurrency": "USD"}, {"chainId": "12574020990833916670", "amount": 110, "createdAt": "2018-03-22T06:01:24+00:00", "shoeSize": "7Y", "productId": null, "skuUuid": "1c4cd344-7577-4089-bba2-6a0cb259b9ed", "state": "480", "customerId": null, "localAmount": 110, "localCurrency": "USD"}, {"chainId": "12716785680833623614", "amount": 110, "createdAt": "2018-03-21T14:19:48+00:00", "shoeSize": "6Y", "productId": null, "skuUuid": "9593ded1-8b6c-47d0-81e3-9e6b5a7d964b", "state": "480", "customerId": null, "localAmount": 110, "localCurrency": "USD"}, {"chainId": "12687504145488606779", "amount": 100, "createdAt": "2018-03-20T18:16:37+00:00", "shoeSize": "6.5Y", "productId": null, "skuUuid": "a28c8390-2e2c-44bf-8db1-d21287cdf39b", "state": "480", "customerId": null, "localAmount": 100, "localCurrency": "USD"}, {"chainId": "12687504801918845800", "amount": 100, "createdAt": "2018-03-13T15:40:44+00:00", "shoeSize": "6Y", "productId": null, "skuUuid": "9593ded1-8b6c-47d0-81e3-9e6b5a7d964b", "state": "480", "customerId": null, "localAmount": 100, "localCurrency": "USD"}, {"chainId": "12687505193254313768", "amount": 100, "createdAt": "2018-03-13T15:26:07+00:00", "shoeSize": "7Y", "productId": null, "skuUuid": "1c4cd344-7577-4089-bba2-6a0cb259b9ed", "state": "480", "customerId": null, "localAmount": 100, "localCurrency": "USD"}, {"chainId": "12752418790436418484", "amount": 80, "createdAt": "2018-03-13T15:17:01+00:00", "shoeSize": "6.5Y", "productId": null, "skuUuid": "a28c8390-2e2c-44bf-8db1-d21287cdf39b", "state": "480", "customerId": null, "localAmount": 80, "localCurrency": "USD"}, {"chainId": "12732281699326161102", "amount": 113, "createdAt": "2018-03-04T04:46:48+00:00", "shoeSize": "5.5Y", "productId": null, "skuUuid": "159e4973-e423-49d2-985b-c0cb7e461045", "state": "480", "customerId": null, "localAmount": 113, "localCurrency": "USD"}, {"chainId": "12658165989697273359", "amount": 90, "createdAt": "2018-02-24T19:51:02+00:00", "shoeSize": "6.5Y", "productId": null, "skuUuid": "a28c8390-2e2c-44bf-8db1-d21287cdf39b", "state": "480", "customerId": null, "localAmount": 90, "localCurrency": "USD"}, {"chainId": "12740954883769344160", "amount": 90, "createdAt": "2018-02-22T23:08:26+00:00", "shoeSize": "6Y", "productId": null, "skuUuid": "9593ded1-8b6c-47d0-81e3-9e6b5a7d964b", "state": "480", "customerId": null, "localAmount": 90, "localCurrency": "USD"}, {"chainId": "12742349310718291471", "amount": 106, "createdAt": "2018-02-19T02:13:30+00:00", "shoeSize": "5.5Y", "productId": null, "skuUuid": "159e4973-e423-49d2-985b-c0cb7e461045", "state": "480", "customerId": null, "localAmount": 106, "localCurrency": "USD"}, {"chainId": "12734977116233737747", "amount": 129, "createdAt": "2018-02-08T22:06:16+00:00", "shoeSize": "5Y", "productId": null, "skuUuid": "8cacef3a-c55d-4c03-a68b-a75c4df28857", "state": "480", "customerId": null, "localAmount": 129, "localCurrency": "USD"}, {"chainId": "12729709732569071980", "amount": 100, "createdAt": "2018-02-07T02:40:44+00:00", "shoeSize": "6.5Y", "productId": null, "skuUuid": "a28c8390-2e2c-44bf-8db1-d21287cdf39b", "state": "480", "customerId": null, "localAmount": 100, "localCurrency": "USD"}, {"chainId": "12710368408256224561", "amount": 106, "createdAt": "2018-02-05T04:50:21+00:00", "shoeSize": "5.5Y", "productId": null, "skuUuid": "159e4973-e423-49d2-985b-c0cb7e461045", "state": "480", "customerId": null, "localAmount": 106, "localCurrency": "USD"}, {"chainId": "12716785536932354870", "amount": 105, "createdAt": "2018-02-04T16:47:44+00:00", "shoeSize": "5.5Y", "productId": null, "skuUuid": "159e4973-e423-49d2-985b-c0cb7e461045", "state": "480", "customerId": null, "localAmount": 105, "localCurrency": "USD"}, {"chainId": "12705590604108478661", "amount": 123, "createdAt": "2018-02-04T02:28:21+00:00", "shoeSize": "7Y", "productId": null, "skuUuid": "1c4cd344-7577-4089-bba2-6a0cb259b9ed", "state": "480", "customerId": null, "localAmount": 123, "localCurrency": "USD"}, {"chainId": "12725586811288517625", "amount": 130, "createdAt": "2018-02-03T05:50:57+00:00", "shoeSize": "5Y", "productId": null, "skuUuid": "8cacef3a-c55d-4c03-a68b-a75c4df28857", "state": "480", "customerId": null, "localAmount": 130, "localCurrency": "USD"}, {"chainId": "12340615243458442694", "amount": 115, "createdAt": "2018-02-03T05:06:45+00:00", "shoeSize": "7Y", "productId": null, "skuUuid": "1c4cd344-7577-4089-bba2-6a0cb259b9ed", "state": "480", "customerId": null, "localAmount": 115, "localCurrency": "USD"}, {"chainId": "12722801999598464013", "amount": 95, "createdAt": "2018-02-03T05:06:32+00:00", "shoeSize": "6Y", "productId": null, "skuUuid": "9593ded1-8b6c-47d0-81e3-9e6b5a7d964b", "state": "480", "customerId": null, "localAmount": 95, "localCurrency": "USD"}, {"chainId": "12722802260436818058", "amount": 100, "createdAt": "2018-01-30T11:37:55+00:00", "shoeSize": "6.5Y", "productId": null, "skuUuid": "a28c8390-2e2c-44bf-8db1-d21287cdf39b", "state": "480", "customerId": null, "localAmount": 100, "localCurrency": "USD"}, {"chainId": "12727515872312398882", "amount": 70, "createdAt": "2018-01-29T18:04:59+00:00", "shoeSize": "6Y", "productId": null, "skuUuid": "9593ded1-8b6c-47d0-81e3-9e6b5a7d964b", "state": "480", "customerId": null, "localAmount": 70, "localCurrency": "USD"}, {"chainId": "12727516193623219457", "amount": 70, "createdAt": "2018-01-29T18:04:07+00:00", "shoeSize": "7Y", "productId": null, "skuUuid": "1c4cd344-7577-4089-bba2-6a0cb259b9ed", "state": "480", "customerId": null, "localAmount": 70, "localCurrency": "USD"}, {"chainId": "12713487820395368351", "amount": 89, "createdAt": "2018-01-19T04:42:35+00:00", "shoeSize": "6.5Y", "productId": null, "skuUuid": "a28c8390-2e2c-44bf-8db1-d21287cdf39b", "state": "480", "customerId": null, "localAmount": 89, "localCurrency": "USD"}, {"chainId": "12340614879585227989", "amount": 106, "createdAt": "2018-01-15T03:17:07+00:00", "shoeSize": "5.5Y", "productId": null, "skuUuid": "159e4973-e423-49d2-985b-c0cb7e461045", "state": "480", "customerId": null, "localAmount": 106, "localCurrency": "USD"}, {"chainId": "12716783258529559048", "amount": 110, "createdAt": "2018-01-14T19:38:24+00:00", "shoeSize": "5.5Y", "productId": null, "skuUuid": "159e4973-e423-49d2-985b-c0cb7e461045", "state": "480", "customerId": null, "localAmount": 110, "localCurrency": "USD"}, {"chainId": "12672822978694370743", "amount": 80, "createdAt": "2018-01-14T19:29:31+00:00", "shoeSize": "6Y", "productId": null, "skuUuid": "9593ded1-8b6c-47d0-81e3-9e6b5a7d964b", "state": "480", "customerId": null, "localAmount": 80, "localCurrency": "USD"}, {"chainId": "12683723829195656694", "amount": 125, "createdAt": "2017-12-29T23:18:21+00:00", "shoeSize": "7Y", "productId": null, "skuUuid": "1c4cd344-7577-4089-bba2-6a0cb259b9ed", "state": "480", "customerId": null, "localAmount": 125, "localCurrency": "USD"}, {"chainId": "12690781676648861988", "amount": 110, "createdAt": "2017-12-26T06:06:59+00:00", "shoeSize": "5.5Y", "productId": null, "skuUuid": "159e4973-e423-49d2-985b-c0cb7e461045", "state": "480", "customerId": null, "localAmount": 110, "localCurrency": "USD"}, {"chainId": "12687903731359414024", "amount": 125, "createdAt": "2017-12-06T04:28:39+00:00", "shoeSize": "5.5Y", "productId": null, "skuUuid": "159e4973-e423-49d2-985b-c0cb7e461045", "state": "480", "customerId": null, "localAmount": 125, "localCurrency": "USD"}, {"chainId": "12635009897848991736", "amount": 95, "createdAt": "2017-12-02T20:53:15+00:00", "shoeSize": "6.5Y", "productId": null, "skuUuid": "a28c8390-2e2c-44bf-8db1-d21287cdf39b", "state": "480", "customerId": null, "localAmount": 95, "localCurrency": "USD"}, {"chainId": "12669131202740559410", "amount": 109, "createdAt": "2017-11-10T14:27:31+00:00", "shoeSize": "4.5Y", "productId": null, "skuUuid": "dc573523-5f5a-413f-94ba-88092488d385", "state": "480", "customerId": null, "localAmount": 109, "localCurrency": "USD"}, {"chainId": "12646763140725795129", "amount": 75, "createdAt": "2017-10-26T12:42:36+00:00", "shoeSize": "6.5Y", "productId": null, "skuUuid": "a28c8390-2e2c-44bf-8db1-d21287cdf39b", "state": "480", "customerId": null, "localAmount": 75, "localCurrency": "USD"}, {"chainId": "12645211693792742593", "amount": 100, "createdAt": "2017-10-08T01:38:27+00:00", "shoeSize": "5Y", "productId": null, "skuUuid": "8cacef3a-c55d-4c03-a68b-a75c4df28857", "state": "480", "customerId": null, "localAmount": 100, "localCurrency": "USD"}, {"chainId": "12638734868933542728", "amount": 101, "createdAt": "2017-10-03T22:46:57+00:00", "shoeSize": "5Y", "productId": null, "skuUuid": "8cacef3a-c55d-4c03-a68b-a75c4df28857", "state": "480", "customerId": null, "localAmount": 101, "localCurrency": "USD"}, {"chainId": "12533654617366664315", "amount": 100, "createdAt": "2017-09-06T19:14:49+00:00", "shoeSize": "5Y", "productId": null, "skuUuid": "8cacef3a-c55d-4c03-a68b-a75c4df28857", "state": "480", "customerId": null, "localAmount": 100, "localCurrency": "USD"}, {"chainId": "12613895172803621810", "amount": 60, "createdAt": "2017-08-30T22:57:16+00:00", "shoeSize": "6Y", "productId": null, "skuUuid": "9593ded1-8b6c-47d0-81e3-9e6b5a7d964b", "state": "480", "customerId": null, "localAmount": 60, "localCurrency": "USD"}, {"chainId": "12615301085720088838", "amount": 85, "createdAt": "2017-08-27T19:11:24+00:00", "shoeSize": "4Y", "productId": null, "skuUuid": "72386f31-7be8-490a-bfdf-006ab7e92ce1", "state": "480", "customerId": null, "localAmount": 85, "localCurrency": "USD"}, {"chainId": "12571971505930083456", "amount": 75, "createdAt": "2017-08-26T16:36:19+00:00", "shoeSize": "6Y", "productId": null, "skuUuid": "9593ded1-8b6c-47d0-81e3-9e6b5a7d964b", "state": "480", "customerId": null, "localAmount": 75, "localCurrency": "USD"}, {"chainId": "12605840553020910819", "amount": 75, "createdAt": "2017-08-14T17:54:58+00:00", "shoeSize": "6Y", "productId": null, "skuUuid": "9593ded1-8b6c-47d0-81e3-9e6b5a7d964b", "state": "480", "customerId": null, "localAmount": 75, "localCurrency": "USD"}, {"chainId": "12594474604291889776", "amount": 80, "createdAt": "2017-07-30T01:32:54+00:00", "shoeSize": "6Y", "productId": null, "skuUuid": "9593ded1-8b6c-47d0-81e3-9e6b5a7d964b", "state": "480", "customerId": null, "localAmount": 80, "localCurrency": "USD"}, {"chainId": "12519489663270265042", "amount": 125, "createdAt": "2017-06-11T11:07:19+00:00", "shoeSize": "4.5Y", "productId": null, "skuUuid": "dc573523-5f5a-413f-94ba-88092488d385", "state": "480", "customerId": null, "localAmount": 125, "localCurrency": "USD"}, {"chainId": "12502281720938188302", "amount": 80, "createdAt": "2017-04-24T01:27:08+00:00", "shoeSize": "7Y", "productId": null, "skuUuid": "1c4cd344-7577-4089-bba2-6a0cb259b9ed", "state": "480", "customerId": null, "localAmount": 80, "localCurrency": "USD"}, {"chainId": "12505111644761574714", "amount": 120, "createdAt": "2017-04-17T02:58:26+00:00", "shoeSize": "5Y", "productId": null, "skuUuid": "8cacef3a-c55d-4c03-a68b-a75c4df28857", "state": "480", "customerId": null, "localAmount": 120, "localCurrency": "USD"}, {"chainId": "12505112223113788196", "amount": 120, "createdAt": "2017-04-17T02:57:46+00:00", "shoeSize": "4.5Y", "productId": null, "skuUuid": "dc573523-5f5a-413f-94ba-88092488d385", "state": "480", "customerId": null, "localAmount": 120, "localCurrency": "USD"}, {"chainId": "12502282423992867992", "amount": 112, "createdAt": "2017-04-09T02:50:06+00:00", "shoeSize": "7Y", "productId": null, "skuUuid": "1c4cd344-7577-4089-bba2-6a0cb259b9ed", "state": "480", "customerId": null, "localAmount": 112, "localCurrency": "USD"}, {"chainId": "12416699778146339490", "amount": 125, "createdAt": "2016-11-26T04:24:01+00:00", "shoeSize": "7Y", "productId": null, "skuUuid": "1c4cd344-7577-4089-bba2-6a0cb259b9ed", "state": "480", "customerId": null, "localAmount": 125, "localCurrency": "USD"}, {"chainId": "12358709223802991173", "amount": 145, "createdAt": "2016-11-25T05:50:07+00:00", "shoeSize": "7Y", "productId": null, "skuUuid": "1c4cd344-7577-4089-bba2-6a0cb259b9ed", "state": "480", "customerId": null, "localAmount": 145, "localCurrency": "USD"}, {"chainId": "12353822969560817689", "amount": 130, "createdAt": "2016-09-05T17:34:37+00:00", "shoeSize": "4.5Y", "productId": null, "skuUuid": "dc573523-5f5a-413f-94ba-88092488d385", "state": "480", "customerId": null, "localAmount": 130, "localCurrency": "USD"}]