[{"chainId": "12987786918444592028", "amount": 100, "createdAt": "2019-01-23T17:34:13+00:00", "shoeSize": "9", "productId": null, "skuUuid": "fc62e39a-deb9-4983-8150-b29313b2adb8", "state": "480", "customerId": null, "localAmount": 100, "localCurrency": "USD"}, {"chainId": "12964728697458121125", "amount": 70, "createdAt": "2019-01-10T20:14:58+00:00", "shoeSize": "12", "productId": null, "skuUuid": "3bb34f1f-fe99-4244-9453-fa40a152e489", "state": "480", "customerId": null, "localAmount": 70, "localCurrency": "USD"}, {"chainId": "12973664761179875020", "amount": 85, "createdAt": "2019-01-04T05:56:01+00:00", "shoeSize": "10.5", "productId": null, "skuUuid": "1351ed61-e888-4817-96f3-50fc042274f7", "state": "480", "customerId": null, "localAmount": 85, "localCurrency": "USD"}, {"chainId": "12973662942517073844", "amount": 85, "createdAt": "2019-01-04T05:52:25+00:00", "shoeSize": "9.5", "productId": null, "skuUuid": "1afc984f-30c3-4ded-83c5-c54504efdff3", "state": "480", "customerId": null, "localAmount": 85, "localCurrency": "USD"}, {"chainId": "12971906215918958864", "amount": 150, "createdAt": "2019-01-04T02:12:09+00:00", "shoeSize": "13", "productId": null, "skuUuid": "53d159bd-d5f6-4698-a43d-ddf1c7f89ec0", "state": "480", "customerId": null, "localAmount": 150, "localCurrency": "USD"}, {"chainId": "12969219256005623526", "amount": 80, "createdAt": "2018-12-29T02:43:41+00:00", "shoeSize": "12", "productId": null, "skuUuid": "3bb34f1f-fe99-4244-9453-fa40a152e489", "state": "480", "customerId": null, "localAmount": 80, "localCurrency": "USD"}, {"chainId": "12954670347904107623", "amount": 89, "createdAt": "2018-12-29T01:34:55+00:00", "shoeSize": "10", "productId": null, "skuUuid": "e711325a-910e-4be8-9aa3-e338d3838fea", "state": "480", "customerId": null, "localAmount": 89, "localCurrency": "USD"}, {"chainId": "12967476376981012847", "amount": 120, "createdAt": "2018-12-26T17:00:47+00:00", "shoeSize": "13", "productId": null, "skuUuid": "53d159bd-d5f6-4698-a43d-ddf1c7f89ec0", "state": "480", "customerId": null, "localAmount": 120, "localCurrency": "USD"}, {"chainId": "12966057556367162165", "amount": 88, "createdAt": "2018-12-24T18:01:50+00:00", "shoeSize": "10.5", "productId": null, "skuUuid": "1351ed61-e888-4817-96f3-50fc042274f7", "state": "480", "customerId": null, "localAmount": 88, "localCurrency": "USD"}, {"chainId": "12954670455959732361", "amount": 98, "createdAt": "2018-12-21T16:34:15+00:00", "shoeSize": "11.5", "productId": null, "skuUuid": "c833bf68-8b77-4bfc-8311-fc1012b16b26", "state": "480", "customerId": null, "localAmount": 98, "localCurrency": "USD"}, {"chainId": "12950364732614143801", "amount": 90, "createdAt": "2018-12-19T20:55:23+00:00", "shoeSize": "10.5", "productId": null, "skuUuid": "1351ed61-e888-4817-96f3-50fc042274f7", "state": "480", "customerId": null, "localAmount": 90, "localCurrency": "USD"}, {"chainId": "12955449443197679448", "amount": 95, "createdAt": "2018-12-16T02:52:13+00:00", "shoeSize": "9", "productId": null, "skuUuid": "fc62e39a-deb9-4983-8150-b29313b2adb8", "state": "480", "customerId": null, "localAmount": 95, "localCurrency": "USD"}, {"chainId": "12950127361910152812", "amount": 89, "createdAt": "2018-12-06T03:08:28+00:00", "shoeSize": "10.5", "productId": null, "skuUuid": "1351ed61-e888-4817-96f3-50fc042274f7", "state": "480", "customerId": null, "localAmount": 89, "localCurrency": "USD"}, {"chainId": "12950310887896854660", "amount": 120, "createdAt": "2018-12-05T22:42:51+00:00", "shoeSize": "12", "productId": null, "skuUuid": "3bb34f1f-fe99-4244-9453-fa40a152e489", "state": "480", "customerId": null, "localAmount": 120, "localCurrency": "USD"}, {"chainId": "12944229914459915162", "amount": 120, "createdAt": "2018-11-27T07:14:31+00:00", "shoeSize": "10", "productId": null, "skuUuid": "e711325a-910e-4be8-9aa3-e338d3838fea", "state": "480", "customerId": null, "localAmount": 120, "localCurrency": "USD"}, {"chainId": "12945327948868520871", "amount": 80, "createdAt": "2018-11-26T06:39:28+00:00", "shoeSize": "11.5", "productId": null, "skuUuid": "c833bf68-8b77-4bfc-8311-fc1012b16b26", "state": "480", "customerId": null, "localAmount": 80, "localCurrency": "USD"}, {"chainId": "12944657058727094678", "amount": 80, "createdAt": "2018-11-26T02:52:12+00:00", "shoeSize": "12", "productId": null, "skuUuid": "3bb34f1f-fe99-4244-9453-fa40a152e489", "state": "480", "customerId": null, "localAmount": 80, "localCurrency": "USD"}, {"chainId": "12943565462783649226", "amount": 65, "createdAt": "2018-11-24T02:44:07+00:00", "shoeSize": "12", "productId": null, "skuUuid": "3bb34f1f-fe99-4244-9453-fa40a152e489", "state": "480", "customerId": null, "localAmount": 65, "localCurrency": "USD"}, {"chainId": "12943707544286442369", "amount": 66, "createdAt": "2018-11-23T21:56:21+00:00", "shoeSize": "11", "productId": null, "skuUuid": "f330641a-f7f9-4bff-aaf7-f80c000ec1f4", "state": "480", "customerId": null, "localAmount": 66, "localCurrency": "USD"}, {"chainId": "12943544129866996850", "amount": 70, "createdAt": "2018-11-23T16:31:46+00:00", "shoeSize": "12", "productId": null, "skuUuid": "3bb34f1f-fe99-4244-9453-fa40a152e489", "state": "480", "customerId": null, "localAmount": 70, "localCurrency": "USD"}, {"chainId": "12942373435503098872", "amount": 65, "createdAt": "2018-11-22T01:45:44+00:00", "shoeSize": "8", "productId": null, "skuUuid": "2f6cdb25-0e3b-402f-a6f3-b22348a35f98", "state": "480", "customerId": null, "localAmount": 65, "localCurrency": "USD"}, {"chainId": "12942372269311938779", "amount": 67, "createdAt": "2018-11-22T01:43:26+00:00", "shoeSize": "10", "productId": null, "skuUuid": "e711325a-910e-4be8-9aa3-e338d3838fea", "state": "480", "customerId": null, "localAmount": 67, "localCurrency": "USD"}, {"chainId": "12942350262748507884", "amount": 70, "createdAt": "2018-11-22T00:59:43+00:00", "shoeSize": "10", "productId": null, "skuUuid": "e711325a-910e-4be8-9aa3-e338d3838fea", "state": "480", "customerId": null, "localAmount": 70, "localCurrency": "USD"}, {"chainId": "12942350043844047664", "amount": 71, "createdAt": "2018-11-22T00:59:15+00:00", "shoeSize": "10", "productId": null, "skuUuid": "e711325a-910e-4be8-9aa3-e338d3838fea", "state": "480", "customerId": null, "localAmount": 71, "localCurrency": "USD"}, {"chainId": "12942349865061471968", "amount": 70, "createdAt": "2018-11-22T00:58:53+00:00", "shoeSize": "12", "productId": null, "skuUuid": "3bb34f1f-fe99-4244-9453-fa40a152e489", "state": "480", "customerId": null, "localAmount": 70, "localCurrency": "USD"}, {"chainId": "12942349643514802371", "amount": 85, "createdAt": "2018-11-22T00:58:27+00:00", "shoeSize": "9.5", "productId": null, "skuUuid": "1afc984f-30c3-4ded-83c5-c54504efdff3", "state": "480", "customerId": null, "localAmount": 85, "localCurrency": "USD"}, {"chainId": "12942348001588167512", "amount": 85, "createdAt": "2018-11-22T00:55:13+00:00", "shoeSize": "12", "productId": null, "skuUuid": "3bb34f1f-fe99-4244-9453-fa40a152e489", "state": "480", "customerId": null, "localAmount": 85, "localCurrency": "USD"}, {"chainId": "12935818559580554888", "amount": 85, "createdAt": "2018-11-13T00:42:23+00:00", "shoeSize": "11.5", "productId": null, "skuUuid": "c833bf68-8b77-4bfc-8311-fc1012b16b26", "state": "480", "customerId": null, "localAmount": 85, "localCurrency": "USD"}, {"chainId": "12935817742269486629", "amount": 85, "createdAt": "2018-11-13T00:40:44+00:00", "shoeSize": "11", "productId": null, "skuUuid": "f330641a-f7f9-4bff-aaf7-f80c000ec1f4", "state": "480", "customerId": null, "localAmount": 85, "localCurrency": "USD"}, {"chainId": "12935817310764782383", "amount": 90, "createdAt": "2018-11-13T00:39:52+00:00", "shoeSize": "12", "productId": null, "skuUuid": "3bb34f1f-fe99-4244-9453-fa40a152e489", "state": "480", "customerId": null, "localAmount": 90, "localCurrency": "USD"}, {"chainId": "12932136856716859295", "amount": 68, "createdAt": "2018-11-07T22:47:30+00:00", "shoeSize": "10", "productId": null, "skuUuid": "e711325a-910e-4be8-9aa3-e338d3838fea", "state": "480", "customerId": null, "localAmount": 68, "localCurrency": "USD"}, {"chainId": "12930734508442329913", "amount": 91, "createdAt": "2018-11-06T00:21:16+00:00", "shoeSize": "12", "productId": null, "skuUuid": "3bb34f1f-fe99-4244-9453-fa40a152e489", "state": "480", "customerId": null, "localAmount": 91, "localCurrency": "USD"}, {"chainId": "12920445171278978723", "amount": 80, "createdAt": "2018-11-06T00:20:57+00:00", "shoeSize": "7.5", "productId": null, "skuUuid": "3c8e728f-3c9f-41c4-8b8c-90487b4739ff", "state": "480", "customerId": null, "localAmount": 80, "localCurrency": "USD"}, {"chainId": "12927515987533656252", "amount": 120, "createdAt": "2018-11-02T17:54:38+00:00", "shoeSize": "11", "productId": null, "skuUuid": "f330641a-f7f9-4bff-aaf7-f80c000ec1f4", "state": "480", "customerId": null, "localAmount": 120, "localCurrency": "USD"}, {"chainId": "12916960024164552069", "amount": 121, "createdAt": "2018-10-26T06:57:40+00:00", "shoeSize": "13", "productId": null, "skuUuid": "53d159bd-d5f6-4698-a43d-ddf1c7f89ec0", "state": "480", "customerId": null, "localAmount": 121, "localCurrency": "USD"}, {"chainId": "12919766962614553059", "amount": 90, "createdAt": "2018-10-21T21:10:42+00:00", "shoeSize": "12", "productId": null, "skuUuid": "3bb34f1f-fe99-4244-9453-fa40a152e489", "state": "480", "customerId": null, "localAmount": 90, "localCurrency": "USD"}, {"chainId": "12911880755628274034", "amount": 97, "createdAt": "2018-10-21T14:53:01+00:00", "shoeSize": "11", "productId": null, "skuUuid": "f330641a-f7f9-4bff-aaf7-f80c000ec1f4", "state": "480", "customerId": null, "localAmount": 97, "localCurrency": "USD"}, {"chainId": "12911995958141686512", "amount": 102, "createdAt": "2018-10-19T02:14:43+00:00", "shoeSize": "11.5", "productId": null, "skuUuid": "c833bf68-8b77-4bfc-8311-fc1012b16b26", "state": "480", "customerId": null, "localAmount": 102, "localCurrency": "USD"}, {"chainId": "12915978689686630793", "amount": 86, "createdAt": "2018-10-17T18:11:00+00:00", "shoeSize": "12", "productId": null, "skuUuid": "3bb34f1f-fe99-4244-9453-fa40a152e489", "state": "480", "customerId": null, "localAmount": 86, "localCurrency": "USD"}, {"chainId": "12911995459663469052", "amount": 99, "createdAt": "2018-10-17T05:00:11+00:00", "shoeSize": "9.5", "productId": null, "skuUuid": "1afc984f-30c3-4ded-83c5-c54504efdff3", "state": "480", "customerId": null, "localAmount": 99, "localCurrency": "USD"}, {"chainId": "12915515207770013700", "amount": 86, "createdAt": "2018-10-16T15:36:30+00:00", "shoeSize": "12", "productId": null, "skuUuid": "3bb34f1f-fe99-4244-9453-fa40a152e489", "state": "480", "customerId": null, "localAmount": 86, "localCurrency": "USD"}, {"chainId": "12911237389766733687", "amount": 90, "createdAt": "2018-10-15T22:55:49+00:00", "shoeSize": "12", "productId": null, "skuUuid": "3bb34f1f-fe99-4244-9453-fa40a152e489", "state": "480", "customerId": null, "localAmount": 90, "localCurrency": "USD"}, {"chainId": "12914823729606403876", "amount": 100, "createdAt": "2018-10-15T01:29:24+00:00", "shoeSize": "13", "productId": null, "skuUuid": "53d159bd-d5f6-4698-a43d-ddf1c7f89ec0", "state": "480", "customerId": null, "localAmount": 100, "localCurrency": "USD"}, {"chainId": "12909577302504706244", "amount": 106, "createdAt": "2018-10-10T02:43:20+00:00", "shoeSize": "12", "productId": null, "skuUuid": "3bb34f1f-fe99-4244-9453-fa40a152e489", "state": "480", "customerId": null, "localAmount": 106, "localCurrency": "USD"}, {"chainId": "12908909093101069581", "amount": 105, "createdAt": "2018-10-09T06:28:15+00:00", "shoeSize": "11", "productId": null, "skuUuid": "f330641a-f7f9-4bff-aaf7-f80c000ec1f4", "state": "480", "customerId": null, "localAmount": 105, "localCurrency": "USD"}, {"chainId": "12834262452027737867", "amount": 150, "createdAt": "2018-10-04T15:51:40+00:00", "shoeSize": "12", "productId": null, "skuUuid": "3bb34f1f-fe99-4244-9453-fa40a152e489", "state": "480", "customerId": null, "localAmount": 150, "localCurrency": "USD"}, {"chainId": "12834260966574077486", "amount": 150, "createdAt": "2018-10-03T16:38:41+00:00", "shoeSize": "8", "productId": null, "skuUuid": "2f6cdb25-0e3b-402f-a6f3-b22348a35f98", "state": "480", "customerId": null, "localAmount": 150, "localCurrency": "USD"}, {"chainId": "12858147189308000462", "amount": 90, "createdAt": "2018-09-20T11:27:16+00:00", "shoeSize": "11", "productId": null, "skuUuid": "f330641a-f7f9-4bff-aaf7-f80c000ec1f4", "state": "480", "customerId": null, "localAmount": 90, "localCurrency": "USD"}, {"chainId": "12895681697581410010", "amount": 80, "createdAt": "2018-09-18T15:37:34+00:00", "shoeSize": "9", "productId": null, "skuUuid": "fc62e39a-deb9-4983-8150-b29313b2adb8", "state": "480", "customerId": null, "localAmount": 80, "localCurrency": "USD"}, {"chainId": "12887524456019722770", "amount": 70, "createdAt": "2018-09-12T21:52:15+00:00", "shoeSize": "9.5", "productId": null, "skuUuid": "1afc984f-30c3-4ded-83c5-c54504efdff3", "state": "480", "customerId": null, "localAmount": 70, "localCurrency": "USD"}, {"chainId": "12887524570802062581", "amount": 89, "createdAt": "2018-09-11T21:19:28+00:00", "shoeSize": "11", "productId": null, "skuUuid": "f330641a-f7f9-4bff-aaf7-f80c000ec1f4", "state": "480", "customerId": null, "localAmount": 89, "localCurrency": "USD"}, {"chainId": "12874758779958822280", "amount": 85, "createdAt": "2018-09-02T00:16:25+00:00", "shoeSize": "10", "productId": null, "skuUuid": "e711325a-910e-4be8-9aa3-e338d3838fea", "state": "480", "customerId": null, "localAmount": 85, "localCurrency": "USD"}, {"chainId": "12881956424810533341", "amount": 85, "createdAt": "2018-08-30T17:07:56+00:00", "shoeSize": "14", "productId": null, "skuUuid": "737d7564-2777-43a5-a410-d17707255319", "state": "480", "customerId": null, "localAmount": 85, "localCurrency": "USD"}, {"chainId": "12861566759732814850", "amount": 175, "createdAt": "2018-08-15T15:59:58+00:00", "shoeSize": "11.5", "productId": null, "skuUuid": "c833bf68-8b77-4bfc-8311-fc1012b16b26", "state": "480", "customerId": null, "localAmount": 175, "localCurrency": "USD"}]