[{"chainId": "12420336799002594664", "amount": 160, "createdAt": "2016-12-10T05:15:54+00:00", "shoeSize": "8.5", "productId": null, "skuUuid": "7f5a9f3b-4da8-4e5b-8fca-8c34c4bdaa32", "state": "480", "customerId": null, "localAmount": 160, "localCurrency": "USD"}, {"chainId": "12389287083834785072", "amount": 160, "createdAt": "2016-12-09T15:52:06+00:00", "shoeSize": "14", "productId": null, "skuUuid": "fa54f1a2-53f2-4ba5-9e01-633a63f69261", "state": "480", "customerId": null, "localAmount": 160, "localCurrency": "USD"}, {"chainId": "12420336801391319023", "amount": 160, "createdAt": "2016-12-07T12:48:58+00:00", "shoeSize": "9", "productId": null, "skuUuid": "685458c7-9373-498e-b944-035fa58357ed", "state": "480", "customerId": null, "localAmount": 160, "localCurrency": "USD"}, {"chainId": "12423476194282934374", "amount": 180, "createdAt": "2016-12-05T13:24:09+00:00", "shoeSize": "11.5", "productId": null, "skuUuid": "4506d51d-d224-4ee3-8124-474dc4c80714", "state": "480", "customerId": null, "localAmount": 180, "localCurrency": "USD"}, {"chainId": "12422582241728644030", "amount": 165, "createdAt": "2016-12-04T21:33:23+00:00", "shoeSize": "12", "productId": null, "skuUuid": "53bd927a-659a-4eac-a42f-2173c48c7ab2", "state": "480", "customerId": null, "localAmount": 165, "localCurrency": "USD"}, {"chainId": "12420336794296501331", "amount": 160, "createdAt": "2016-12-04T00:06:08+00:00", "shoeSize": "12", "productId": null, "skuUuid": "53bd927a-659a-4eac-a42f-2173c48c7ab2", "state": "480", "customerId": null, "localAmount": 160, "localCurrency": "USD"}, {"chainId": "12389287083703819036", "amount": 160, "createdAt": "2016-12-03T14:19:54+00:00", "shoeSize": "14", "productId": null, "skuUuid": "fa54f1a2-53f2-4ba5-9e01-633a63f69261", "state": "480", "customerId": null, "localAmount": 160, "localCurrency": "USD"}, {"chainId": "12389287090775113215", "amount": 160, "createdAt": "2016-12-03T13:27:36+00:00", "shoeSize": "8", "productId": null, "skuUuid": "79319bb6-700a-49e0-b95f-f49201470b1c", "state": "480", "customerId": null, "localAmount": 160, "localCurrency": "USD"}, {"chainId": "12414730382368974220", "amount": 135, "createdAt": "2016-12-02T16:18:45+00:00", "shoeSize": "13", "productId": null, "skuUuid": "21040e14-7338-4ed7-bf88-59533cbbf919", "state": "480", "customerId": null, "localAmount": 135, "localCurrency": "USD"}, {"chainId": "12418520321933847175", "amount": 160, "createdAt": "2016-11-28T19:09:30+00:00", "shoeSize": "13", "productId": null, "skuUuid": "21040e14-7338-4ed7-bf88-59533cbbf919", "state": "480", "customerId": null, "localAmount": 160, "localCurrency": "USD"}, {"chainId": "12389287091087232996", "amount": 160, "createdAt": "2016-11-28T18:38:35+00:00", "shoeSize": "8", "productId": null, "skuUuid": "79319bb6-700a-49e0-b95f-f49201470b1c", "state": "480", "customerId": null, "localAmount": 160, "localCurrency": "USD"}, {"chainId": "12417750567902473094", "amount": 168, "createdAt": "2016-11-28T05:33:43+00:00", "shoeSize": "13", "productId": null, "skuUuid": "21040e14-7338-4ed7-bf88-59533cbbf919", "state": "480", "customerId": null, "localAmount": 168, "localCurrency": "USD"}, {"chainId": "12417674549437937283", "amount": 160, "createdAt": "2016-11-27T08:40:30+00:00", "shoeSize": "13", "productId": null, "skuUuid": "21040e14-7338-4ed7-bf88-59533cbbf919", "state": "480", "customerId": null, "localAmount": 160, "localCurrency": "USD"}, {"chainId": "12417069733678505077", "amount": 160, "createdAt": "2016-11-26T17:48:00+00:00", "shoeSize": "9.5", "productId": null, "skuUuid": "4149d5f5-47ec-4a09-9f3a-0650dfb6e256", "state": "480", "customerId": null, "localAmount": 160, "localCurrency": "USD"}, {"chainId": "12416708497920286058", "amount": 160, "createdAt": "2016-11-26T00:26:36+00:00", "shoeSize": "9", "productId": null, "skuUuid": "685458c7-9373-498e-b944-035fa58357ed", "state": "480", "customerId": null, "localAmount": 160, "localCurrency": "USD"}, {"chainId": "12389287085143054283", "amount": 225, "createdAt": "2016-11-26T00:17:00+00:00", "shoeSize": "15", "productId": null, "skuUuid": "28b8d1e0-5c72-4e15-a403-ab396a266929", "state": "480", "customerId": null, "localAmount": 225, "localCurrency": "USD"}, {"chainId": "12389287098288799765", "amount": 160, "createdAt": "2016-11-25T22:06:36+00:00", "shoeSize": "9.5", "productId": null, "skuUuid": "4149d5f5-47ec-4a09-9f3a-0650dfb6e256", "state": "480", "customerId": null, "localAmount": 160, "localCurrency": "USD"}, {"chainId": "12389287090195212360", "amount": 180, "createdAt": "2016-11-25T21:30:08+00:00", "shoeSize": "8", "productId": null, "skuUuid": "79319bb6-700a-49e0-b95f-f49201470b1c", "state": "480", "customerId": null, "localAmount": 180, "localCurrency": "USD"}, {"chainId": "12389287075408301488", "amount": 180, "createdAt": "2016-11-25T09:34:46+00:00", "shoeSize": "11", "productId": null, "skuUuid": "24d32992-82bb-4f65-b834-258233521e34", "state": "480", "customerId": null, "localAmount": 180, "localCurrency": "USD"}, {"chainId": "12389287075859506179", "amount": 180, "createdAt": "2016-11-25T02:59:07+00:00", "shoeSize": "11", "productId": null, "skuUuid": "24d32992-82bb-4f65-b834-258233521e34", "state": "480", "customerId": null, "localAmount": 180, "localCurrency": "USD"}, {"chainId": "12389287073287976917", "amount": 180, "createdAt": "2016-11-24T16:15:39+00:00", "shoeSize": "10.5", "productId": null, "skuUuid": "63c0ee63-d957-4798-82e8-390a7aafaabc", "state": "480", "customerId": null, "localAmount": 180, "localCurrency": "USD"}, {"chainId": "12374427875602921949", "amount": 216, "createdAt": "2016-11-12T03:18:01+00:00", "shoeSize": "9", "productId": null, "skuUuid": "685458c7-9373-498e-b944-035fa58357ed", "state": "480", "customerId": null, "localAmount": 216, "localCurrency": "USD"}, {"chainId": "12403006018882597444", "amount": 165, "createdAt": "2016-11-07T21:19:01+00:00", "shoeSize": "11", "productId": null, "skuUuid": "24d32992-82bb-4f65-b834-258233521e34", "state": "480", "customerId": null, "localAmount": 165, "localCurrency": "USD"}, {"chainId": "12338164216417888555", "amount": 246, "createdAt": "2016-11-02T19:04:31+00:00", "shoeSize": "8.5", "productId": null, "skuUuid": "7f5a9f3b-4da8-4e5b-8fca-8c34c4bdaa32", "state": "480", "customerId": null, "localAmount": 246, "localCurrency": "USD"}, {"chainId": "12389287092593755558", "amount": 160, "createdAt": "2016-10-31T16:58:32+00:00", "shoeSize": "8.5", "productId": null, "skuUuid": "7f5a9f3b-4da8-4e5b-8fca-8c34c4bdaa32", "state": "480", "customerId": null, "localAmount": 160, "localCurrency": "USD"}, {"chainId": "12397984233469751344", "amount": 160, "createdAt": "2016-10-31T15:50:08+00:00", "shoeSize": "8", "productId": null, "skuUuid": "79319bb6-700a-49e0-b95f-f49201470b1c", "state": "480", "customerId": null, "localAmount": 160, "localCurrency": "USD"}, {"chainId": "12397984228769870923", "amount": 160, "createdAt": "2016-10-31T13:40:09+00:00", "shoeSize": "10.5", "productId": null, "skuUuid": "63c0ee63-d957-4798-82e8-390a7aafaabc", "state": "480", "customerId": null, "localAmount": 160, "localCurrency": "USD"}, {"chainId": "12389287072090040417", "amount": 160, "createdAt": "2016-10-31T07:05:45+00:00", "shoeSize": "10", "productId": null, "skuUuid": "5b16fbe8-78c0-4ab6-a9d5-9f550ae20cdd", "state": "480", "customerId": null, "localAmount": 160, "localCurrency": "USD"}, {"chainId": "12389287088598788794", "amount": 160, "createdAt": "2016-10-31T05:58:39+00:00", "shoeSize": "7.5", "productId": null, "skuUuid": "0ce373ae-b3a9-4b26-aa38-b58c8ca1f2f8", "state": "480", "customerId": null, "localAmount": 160, "localCurrency": "USD"}, {"chainId": "12389287088155915500", "amount": 180, "createdAt": "2016-10-30T15:41:43+00:00", "shoeSize": "7.5", "productId": null, "skuUuid": "0ce373ae-b3a9-4b26-aa38-b58c8ca1f2f8", "state": "480", "customerId": null, "localAmount": 180, "localCurrency": "USD"}, {"chainId": "12397138314048676926", "amount": 160, "createdAt": "2016-10-30T12:12:46+00:00", "shoeSize": "11", "productId": null, "skuUuid": "24d32992-82bb-4f65-b834-258233521e34", "state": "480", "customerId": null, "localAmount": 160, "localCurrency": "USD"}, {"chainId": "12389287070216344218", "amount": 180, "createdAt": "2016-10-29T13:48:32+00:00", "shoeSize": "10", "productId": null, "skuUuid": "5b16fbe8-78c0-4ab6-a9d5-9f550ae20cdd", "state": "480", "customerId": null, "localAmount": 180, "localCurrency": "USD"}, {"chainId": "12389287094843822316", "amount": 180, "createdAt": "2016-10-29T10:57:39+00:00", "shoeSize": "9", "productId": null, "skuUuid": "685458c7-9373-498e-b944-035fa58357ed", "state": "480", "customerId": null, "localAmount": 180, "localCurrency": "USD"}, {"chainId": "12395326197248125921", "amount": 160, "createdAt": "2016-10-27T20:06:29+00:00", "shoeSize": "13", "productId": null, "skuUuid": "21040e14-7338-4ed7-bf88-59533cbbf919", "state": "480", "customerId": null, "localAmount": 160, "localCurrency": "USD"}, {"chainId": "12395326197402885563", "amount": 160, "createdAt": "2016-10-27T18:29:18+00:00", "shoeSize": "13", "productId": null, "skuUuid": "21040e14-7338-4ed7-bf88-59533cbbf919", "state": "480", "customerId": null, "localAmount": 160, "localCurrency": "USD"}, {"chainId": "12389287076963560134", "amount": 160, "createdAt": "2016-10-27T02:58:19+00:00", "shoeSize": "11", "productId": null, "skuUuid": "24d32992-82bb-4f65-b834-258233521e34", "state": "480", "customerId": null, "localAmount": 160, "localCurrency": "USD"}, {"chainId": "12389287090911521754", "amount": 160, "createdAt": "2016-10-27T01:06:45+00:00", "shoeSize": "8", "productId": null, "skuUuid": "79319bb6-700a-49e0-b95f-f49201470b1c", "state": "480", "customerId": null, "localAmount": 160, "localCurrency": "USD"}, {"chainId": "12389287071941564397", "amount": 160, "createdAt": "2016-10-27T00:33:39+00:00", "shoeSize": "10", "productId": null, "skuUuid": "5b16fbe8-78c0-4ab6-a9d5-9f550ae20cdd", "state": "480", "customerId": null, "localAmount": 160, "localCurrency": "USD"}, {"chainId": "12389287080502445045", "amount": 160, "createdAt": "2016-10-26T09:54:44+00:00", "shoeSize": "12", "productId": null, "skuUuid": "53bd927a-659a-4eac-a42f-2173c48c7ab2", "state": "480", "customerId": null, "localAmount": 160, "localCurrency": "USD"}, {"chainId": "12358786100754313385", "amount": 216, "createdAt": "2016-10-25T03:07:32+00:00", "shoeSize": "14", "productId": null, "skuUuid": "fa54f1a2-53f2-4ba5-9e01-633a63f69261", "state": "480", "customerId": null, "localAmount": 216, "localCurrency": "USD"}, {"chainId": "12389287080642950743", "amount": 160, "createdAt": "2016-10-23T19:42:26+00:00", "shoeSize": "12", "productId": null, "skuUuid": "53bd927a-659a-4eac-a42f-2173c48c7ab2", "state": "480", "customerId": null, "localAmount": 160, "localCurrency": "USD"}, {"chainId": "12389287080101317567", "amount": 180, "createdAt": "2016-10-22T21:36:43+00:00", "shoeSize": "12", "productId": null, "skuUuid": "53bd927a-659a-4eac-a42f-2173c48c7ab2", "state": "480", "customerId": null, "localAmount": 180, "localCurrency": "USD"}, {"chainId": "12389287098409208487", "amount": 160, "createdAt": "2016-10-21T19:21:13+00:00", "shoeSize": "9.5", "productId": null, "skuUuid": "4149d5f5-47ec-4a09-9f3a-0650dfb6e256", "state": "480", "customerId": null, "localAmount": 160, "localCurrency": "USD"}, {"chainId": "12389362518116999759", "amount": 184, "createdAt": "2016-10-20T01:31:43+00:00", "shoeSize": "9", "productId": null, "skuUuid": "685458c7-9373-498e-b944-035fa58357ed", "state": "480", "customerId": null, "localAmount": 184, "localCurrency": "USD"}, {"chainId": "12389241615805720124", "amount": 173, "createdAt": "2016-10-19T21:31:31+00:00", "shoeSize": "10", "productId": null, "skuUuid": "5b16fbe8-78c0-4ab6-a9d5-9f550ae20cdd", "state": "480", "customerId": null, "localAmount": 173, "localCurrency": "USD"}, {"chainId": "12388682358464943447", "amount": 160, "createdAt": "2016-10-18T17:53:22+00:00", "shoeSize": "15", "productId": null, "skuUuid": "28b8d1e0-5c72-4e15-a403-ab396a266929", "state": "480", "customerId": null, "localAmount": 160, "localCurrency": "USD"}, {"chainId": "12387958412229413782", "amount": 160, "createdAt": "2016-10-17T13:55:39+00:00", "shoeSize": "9", "productId": null, "skuUuid": "685458c7-9373-498e-b944-035fa58357ed", "state": "480", "customerId": null, "localAmount": 160, "localCurrency": "USD"}, {"chainId": "12387593524535072654", "amount": 160, "createdAt": "2016-10-17T04:11:59+00:00", "shoeSize": "10.5", "productId": null, "skuUuid": "63c0ee63-d957-4798-82e8-390a7aafaabc", "state": "480", "customerId": null, "localAmount": 160, "localCurrency": "USD"}, {"chainId": "12386628279653246926", "amount": 160, "createdAt": "2016-10-15T21:32:45+00:00", "shoeSize": "11", "productId": null, "skuUuid": "24d32992-82bb-4f65-b834-258233521e34", "state": "480", "customerId": null, "localAmount": 160, "localCurrency": "USD"}, {"chainId": "12386506971237619252", "amount": 160, "createdAt": "2016-10-15T16:25:46+00:00", "shoeSize": "10.5", "productId": null, "skuUuid": "63c0ee63-d957-4798-82e8-390a7aafaabc", "state": "480", "customerId": null, "localAmount": 160, "localCurrency": "USD"}, {"chainId": "12386506978398246179", "amount": 160, "createdAt": "2016-10-15T15:27:07+00:00", "shoeSize": "7", "productId": null, "skuUuid": "feae0cb7-2e39-476a-a472-fddce0f5c0cb", "state": "480", "customerId": null, "localAmount": 160, "localCurrency": "USD"}, {"chainId": "12386506974915498890", "amount": 160, "createdAt": "2016-10-15T13:21:35+00:00", "shoeSize": "12.5", "productId": null, "skuUuid": "43c07aae-f68a-4389-b16e-4ab4ce7f1403", "state": "480", "customerId": null, "localAmount": 160, "localCurrency": "USD"}, {"chainId": "12385488635954311116", "amount": 135, "createdAt": "2016-10-14T20:10:38+00:00", "shoeSize": "10", "productId": null, "skuUuid": "5b16fbe8-78c0-4ab6-a9d5-9f550ae20cdd", "state": "480", "customerId": null, "localAmount": 135, "localCurrency": "USD"}, {"chainId": "12350126277951722792", "amount": 225, "createdAt": "2016-10-14T16:57:44+00:00", "shoeSize": "9", "productId": null, "skuUuid": "685458c7-9373-498e-b944-035fa58357ed", "state": "480", "customerId": null, "localAmount": 225, "localCurrency": "USD"}, {"chainId": "12384573599642670341", "amount": 160, "createdAt": "2016-10-12T22:38:53+00:00", "shoeSize": "8.5", "productId": null, "skuUuid": "7f5a9f3b-4da8-4e5b-8fca-8c34c4bdaa32", "state": "480", "customerId": null, "localAmount": 160, "localCurrency": "USD"}, {"chainId": "12383124199262842014", "amount": 160, "createdAt": "2016-10-11T00:01:08+00:00", "shoeSize": "9.5", "productId": null, "skuUuid": "4149d5f5-47ec-4a09-9f3a-0650dfb6e256", "state": "480", "customerId": null, "localAmount": 160, "localCurrency": "USD"}, {"chainId": "12383124196553495034", "amount": 160, "createdAt": "2016-10-10T23:57:08+00:00", "shoeSize": "8.5", "productId": null, "skuUuid": "7f5a9f3b-4da8-4e5b-8fca-8c34c4bdaa32", "state": "480", "customerId": null, "localAmount": 160, "localCurrency": "USD"}, {"chainId": "12383124188292653559", "amount": 160, "createdAt": "2016-10-10T23:45:15+00:00", "shoeSize": "13", "productId": null, "skuUuid": "21040e14-7338-4ed7-bf88-59533cbbf919", "state": "480", "customerId": null, "localAmount": 160, "localCurrency": "USD"}, {"chainId": "12383124192404725113", "amount": 160, "createdAt": "2016-10-10T23:44:10+00:00", "shoeSize": "7", "productId": null, "skuUuid": "feae0cb7-2e39-476a-a472-fddce0f5c0cb", "state": "480", "customerId": null, "localAmount": 160, "localCurrency": "USD"}, {"chainId": "12383124186982191151", "amount": 160, "createdAt": "2016-10-10T23:41:28+00:00", "shoeSize": "12.5", "productId": null, "skuUuid": "43c07aae-f68a-4389-b16e-4ab4ce7f1403", "state": "480", "customerId": null, "localAmount": 160, "localCurrency": "USD"}, {"chainId": "12383124183764527994", "amount": 160, "createdAt": "2016-10-10T23:36:12+00:00", "shoeSize": "11", "productId": null, "skuUuid": "24d32992-82bb-4f65-b834-258233521e34", "state": "480", "customerId": null, "localAmount": 160, "localCurrency": "USD"}, {"chainId": "12383124189825657033", "amount": 160, "createdAt": "2016-10-10T23:15:26+00:00", "shoeSize": "14", "productId": null, "skuUuid": "fa54f1a2-53f2-4ba5-9e01-633a63f69261", "state": "480", "customerId": null, "localAmount": 160, "localCurrency": "USD"}, {"chainId": "12383124189704293448", "amount": 160, "createdAt": "2016-10-10T23:13:07+00:00", "shoeSize": "14", "productId": null, "skuUuid": "fa54f1a2-53f2-4ba5-9e01-633a63f69261", "state": "480", "customerId": null, "localAmount": 160, "localCurrency": "USD"}, {"chainId": "12383124192536999048", "amount": 160, "createdAt": "2016-10-10T23:04:32+00:00", "shoeSize": "7", "productId": null, "skuUuid": "feae0cb7-2e39-476a-a472-fddce0f5c0cb", "state": "480", "customerId": null, "localAmount": 160, "localCurrency": "USD"}, {"chainId": "12383124185750482319", "amount": 160, "createdAt": "2016-10-10T22:58:41+00:00", "shoeSize": "12", "productId": null, "skuUuid": "53bd927a-659a-4eac-a42f-2173c48c7ab2", "state": "480", "customerId": null, "localAmount": 160, "localCurrency": "USD"}, {"chainId": "12383124198040919104", "amount": 160, "createdAt": "2016-10-10T22:39:22+00:00", "shoeSize": "9", "productId": null, "skuUuid": "685458c7-9373-498e-b944-035fa58357ed", "state": "480", "customerId": null, "localAmount": 160, "localCurrency": "USD"}, {"chainId": "12383124195271994666", "amount": 160, "createdAt": "2016-10-10T22:12:11+00:00", "shoeSize": "8", "productId": null, "skuUuid": "79319bb6-700a-49e0-b95f-f49201470b1c", "state": "480", "customerId": null, "localAmount": 160, "localCurrency": "USD"}, {"chainId": "12383124185869645006", "amount": 160, "createdAt": "2016-10-10T21:57:41+00:00", "shoeSize": "12", "productId": null, "skuUuid": "53bd927a-659a-4eac-a42f-2173c48c7ab2", "state": "480", "customerId": null, "localAmount": 160, "localCurrency": "USD"}, {"chainId": "12383124188475705122", "amount": 160, "createdAt": "2016-10-10T21:55:28+00:00", "shoeSize": "13", "productId": null, "skuUuid": "21040e14-7338-4ed7-bf88-59533cbbf919", "state": "480", "customerId": null, "localAmount": 160, "localCurrency": "USD"}, {"chainId": "12383124183624199268", "amount": 160, "createdAt": "2016-10-10T21:48:45+00:00", "shoeSize": "11", "productId": null, "skuUuid": "24d32992-82bb-4f65-b834-258233521e34", "state": "480", "customerId": null, "localAmount": 160, "localCurrency": "USD"}, {"chainId": "12383124182181472890", "amount": 160, "createdAt": "2016-10-10T21:48:04+00:00", "shoeSize": "10.5", "productId": null, "skuUuid": "63c0ee63-d957-4798-82e8-390a7aafaabc", "state": "480", "customerId": null, "localAmount": 160, "localCurrency": "USD"}, {"chainId": "12383124193890367547", "amount": 160, "createdAt": "2016-10-10T20:43:15+00:00", "shoeSize": "7.5", "productId": null, "skuUuid": "0ce373ae-b3a9-4b26-aa38-b58c8ca1f2f8", "state": "480", "customerId": null, "localAmount": 160, "localCurrency": "USD"}, {"chainId": "12383124191015267498", "amount": 160, "createdAt": "2016-10-10T20:40:48+00:00", "shoeSize": "15", "productId": null, "skuUuid": "28b8d1e0-5c72-4e15-a403-ab396a266929", "state": "480", "customerId": null, "localAmount": 160, "localCurrency": "USD"}, {"chainId": "12383124180632281481", "amount": 160, "createdAt": "2016-10-10T20:33:35+00:00", "shoeSize": "10", "productId": null, "skuUuid": "5b16fbe8-78c0-4ab6-a9d5-9f550ae20cdd", "state": "480", "customerId": null, "localAmount": 160, "localCurrency": "USD"}, {"chainId": "12381752159889708389", "amount": 186, "createdAt": "2016-10-09T13:31:18+00:00", "shoeSize": "12", "productId": null, "skuUuid": "53bd927a-659a-4eac-a42f-2173c48c7ab2", "state": "480", "customerId": null, "localAmount": 186, "localCurrency": "USD"}, {"chainId": "12381752163043030043", "amount": 179, "createdAt": "2016-10-09T13:31:18+00:00", "shoeSize": "14", "productId": null, "skuUuid": "fa54f1a2-53f2-4ba5-9e01-633a63f69261", "state": "480", "customerId": null, "localAmount": 179, "localCurrency": "USD"}, {"chainId": "12381313278192551529", "amount": 180, "createdAt": "2016-10-08T13:18:31+00:00", "shoeSize": "13", "productId": null, "skuUuid": "21040e14-7338-4ed7-bf88-59533cbbf919", "state": "480", "customerId": null, "localAmount": 180, "localCurrency": "USD"}, {"chainId": "12381192723840276503", "amount": 200, "createdAt": "2016-10-08T05:56:27+00:00", "shoeSize": "8.5", "productId": null, "skuUuid": "7f5a9f3b-4da8-4e5b-8fca-8c34c4bdaa32", "state": "480", "customerId": null, "localAmount": 200, "localCurrency": "USD"}, {"chainId": "12375515374411208484", "amount": 180, "createdAt": "2016-10-07T13:43:02+00:00", "shoeSize": "12", "productId": null, "skuUuid": "53bd927a-659a-4eac-a42f-2173c48c7ab2", "state": "480", "customerId": null, "localAmount": 180, "localCurrency": "USD"}, {"chainId": "12361139197308467785", "amount": 180, "createdAt": "2016-10-05T18:26:24+00:00", "shoeSize": "10", "productId": null, "skuUuid": "5b16fbe8-78c0-4ab6-a9d5-9f550ae20cdd", "state": "480", "customerId": null, "localAmount": 180, "localCurrency": "USD"}, {"chainId": "12377691120724828114", "amount": 180, "createdAt": "2016-10-03T13:21:27+00:00", "shoeSize": "13", "productId": null, "skuUuid": "21040e14-7338-4ed7-bf88-59533cbbf919", "state": "480", "customerId": null, "localAmount": 180, "localCurrency": "USD"}, {"chainId": "12376242185553177929", "amount": 180, "createdAt": "2016-10-01T07:03:34+00:00", "shoeSize": "9.5", "productId": null, "skuUuid": "4149d5f5-47ec-4a09-9f3a-0650dfb6e256", "state": "480", "customerId": null, "localAmount": 180, "localCurrency": "USD"}, {"chainId": "12376242177568144122", "amount": 180, "createdAt": "2016-10-01T06:01:19+00:00", "shoeSize": "12", "productId": null, "skuUuid": "53bd927a-659a-4eac-a42f-2173c48c7ab2", "state": "480", "customerId": null, "localAmount": 180, "localCurrency": "USD"}, {"chainId": "12371361641307151848", "amount": 194, "createdAt": "2016-09-25T05:27:12+00:00", "shoeSize": "10.5", "productId": null, "skuUuid": "63c0ee63-d957-4798-82e8-390a7aafaabc", "state": "480", "customerId": null, "localAmount": 194, "localCurrency": "USD"}, {"chainId": "12371528413928089174", "amount": 180, "createdAt": "2016-09-24T20:40:55+00:00", "shoeSize": "10", "productId": null, "skuUuid": "5b16fbe8-78c0-4ab6-a9d5-9f550ae20cdd", "state": "480", "customerId": null, "localAmount": 180, "localCurrency": "USD"}, {"chainId": "12371286847846124237", "amount": 180, "createdAt": "2016-09-24T14:50:48+00:00", "shoeSize": "10.5", "productId": null, "skuUuid": "63c0ee63-d957-4798-82e8-390a7aafaabc", "state": "480", "customerId": null, "localAmount": 180, "localCurrency": "USD"}, {"chainId": "12371286849163467720", "amount": 180, "createdAt": "2016-09-24T14:03:03+00:00", "shoeSize": "11", "productId": null, "skuUuid": "24d32992-82bb-4f65-b834-258233521e34", "state": "480", "customerId": null, "localAmount": 180, "localCurrency": "USD"}, {"chainId": "12371047608879945057", "amount": 180, "createdAt": "2016-09-24T12:09:57+00:00", "shoeSize": "11.5", "productId": null, "skuUuid": "4506d51d-d224-4ee3-8124-474dc4c80714", "state": "480", "customerId": null, "localAmount": 180, "localCurrency": "USD"}, {"chainId": "12370803402259865820", "amount": 180, "createdAt": "2016-09-23T19:46:54+00:00", "shoeSize": "11.5", "productId": null, "skuUuid": "4506d51d-d224-4ee3-8124-474dc4c80714", "state": "480", "customerId": null, "localAmount": 180, "localCurrency": "USD"}, {"chainId": "12369233701383056965", "amount": 180, "createdAt": "2016-09-21T22:42:12+00:00", "shoeSize": "8.5", "productId": null, "skuUuid": "7f5a9f3b-4da8-4e5b-8fca-8c34c4bdaa32", "state": "480", "customerId": null, "localAmount": 180, "localCurrency": "USD"}, {"chainId": "12365971948871662934", "amount": 180, "createdAt": "2016-09-17T07:43:53+00:00", "shoeSize": "9.5", "productId": null, "skuUuid": "4149d5f5-47ec-4a09-9f3a-0650dfb6e256", "state": "480", "customerId": null, "localAmount": 180, "localCurrency": "USD"}, {"chainId": "12365971949004385070", "amount": 180, "createdAt": "2016-09-17T04:58:46+00:00", "shoeSize": "9.5", "productId": null, "skuUuid": "4149d5f5-47ec-4a09-9f3a-0650dfb6e256", "state": "480", "customerId": null, "localAmount": 180, "localCurrency": "USD"}, {"chainId": "12364764856407761775", "amount": 180, "createdAt": "2016-09-15T19:23:48+00:00", "shoeSize": "9.5", "productId": null, "skuUuid": "4149d5f5-47ec-4a09-9f3a-0650dfb6e256", "state": "480", "customerId": null, "localAmount": 180, "localCurrency": "USD"}, {"chainId": "12364523515827703920", "amount": 180, "createdAt": "2016-09-15T11:32:05+00:00", "shoeSize": "9", "productId": null, "skuUuid": "685458c7-9373-498e-b944-035fa58357ed", "state": "480", "customerId": null, "localAmount": 180, "localCurrency": "USD"}, {"chainId": "12363194712515921093", "amount": 200, "createdAt": "2016-09-13T14:57:33+00:00", "shoeSize": "12", "productId": null, "skuUuid": "53bd927a-659a-4eac-a42f-2173c48c7ab2", "state": "480", "customerId": null, "localAmount": 200, "localCurrency": "USD"}, {"chainId": "12363194717932106929", "amount": 180, "createdAt": "2016-09-13T14:21:14+00:00", "shoeSize": "8.5", "productId": null, "skuUuid": "7f5a9f3b-4da8-4e5b-8fca-8c34c4bdaa32", "state": "480", "customerId": null, "localAmount": 180, "localCurrency": "USD"}, {"chainId": "12362348593783890123", "amount": 180, "createdAt": "2016-09-12T10:23:46+00:00", "shoeSize": "9.5", "productId": null, "skuUuid": "4149d5f5-47ec-4a09-9f3a-0650dfb6e256", "state": "480", "customerId": null, "localAmount": 180, "localCurrency": "USD"}, {"chainId": "12360733801323386107", "amount": 183, "createdAt": "2016-09-10T13:31:34+00:00", "shoeSize": "14", "productId": null, "skuUuid": "fa54f1a2-53f2-4ba5-9e01-633a63f69261", "state": "480", "customerId": null, "localAmount": 183, "localCurrency": "USD"}, {"chainId": "12360536080343056953", "amount": 180, "createdAt": "2016-09-10T09:24:28+00:00", "shoeSize": "12", "productId": null, "skuUuid": "53bd927a-659a-4eac-a42f-2173c48c7ab2", "state": "480", "customerId": null, "localAmount": 180, "localCurrency": "USD"}, {"chainId": "12360778066563558830", "amount": 180, "createdAt": "2016-09-10T02:52:45+00:00", "shoeSize": "13", "productId": null, "skuUuid": "21040e14-7338-4ed7-bf88-59533cbbf919", "state": "480", "customerId": null, "localAmount": 180, "localCurrency": "USD"}, {"chainId": "12360778063064128173", "amount": 180, "createdAt": "2016-09-10T00:55:52+00:00", "shoeSize": "10.5", "productId": null, "skuUuid": "63c0ee63-d957-4798-82e8-390a7aafaabc", "state": "480", "customerId": null, "localAmount": 180, "localCurrency": "USD"}, {"chainId": "12360536076847442053", "amount": 180, "createdAt": "2016-09-09T19:12:35+00:00", "shoeSize": "10", "productId": null, "skuUuid": "5b16fbe8-78c0-4ab6-a9d5-9f550ae20cdd", "state": "480", "customerId": null, "localAmount": 180, "localCurrency": "USD"}, {"chainId": "12360656956903230762", "amount": 185, "createdAt": "2016-09-09T17:55:18+00:00", "shoeSize": "7.5", "productId": null, "skuUuid": "0ce373ae-b3a9-4b26-aa38-b58c8ca1f2f8", "state": "480", "customerId": null, "localAmount": 185, "localCurrency": "USD"}, {"chainId": "12359485547623265337", "amount": 175, "createdAt": "2016-09-08T20:11:31+00:00", "shoeSize": "12", "productId": null, "skuUuid": "53bd927a-659a-4eac-a42f-2173c48c7ab2", "state": "480", "customerId": null, "localAmount": 175, "localCurrency": "USD"}, {"chainId": "12359485545814944196", "amount": 168, "createdAt": "2016-09-08T20:11:31+00:00", "shoeSize": "12", "productId": null, "skuUuid": "53bd927a-659a-4eac-a42f-2173c48c7ab2", "state": "480", "customerId": null, "localAmount": 168, "localCurrency": "USD"}, {"chainId": "12359450563959710082", "amount": 176, "createdAt": "2016-09-08T19:02:00+00:00", "shoeSize": "12", "productId": null, "skuUuid": "53bd927a-659a-4eac-a42f-2173c48c7ab2", "state": "480", "customerId": null, "localAmount": 176, "localCurrency": "USD"}, {"chainId": "12359450561753275033", "amount": 169, "createdAt": "2016-09-08T19:02:00+00:00", "shoeSize": "12", "productId": null, "skuUuid": "53bd927a-659a-4eac-a42f-2173c48c7ab2", "state": "480", "customerId": null, "localAmount": 169, "localCurrency": "USD"}, {"chainId": "12359690940415962421", "amount": 180, "createdAt": "2016-09-08T16:07:23+00:00", "shoeSize": "8", "productId": null, "skuUuid": "79319bb6-700a-49e0-b95f-f49201470b1c", "state": "480", "customerId": null, "localAmount": 180, "localCurrency": "USD"}, {"chainId": "12358785701712024285", "amount": 200, "createdAt": "2016-09-06T16:17:45+00:00", "shoeSize": "13", "productId": null, "skuUuid": "21040e14-7338-4ed7-bf88-59533cbbf919", "state": "480", "customerId": null, "localAmount": 200, "localCurrency": "USD"}, {"chainId": "12358785696791576140", "amount": 200, "createdAt": "2016-09-05T10:49:26+00:00", "shoeSize": "10", "productId": null, "skuUuid": "5b16fbe8-78c0-4ab6-a9d5-9f550ae20cdd", "state": "480", "customerId": null, "localAmount": 200, "localCurrency": "USD"}, {"chainId": "12358785699742877928", "amount": 180, "createdAt": "2016-09-04T19:36:11+00:00", "shoeSize": "11.5", "productId": null, "skuUuid": "4506d51d-d224-4ee3-8124-474dc4c80714", "state": "480", "customerId": null, "localAmount": 180, "localCurrency": "USD"}, {"chainId": "12353043245157272659", "amount": 225, "createdAt": "2016-08-30T09:38:03+00:00", "shoeSize": "8", "productId": null, "skuUuid": "79319bb6-700a-49e0-b95f-f49201470b1c", "state": "480", "customerId": null, "localAmount": 225, "localCurrency": "USD"}, {"chainId": "12349522031665679449", "amount": 175, "createdAt": "2016-08-25T18:49:42+00:00", "shoeSize": "11", "productId": null, "skuUuid": "24d32992-82bb-4f65-b834-258233521e34", "state": "480", "customerId": null, "localAmount": 175, "localCurrency": "USD"}, {"chainId": "12347469230538199448", "amount": 175, "createdAt": "2016-08-22T23:52:55+00:00", "shoeSize": "11", "productId": null, "skuUuid": "24d32992-82bb-4f65-b834-258233521e34", "state": "480", "customerId": null, "localAmount": 175, "localCurrency": "USD"}, {"chainId": "12345921965901185452", "amount": 175, "createdAt": "2016-08-20T17:42:57+00:00", "shoeSize": "11", "productId": null, "skuUuid": "24d32992-82bb-4f65-b834-258233521e34", "state": "480", "customerId": null, "localAmount": 175, "localCurrency": "USD"}, {"chainId": "12345437731617512954", "amount": 175, "createdAt": "2016-08-20T00:12:39+00:00", "shoeSize": "10", "productId": null, "skuUuid": "5b16fbe8-78c0-4ab6-a9d5-9f550ae20cdd", "state": "480", "customerId": null, "localAmount": 175, "localCurrency": "USD"}, {"chainId": "12345189335121480084", "amount": 175, "createdAt": "2016-08-19T08:03:12+00:00", "shoeSize": "8", "productId": null, "skuUuid": "79319bb6-700a-49e0-b95f-f49201470b1c", "state": "480", "customerId": null, "localAmount": 175, "localCurrency": "USD"}, {"chainId": "12344591965001609949", "amount": 225, "createdAt": "2016-08-18T18:06:07+00:00", "shoeSize": "8.5", "productId": null, "skuUuid": "7f5a9f3b-4da8-4e5b-8fca-8c34c4bdaa32", "state": "480", "customerId": null, "localAmount": 225, "localCurrency": "USD"}, {"chainId": "12343987370381076158", "amount": 175, "createdAt": "2016-08-18T02:30:54+00:00", "shoeSize": "12", "productId": null, "skuUuid": "53bd927a-659a-4eac-a42f-2173c48c7ab2", "state": "480", "customerId": null, "localAmount": 175, "localCurrency": "USD"}, {"chainId": "12340942353822565578", "amount": 225, "createdAt": "2016-08-13T17:41:28+00:00", "shoeSize": "9", "productId": null, "skuUuid": "685458c7-9373-498e-b944-035fa58357ed", "state": "480", "customerId": null, "localAmount": 225, "localCurrency": "USD"}, {"chainId": "12340821495267856599", "amount": 225, "createdAt": "2016-08-13T12:06:12+00:00", "shoeSize": "8.5", "productId": null, "skuUuid": "7f5a9f3b-4da8-4e5b-8fca-8c34c4bdaa32", "state": "480", "customerId": null, "localAmount": 225, "localCurrency": "USD"}, {"chainId": "12340338408437459378", "amount": 225, "createdAt": "2016-08-12T20:09:13+00:00", "shoeSize": "9.5", "productId": null, "skuUuid": "4149d5f5-47ec-4a09-9f3a-0650dfb6e256", "state": "480", "customerId": null, "localAmount": 225, "localCurrency": "USD"}, {"chainId": "12339855149516382053", "amount": 225, "createdAt": "2016-08-12T05:59:08+00:00", "shoeSize": "8.5", "productId": null, "skuUuid": "7f5a9f3b-4da8-4e5b-8fca-8c34c4bdaa32", "state": "480", "customerId": null, "localAmount": 225, "localCurrency": "USD"}, {"chainId": "12339372016236845608", "amount": 225, "createdAt": "2016-08-11T15:19:11+00:00", "shoeSize": "13", "productId": null, "skuUuid": "21040e14-7338-4ed7-bf88-59533cbbf919", "state": "480", "customerId": null, "localAmount": 225, "localCurrency": "USD"}, {"chainId": "12338526348200334406", "amount": 266, "createdAt": "2016-08-11T00:10:33+00:00", "shoeSize": "9", "productId": null, "skuUuid": "685458c7-9373-498e-b944-035fa58357ed", "state": "480", "customerId": null, "localAmount": 266, "localCurrency": "USD"}, {"chainId": "12338768043360931319", "amount": 225, "createdAt": "2016-08-10T13:58:22+00:00", "shoeSize": "10.5", "productId": null, "skuUuid": "63c0ee63-d957-4798-82e8-390a7aafaabc", "state": "480", "customerId": null, "localAmount": 225, "localCurrency": "USD"}, {"chainId": "12338526350501217193", "amount": 225, "createdAt": "2016-08-10T07:07:46+00:00", "shoeSize": "11.5", "productId": null, "skuUuid": "4506d51d-d224-4ee3-8124-474dc4c80714", "state": "480", "customerId": null, "localAmount": 225, "localCurrency": "USD"}, {"chainId": "12338164219879830903", "amount": 225, "createdAt": "2016-08-09T21:15:05+00:00", "shoeSize": "9", "productId": null, "skuUuid": "685458c7-9373-498e-b944-035fa58357ed", "state": "480", "customerId": null, "localAmount": 225, "localCurrency": "USD"}, {"chainId": "12338043618776641520", "amount": 225, "createdAt": "2016-08-09T17:25:24+00:00", "shoeSize": "10", "productId": null, "skuUuid": "5b16fbe8-78c0-4ab6-a9d5-9f550ae20cdd", "state": "480", "customerId": null, "localAmount": 225, "localCurrency": "USD"}, {"chainId": "12338043619611679867", "amount": 225, "createdAt": "2016-08-09T17:08:55+00:00", "shoeSize": "10.5", "productId": null, "skuUuid": "63c0ee63-d957-4798-82e8-390a7aafaabc", "state": "480", "customerId": null, "localAmount": 225, "localCurrency": "USD"}]