[{"chainId": "12984930843573145862", "amount": 88, "createdAt": "2019-01-21T16:59:04+00:00", "shoeSize": "10", "productId": null, "skuUuid": "743bbfe3-2a19-4549-8901-0ddb99c17d51", "state": "480", "customerId": null, "localAmount": 88, "localCurrency": "USD"}, {"chainId": "12984931016592855606", "amount": 92, "createdAt": "2019-01-19T20:09:43+00:00", "shoeSize": "10.5", "productId": null, "skuUuid": "417dc4f8-87de-4c18-b930-32ae84576e2e", "state": "480", "customerId": null, "localAmount": 92, "localCurrency": "USD"}, {"chainId": "12984931213210458638", "amount": 95, "createdAt": "2019-01-19T20:09:09+00:00", "shoeSize": "11", "productId": null, "skuUuid": "884a3302-1eb9-4100-a6bb-10c3eda7a025", "state": "480", "customerId": null, "localAmount": 95, "localCurrency": "USD"}, {"chainId": "12977392364465984794", "amount": 100, "createdAt": "2019-01-19T05:33:49+00:00", "shoeSize": "10.5", "productId": null, "skuUuid": "417dc4f8-87de-4c18-b930-32ae84576e2e", "state": "480", "customerId": null, "localAmount": 100, "localCurrency": "USD"}, {"chainId": "12984336857389798042", "amount": 100, "createdAt": "2019-01-19T00:52:38+00:00", "shoeSize": "10", "productId": null, "skuUuid": "743bbfe3-2a19-4549-8901-0ddb99c17d51", "state": "480", "customerId": null, "localAmount": 100, "localCurrency": "USD"}, {"chainId": "12977392215449959478", "amount": 100, "createdAt": "2019-01-12T23:01:37+00:00", "shoeSize": "11", "productId": null, "skuUuid": "884a3302-1eb9-4100-a6bb-10c3eda7a025", "state": "480", "customerId": null, "localAmount": 100, "localCurrency": "USD"}, {"chainId": "12959490446556467402", "amount": 125, "createdAt": "2019-01-09T23:18:32+00:00", "shoeSize": "12", "productId": null, "skuUuid": "b9c187bc-ad26-4803-85de-5dd935358661", "state": "480", "customerId": null, "localAmount": 125, "localCurrency": "USD"}, {"chainId": "12977229644607005504", "amount": 83, "createdAt": "2019-01-09T03:58:48+00:00", "shoeSize": "11", "productId": null, "skuUuid": "884a3302-1eb9-4100-a6bb-10c3eda7a025", "state": "480", "customerId": null, "localAmount": 83, "localCurrency": "USD"}, {"chainId": "12951902933680215679", "amount": 94.1581, "createdAt": "2019-01-08T14:42:19+00:00", "shoeSize": "11", "productId": null, "skuUuid": "884a3302-1eb9-4100-a6bb-10c3eda7a025", "state": "480", "customerId": null, "localAmount": 95, "localCurrency": "USD"}, {"chainId": "12976499961219625866", "amount": 88, "createdAt": "2019-01-08T07:50:48+00:00", "shoeSize": "10", "productId": null, "skuUuid": "743bbfe3-2a19-4549-8901-0ddb99c17d51", "state": "480", "customerId": null, "localAmount": 88, "localCurrency": "USD"}, {"chainId": "12617231757220114866", "amount": 100, "createdAt": "2019-01-06T23:26:12+00:00", "shoeSize": "9.5", "productId": null, "skuUuid": "d7be72fc-812c-47cc-a2d9-d9eb493c50a0", "state": "480", "customerId": null, "localAmount": 100, "localCurrency": "USD"}, {"chainId": "12974137896905724432", "amount": 83, "createdAt": "2019-01-04T21:36:04+00:00", "shoeSize": "10.5", "productId": null, "skuUuid": "417dc4f8-87de-4c18-b930-32ae84576e2e", "state": "480", "customerId": null, "localAmount": 83, "localCurrency": "USD"}, {"chainId": "12974137546132019227", "amount": 90, "createdAt": "2019-01-04T21:35:20+00:00", "shoeSize": "10.5", "productId": null, "skuUuid": "417dc4f8-87de-4c18-b930-32ae84576e2e", "state": "480", "customerId": null, "localAmount": 90, "localCurrency": "USD"}, {"chainId": "12974137326219957393", "amount": 85, "createdAt": "2019-01-04T21:34:54+00:00", "shoeSize": "8", "productId": null, "skuUuid": "942e918d-3dbe-4823-89d3-82da25913a29", "state": "480", "customerId": null, "localAmount": 85, "localCurrency": "USD"}, {"chainId": "12960944181467302249", "amount": 105, "createdAt": "2018-12-27T17:42:32+00:00", "shoeSize": "10", "productId": null, "skuUuid": "743bbfe3-2a19-4549-8901-0ddb99c17d51", "state": "480", "customerId": null, "localAmount": 105, "localCurrency": "USD"}, {"chainId": "12967634003197275257", "amount": 93, "createdAt": "2018-12-27T17:02:07+00:00", "shoeSize": "8.5", "productId": null, "skuUuid": "3440bae8-d5a5-4a67-870f-a1ef8e3cba04", "state": "480", "customerId": null, "localAmount": 93, "localCurrency": "USD"}, {"chainId": "12967655443658456968", "amount": 93.3498, "createdAt": "2018-12-27T17:01:39+00:00", "shoeSize": "10.5", "productId": null, "skuUuid": "417dc4f8-87de-4c18-b930-32ae84576e2e", "state": "480", "customerId": null, "localAmount": 94, "localCurrency": "USD"}, {"chainId": "12964924731172967859", "amount": 94, "createdAt": "2018-12-23T04:31:07+00:00", "shoeSize": "8", "productId": null, "skuUuid": "942e918d-3dbe-4823-89d3-82da25913a29", "state": "480", "customerId": null, "localAmount": 94, "localCurrency": "USD"}, {"chainId": "12964922782001847314", "amount": 96, "createdAt": "2018-12-23T04:27:16+00:00", "shoeSize": "11", "productId": null, "skuUuid": "884a3302-1eb9-4100-a6bb-10c3eda7a025", "state": "480", "customerId": null, "localAmount": 96, "localCurrency": "USD"}, {"chainId": "12928356605872428649", "amount": 106.6733, "createdAt": "2018-12-17T16:34:26+00:00", "shoeSize": "10", "productId": null, "skuUuid": "743bbfe3-2a19-4549-8901-0ddb99c17d51", "state": "480", "customerId": null, "localAmount": 107, "localCurrency": "USD"}, {"chainId": "12877166399637530960", "amount": 140, "createdAt": "2018-12-11T09:48:28+00:00", "shoeSize": "10.5", "productId": null, "skuUuid": "417dc4f8-87de-4c18-b930-32ae84576e2e", "state": "480", "customerId": null, "localAmount": 140, "localCurrency": "USD"}, {"chainId": "12955941033193080768", "amount": 84, "createdAt": "2018-12-10T19:02:07+00:00", "shoeSize": "10", "productId": null, "skuUuid": "743bbfe3-2a19-4549-8901-0ddb99c17d51", "state": "480", "customerId": null, "localAmount": 84, "localCurrency": "USD"}, {"chainId": "12955935982290907091", "amount": 84, "createdAt": "2018-12-10T18:52:07+00:00", "shoeSize": "11", "productId": null, "skuUuid": "884a3302-1eb9-4100-a6bb-10c3eda7a025", "state": "480", "customerId": null, "localAmount": 84, "localCurrency": "USD"}, {"chainId": "12955935077536359533", "amount": 87, "createdAt": "2018-12-10T18:50:19+00:00", "shoeSize": "10", "productId": null, "skuUuid": "743bbfe3-2a19-4549-8901-0ddb99c17d51", "state": "480", "customerId": null, "localAmount": 87, "localCurrency": "USD"}, {"chainId": "12951866688407593347", "amount": 95, "createdAt": "2018-12-08T15:44:57+00:00", "shoeSize": "11", "productId": null, "skuUuid": "884a3302-1eb9-4100-a6bb-10c3eda7a025", "state": "480", "customerId": null, "localAmount": 95, "localCurrency": "USD"}, {"chainId": "12921854831977734432", "amount": 140, "createdAt": "2018-12-05T05:45:01+00:00", "shoeSize": "14", "productId": null, "skuUuid": "d18fc299-65ed-48db-8161-1ec7a74e5b27", "state": "480", "customerId": null, "localAmount": 140, "localCurrency": "USD"}, {"chainId": "12945158851601170393", "amount": 109, "createdAt": "2018-12-04T04:09:11+00:00", "shoeSize": "10.5", "productId": null, "skuUuid": "417dc4f8-87de-4c18-b930-32ae84576e2e", "state": "480", "customerId": null, "localAmount": 109, "localCurrency": "USD"}, {"chainId": "12517417644652422181", "amount": 100, "createdAt": "2018-11-30T19:31:45+00:00", "shoeSize": "12", "productId": null, "skuUuid": "b9c187bc-ad26-4803-85de-5dd935358661", "state": "480", "customerId": null, "localAmount": 100, "localCurrency": "USD"}, {"chainId": "12945077074818758376", "amount": 100, "createdAt": "2018-11-26T22:19:27+00:00", "shoeSize": "10.5", "productId": null, "skuUuid": "417dc4f8-87de-4c18-b930-32ae84576e2e", "state": "480", "customerId": null, "localAmount": 100, "localCurrency": "USD"}, {"chainId": "12938448952849634849", "amount": 95, "createdAt": "2018-11-25T21:47:15+00:00", "shoeSize": "8.5", "productId": null, "skuUuid": "3440bae8-d5a5-4a67-870f-a1ef8e3cba04", "state": "480", "customerId": null, "localAmount": 95, "localCurrency": "USD"}, {"chainId": "12945080870604711276", "amount": 97, "createdAt": "2018-11-25T19:24:58+00:00", "shoeSize": "8.5", "productId": null, "skuUuid": "3440bae8-d5a5-4a67-870f-a1ef8e3cba04", "state": "480", "customerId": null, "localAmount": 97, "localCurrency": "USD"}, {"chainId": "12928356725244428366", "amount": 125, "createdAt": "2018-11-24T04:12:15+00:00", "shoeSize": "14", "productId": null, "skuUuid": "d18fc299-65ed-48db-8161-1ec7a74e5b27", "state": "480", "customerId": null, "localAmount": 125, "localCurrency": "USD"}, {"chainId": "12942975750461346582", "amount": 85, "createdAt": "2018-11-22T21:42:39+00:00", "shoeSize": "10", "productId": null, "skuUuid": "743bbfe3-2a19-4549-8901-0ddb99c17d51", "state": "480", "customerId": null, "localAmount": 85, "localCurrency": "USD"}, {"chainId": "12937171569988340340", "amount": 95, "createdAt": "2018-11-21T00:44:32+00:00", "shoeSize": "10", "productId": null, "skuUuid": "743bbfe3-2a19-4549-8901-0ddb99c17d51", "state": "480", "customerId": null, "localAmount": 95, "localCurrency": "USD"}, {"chainId": "12939165992365517284", "amount": 102, "createdAt": "2018-11-17T15:33:06+00:00", "shoeSize": "9.5", "productId": null, "skuUuid": "d7be72fc-812c-47cc-a2d9-d9eb493c50a0", "state": "480", "customerId": null, "localAmount": 102, "localCurrency": "USD"}, {"chainId": "12938551454176023153", "amount": 90, "createdAt": "2018-11-16T19:12:08+00:00", "shoeSize": "10", "productId": null, "skuUuid": "743bbfe3-2a19-4549-8901-0ddb99c17d51", "state": "480", "customerId": null, "localAmount": 90, "localCurrency": "USD"}, {"chainId": "12929183171914214439", "amount": 109, "createdAt": "2018-11-14T23:45:54+00:00", "shoeSize": "9.5", "productId": null, "skuUuid": "d7be72fc-812c-47cc-a2d9-d9eb493c50a0", "state": "480", "customerId": null, "localAmount": 109, "localCurrency": "USD"}, {"chainId": "12935947027612159048", "amount": 80, "createdAt": "2018-11-13T04:57:38+00:00", "shoeSize": "10", "productId": null, "skuUuid": "743bbfe3-2a19-4549-8901-0ddb99c17d51", "state": "480", "customerId": null, "localAmount": 80, "localCurrency": "USD"}, {"chainId": "12933572664107543958", "amount": 115, "createdAt": "2018-11-13T02:58:51+00:00", "shoeSize": "10.5", "productId": null, "skuUuid": "417dc4f8-87de-4c18-b930-32ae84576e2e", "state": "480", "customerId": null, "localAmount": 115, "localCurrency": "USD"}, {"chainId": "12932351928059865276", "amount": 110, "createdAt": "2018-11-13T02:39:36+00:00", "shoeSize": "10.5", "productId": null, "skuUuid": "417dc4f8-87de-4c18-b930-32ae84576e2e", "state": "480", "customerId": null, "localAmount": 110, "localCurrency": "USD"}, {"chainId": "12933572562142084564", "amount": 105, "createdAt": "2018-11-12T20:16:51+00:00", "shoeSize": "10", "productId": null, "skuUuid": "743bbfe3-2a19-4549-8901-0ddb99c17d51", "state": "480", "customerId": null, "localAmount": 105, "localCurrency": "USD"}, {"chainId": "12933572779604507467", "amount": 115, "createdAt": "2018-11-11T20:33:18+00:00", "shoeSize": "12", "productId": null, "skuUuid": "b9c187bc-ad26-4803-85de-5dd935358661", "state": "480", "customerId": null, "localAmount": 115, "localCurrency": "USD"}, {"chainId": "12934197003874210387", "amount": 95, "createdAt": "2018-11-10T22:53:04+00:00", "shoeSize": "9.5", "productId": null, "skuUuid": "d7be72fc-812c-47cc-a2d9-d9eb493c50a0", "state": "480", "customerId": null, "localAmount": 95, "localCurrency": "USD"}, {"chainId": "12932748119134314209", "amount": 96, "createdAt": "2018-11-10T15:44:40+00:00", "shoeSize": "9", "productId": null, "skuUuid": "b822f0de-a989-4303-9f48-db147f053151", "state": "480", "customerId": null, "localAmount": 96, "localCurrency": "USD"}, {"chainId": "12932293252942049443", "amount": 86, "createdAt": "2018-11-08T03:58:13+00:00", "shoeSize": "8.5", "productId": null, "skuUuid": "3440bae8-d5a5-4a67-870f-a1ef8e3cba04", "state": "480", "customerId": null, "localAmount": 86, "localCurrency": "USD"}, {"chainId": "12932292723343001504", "amount": 96, "createdAt": "2018-11-08T03:57:10+00:00", "shoeSize": "9", "productId": null, "skuUuid": "b822f0de-a989-4303-9f48-db147f053151", "state": "480", "customerId": null, "localAmount": 96, "localCurrency": "USD"}, {"chainId": "12932292040338060975", "amount": 89, "createdAt": "2018-11-08T03:55:48+00:00", "shoeSize": "9.5", "productId": null, "skuUuid": "d7be72fc-812c-47cc-a2d9-d9eb493c50a0", "state": "480", "customerId": null, "localAmount": 89, "localCurrency": "USD"}, {"chainId": "12932291596274906324", "amount": 90, "createdAt": "2018-11-08T03:54:56+00:00", "shoeSize": "9.5", "productId": null, "skuUuid": "d7be72fc-812c-47cc-a2d9-d9eb493c50a0", "state": "480", "customerId": null, "localAmount": 90, "localCurrency": "USD"}, {"chainId": "12932290942896791039", "amount": 86, "createdAt": "2018-11-08T03:53:38+00:00", "shoeSize": "10.5", "productId": null, "skuUuid": "417dc4f8-87de-4c18-b930-32ae84576e2e", "state": "480", "customerId": null, "localAmount": 86, "localCurrency": "USD"}, {"chainId": "12932290353819999274", "amount": 83, "createdAt": "2018-11-08T03:52:28+00:00", "shoeSize": "11", "productId": null, "skuUuid": "884a3302-1eb9-4100-a6bb-10c3eda7a025", "state": "480", "customerId": null, "localAmount": 83, "localCurrency": "USD"}, {"chainId": "12932079117704029211", "amount": 87, "createdAt": "2018-11-07T20:52:46+00:00", "shoeSize": "10.5", "productId": null, "skuUuid": "417dc4f8-87de-4c18-b930-32ae84576e2e", "state": "480", "customerId": null, "localAmount": 87, "localCurrency": "USD"}, {"chainId": "12932078645336105888", "amount": 90, "createdAt": "2018-11-07T20:51:52+00:00", "shoeSize": "11.5", "productId": null, "skuUuid": "8f068283-848f-4383-becb-08e950adf1b0", "state": "480", "customerId": null, "localAmount": 90, "localCurrency": "USD"}, {"chainId": "12932078197056362660", "amount": 95, "createdAt": "2018-11-07T20:50:58+00:00", "shoeSize": "9.5", "productId": null, "skuUuid": "d7be72fc-812c-47cc-a2d9-d9eb493c50a0", "state": "480", "customerId": null, "localAmount": 95, "localCurrency": "USD"}, {"chainId": "12928553025984721377", "amount": 99, "createdAt": "2018-11-07T14:50:14+00:00", "shoeSize": "9", "productId": null, "skuUuid": "b822f0de-a989-4303-9f48-db147f053151", "state": "480", "customerId": null, "localAmount": 99, "localCurrency": "USD"}, {"chainId": "12930084208307635868", "amount": 86, "createdAt": "2018-11-07T07:29:36+00:00", "shoeSize": "11", "productId": null, "skuUuid": "884a3302-1eb9-4100-a6bb-10c3eda7a025", "state": "480", "customerId": null, "localAmount": 86, "localCurrency": "USD"}, {"chainId": "12931380080637616980", "amount": 90, "createdAt": "2018-11-07T00:48:58+00:00", "shoeSize": "9.5", "productId": null, "skuUuid": "d7be72fc-812c-47cc-a2d9-d9eb493c50a0", "state": "480", "customerId": null, "localAmount": 90, "localCurrency": "USD"}, {"chainId": "12837246218756773495", "amount": 86, "createdAt": "2018-11-06T18:15:58+00:00", "shoeSize": "10", "productId": null, "skuUuid": "743bbfe3-2a19-4549-8901-0ddb99c17d51", "state": "480", "customerId": null, "localAmount": 86, "localCurrency": "USD"}, {"chainId": "12929688450179821711", "amount": 86, "createdAt": "2018-11-05T01:05:20+00:00", "shoeSize": "11", "productId": null, "skuUuid": "884a3302-1eb9-4100-a6bb-10c3eda7a025", "state": "480", "customerId": null, "localAmount": 86, "localCurrency": "USD"}, {"chainId": "12929221959122232768", "amount": 83, "createdAt": "2018-11-04T07:54:02+00:00", "shoeSize": "11", "productId": null, "skuUuid": "884a3302-1eb9-4100-a6bb-10c3eda7a025", "state": "480", "customerId": null, "localAmount": 83, "localCurrency": "USD"}, {"chainId": "12928695029057952045", "amount": 100, "createdAt": "2018-11-04T00:40:40+00:00", "shoeSize": "8", "productId": null, "skuUuid": "942e918d-3dbe-4823-89d3-82da25913a29", "state": "480", "customerId": null, "localAmount": 100, "localCurrency": "USD"}, {"chainId": "12927857861515977030", "amount": 81, "createdAt": "2018-11-02T01:05:54+00:00", "shoeSize": "9.5", "productId": null, "skuUuid": "d7be72fc-812c-47cc-a2d9-d9eb493c50a0", "state": "480", "customerId": null, "localAmount": 81, "localCurrency": "USD"}, {"chainId": "12927850864360096036", "amount": 83, "createdAt": "2018-11-02T00:52:00+00:00", "shoeSize": "11", "productId": null, "skuUuid": "884a3302-1eb9-4100-a6bb-10c3eda7a025", "state": "480", "customerId": null, "localAmount": 83, "localCurrency": "USD"}, {"chainId": "12927850695244460208", "amount": 81, "createdAt": "2018-11-02T00:51:38+00:00", "shoeSize": "9.5", "productId": null, "skuUuid": "d7be72fc-812c-47cc-a2d9-d9eb493c50a0", "state": "480", "customerId": null, "localAmount": 81, "localCurrency": "USD"}, {"chainId": "12927850347569773531", "amount": 85, "createdAt": "2018-11-02T00:50:58+00:00", "shoeSize": "9.5", "productId": null, "skuUuid": "d7be72fc-812c-47cc-a2d9-d9eb493c50a0", "state": "480", "customerId": null, "localAmount": 85, "localCurrency": "USD"}, {"chainId": "12927083742904685069", "amount": 100, "createdAt": "2018-10-31T23:27:55+00:00", "shoeSize": "10.5", "productId": null, "skuUuid": "417dc4f8-87de-4c18-b930-32ae84576e2e", "state": "480", "customerId": null, "localAmount": 100, "localCurrency": "USD"}, {"chainId": "12914178470307603015", "amount": 105, "createdAt": "2018-10-25T06:10:00+00:00", "shoeSize": "11", "productId": null, "skuUuid": "884a3302-1eb9-4100-a6bb-10c3eda7a025", "state": "480", "customerId": null, "localAmount": 105, "localCurrency": "USD"}, {"chainId": "12914178245611409765", "amount": 103, "createdAt": "2018-10-19T17:21:45+00:00", "shoeSize": "10.5", "productId": null, "skuUuid": "417dc4f8-87de-4c18-b930-32ae84576e2e", "state": "480", "customerId": null, "localAmount": 103, "localCurrency": "USD"}, {"chainId": "12914554837330425220", "amount": 100, "createdAt": "2018-10-14T16:35:08+00:00", "shoeSize": "10.5", "productId": null, "skuUuid": "417dc4f8-87de-4c18-b930-32ae84576e2e", "state": "480", "customerId": null, "localAmount": 100, "localCurrency": "USD"}, {"chainId": "12914554399207056973", "amount": 105, "createdAt": "2018-10-14T16:34:18+00:00", "shoeSize": "11", "productId": null, "skuUuid": "884a3302-1eb9-4100-a6bb-10c3eda7a025", "state": "480", "customerId": null, "localAmount": 105, "localCurrency": "USD"}, {"chainId": "12853686427558353824", "amount": 150, "createdAt": "2018-10-09T01:17:44+00:00", "shoeSize": "11", "productId": null, "skuUuid": "884a3302-1eb9-4100-a6bb-10c3eda7a025", "state": "480", "customerId": null, "localAmount": 150, "localCurrency": "USD"}, {"chainId": "12909938141508291297", "amount": 111, "createdAt": "2018-10-08T07:42:35+00:00", "shoeSize": "10.5", "productId": null, "skuUuid": "417dc4f8-87de-4c18-b930-32ae84576e2e", "state": "480", "customerId": null, "localAmount": 111, "localCurrency": "USD"}, {"chainId": "12851053431913980322", "amount": 112, "createdAt": "2018-10-08T07:42:16+00:00", "shoeSize": "10.5", "productId": null, "skuUuid": "417dc4f8-87de-4c18-b930-32ae84576e2e", "state": "480", "customerId": null, "localAmount": 112, "localCurrency": "USD"}, {"chainId": "12711883746764949697", "amount": 90, "createdAt": "2018-10-05T22:15:57+00:00", "shoeSize": "14", "productId": null, "skuUuid": "d18fc299-65ed-48db-8161-1ec7a74e5b27", "state": "480", "customerId": null, "localAmount": 90, "localCurrency": "USD"}, {"chainId": "12852184493254181190", "amount": 108, "createdAt": "2018-09-30T17:49:56+00:00", "shoeSize": "10", "productId": null, "skuUuid": "743bbfe3-2a19-4549-8901-0ddb99c17d51", "state": "480", "customerId": null, "localAmount": 108, "localCurrency": "USD"}, {"chainId": "12900178080074881159", "amount": 96, "createdAt": "2018-09-24T20:51:57+00:00", "shoeSize": "10", "productId": null, "skuUuid": "743bbfe3-2a19-4549-8901-0ddb99c17d51", "state": "480", "customerId": null, "localAmount": 96, "localCurrency": "USD"}, {"chainId": "12900177874990793538", "amount": 100, "createdAt": "2018-09-24T20:48:01+00:00", "shoeSize": "9", "productId": null, "skuUuid": "b822f0de-a989-4303-9f48-db147f053151", "state": "480", "customerId": null, "localAmount": 100, "localCurrency": "USD"}, {"chainId": "12898017560199979141", "amount": 96, "createdAt": "2018-09-21T20:58:31+00:00", "shoeSize": "10", "productId": null, "skuUuid": "743bbfe3-2a19-4549-8901-0ddb99c17d51", "state": "480", "customerId": null, "localAmount": 96, "localCurrency": "USD"}, {"chainId": "12895026926961061273", "amount": 110, "createdAt": "2018-09-17T17:56:46+00:00", "shoeSize": "9.5", "productId": null, "skuUuid": "d7be72fc-812c-47cc-a2d9-d9eb493c50a0", "state": "480", "customerId": null, "localAmount": 110, "localCurrency": "USD"}, {"chainId": "12891666030184056548", "amount": 110, "createdAt": "2018-09-15T15:39:15+00:00", "shoeSize": "9", "productId": null, "skuUuid": "b822f0de-a989-4303-9f48-db147f053151", "state": "480", "customerId": null, "localAmount": 110, "localCurrency": "USD"}, {"chainId": "12863908570013630854", "amount": 109, "createdAt": "2018-09-15T09:32:38+00:00", "shoeSize": "10", "productId": null, "skuUuid": "743bbfe3-2a19-4549-8901-0ddb99c17d51", "state": "480", "customerId": null, "localAmount": 109, "localCurrency": "USD"}, {"chainId": "12888440091833896759", "amount": 82, "createdAt": "2018-09-09T22:13:38+00:00", "shoeSize": "11", "productId": null, "skuUuid": "884a3302-1eb9-4100-a6bb-10c3eda7a025", "state": "480", "customerId": null, "localAmount": 82, "localCurrency": "USD"}, {"chainId": "12642372098760206173", "amount": 100, "createdAt": "2018-09-06T20:17:59+00:00", "shoeSize": "11.5", "productId": null, "skuUuid": "8f068283-848f-4383-becb-08e950adf1b0", "state": "480", "customerId": null, "localAmount": 100, "localCurrency": "USD"}, {"chainId": "12879172902782399988", "amount": 120, "createdAt": "2018-09-05T16:01:07+00:00", "shoeSize": "9.5", "productId": null, "skuUuid": "d7be72fc-812c-47cc-a2d9-d9eb493c50a0", "state": "480", "customerId": null, "localAmount": 120, "localCurrency": "USD"}, {"chainId": "12877477870930569727", "amount": 100, "createdAt": "2018-09-02T22:50:18+00:00", "shoeSize": "8", "productId": null, "skuUuid": "942e918d-3dbe-4823-89d3-82da25913a29", "state": "480", "customerId": null, "localAmount": 100, "localCurrency": "USD"}, {"chainId": "12879146298065480794", "amount": 120, "createdAt": "2018-08-27T00:11:03+00:00", "shoeSize": "13", "productId": null, "skuUuid": "cd1d40fc-d95f-44e1-9158-081014152961", "state": "480", "customerId": null, "localAmount": 120, "localCurrency": "USD"}, {"chainId": "12879147076415047356", "amount": 98, "createdAt": "2018-08-26T20:14:05+00:00", "shoeSize": "9.5", "productId": null, "skuUuid": "d7be72fc-812c-47cc-a2d9-d9eb493c50a0", "state": "480", "customerId": null, "localAmount": 98, "localCurrency": "USD"}, {"chainId": "12877626997269222600", "amount": 89, "createdAt": "2018-08-24T18:29:02+00:00", "shoeSize": "10", "productId": null, "skuUuid": "743bbfe3-2a19-4549-8901-0ddb99c17d51", "state": "480", "customerId": null, "localAmount": 89, "localCurrency": "USD"}, {"chainId": "12873230996267350007", "amount": 92, "createdAt": "2018-08-24T17:45:26+00:00", "shoeSize": "10", "productId": null, "skuUuid": "743bbfe3-2a19-4549-8901-0ddb99c17d51", "state": "480", "customerId": null, "localAmount": 92, "localCurrency": "USD"}, {"chainId": "12868191387503344351", "amount": 100, "createdAt": "2018-08-24T11:29:39+00:00", "shoeSize": "8", "productId": null, "skuUuid": "942e918d-3dbe-4823-89d3-82da25913a29", "state": "480", "customerId": null, "localAmount": 100, "localCurrency": "USD"}, {"chainId": "12873231150865285110", "amount": 110, "createdAt": "2018-08-22T00:01:22+00:00", "shoeSize": "10.5", "productId": null, "skuUuid": "417dc4f8-87de-4c18-b930-32ae84576e2e", "state": "480", "customerId": null, "localAmount": 110, "localCurrency": "USD"}, {"chainId": "12871116149835171872", "amount": 95, "createdAt": "2018-08-21T20:48:07+00:00", "shoeSize": "8.5", "productId": null, "skuUuid": "3440bae8-d5a5-4a67-870f-a1ef8e3cba04", "state": "480", "customerId": null, "localAmount": 95, "localCurrency": "USD"}, {"chainId": "12875068952863375278", "amount": 96, "createdAt": "2018-08-21T05:03:44+00:00", "shoeSize": "8.5", "productId": null, "skuUuid": "3440bae8-d5a5-4a67-870f-a1ef8e3cba04", "state": "480", "customerId": null, "localAmount": 96, "localCurrency": "USD"}, {"chainId": "12872680016611946985", "amount": 103, "createdAt": "2018-08-17T21:57:21+00:00", "shoeSize": "9.5", "productId": null, "skuUuid": "d7be72fc-812c-47cc-a2d9-d9eb493c50a0", "state": "480", "customerId": null, "localAmount": 103, "localCurrency": "USD"}, {"chainId": "12872679604085173489", "amount": 104, "createdAt": "2018-08-17T21:56:32+00:00", "shoeSize": "9.5", "productId": null, "skuUuid": "d7be72fc-812c-47cc-a2d9-d9eb493c50a0", "state": "480", "customerId": null, "localAmount": 104, "localCurrency": "USD"}, {"chainId": "12789965918267537896", "amount": 95, "createdAt": "2018-08-17T14:29:56+00:00", "shoeSize": "14", "productId": null, "skuUuid": "d18fc299-65ed-48db-8161-1ec7a74e5b27", "state": "480", "customerId": null, "localAmount": 95, "localCurrency": "USD"}, {"chainId": "12868192246740526757", "amount": 100, "createdAt": "2018-08-12T06:24:24+00:00", "shoeSize": "8.5", "productId": null, "skuUuid": "3440bae8-d5a5-4a67-870f-a1ef8e3cba04", "state": "480", "customerId": null, "localAmount": 100, "localCurrency": "USD"}, {"chainId": "12856807166321114234", "amount": 100, "createdAt": "2018-07-29T04:32:45+00:00", "shoeSize": "13", "productId": null, "skuUuid": "cd1d40fc-d95f-44e1-9158-081014152961", "state": "480", "customerId": null, "localAmount": 100, "localCurrency": "USD"}, {"chainId": "12856805451496116653", "amount": 100, "createdAt": "2018-07-27T00:17:49+00:00", "shoeSize": "11", "productId": null, "skuUuid": "884a3302-1eb9-4100-a6bb-10c3eda7a025", "state": "480", "customerId": null, "localAmount": 100, "localCurrency": "USD"}, {"chainId": "12854737760107131623", "amount": 120, "createdAt": "2018-07-24T03:49:18+00:00", "shoeSize": "9.5", "productId": null, "skuUuid": "d7be72fc-812c-47cc-a2d9-d9eb493c50a0", "state": "480", "customerId": null, "localAmount": 120, "localCurrency": "USD"}, {"chainId": "12854582926367022698", "amount": 80, "createdAt": "2018-07-23T22:41:42+00:00", "shoeSize": "11.5", "productId": null, "skuUuid": "8f068283-848f-4383-becb-08e950adf1b0", "state": "480", "customerId": null, "localAmount": 80, "localCurrency": "USD"}, {"chainId": "12846662024629484948", "amount": 96, "createdAt": "2018-07-13T00:27:38+00:00", "shoeSize": "8", "productId": null, "skuUuid": "942e918d-3dbe-4823-89d3-82da25913a29", "state": "480", "customerId": null, "localAmount": 96, "localCurrency": "USD"}, {"chainId": "12791729584281067915", "amount": 150, "createdAt": "2018-07-11T15:23:21+00:00", "shoeSize": "10", "productId": null, "skuUuid": "743bbfe3-2a19-4549-8901-0ddb99c17d51", "state": "480", "customerId": null, "localAmount": 150, "localCurrency": "USD"}, {"chainId": "12836570738193905397", "amount": 100, "createdAt": "2018-07-07T03:55:50+00:00", "shoeSize": "11", "productId": null, "skuUuid": "884a3302-1eb9-4100-a6bb-10c3eda7a025", "state": "480", "customerId": null, "localAmount": 100, "localCurrency": "USD"}, {"chainId": "12839376912188280249", "amount": 95, "createdAt": "2018-07-02T23:10:02+00:00", "shoeSize": "10", "productId": null, "skuUuid": "743bbfe3-2a19-4549-8901-0ddb99c17d51", "state": "480", "customerId": null, "localAmount": 95, "localCurrency": "USD"}, {"chainId": "12823293649747668374", "amount": 113, "createdAt": "2018-06-28T10:33:00+00:00", "shoeSize": "8", "productId": null, "skuUuid": "942e918d-3dbe-4823-89d3-82da25913a29", "state": "480", "customerId": null, "localAmount": 113, "localCurrency": "USD"}, {"chainId": "12642371941823107259", "amount": 86, "createdAt": "2018-06-20T05:59:11+00:00", "shoeSize": "11", "productId": null, "skuUuid": "884a3302-1eb9-4100-a6bb-10c3eda7a025", "state": "480", "customerId": null, "localAmount": 86, "localCurrency": "USD"}, {"chainId": "12724330516344963193", "amount": 96, "createdAt": "2018-06-19T19:59:20+00:00", "shoeSize": "10", "productId": null, "skuUuid": "743bbfe3-2a19-4549-8901-0ddb99c17d51", "state": "480", "customerId": null, "localAmount": 96, "localCurrency": "USD"}, {"chainId": "12791729759558780728", "amount": 175, "createdAt": "2018-04-30T00:03:13+00:00", "shoeSize": "10.5", "productId": null, "skuUuid": "417dc4f8-87de-4c18-b930-32ae84576e2e", "state": "480", "customerId": null, "localAmount": 175, "localCurrency": "USD"}, {"chainId": "12774235313633260225", "amount": 80, "createdAt": "2018-04-09T00:10:22+00:00", "shoeSize": "11.5", "productId": null, "skuUuid": "8f068283-848f-4383-becb-08e950adf1b0", "state": "480", "customerId": null, "localAmount": 80, "localCurrency": "USD"}, {"chainId": "12738536082633652125", "amount": 150, "createdAt": "2018-02-18T05:55:05+00:00", "shoeSize": "10", "productId": null, "skuUuid": "743bbfe3-2a19-4549-8901-0ddb99c17d51", "state": "480", "customerId": null, "localAmount": 150, "localCurrency": "USD"}, {"chainId": "12731984477654082688", "amount": 100, "createdAt": "2018-02-05T01:31:07+00:00", "shoeSize": "11", "productId": null, "skuUuid": "884a3302-1eb9-4100-a6bb-10c3eda7a025", "state": "480", "customerId": null, "localAmount": 100, "localCurrency": "USD"}, {"chainId": "12729868051596101673", "amount": 89, "createdAt": "2018-02-02T01:23:33+00:00", "shoeSize": "10", "productId": null, "skuUuid": "743bbfe3-2a19-4549-8901-0ddb99c17d51", "state": "480", "customerId": null, "localAmount": 89, "localCurrency": "USD"}, {"chainId": "12726501007001578097", "amount": 86, "createdAt": "2018-02-01T06:02:07+00:00", "shoeSize": "10.5", "productId": null, "skuUuid": "417dc4f8-87de-4c18-b930-32ae84576e2e", "state": "480", "customerId": null, "localAmount": 86, "localCurrency": "USD"}, {"chainId": "12728282206902582775", "amount": 160, "createdAt": "2018-01-31T10:25:16+00:00", "shoeSize": "13", "productId": null, "skuUuid": "cd1d40fc-d95f-44e1-9158-081014152961", "state": "480", "customerId": null, "localAmount": 160, "localCurrency": "USD"}, {"chainId": "12480579062380393154", "amount": 125, "createdAt": "2018-01-27T15:33:47+00:00", "shoeSize": "10", "productId": null, "skuUuid": "743bbfe3-2a19-4549-8901-0ddb99c17d51", "state": "480", "customerId": null, "localAmount": 125, "localCurrency": "USD"}, {"chainId": "12710605702858757219", "amount": 185, "createdAt": "2018-01-15T20:36:25+00:00", "shoeSize": "8.5", "productId": null, "skuUuid": "3440bae8-d5a5-4a67-870f-a1ef8e3cba04", "state": "480", "customerId": null, "localAmount": 185, "localCurrency": "USD"}, {"chainId": "12701785566406682609", "amount": 191, "createdAt": "2017-12-25T04:18:19+00:00", "shoeSize": "9.5", "productId": null, "skuUuid": "d7be72fc-812c-47cc-a2d9-d9eb493c50a0", "state": "480", "customerId": null, "localAmount": 191, "localCurrency": "USD"}, {"chainId": "12678533669766136879", "amount": 100, "createdAt": "2017-12-04T01:10:22+00:00", "shoeSize": "10", "productId": null, "skuUuid": "743bbfe3-2a19-4549-8901-0ddb99c17d51", "state": "480", "customerId": null, "localAmount": 100, "localCurrency": "USD"}, {"chainId": "12648893786665314412", "amount": 165, "createdAt": "2017-11-23T22:19:39+00:00", "shoeSize": "13", "productId": null, "skuUuid": "cd1d40fc-d95f-44e1-9158-081014152961", "state": "480", "customerId": null, "localAmount": 165, "localCurrency": "USD"}, {"chainId": "12648893784608693401", "amount": 165, "createdAt": "2017-10-18T16:07:52+00:00", "shoeSize": "11", "productId": null, "skuUuid": "884a3302-1eb9-4100-a6bb-10c3eda7a025", "state": "480", "customerId": null, "localAmount": 165, "localCurrency": "USD"}, {"chainId": "12649631528367218053", "amount": 70, "createdAt": "2017-10-14T04:28:35+00:00", "shoeSize": "14", "productId": null, "skuUuid": "d18fc299-65ed-48db-8161-1ec7a74e5b27", "state": "480", "customerId": null, "localAmount": 70, "localCurrency": "USD"}, {"chainId": "12634359365080575839", "amount": 60, "createdAt": "2017-09-27T22:11:27+00:00", "shoeSize": "14", "productId": null, "skuUuid": "d18fc299-65ed-48db-8161-1ec7a74e5b27", "state": "480", "customerId": null, "localAmount": 60, "localCurrency": "USD"}, {"chainId": "12614149441924565333", "amount": 75, "createdAt": "2017-08-27T00:47:25+00:00", "shoeSize": "14", "productId": null, "skuUuid": "d18fc299-65ed-48db-8161-1ec7a74e5b27", "state": "480", "customerId": null, "localAmount": 75, "localCurrency": "USD"}, {"chainId": "12610842791669452452", "amount": 90, "createdAt": "2017-08-26T02:12:23+00:00", "shoeSize": "11.5", "productId": null, "skuUuid": "8f068283-848f-4383-becb-08e950adf1b0", "state": "480", "customerId": null, "localAmount": 90, "localCurrency": "USD"}, {"chainId": "12609527851228179363", "amount": 90, "createdAt": "2017-08-24T05:52:17+00:00", "shoeSize": "10.5", "productId": null, "skuUuid": "417dc4f8-87de-4c18-b930-32ae84576e2e", "state": "480", "customerId": null, "localAmount": 90, "localCurrency": "USD"}, {"chainId": "12609526370988026733", "amount": 86, "createdAt": "2017-08-20T19:50:36+00:00", "shoeSize": "9.5", "productId": null, "skuUuid": "d7be72fc-812c-47cc-a2d9-d9eb493c50a0", "state": "480", "customerId": null, "localAmount": 86, "localCurrency": "USD"}, {"chainId": "12609379618460411187", "amount": 95, "createdAt": "2017-08-19T19:32:22+00:00", "shoeSize": "10.5", "productId": null, "skuUuid": "417dc4f8-87de-4c18-b930-32ae84576e2e", "state": "480", "customerId": null, "localAmount": 95, "localCurrency": "USD"}, {"chainId": "12547199068924819638", "amount": 75, "createdAt": "2017-08-17T08:08:59+00:00", "shoeSize": "9", "productId": null, "skuUuid": "b822f0de-a989-4303-9f48-db147f053151", "state": "480", "customerId": null, "localAmount": 75, "localCurrency": "USD"}, {"chainId": "12602488514504674057", "amount": 90, "createdAt": "2017-08-11T04:50:05+00:00", "shoeSize": "11.5", "productId": null, "skuUuid": "8f068283-848f-4383-becb-08e950adf1b0", "state": "480", "customerId": null, "localAmount": 90, "localCurrency": "USD"}, {"chainId": "12590505232834859341", "amount": 100, "createdAt": "2017-07-24T14:06:26+00:00", "shoeSize": "9", "productId": null, "skuUuid": "b822f0de-a989-4303-9f48-db147f053151", "state": "480", "customerId": null, "localAmount": 100, "localCurrency": "USD"}, {"chainId": "12547360705735616965", "amount": 130, "createdAt": "2017-05-26T01:26:00+00:00", "shoeSize": "10", "productId": null, "skuUuid": "743bbfe3-2a19-4549-8901-0ddb99c17d51", "state": "480", "customerId": null, "localAmount": 130, "localCurrency": "USD"}, {"chainId": "12511732810536885096", "amount": 95, "createdAt": "2017-04-08T03:10:04+00:00", "shoeSize": "12", "productId": null, "skuUuid": "b9c187bc-ad26-4803-85de-5dd935358661", "state": "480", "customerId": null, "localAmount": 95, "localCurrency": "USD"}, {"chainId": "12332774587686366901", "amount": 125, "createdAt": "2017-03-16T13:42:30+00:00", "shoeSize": "11.5", "productId": null, "skuUuid": "8f068283-848f-4383-becb-08e950adf1b0", "state": "480", "customerId": null, "localAmount": 125, "localCurrency": "USD"}, {"chainId": "12180633402676282391", "amount": 135, "createdAt": "2015-12-28T00:12:45+00:00", "shoeSize": "12", "productId": null, "skuUuid": "b9c187bc-ad26-4803-85de-5dd935358661", "state": "480", "customerId": null, "localAmount": 135, "localCurrency": "USD"}, {"chainId": "12180628071288012234", "amount": 125, "createdAt": "2015-12-24T19:25:57+00:00", "shoeSize": "11", "productId": null, "skuUuid": "884a3302-1eb9-4100-a6bb-10c3eda7a025", "state": "480", "customerId": null, "localAmount": 125, "localCurrency": "USD"}, {"chainId": "12180626864107532433", "amount": 148, "createdAt": "2015-12-22T21:52:53+00:00", "shoeSize": "9.5", "productId": null, "skuUuid": "d7be72fc-812c-47cc-a2d9-d9eb493c50a0", "state": "480", "customerId": null, "localAmount": 148, "localCurrency": "USD"}, {"chainId": "12180625359072248487", "amount": 118, "createdAt": "2015-12-22T01:56:19+00:00", "shoeSize": "12", "productId": null, "skuUuid": "b9c187bc-ad26-4803-85de-5dd935358661", "state": "480", "customerId": null, "localAmount": 118, "localCurrency": "USD"}, {"chainId": "12180626839764488998", "amount": 150, "createdAt": "2015-12-21T22:00:31+00:00", "shoeSize": "8.5", "productId": null, "skuUuid": "3440bae8-d5a5-4a67-870f-a1ef8e3cba04", "state": "480", "customerId": null, "localAmount": 150, "localCurrency": "USD"}, {"chainId": "12180626040759982933", "amount": 108, "createdAt": "2015-12-21T20:44:45+00:00", "shoeSize": "11.5", "productId": null, "skuUuid": "8f068283-848f-4383-becb-08e950adf1b0", "state": "480", "customerId": null, "localAmount": 108, "localCurrency": "USD"}, {"chainId": "12180627664609687473", "amount": 110, "createdAt": "2015-12-20T18:43:29+00:00", "shoeSize": "13", "productId": null, "skuUuid": "cd1d40fc-d95f-44e1-9158-081014152961", "state": "480", "customerId": null, "localAmount": 110, "localCurrency": "USD"}, {"chainId": "12180629432526004551", "amount": 111, "createdAt": "2015-12-20T08:43:42+00:00", "shoeSize": "10", "productId": null, "skuUuid": "743bbfe3-2a19-4549-8901-0ddb99c17d51", "state": "480", "customerId": null, "localAmount": 111, "localCurrency": "USD"}, {"chainId": "12180628457012016949", "amount": 120, "createdAt": "2015-12-17T18:49:27+00:00", "shoeSize": "12", "productId": null, "skuUuid": "b9c187bc-ad26-4803-85de-5dd935358661", "state": "480", "customerId": null, "localAmount": 120, "localCurrency": "USD"}, {"chainId": "12180625359764119392", "amount": 118, "createdAt": "2015-12-16T00:40:53+00:00", "shoeSize": "10.5", "productId": null, "skuUuid": "417dc4f8-87de-4c18-b930-32ae84576e2e", "state": "480", "customerId": null, "localAmount": 118, "localCurrency": "USD"}, {"chainId": "12180630980544224924", "amount": 146, "createdAt": "2015-12-15T04:42:19+00:00", "shoeSize": "11", "productId": null, "skuUuid": "884a3302-1eb9-4100-a6bb-10c3eda7a025", "state": "480", "customerId": null, "localAmount": 146, "localCurrency": "USD"}, {"chainId": "12180627237630192584", "amount": 118, "createdAt": "2015-12-15T02:05:08+00:00", "shoeSize": "10.5", "productId": null, "skuUuid": "417dc4f8-87de-4c18-b930-32ae84576e2e", "state": "480", "customerId": null, "localAmount": 118, "localCurrency": "USD"}, {"chainId": "12180625986055772743", "amount": 130, "createdAt": "2015-12-13T07:38:52+00:00", "shoeSize": "8", "productId": null, "skuUuid": "942e918d-3dbe-4823-89d3-82da25913a29", "state": "480", "customerId": null, "localAmount": 130, "localCurrency": "USD"}, {"chainId": "12180627862352449920", "amount": 120, "createdAt": "2015-12-13T02:55:54+00:00", "shoeSize": "10.5", "productId": null, "skuUuid": "417dc4f8-87de-4c18-b930-32ae84576e2e", "state": "480", "customerId": null, "localAmount": 120, "localCurrency": "USD"}, {"chainId": "12180627568097155604", "amount": 118, "createdAt": "2015-12-12T01:34:14+00:00", "shoeSize": "11", "productId": null, "skuUuid": "884a3302-1eb9-4100-a6bb-10c3eda7a025", "state": "480", "customerId": null, "localAmount": 118, "localCurrency": "USD"}, {"chainId": "12180629301551705529", "amount": 119, "createdAt": "2015-12-05T11:16:50+00:00", "shoeSize": "11.5", "productId": null, "skuUuid": "8f068283-848f-4383-becb-08e950adf1b0", "state": "480", "customerId": null, "localAmount": 119, "localCurrency": "USD"}, {"chainId": "12180631751478642391", "amount": 144, "createdAt": "2015-12-03T16:45:48+00:00", "shoeSize": "10.5", "productId": null, "skuUuid": "417dc4f8-87de-4c18-b930-32ae84576e2e", "state": "480", "customerId": null, "localAmount": 144, "localCurrency": "USD"}, {"chainId": "12180628055365166844", "amount": 141, "createdAt": "2015-12-03T02:17:05+00:00", "shoeSize": "9.5", "productId": null, "skuUuid": "d7be72fc-812c-47cc-a2d9-d9eb493c50a0", "state": "480", "customerId": null, "localAmount": 141, "localCurrency": "USD"}, {"chainId": "12165877094838503971", "amount": 148, "createdAt": "2015-11-29T23:49:51+00:00", "shoeSize": "9.5", "productId": null, "skuUuid": "d7be72fc-812c-47cc-a2d9-d9eb493c50a0", "state": "480", "customerId": null, "localAmount": 148, "localCurrency": "USD"}, {"chainId": "12159718229576678400", "amount": 118, "createdAt": "2015-11-26T05:03:57+00:00", "shoeSize": "12", "productId": null, "skuUuid": "b9c187bc-ad26-4803-85de-5dd935358661", "state": "480", "customerId": null, "localAmount": 118, "localCurrency": "USD"}, {"chainId": "12166723815445907171", "amount": 115, "createdAt": "2015-11-25T12:39:19+00:00", "shoeSize": "12", "productId": null, "skuUuid": "b9c187bc-ad26-4803-85de-5dd935358661", "state": "480", "customerId": null, "localAmount": 115, "localCurrency": "USD"}, {"chainId": "12159717786460801231", "amount": 130, "createdAt": "2015-11-21T00:44:14+00:00", "shoeSize": "8", "productId": null, "skuUuid": "942e918d-3dbe-4823-89d3-82da25913a29", "state": "480", "customerId": null, "localAmount": 130, "localCurrency": "USD"}, {"chainId": "12159718417123096832", "amount": 105, "createdAt": "2015-11-20T19:58:56+00:00", "shoeSize": "13", "productId": null, "skuUuid": "cd1d40fc-d95f-44e1-9158-081014152961", "state": "480", "customerId": null, "localAmount": 105, "localCurrency": "USD"}, {"chainId": "12159719404490439062", "amount": 114, "createdAt": "2015-11-16T16:53:44+00:00", "shoeSize": "10", "productId": null, "skuUuid": "743bbfe3-2a19-4549-8901-0ddb99c17d51", "state": "480", "customerId": null, "localAmount": 114, "localCurrency": "USD"}, {"chainId": "12159719165936238798", "amount": 111, "createdAt": "2015-11-15T03:17:20+00:00", "shoeSize": "10", "productId": null, "skuUuid": "743bbfe3-2a19-4549-8901-0ddb99c17d51", "state": "480", "customerId": null, "localAmount": 111, "localCurrency": "USD"}, {"chainId": "12159718078672479202", "amount": 140, "createdAt": "2015-11-03T00:53:19+00:00", "shoeSize": "9", "productId": null, "skuUuid": "b822f0de-a989-4303-9f48-db147f053151", "state": "480", "customerId": null, "localAmount": 140, "localCurrency": "USD"}, {"chainId": "12159718073838470062", "amount": 150, "createdAt": "2015-10-26T22:22:33+00:00", "shoeSize": "12", "productId": null, "skuUuid": "b9c187bc-ad26-4803-85de-5dd935358661", "state": "480", "customerId": null, "localAmount": 150, "localCurrency": "USD"}, {"chainId": "12159717515124456342", "amount": 170, "createdAt": "2015-10-25T15:42:52+00:00", "shoeSize": "10.5", "productId": null, "skuUuid": "417dc4f8-87de-4c18-b930-32ae84576e2e", "state": "480", "customerId": null, "localAmount": 170, "localCurrency": "USD"}, {"chainId": "12159718073412586631", "amount": 150, "createdAt": "2015-10-23T02:51:50+00:00", "shoeSize": "9", "productId": null, "skuUuid": "b822f0de-a989-4303-9f48-db147f053151", "state": "480", "customerId": null, "localAmount": 150, "localCurrency": "USD"}, {"chainId": "12159717520805329121", "amount": 125, "createdAt": "2015-10-21T02:41:00+00:00", "shoeSize": "10", "productId": null, "skuUuid": "743bbfe3-2a19-4549-8901-0ddb99c17d51", "state": "480", "customerId": null, "localAmount": 125, "localCurrency": "USD"}, {"chainId": "12159719386607681313", "amount": 140, "createdAt": "2015-10-18T13:19:05+00:00", "shoeSize": "10.5", "productId": null, "skuUuid": "417dc4f8-87de-4c18-b930-32ae84576e2e", "state": "480", "customerId": null, "localAmount": 140, "localCurrency": "USD"}, {"chainId": "12159717913316951185", "amount": 160, "createdAt": "2015-10-09T17:01:05+00:00", "shoeSize": "10", "productId": null, "skuUuid": "743bbfe3-2a19-4549-8901-0ddb99c17d51", "state": "480", "customerId": null, "localAmount": 160, "localCurrency": "USD"}, {"chainId": "12159718745152263598", "amount": 135, "createdAt": "2015-09-13T11:32:27+00:00", "shoeSize": "11", "productId": null, "skuUuid": "884a3302-1eb9-4100-a6bb-10c3eda7a025", "state": "480", "customerId": null, "localAmount": 135, "localCurrency": "USD"}, {"chainId": "12159718365534323166", "amount": 155, "createdAt": "2015-08-18T23:17:34+00:00", "shoeSize": "11", "productId": null, "skuUuid": "884a3302-1eb9-4100-a6bb-10c3eda7a025", "state": "480", "customerId": null, "localAmount": 155, "localCurrency": "USD"}, {"chainId": "12159718869906083586", "amount": 160, "createdAt": "2015-08-15T03:08:24+00:00", "shoeSize": "9", "productId": null, "skuUuid": "b822f0de-a989-4303-9f48-db147f053151", "state": "480", "customerId": null, "localAmount": 160, "localCurrency": "USD"}, {"chainId": "12159718038668087079", "amount": 131, "createdAt": "2015-08-10T01:00:39+00:00", "shoeSize": "13", "productId": null, "skuUuid": "cd1d40fc-d95f-44e1-9158-081014152961", "state": "480", "customerId": null, "localAmount": 131, "localCurrency": "USD"}, {"chainId": "12159717884751988070", "amount": 203, "createdAt": "2015-07-18T12:36:51+00:00", "shoeSize": "10.5", "productId": null, "skuUuid": "417dc4f8-87de-4c18-b930-32ae84576e2e", "state": "480", "customerId": null, "localAmount": 203, "localCurrency": "USD"}]