[{"chainId": "12980014724561354291", "amount": 41, "createdAt": "2019-01-13T00:12:16+00:00", "shoeSize": "7Y", "productId": null, "skuUuid": "cb9bfe08-d43c-429f-8340-be6f0f64f1ca", "state": "480", "customerId": null, "localAmount": 41, "localCurrency": "USD"}, {"chainId": "12499470138630510206", "amount": 45, "createdAt": "2018-12-13T20:27:49+00:00", "shoeSize": "5Y", "productId": null, "skuUuid": "fac81c9c-454e-4a34-8db9-e6917a66d0ff", "state": "480", "customerId": null, "localAmount": 45, "localCurrency": "USD"}, {"chainId": "12847351169459745292", "amount": 35, "createdAt": "2018-11-14T00:07:37+00:00", "shoeSize": "6Y", "productId": null, "skuUuid": "4a5e3b7d-3379-4521-81de-1e2b84e1c9f1", "state": "480", "customerId": null, "localAmount": 35, "localCurrency": "USD"}]