[{"chainId": "12984535252773611928", "amount": 120, "createdAt": "2019-01-19T05:53:45+00:00", "shoeSize": "8", "productId": null, "skuUuid": "f2fc6497-ca2a-463f-9e04-cfd8d7004971", "state": "480", "customerId": null, "localAmount": 120, "localCurrency": "USD"}, {"chainId": "12978712563731745614", "amount": 280, "createdAt": "2019-01-11T05:05:07+00:00", "shoeSize": "11", "productId": null, "skuUuid": "9143c302-0bbc-4c36-9521-1892a94fbc90", "state": "480", "customerId": null, "localAmount": 280, "localCurrency": "USD"}, {"chainId": "12978712396870550825", "amount": 260, "createdAt": "2019-01-11T05:04:46+00:00", "shoeSize": "9.5", "productId": null, "skuUuid": "77bcd6a8-fb45-4675-866c-cc9ad3827da7", "state": "480", "customerId": null, "localAmount": 260, "localCurrency": "USD"}, {"chainId": "12862696684073856878", "amount": 400, "createdAt": "2018-12-27T00:03:22+00:00", "shoeSize": "10", "productId": null, "skuUuid": "f33e70e6-6e1f-4931-829a-108cb9a98fb6", "state": "480", "customerId": null, "localAmount": 400, "localCurrency": "USD"}, {"chainId": "12959751962571609555", "amount": 380, "createdAt": "2018-12-16T01:13:45+00:00", "shoeSize": "10", "productId": null, "skuUuid": "f33e70e6-6e1f-4931-829a-108cb9a98fb6", "state": "480", "customerId": null, "localAmount": 380, "localCurrency": "USD"}, {"chainId": "12943327883704107111", "amount": 365, "createdAt": "2018-12-02T12:05:32+00:00", "shoeSize": "11", "productId": null, "skuUuid": "9143c302-0bbc-4c36-9521-1892a94fbc90", "state": "480", "customerId": null, "localAmount": 365, "localCurrency": "USD"}, {"chainId": "12724679762537976607", "amount": 310, "createdAt": "2018-11-26T16:36:34+00:00", "shoeSize": "11.5", "productId": null, "skuUuid": "236d6924-2e52-4174-bc42-8df274e08a5d", "state": "480", "customerId": null, "localAmount": 310, "localCurrency": "USD"}, {"chainId": "12910616590382214239", "amount": 345, "createdAt": "2018-11-26T01:30:27+00:00", "shoeSize": "10", "productId": null, "skuUuid": "f33e70e6-6e1f-4931-829a-108cb9a98fb6", "state": "480", "customerId": null, "localAmount": 345, "localCurrency": "USD"}, {"chainId": "12912920435757759266", "amount": 320, "createdAt": "2018-11-23T20:58:29+00:00", "shoeSize": "9", "productId": null, "skuUuid": "5e0c89ca-37c9-4618-ad80-695d7175f52b", "state": "480", "customerId": null, "localAmount": 320, "localCurrency": "USD"}, {"chainId": "12935801696478773658", "amount": 310, "createdAt": "2018-11-16T04:12:47+00:00", "shoeSize": "9", "productId": null, "skuUuid": "5e0c89ca-37c9-4618-ad80-695d7175f52b", "state": "480", "customerId": null, "localAmount": 310, "localCurrency": "USD"}, {"chainId": "12920449872415879243", "amount": 320, "createdAt": "2018-11-10T21:40:36+00:00", "shoeSize": "9", "productId": null, "skuUuid": "5e0c89ca-37c9-4618-ad80-695d7175f52b", "state": "480", "customerId": null, "localAmount": 320, "localCurrency": "USD"}, {"chainId": "12933652718499403410", "amount": 260, "createdAt": "2018-11-10T00:59:14+00:00", "shoeSize": "8", "productId": null, "skuUuid": "f2fc6497-ca2a-463f-9e04-cfd8d7004971", "state": "480", "customerId": null, "localAmount": 260, "localCurrency": "USD"}, {"chainId": "12914856836748321220", "amount": 345, "createdAt": "2018-11-10T00:12:56+00:00", "shoeSize": "10", "productId": null, "skuUuid": "f33e70e6-6e1f-4931-829a-108cb9a98fb6", "state": "480", "customerId": null, "localAmount": 345, "localCurrency": "USD"}, {"chainId": "12932093847926785561", "amount": 500, "createdAt": "2018-11-08T19:26:50+00:00", "shoeSize": "10.5", "productId": null, "skuUuid": "41fb384e-59c5-44a2-a31b-4ac7815d9498", "state": "480", "customerId": null, "localAmount": 500, "localCurrency": "USD"}, {"chainId": "12916567560265955345", "amount": 300, "createdAt": "2018-11-04T21:56:18+00:00", "shoeSize": "8.5", "productId": null, "skuUuid": "5d517689-735a-4e28-ab50-9e4b0c6599af", "state": "480", "customerId": null, "localAmount": 300, "localCurrency": "USD"}, {"chainId": "12927113647724367821", "amount": 500, "createdAt": "2018-11-01T00:27:15+00:00", "shoeSize": "13", "productId": null, "skuUuid": "4d68b223-a93e-4c15-b3c6-a369414817ff", "state": "480", "customerId": null, "localAmount": 500, "localCurrency": "USD"}, {"chainId": "12926556507829371156", "amount": 300, "createdAt": "2018-10-31T06:00:20+00:00", "shoeSize": "9.5", "productId": null, "skuUuid": "77bcd6a8-fb45-4675-866c-cc9ad3827da7", "state": "480", "customerId": null, "localAmount": 300, "localCurrency": "USD"}, {"chainId": "12910497471438971098", "amount": 320, "createdAt": "2018-10-22T14:44:47+00:00", "shoeSize": "9", "productId": null, "skuUuid": "5e0c89ca-37c9-4618-ad80-695d7175f52b", "state": "480", "customerId": null, "localAmount": 320, "localCurrency": "USD"}, {"chainId": "12911074424794269543", "amount": 258, "createdAt": "2018-10-17T11:12:43+00:00", "shoeSize": "8.5", "productId": null, "skuUuid": "5d517689-735a-4e28-ab50-9e4b0c6599af", "state": "480", "customerId": null, "localAmount": 258, "localCurrency": "USD"}, {"chainId": "12916423386411314091", "amount": 260, "createdAt": "2018-10-17T06:27:38+00:00", "shoeSize": "9.5", "productId": null, "skuUuid": "77bcd6a8-fb45-4675-866c-cc9ad3827da7", "state": "480", "customerId": null, "localAmount": 260, "localCurrency": "USD"}, {"chainId": "12912200966884982457", "amount": 220, "createdAt": "2018-10-15T05:15:38+00:00", "shoeSize": "8.5", "productId": null, "skuUuid": "5d517689-735a-4e28-ab50-9e4b0c6599af", "state": "480", "customerId": null, "localAmount": 220, "localCurrency": "USD"}, {"chainId": "12910497820312161981", "amount": 345, "createdAt": "2018-10-15T01:58:24+00:00", "shoeSize": "10", "productId": null, "skuUuid": "f33e70e6-6e1f-4931-829a-108cb9a98fb6", "state": "480", "customerId": null, "localAmount": 345, "localCurrency": "USD"}, {"chainId": "12738476280258174189", "amount": 375, "createdAt": "2018-10-14T08:51:06+00:00", "shoeSize": "10.5", "productId": null, "skuUuid": "41fb384e-59c5-44a2-a31b-4ac7815d9498", "state": "480", "customerId": null, "localAmount": 375, "localCurrency": "USD"}, {"chainId": "12910498166050156495", "amount": 380, "createdAt": "2018-10-12T00:43:39+00:00", "shoeSize": "11", "productId": null, "skuUuid": "9143c302-0bbc-4c36-9521-1892a94fbc90", "state": "480", "customerId": null, "localAmount": 380, "localCurrency": "USD"}, {"chainId": "12910497961421460342", "amount": 325, "createdAt": "2018-10-11T20:25:28+00:00", "shoeSize": "10.5", "productId": null, "skuUuid": "41fb384e-59c5-44a2-a31b-4ac7815d9498", "state": "480", "customerId": null, "localAmount": 325, "localCurrency": "USD"}, {"chainId": "12912197766193579117", "amount": 250, "createdAt": "2018-10-11T10:32:04+00:00", "shoeSize": "8.5", "productId": null, "skuUuid": "5d517689-735a-4e28-ab50-9e4b0c6599af", "state": "480", "customerId": null, "localAmount": 250, "localCurrency": "USD"}, {"chainId": "12910140928089572778", "amount": 281, "createdAt": "2018-10-08T14:25:31+00:00", "shoeSize": "10.5", "productId": null, "skuUuid": "41fb384e-59c5-44a2-a31b-4ac7815d9498", "state": "480", "customerId": null, "localAmount": 281, "localCurrency": "USD"}, {"chainId": "12905116813112061060", "amount": 185, "createdAt": "2018-10-02T10:26:58+00:00", "shoeSize": "8", "productId": null, "skuUuid": "f2fc6497-ca2a-463f-9e04-cfd8d7004971", "state": "480", "customerId": null, "localAmount": 185, "localCurrency": "USD"}, {"chainId": "12845839866493919903", "amount": 85, "createdAt": "2018-09-26T19:38:50+00:00", "shoeSize": "7", "productId": null, "skuUuid": "58e9f031-5898-423b-aed6-0593032668ce", "state": "480", "customerId": null, "localAmount": 85, "localCurrency": "USD"}, {"chainId": "12845839748995065239", "amount": 100, "createdAt": "2018-09-26T19:38:38+00:00", "shoeSize": "7.5", "productId": null, "skuUuid": "5b4bc62c-540a-415b-8726-f1cc97a701ef", "state": "480", "customerId": null, "localAmount": 100, "localCurrency": "USD"}, {"chainId": "12893670175977810643", "amount": 320, "createdAt": "2018-09-16T15:23:33+00:00", "shoeSize": "9", "productId": null, "skuUuid": "5e0c89ca-37c9-4618-ad80-695d7175f52b", "state": "480", "customerId": null, "localAmount": 320, "localCurrency": "USD"}, {"chainId": "12875357495075709044", "amount": 305, "createdAt": "2018-09-11T22:09:39+00:00", "shoeSize": "11.5", "productId": null, "skuUuid": "236d6924-2e52-4174-bc42-8df274e08a5d", "state": "480", "customerId": null, "localAmount": 305, "localCurrency": "USD"}, {"chainId": "12836981012455562491", "amount": 168, "createdAt": "2018-08-25T11:01:21+00:00", "shoeSize": "8", "productId": null, "skuUuid": "f2fc6497-ca2a-463f-9e04-cfd8d7004971", "state": "480", "customerId": null, "localAmount": 168, "localCurrency": "USD"}, {"chainId": "12852272711284454253", "amount": 220, "createdAt": "2018-08-11T17:37:52+00:00", "shoeSize": "11.5", "productId": null, "skuUuid": "236d6924-2e52-4174-bc42-8df274e08a5d", "state": "480", "customerId": null, "localAmount": 220, "localCurrency": "USD"}, {"chainId": "12829196275489196099", "amount": 355, "createdAt": "2018-08-02T16:41:21+00:00", "shoeSize": "10.5", "productId": null, "skuUuid": "41fb384e-59c5-44a2-a31b-4ac7815d9498", "state": "480", "customerId": null, "localAmount": 355, "localCurrency": "USD"}, {"chainId": "12836629152749445384", "amount": 420, "createdAt": "2018-07-31T02:10:08+00:00", "shoeSize": "12.5", "productId": null, "skuUuid": "be20207b-22d8-41ad-ab9a-5848a1f078de", "state": "480", "customerId": null, "localAmount": 420, "localCurrency": "USD"}, {"chainId": "12853004040006956825", "amount": 150, "createdAt": "2018-07-21T18:24:45+00:00", "shoeSize": "7.5", "productId": null, "skuUuid": "5b4bc62c-540a-415b-8726-f1cc97a701ef", "state": "480", "customerId": null, "localAmount": 150, "localCurrency": "USD"}, {"chainId": "12837988304153234093", "amount": 260, "createdAt": "2018-07-07T14:59:03+00:00", "shoeSize": "9.5", "productId": null, "skuUuid": "77bcd6a8-fb45-4675-866c-cc9ad3827da7", "state": "480", "customerId": null, "localAmount": 260, "localCurrency": "USD"}, {"chainId": "12782865545336546421", "amount": 405, "createdAt": "2018-07-05T17:54:16+00:00", "shoeSize": "12", "productId": null, "skuUuid": "14239483-7c3c-4bec-a71a-505c327d665e", "state": "480", "customerId": null, "localAmount": 405, "localCurrency": "USD"}, {"chainId": "12838036628080170197", "amount": 275, "createdAt": "2018-07-03T12:41:51+00:00", "shoeSize": "10", "productId": null, "skuUuid": "f33e70e6-6e1f-4931-829a-108cb9a98fb6", "state": "480", "customerId": null, "localAmount": 275, "localCurrency": "USD"}, {"chainId": "12837893000628989158", "amount": 300, "createdAt": "2018-07-01T02:44:34+00:00", "shoeSize": "10", "productId": null, "skuUuid": "f33e70e6-6e1f-4931-829a-108cb9a98fb6", "state": "480", "customerId": null, "localAmount": 300, "localCurrency": "USD"}, {"chainId": "12837890238030431755", "amount": 275, "createdAt": "2018-06-30T22:00:48+00:00", "shoeSize": "10", "productId": null, "skuUuid": "f33e70e6-6e1f-4931-829a-108cb9a98fb6", "state": "480", "customerId": null, "localAmount": 275, "localCurrency": "USD"}, {"chainId": "12825271283469524711", "amount": 200, "createdAt": "2018-06-13T14:53:58+00:00", "shoeSize": "9", "productId": null, "skuUuid": "5e0c89ca-37c9-4618-ad80-695d7175f52b", "state": "480", "customerId": null, "localAmount": 200, "localCurrency": "USD"}, {"chainId": "12689323024778342875", "amount": 320, "createdAt": "2018-06-13T02:30:02+00:00", "shoeSize": "10", "productId": null, "skuUuid": "f33e70e6-6e1f-4931-829a-108cb9a98fb6", "state": "480", "customerId": null, "localAmount": 320, "localCurrency": "USD"}, {"chainId": "12824021370986797979", "amount": 200, "createdAt": "2018-06-11T18:41:20+00:00", "shoeSize": "8.5", "productId": null, "skuUuid": "5d517689-735a-4e28-ab50-9e4b0c6599af", "state": "480", "customerId": null, "localAmount": 200, "localCurrency": "USD"}, {"chainId": "12823894044311462581", "amount": 180, "createdAt": "2018-06-11T14:28:21+00:00", "shoeSize": "12", "productId": null, "skuUuid": "14239483-7c3c-4bec-a71a-505c327d665e", "state": "480", "customerId": null, "localAmount": 180, "localCurrency": "USD"}, {"chainId": "12823320747602194979", "amount": 276, "createdAt": "2018-06-10T19:29:19+00:00", "shoeSize": "10.5", "productId": null, "skuUuid": "41fb384e-59c5-44a2-a31b-4ac7815d9498", "state": "480", "customerId": null, "localAmount": 276, "localCurrency": "USD"}, {"chainId": "12822035920244659219", "amount": 180, "createdAt": "2018-06-09T12:32:29+00:00", "shoeSize": "8.5", "productId": null, "skuUuid": "5d517689-735a-4e28-ab50-9e4b0c6599af", "state": "480", "customerId": null, "localAmount": 180, "localCurrency": "USD"}, {"chainId": "12822050941763033091", "amount": 275, "createdAt": "2018-06-09T01:26:49+00:00", "shoeSize": "14", "productId": null, "skuUuid": "970907ba-1a4b-4ec7-9133-42a4b8bce193", "state": "480", "customerId": null, "localAmount": 275, "localCurrency": "USD"}, {"chainId": "12821984410978047000", "amount": 285, "createdAt": "2018-06-08T23:14:16+00:00", "shoeSize": "10.5", "productId": null, "skuUuid": "41fb384e-59c5-44a2-a31b-4ac7815d9498", "state": "480", "customerId": null, "localAmount": 285, "localCurrency": "USD"}, {"chainId": "12821788215467530640", "amount": 325, "createdAt": "2018-06-08T16:44:26+00:00", "shoeSize": "11", "productId": null, "skuUuid": "9143c302-0bbc-4c36-9521-1892a94fbc90", "state": "480", "customerId": null, "localAmount": 325, "localCurrency": "USD"}, {"chainId": "12821771499640276710", "amount": 325, "createdAt": "2018-06-08T16:11:15+00:00", "shoeSize": "9", "productId": null, "skuUuid": "5e0c89ca-37c9-4618-ad80-695d7175f52b", "state": "480", "customerId": null, "localAmount": 325, "localCurrency": "USD"}, {"chainId": "12718962962715911702", "amount": 400, "createdAt": "2018-05-17T23:46:18+00:00", "shoeSize": "9", "productId": null, "skuUuid": "5e0c89ca-37c9-4618-ad80-695d7175f52b", "state": "480", "customerId": null, "localAmount": 400, "localCurrency": "USD"}, {"chainId": "12797868787658638114", "amount": 310, "createdAt": "2018-05-10T10:54:33+00:00", "shoeSize": "10", "productId": null, "skuUuid": "f33e70e6-6e1f-4931-829a-108cb9a98fb6", "state": "480", "customerId": null, "localAmount": 310, "localCurrency": "USD"}, {"chainId": "12797084150231321446", "amount": 325, "createdAt": "2018-05-05T14:41:53+00:00", "shoeSize": "9.5", "productId": null, "skuUuid": "77bcd6a8-fb45-4675-866c-cc9ad3827da7", "state": "480", "customerId": null, "localAmount": 325, "localCurrency": "USD"}, {"chainId": "12790014107368293933", "amount": 425, "createdAt": "2018-04-25T20:35:01+00:00", "shoeSize": "12", "productId": null, "skuUuid": "14239483-7c3c-4bec-a71a-505c327d665e", "state": "480", "customerId": null, "localAmount": 425, "localCurrency": "USD"}, {"chainId": "12763436633898513329", "amount": 270, "createdAt": "2018-04-19T20:16:05+00:00", "shoeSize": "8", "productId": null, "skuUuid": "f2fc6497-ca2a-463f-9e04-cfd8d7004971", "state": "480", "customerId": null, "localAmount": 270, "localCurrency": "USD"}, {"chainId": "12776310015898998612", "amount": 450, "createdAt": "2018-04-09T02:39:38+00:00", "shoeSize": "11", "productId": null, "skuUuid": "9143c302-0bbc-4c36-9521-1892a94fbc90", "state": "480", "customerId": null, "localAmount": 450, "localCurrency": "USD"}, {"chainId": "12759480086097812006", "amount": 385, "createdAt": "2018-03-20T02:35:54+00:00", "shoeSize": "13", "productId": null, "skuUuid": "4d68b223-a93e-4c15-b3c6-a369414817ff", "state": "480", "customerId": null, "localAmount": 385, "localCurrency": "USD"}, {"chainId": "12763138274501290836", "amount": 225, "createdAt": "2018-03-19T18:37:28+00:00", "shoeSize": "9.5", "productId": null, "skuUuid": "77bcd6a8-fb45-4675-866c-cc9ad3827da7", "state": "480", "customerId": null, "localAmount": 225, "localCurrency": "USD"}, {"chainId": "12760154539663689953", "amount": 265, "createdAt": "2018-03-15T15:49:20+00:00", "shoeSize": "10.5", "productId": null, "skuUuid": "41fb384e-59c5-44a2-a31b-4ac7815d9498", "state": "480", "customerId": null, "localAmount": 265, "localCurrency": "USD"}, {"chainId": "12724683331271972594", "amount": 345, "createdAt": "2018-03-13T16:33:09+00:00", "shoeSize": "11.5", "productId": null, "skuUuid": "236d6924-2e52-4174-bc42-8df274e08a5d", "state": "480", "customerId": null, "localAmount": 345, "localCurrency": "USD"}, {"chainId": "12747679969306105358", "amount": 250, "createdAt": "2018-03-05T11:35:31+00:00", "shoeSize": "8.5", "productId": null, "skuUuid": "5d517689-735a-4e28-ab50-9e4b0c6599af", "state": "480", "customerId": null, "localAmount": 250, "localCurrency": "USD"}, {"chainId": "12749569665626254568", "amount": 350, "createdAt": "2018-03-01T01:21:57+00:00", "shoeSize": "10.5", "productId": null, "skuUuid": "41fb384e-59c5-44a2-a31b-4ac7815d9498", "state": "480", "customerId": null, "localAmount": 350, "localCurrency": "USD"}, {"chainId": "12717451420088923910", "amount": 350, "createdAt": "2018-02-24T15:35:10+00:00", "shoeSize": "13", "productId": null, "skuUuid": "4d68b223-a93e-4c15-b3c6-a369414817ff", "state": "480", "customerId": null, "localAmount": 350, "localCurrency": "USD"}, {"chainId": "12743339550713722673", "amount": 325, "createdAt": "2018-02-20T11:00:57+00:00", "shoeSize": "9.5", "productId": null, "skuUuid": "77bcd6a8-fb45-4675-866c-cc9ad3827da7", "state": "480", "customerId": null, "localAmount": 325, "localCurrency": "USD"}, {"chainId": "12713722003000088039", "amount": 310, "createdAt": "2018-02-16T11:04:46+00:00", "shoeSize": "10", "productId": null, "skuUuid": "f33e70e6-6e1f-4931-829a-108cb9a98fb6", "state": "480", "customerId": null, "localAmount": 310, "localCurrency": "USD"}, {"chainId": "12738364932364098748", "amount": 290, "createdAt": "2018-02-13T14:17:15+00:00", "shoeSize": "10", "productId": null, "skuUuid": "f33e70e6-6e1f-4931-829a-108cb9a98fb6", "state": "480", "customerId": null, "localAmount": 290, "localCurrency": "USD"}, {"chainId": "12718963225469944915", "amount": 400, "createdAt": "2018-02-06T17:52:56+00:00", "shoeSize": "9.5", "productId": null, "skuUuid": "77bcd6a8-fb45-4675-866c-cc9ad3827da7", "state": "480", "customerId": null, "localAmount": 400, "localCurrency": "USD"}, {"chainId": "12722440413900446643", "amount": 225, "createdAt": "2018-02-02T13:26:19+00:00", "shoeSize": "10.5", "productId": null, "skuUuid": "41fb384e-59c5-44a2-a31b-4ac7815d9498", "state": "480", "customerId": null, "localAmount": 225, "localCurrency": "USD"}, {"chainId": "12727035677381591471", "amount": 265, "createdAt": "2018-02-01T16:11:02+00:00", "shoeSize": "10.5", "productId": null, "skuUuid": "41fb384e-59c5-44a2-a31b-4ac7815d9498", "state": "480", "customerId": null, "localAmount": 265, "localCurrency": "USD"}, {"chainId": "12721636059345752554", "amount": 275, "createdAt": "2018-02-01T08:20:41+00:00", "shoeSize": "11", "productId": null, "skuUuid": "9143c302-0bbc-4c36-9521-1892a94fbc90", "state": "480", "customerId": null, "localAmount": 275, "localCurrency": "USD"}, {"chainId": "12726841250074996972", "amount": 200, "createdAt": "2018-01-31T01:32:52+00:00", "shoeSize": "9.5", "productId": null, "skuUuid": "77bcd6a8-fb45-4675-866c-cc9ad3827da7", "state": "480", "customerId": null, "localAmount": 200, "localCurrency": "USD"}, {"chainId": "12726792508924063402", "amount": 220, "createdAt": "2018-01-31T01:28:05+00:00", "shoeSize": "9.5", "productId": null, "skuUuid": "77bcd6a8-fb45-4675-866c-cc9ad3827da7", "state": "480", "customerId": null, "localAmount": 220, "localCurrency": "USD"}, {"chainId": "12726840678122632010", "amount": 251, "createdAt": "2018-01-30T14:56:26+00:00", "shoeSize": "10", "productId": null, "skuUuid": "f33e70e6-6e1f-4931-829a-108cb9a98fb6", "state": "480", "customerId": null, "localAmount": 251, "localCurrency": "USD"}, {"chainId": "12727058394068767673", "amount": 255, "createdAt": "2018-01-29T16:35:13+00:00", "shoeSize": "9.5", "productId": null, "skuUuid": "77bcd6a8-fb45-4675-866c-cc9ad3827da7", "state": "480", "customerId": null, "localAmount": 255, "localCurrency": "USD"}, {"chainId": "12718706516180845365", "amount": 319, "createdAt": "2018-01-28T12:28:03+00:00", "shoeSize": "12", "productId": null, "skuUuid": "14239483-7c3c-4bec-a71a-505c327d665e", "state": "480", "customerId": null, "localAmount": 319, "localCurrency": "USD"}, {"chainId": "12725299198133320128", "amount": 324, "createdAt": "2018-01-27T11:22:10+00:00", "shoeSize": "7.5", "productId": null, "skuUuid": "5b4bc62c-540a-415b-8726-f1cc97a701ef", "state": "480", "customerId": null, "localAmount": 324, "localCurrency": "USD"}, {"chainId": "12718088010603088176", "amount": 319, "createdAt": "2018-01-24T04:38:33+00:00", "shoeSize": "11", "productId": null, "skuUuid": "9143c302-0bbc-4c36-9521-1892a94fbc90", "state": "480", "customerId": null, "localAmount": 319, "localCurrency": "USD"}, {"chainId": "12720583986548208736", "amount": 311, "createdAt": "2018-01-20T01:29:41+00:00", "shoeSize": "11", "productId": null, "skuUuid": "9143c302-0bbc-4c36-9521-1892a94fbc90", "state": "480", "customerId": null, "localAmount": 311, "localCurrency": "USD"}, {"chainId": "12718845243048004234", "amount": 255, "createdAt": "2018-01-17T15:55:06+00:00", "shoeSize": "9.5", "productId": null, "skuUuid": "77bcd6a8-fb45-4675-866c-cc9ad3827da7", "state": "480", "customerId": null, "localAmount": 255, "localCurrency": "USD"}, {"chainId": "12718707975217863273", "amount": 350, "createdAt": "2018-01-17T15:21:39+00:00", "shoeSize": "11", "productId": null, "skuUuid": "9143c302-0bbc-4c36-9521-1892a94fbc90", "state": "480", "customerId": null, "localAmount": 350, "localCurrency": "USD"}, {"chainId": "12718179090111553477", "amount": 385, "createdAt": "2018-01-17T06:50:28+00:00", "shoeSize": "10.5", "productId": null, "skuUuid": "41fb384e-59c5-44a2-a31b-4ac7815d9498", "state": "480", "customerId": null, "localAmount": 385, "localCurrency": "USD"}, {"chainId": "12717134800912832180", "amount": 365, "createdAt": "2018-01-16T07:29:05+00:00", "shoeSize": "9", "productId": null, "skuUuid": "5e0c89ca-37c9-4618-ad80-695d7175f52b", "state": "480", "customerId": null, "localAmount": 365, "localCurrency": "USD"}, {"chainId": "12714704991151361344", "amount": 420, "createdAt": "2018-01-12T18:13:03+00:00", "shoeSize": "13", "productId": null, "skuUuid": "4d68b223-a93e-4c15-b3c6-a369414817ff", "state": "480", "customerId": null, "localAmount": 420, "localCurrency": "USD"}, {"chainId": "12714618039260441825", "amount": 255, "createdAt": "2018-01-12T12:36:43+00:00", "shoeSize": "9.5", "productId": null, "skuUuid": "77bcd6a8-fb45-4675-866c-cc9ad3827da7", "state": "480", "customerId": null, "localAmount": 255, "localCurrency": "USD"}, {"chainId": "12695243482299967903", "amount": 360, "createdAt": "2018-01-11T22:30:01+00:00", "shoeSize": "11", "productId": null, "skuUuid": "9143c302-0bbc-4c36-9521-1892a94fbc90", "state": "480", "customerId": null, "localAmount": 360, "localCurrency": "USD"}, {"chainId": "12699662033460803512", "amount": 345, "createdAt": "2018-01-10T02:43:44+00:00", "shoeSize": "11.5", "productId": null, "skuUuid": "236d6924-2e52-4174-bc42-8df274e08a5d", "state": "480", "customerId": null, "localAmount": 345, "localCurrency": "USD"}, {"chainId": "12690909686326264051", "amount": 325, "createdAt": "2018-01-08T23:24:56+00:00", "shoeSize": "9.5", "productId": null, "skuUuid": "77bcd6a8-fb45-4675-866c-cc9ad3827da7", "state": "480", "customerId": null, "localAmount": 325, "localCurrency": "USD"}, {"chainId": "12711385169370630075", "amount": 420, "createdAt": "2018-01-07T14:24:34+00:00", "shoeSize": "13", "productId": null, "skuUuid": "4d68b223-a93e-4c15-b3c6-a369414817ff", "state": "480", "customerId": null, "localAmount": 420, "localCurrency": "USD"}, {"chainId": "12692754368365431960", "amount": 400, "createdAt": "2018-01-05T23:55:51+00:00", "shoeSize": "12", "productId": null, "skuUuid": "14239483-7c3c-4bec-a71a-505c327d665e", "state": "480", "customerId": null, "localAmount": 400, "localCurrency": "USD"}, {"chainId": "12703146714789092998", "amount": 415, "createdAt": "2017-12-27T03:22:17+00:00", "shoeSize": "13", "productId": null, "skuUuid": "4d68b223-a93e-4c15-b3c6-a369414817ff", "state": "480", "customerId": null, "localAmount": 415, "localCurrency": "USD"}, {"chainId": "12690970869134083561", "amount": 345, "createdAt": "2017-12-22T23:33:32+00:00", "shoeSize": "10", "productId": null, "skuUuid": "f33e70e6-6e1f-4931-829a-108cb9a98fb6", "state": "480", "customerId": null, "localAmount": 345, "localCurrency": "USD"}, {"chainId": "12695136849006440569", "amount": 400, "createdAt": "2017-12-20T00:37:56+00:00", "shoeSize": "10.5", "productId": null, "skuUuid": "41fb384e-59c5-44a2-a31b-4ac7815d9498", "state": "480", "customerId": null, "localAmount": 400, "localCurrency": "USD"}, {"chainId": "12692879669490338213", "amount": 385, "createdAt": "2017-12-19T00:50:59+00:00", "shoeSize": "11.5", "productId": null, "skuUuid": "236d6924-2e52-4174-bc42-8df274e08a5d", "state": "480", "customerId": null, "localAmount": 385, "localCurrency": "USD"}, {"chainId": "12690012290588831477", "amount": 310, "createdAt": "2017-12-17T03:58:41+00:00", "shoeSize": "10.5", "productId": null, "skuUuid": "41fb384e-59c5-44a2-a31b-4ac7815d9498", "state": "480", "customerId": null, "localAmount": 310, "localCurrency": "USD"}, {"chainId": "12693381528042569313", "amount": 350, "createdAt": "2017-12-16T11:10:53+00:00", "shoeSize": "9", "productId": null, "skuUuid": "5e0c89ca-37c9-4618-ad80-695d7175f52b", "state": "480", "customerId": null, "localAmount": 350, "localCurrency": "USD"}, {"chainId": "12692382199479158886", "amount": 300, "createdAt": "2017-12-12T17:59:00+00:00", "shoeSize": "9.5", "productId": null, "skuUuid": "77bcd6a8-fb45-4675-866c-cc9ad3827da7", "state": "480", "customerId": null, "localAmount": 300, "localCurrency": "USD"}, {"chainId": "12692703784762850011", "amount": 305, "createdAt": "2017-12-12T14:35:34+00:00", "shoeSize": "11", "productId": null, "skuUuid": "9143c302-0bbc-4c36-9521-1892a94fbc90", "state": "480", "customerId": null, "localAmount": 305, "localCurrency": "USD"}, {"chainId": "12692355081875602477", "amount": 338, "createdAt": "2017-12-12T07:33:38+00:00", "shoeSize": "11.5", "productId": null, "skuUuid": "236d6924-2e52-4174-bc42-8df274e08a5d", "state": "480", "customerId": null, "localAmount": 338, "localCurrency": "USD"}, {"chainId": "12692295474299372750", "amount": 310, "createdAt": "2017-12-12T05:14:27+00:00", "shoeSize": "10.5", "productId": null, "skuUuid": "41fb384e-59c5-44a2-a31b-4ac7815d9498", "state": "480", "customerId": null, "localAmount": 310, "localCurrency": "USD"}, {"chainId": "12692114355923220326", "amount": 380, "createdAt": "2017-12-12T01:52:12+00:00", "shoeSize": "12", "productId": null, "skuUuid": "14239483-7c3c-4bec-a71a-505c327d665e", "state": "480", "customerId": null, "localAmount": 380, "localCurrency": "USD"}, {"chainId": "12689440635675481098", "amount": 330, "createdAt": "2017-12-10T16:52:48+00:00", "shoeSize": "10", "productId": null, "skuUuid": "f33e70e6-6e1f-4931-829a-108cb9a98fb6", "state": "480", "customerId": null, "localAmount": 330, "localCurrency": "USD"}, {"chainId": "12690848151776895277", "amount": 400, "createdAt": "2017-12-10T15:35:46+00:00", "shoeSize": "13", "productId": null, "skuUuid": "4d68b223-a93e-4c15-b3c6-a369414817ff", "state": "480", "customerId": null, "localAmount": 400, "localCurrency": "USD"}, {"chainId": "12689452434731926059", "amount": 380, "createdAt": "2017-12-10T14:55:10+00:00", "shoeSize": "10.5", "productId": null, "skuUuid": "41fb384e-59c5-44a2-a31b-4ac7815d9498", "state": "480", "customerId": null, "localAmount": 380, "localCurrency": "USD"}, {"chainId": "12689452787628885898", "amount": 380, "createdAt": "2017-12-10T04:50:32+00:00", "shoeSize": "9", "productId": null, "skuUuid": "5e0c89ca-37c9-4618-ad80-695d7175f52b", "state": "480", "customerId": null, "localAmount": 380, "localCurrency": "USD"}, {"chainId": "12689452028792037697", "amount": 400, "createdAt": "2017-12-09T17:09:00+00:00", "shoeSize": "12", "productId": null, "skuUuid": "14239483-7c3c-4bec-a71a-505c327d665e", "state": "480", "customerId": null, "localAmount": 400, "localCurrency": "USD"}, {"chainId": "12690346863036501508", "amount": 350, "createdAt": "2017-12-09T08:13:54+00:00", "shoeSize": "10.5", "productId": null, "skuUuid": "41fb384e-59c5-44a2-a31b-4ac7815d9498", "state": "480", "customerId": null, "localAmount": 350, "localCurrency": "USD"}, {"chainId": "12689811171742324956", "amount": 390, "createdAt": "2017-12-09T00:50:49+00:00", "shoeSize": "9", "productId": null, "skuUuid": "5e0c89ca-37c9-4618-ad80-695d7175f52b", "state": "480", "customerId": null, "localAmount": 390, "localCurrency": "USD"}, {"chainId": "12690068580548424244", "amount": 350, "createdAt": "2017-12-08T23:01:06+00:00", "shoeSize": "11", "productId": null, "skuUuid": "9143c302-0bbc-4c36-9521-1892a94fbc90", "state": "480", "customerId": null, "localAmount": 350, "localCurrency": "USD"}, {"chainId": "12689741600943543630", "amount": 350, "createdAt": "2017-12-08T12:13:24+00:00", "shoeSize": "10", "productId": null, "skuUuid": "f33e70e6-6e1f-4931-829a-108cb9a98fb6", "state": "480", "customerId": null, "localAmount": 350, "localCurrency": "USD"}, {"chainId": "12689451577055350004", "amount": 350, "createdAt": "2017-12-08T02:35:08+00:00", "shoeSize": "12", "productId": null, "skuUuid": "14239483-7c3c-4bec-a71a-505c327d665e", "state": "480", "customerId": null, "localAmount": 350, "localCurrency": "USD"}, {"chainId": "12689449892132829355", "amount": 360, "createdAt": "2017-12-08T02:31:47+00:00", "shoeSize": "12", "productId": null, "skuUuid": "14239483-7c3c-4bec-a71a-505c327d665e", "state": "480", "customerId": null, "localAmount": 360, "localCurrency": "USD"}, {"chainId": "12689192659410532785", "amount": 350, "createdAt": "2017-12-08T01:14:51+00:00", "shoeSize": "11", "productId": null, "skuUuid": "9143c302-0bbc-4c36-9521-1892a94fbc90", "state": "480", "customerId": null, "localAmount": 350, "localCurrency": "USD"}, {"chainId": "12688654933705783746", "amount": 475, "createdAt": "2017-12-07T15:56:18+00:00", "shoeSize": "13", "productId": null, "skuUuid": "4d68b223-a93e-4c15-b3c6-a369414817ff", "state": "480", "customerId": null, "localAmount": 475, "localCurrency": "USD"}, {"chainId": "12688478364846704675", "amount": 360, "createdAt": "2017-12-07T15:25:04+00:00", "shoeSize": "12", "productId": null, "skuUuid": "14239483-7c3c-4bec-a71a-505c327d665e", "state": "480", "customerId": null, "localAmount": 360, "localCurrency": "USD"}]