[{"chainId": "12950716009766837089", "amount": 100, "createdAt": "2019-01-16T16:30:08+00:00", "shoeSize": "8.5", "productId": null, "skuUuid": "de83e6e6-25a5-481e-bd6a-02d9409e83d6", "state": "480", "customerId": null, "localAmount": 100, "localCurrency": "USD"}, {"chainId": "12981300997879409183", "amount": 66, "createdAt": "2019-01-14T18:47:54+00:00", "shoeSize": "11", "productId": null, "skuUuid": "61f8c65e-9194-4c25-887a-4e61a55c2bce", "state": "480", "customerId": null, "localAmount": 66, "localCurrency": "USD"}, {"chainId": "12887795766439748495", "amount": 115, "createdAt": "2019-01-13T06:09:27+00:00", "shoeSize": "11.5", "productId": null, "skuUuid": "3dc654bd-a41c-45f5-a5d5-12258cc78a57", "state": "480", "customerId": null, "localAmount": 115, "localCurrency": "USD"}, {"chainId": "12632321965692876141", "amount": 159, "createdAt": "2019-01-11T15:18:31+00:00", "shoeSize": "10.5", "productId": null, "skuUuid": "f8d8433b-c7ac-4e7a-8626-8d4f4df09853", "state": "480", "customerId": null, "localAmount": 159, "localCurrency": "USD"}, {"chainId": "12649345950059254464", "amount": 164, "createdAt": "2019-01-07T15:55:00+00:00", "shoeSize": "9.5", "productId": null, "skuUuid": "629502c0-dca6-404b-a26d-c9abb447bebe", "state": "480", "customerId": null, "localAmount": 164, "localCurrency": "USD"}, {"chainId": "12961210089944556413", "amount": 66, "createdAt": "2018-12-18T01:30:52+00:00", "shoeSize": "10.5", "productId": null, "skuUuid": "f8d8433b-c7ac-4e7a-8626-8d4f4df09853", "state": "480", "customerId": null, "localAmount": 66, "localCurrency": "USD"}, {"chainId": "12932567969980363012", "amount": 130, "createdAt": "2018-12-14T17:09:10+00:00", "shoeSize": "10", "productId": null, "skuUuid": "8077af18-937d-4546-bbf1-bb3fd8c37c8c", "state": "480", "customerId": null, "localAmount": 130, "localCurrency": "USD"}, {"chainId": "12951755916183642076", "amount": 67, "createdAt": "2018-12-10T19:00:52+00:00", "shoeSize": "10", "productId": null, "skuUuid": "8077af18-937d-4546-bbf1-bb3fd8c37c8c", "state": "480", "customerId": null, "localAmount": 67, "localCurrency": "USD"}, {"chainId": "12721094358373011624", "amount": 188, "createdAt": "2018-12-06T01:42:22+00:00", "shoeSize": "7.5", "productId": null, "skuUuid": "e8d2082c-d99c-473d-81c0-c363721ead13", "state": "480", "customerId": null, "localAmount": 188, "localCurrency": "USD"}, {"chainId": "12832015324715406175", "amount": 120, "createdAt": "2018-11-30T21:23:09+00:00", "shoeSize": "11", "productId": null, "skuUuid": "61f8c65e-9194-4c25-887a-4e61a55c2bce", "state": "480", "customerId": null, "localAmount": 120, "localCurrency": "USD"}, {"chainId": "12944552960093408822", "amount": 126, "createdAt": "2018-11-25T01:56:08+00:00", "shoeSize": "9.5", "productId": null, "skuUuid": "629502c0-dca6-404b-a26d-c9abb447bebe", "state": "480", "customerId": null, "localAmount": 126, "localCurrency": "USD"}, {"chainId": "12921352624735687546", "amount": 114, "createdAt": "2018-11-05T23:01:37+00:00", "shoeSize": "10", "productId": null, "skuUuid": "8077af18-937d-4546-bbf1-bb3fd8c37c8c", "state": "480", "customerId": null, "localAmount": 114, "localCurrency": "USD"}, {"chainId": "12850274960724127559", "amount": 85, "createdAt": "2018-11-05T02:27:02+00:00", "shoeSize": "12.5", "productId": null, "skuUuid": "182da024-ec52-494b-a1ea-08101bcf6259", "state": "480", "customerId": null, "localAmount": 85, "localCurrency": "USD"}, {"chainId": "12927514606967563736", "amount": 85, "createdAt": "2018-11-03T02:28:31+00:00", "shoeSize": "11", "productId": null, "skuUuid": "61f8c65e-9194-4c25-887a-4e61a55c2bce", "state": "480", "customerId": null, "localAmount": 85, "localCurrency": "USD"}, {"chainId": "12870930204344681738", "amount": 80, "createdAt": "2018-10-27T23:48:09+00:00", "shoeSize": "12", "productId": null, "skuUuid": "25be6e7d-11d5-4ba0-b4c6-e497ab788e5a", "state": "480", "customerId": null, "localAmount": 80, "localCurrency": "USD"}, {"chainId": "12838887002048939749", "amount": 137, "createdAt": "2018-09-10T23:47:08+00:00", "shoeSize": "8.5", "productId": null, "skuUuid": "de83e6e6-25a5-481e-bd6a-02d9409e83d6", "state": "480", "customerId": null, "localAmount": 137, "localCurrency": "USD"}, {"chainId": "12816717587682615166", "amount": 115, "createdAt": "2018-09-08T03:39:18+00:00", "shoeSize": "8.5", "productId": null, "skuUuid": "de83e6e6-25a5-481e-bd6a-02d9409e83d6", "state": "480", "customerId": null, "localAmount": 115, "localCurrency": "USD"}, {"chainId": "12827088665209486849", "amount": 130, "createdAt": "2018-08-16T06:09:46+00:00", "shoeSize": "9", "productId": null, "skuUuid": "854bd5da-838e-4785-bd30-1486abf78969", "state": "480", "customerId": null, "localAmount": 130, "localCurrency": "USD"}, {"chainId": "12830457959030109206", "amount": 100, "createdAt": "2018-08-15T16:08:46+00:00", "shoeSize": "11.5", "productId": null, "skuUuid": "3dc654bd-a41c-45f5-a5d5-12258cc78a57", "state": "480", "customerId": null, "localAmount": 100, "localCurrency": "USD"}, {"chainId": "12867797272397103078", "amount": 80, "createdAt": "2018-08-13T20:02:09+00:00", "shoeSize": "11", "productId": null, "skuUuid": "61f8c65e-9194-4c25-887a-4e61a55c2bce", "state": "480", "customerId": null, "localAmount": 80, "localCurrency": "USD"}, {"chainId": "12668145512560686422", "amount": 115, "createdAt": "2018-07-27T14:27:01+00:00", "shoeSize": "9.5", "productId": null, "skuUuid": "629502c0-dca6-404b-a26d-c9abb447bebe", "state": "480", "customerId": null, "localAmount": 115, "localCurrency": "USD"}, {"chainId": "12818235574989486401", "amount": 97, "createdAt": "2018-06-28T19:02:51+00:00", "shoeSize": "12", "productId": null, "skuUuid": "25be6e7d-11d5-4ba0-b4c6-e497ab788e5a", "state": "480", "customerId": null, "localAmount": 97, "localCurrency": "USD"}, {"chainId": "12816186239804449209", "amount": 74, "createdAt": "2018-06-12T02:16:24+00:00", "shoeSize": "9", "productId": null, "skuUuid": "854bd5da-838e-4785-bd30-1486abf78969", "state": "480", "customerId": null, "localAmount": 74, "localCurrency": "USD"}, {"chainId": "12804369034033682752", "amount": 150, "createdAt": "2018-05-15T15:55:38+00:00", "shoeSize": "11", "productId": null, "skuUuid": "61f8c65e-9194-4c25-887a-4e61a55c2bce", "state": "480", "customerId": null, "localAmount": 150, "localCurrency": "USD"}, {"chainId": "12761258341920560652", "amount": 100, "createdAt": "2018-04-04T00:02:09+00:00", "shoeSize": "8.5", "productId": null, "skuUuid": "de83e6e6-25a5-481e-bd6a-02d9409e83d6", "state": "480", "customerId": null, "localAmount": 100, "localCurrency": "USD"}, {"chainId": "12608890248375094441", "amount": 61, "createdAt": "2017-12-29T04:10:39+00:00", "shoeSize": "11", "productId": null, "skuUuid": "61f8c65e-9194-4c25-887a-4e61a55c2bce", "state": "480", "customerId": null, "localAmount": 61, "localCurrency": "USD"}]