[{"chainId": "12988024956529427261", "amount": 103, "createdAt": "2019-01-24T01:46:32+00:00", "shoeSize": "9Y", "productId": null, "skuUuid": "f7fe8c36-85c5-4c86-a027-794df45acecd", "state": "480", "customerId": null, "localAmount": 103, "localCurrency": "USD"}, {"chainId": "12988022545098442374", "amount": 99, "createdAt": "2019-01-24T01:26:34+00:00", "shoeSize": "9Y", "productId": null, "skuUuid": "f7fe8c36-85c5-4c86-a027-794df45acecd", "state": "480", "customerId": null, "localAmount": 99, "localCurrency": "USD"}, {"chainId": "12988021136137525759", "amount": 97, "createdAt": "2019-01-24T01:21:56+00:00", "shoeSize": "9Y", "productId": null, "skuUuid": "f7fe8c36-85c5-4c86-a027-794df45acecd", "state": "480", "customerId": null, "localAmount": 97, "localCurrency": "USD"}, {"chainId": "12988016564397395907", "amount": 95, "createdAt": "2019-01-24T01:19:05+00:00", "shoeSize": "9Y", "productId": null, "skuUuid": "f7fe8c36-85c5-4c86-a027-794df45acecd", "state": "480", "customerId": null, "localAmount": 95, "localCurrency": "USD"}, {"chainId": "12988017715525715712", "amount": 95, "createdAt": "2019-01-24T01:12:46+00:00", "shoeSize": "9Y", "productId": null, "skuUuid": "f7fe8c36-85c5-4c86-a027-794df45acecd", "state": "480", "customerId": null, "localAmount": 95, "localCurrency": "USD"}, {"chainId": "12988016375747809163", "amount": 95, "createdAt": "2019-01-24T01:10:06+00:00", "shoeSize": "9Y", "productId": null, "skuUuid": "f7fe8c36-85c5-4c86-a027-794df45acecd", "state": "480", "customerId": null, "localAmount": 95, "localCurrency": "USD"}, {"chainId": "12988015530831033648", "amount": 95, "createdAt": "2019-01-24T01:09:37+00:00", "shoeSize": "9Y", "productId": null, "skuUuid": "f7fe8c36-85c5-4c86-a027-794df45acecd", "state": "480", "customerId": null, "localAmount": 95, "localCurrency": "USD"}, {"chainId": "12987776697715410868", "amount": 95, "createdAt": "2019-01-24T01:07:56+00:00", "shoeSize": "9Y", "productId": null, "skuUuid": "f7fe8c36-85c5-4c86-a027-794df45acecd", "state": "480", "customerId": null, "localAmount": 95, "localCurrency": "USD"}, {"chainId": "12946755511780091273", "amount": 95, "createdAt": "2019-01-23T20:47:37+00:00", "shoeSize": "8Y", "productId": null, "skuUuid": "a1b563c3-5cb4-4da6-813a-a390576961dc", "state": "480", "customerId": null, "localAmount": 95, "localCurrency": "USD"}, {"chainId": "12987777266170719062", "amount": 99, "createdAt": "2019-01-23T17:15:02+00:00", "shoeSize": "9Y", "productId": null, "skuUuid": "f7fe8c36-85c5-4c86-a027-794df45acecd", "state": "480", "customerId": null, "localAmount": 99, "localCurrency": "USD"}, {"chainId": "12987776539383180060", "amount": 101, "createdAt": "2019-01-23T17:13:35+00:00", "shoeSize": "9Y", "productId": null, "skuUuid": "f7fe8c36-85c5-4c86-a027-794df45acecd", "state": "480", "customerId": null, "localAmount": 101, "localCurrency": "USD"}, {"chainId": "12987029480615009002", "amount": 110, "createdAt": "2019-01-23T14:59:25+00:00", "shoeSize": "3.5Y", "productId": null, "skuUuid": "f646451b-84c7-4133-8ef5-3abf66023db0", "state": "480", "customerId": null, "localAmount": 110, "localCurrency": "USD"}, {"chainId": "12987708665604842782", "amount": 95, "createdAt": "2019-01-23T14:58:44+00:00", "shoeSize": "8Y", "productId": null, "skuUuid": "a1b563c3-5cb4-4da6-813a-a390576961dc", "state": "480", "customerId": null, "localAmount": 95, "localCurrency": "USD"}, {"chainId": "12987708549760954386", "amount": 111, "createdAt": "2019-01-23T14:58:32+00:00", "shoeSize": "3.5Y", "productId": null, "skuUuid": "f646451b-84c7-4133-8ef5-3abf66023db0", "state": "480", "customerId": null, "localAmount": 111, "localCurrency": "USD"}, {"chainId": "12986270388298882167", "amount": 122, "createdAt": "2019-01-23T09:03:35+00:00", "shoeSize": "4Y", "productId": null, "skuUuid": "1dece046-b9e7-47bf-a931-1f4b948ea559", "state": "480", "customerId": null, "localAmount": 122, "localCurrency": "USD"}, {"chainId": "12987204648507252856", "amount": 125, "createdAt": "2019-01-22T22:17:25+00:00", "shoeSize": "5Y", "productId": null, "skuUuid": "9e2f5cd2-6d73-4835-b923-af8971c73322", "state": "480", "customerId": null, "localAmount": 125, "localCurrency": "USD"}, {"chainId": "12987204143204668388", "amount": 99, "createdAt": "2019-01-22T22:16:20+00:00", "shoeSize": "9Y", "productId": null, "skuUuid": "f7fe8c36-85c5-4c86-a027-794df45acecd", "state": "480", "customerId": null, "localAmount": 99, "localCurrency": "USD"}, {"chainId": "12985079945928636205", "amount": 107, "createdAt": "2019-01-21T15:05:44+00:00", "shoeSize": "5.5Y", "productId": null, "skuUuid": "000b7ff0-69e0-41de-b53d-e9ec3d5f671a", "state": "480", "customerId": null, "localAmount": 107, "localCurrency": "USD"}, {"chainId": "12984224481147736559", "amount": 122, "createdAt": "2019-01-21T14:51:07+00:00", "shoeSize": "4Y", "productId": null, "skuUuid": "1dece046-b9e7-47bf-a931-1f4b948ea559", "state": "480", "customerId": null, "localAmount": 122, "localCurrency": "USD"}, {"chainId": "12985813739615708286", "amount": 105, "createdAt": "2019-01-21T14:36:50+00:00", "shoeSize": "8Y", "productId": null, "skuUuid": "a1b563c3-5cb4-4da6-813a-a390576961dc", "state": "480", "customerId": null, "localAmount": 105, "localCurrency": "USD"}, {"chainId": "12985815534823986288", "amount": 120, "createdAt": "2019-01-21T07:28:28+00:00", "shoeSize": "9Y", "productId": null, "skuUuid": "f7fe8c36-85c5-4c86-a027-794df45acecd", "state": "480", "customerId": null, "localAmount": 120, "localCurrency": "USD"}, {"chainId": "12985604515896558726", "amount": 104, "createdAt": "2019-01-20T18:50:07+00:00", "shoeSize": "8Y", "productId": null, "skuUuid": "a1b563c3-5cb4-4da6-813a-a390576961dc", "state": "480", "customerId": null, "localAmount": 104, "localCurrency": "USD"}, {"chainId": "12983667729108761251", "amount": 100, "createdAt": "2019-01-20T17:17:16+00:00", "shoeSize": "8Y", "productId": null, "skuUuid": "a1b563c3-5cb4-4da6-813a-a390576961dc", "state": "480", "customerId": null, "localAmount": 100, "localCurrency": "USD"}, {"chainId": "12977650573392754862", "amount": 100, "createdAt": "2019-01-20T04:15:42+00:00", "shoeSize": "6Y", "productId": null, "skuUuid": "3e05867a-0fa5-4ac9-b011-93c93852128b", "state": "480", "customerId": null, "localAmount": 100, "localCurrency": "USD"}, {"chainId": "12984846823330837754", "amount": 106, "createdAt": "2019-01-19T23:52:11+00:00", "shoeSize": "5.5Y", "productId": null, "skuUuid": "000b7ff0-69e0-41de-b53d-e9ec3d5f671a", "state": "480", "customerId": null, "localAmount": 106, "localCurrency": "USD"}, {"chainId": "12984879597869967786", "amount": 95, "createdAt": "2019-01-19T17:18:00+00:00", "shoeSize": "9Y", "productId": null, "skuUuid": "f7fe8c36-85c5-4c86-a027-794df45acecd", "state": "480", "customerId": null, "localAmount": 95, "localCurrency": "USD"}, {"chainId": "12982311380073637979", "amount": 103, "createdAt": "2019-01-19T16:12:05+00:00", "shoeSize": "5.5Y", "productId": null, "skuUuid": "000b7ff0-69e0-41de-b53d-e9ec3d5f671a", "state": "480", "customerId": null, "localAmount": 103, "localCurrency": "USD"}, {"chainId": "12935771086140948277", "amount": 120, "createdAt": "2019-01-19T02:11:31+00:00", "shoeSize": "3.5Y", "productId": null, "skuUuid": "f646451b-84c7-4133-8ef5-3abf66023db0", "state": "480", "customerId": null, "localAmount": 120, "localCurrency": "USD"}, {"chainId": "12984318694005406342", "amount": 123, "createdAt": "2019-01-18T22:43:31+00:00", "shoeSize": "5Y", "productId": null, "skuUuid": "9e2f5cd2-6d73-4835-b923-af8971c73322", "state": "480", "customerId": null, "localAmount": 123, "localCurrency": "USD"}, {"chainId": "12984318459659089969", "amount": 101, "createdAt": "2019-01-18T22:43:02+00:00", "shoeSize": "5.5Y", "productId": null, "skuUuid": "000b7ff0-69e0-41de-b53d-e9ec3d5f671a", "state": "480", "customerId": null, "localAmount": 101, "localCurrency": "USD"}, {"chainId": "12984187438918123268", "amount": 122, "createdAt": "2019-01-18T19:32:04+00:00", "shoeSize": "4Y", "productId": null, "skuUuid": "1dece046-b9e7-47bf-a931-1f4b948ea559", "state": "480", "customerId": null, "localAmount": 122, "localCurrency": "USD"}, {"chainId": "12982516051111399918", "amount": 121, "createdAt": "2019-01-18T18:10:27+00:00", "shoeSize": "4Y", "productId": null, "skuUuid": "1dece046-b9e7-47bf-a931-1f4b948ea559", "state": "480", "customerId": null, "localAmount": 121, "localCurrency": "USD"}, {"chainId": "12984153491304572527", "amount": 126, "createdAt": "2019-01-18T17:15:14+00:00", "shoeSize": "5Y", "productId": null, "skuUuid": "9e2f5cd2-6d73-4835-b923-af8971c73322", "state": "480", "customerId": null, "localAmount": 126, "localCurrency": "USD"}, {"chainId": "12984153306568351408", "amount": 127, "createdAt": "2019-01-18T17:14:56+00:00", "shoeSize": "5Y", "productId": null, "skuUuid": "9e2f5cd2-6d73-4835-b923-af8971c73322", "state": "480", "customerId": null, "localAmount": 127, "localCurrency": "USD"}, {"chainId": "12978341307137541863", "amount": 95, "createdAt": "2019-01-18T01:09:23+00:00", "shoeSize": "8Y", "productId": null, "skuUuid": "a1b563c3-5cb4-4da6-813a-a390576961dc", "state": "480", "customerId": null, "localAmount": 95, "localCurrency": "USD"}, {"chainId": "12983408816651519440", "amount": 127, "createdAt": "2019-01-17T16:35:46+00:00", "shoeSize": "5Y", "productId": null, "skuUuid": "9e2f5cd2-6d73-4835-b923-af8971c73322", "state": "480", "customerId": null, "localAmount": 127, "localCurrency": "USD"}, {"chainId": "12981948797919617414", "amount": 135, "createdAt": "2019-01-17T08:09:39+00:00", "shoeSize": "9Y", "productId": null, "skuUuid": "f7fe8c36-85c5-4c86-a027-794df45acecd", "state": "480", "customerId": null, "localAmount": 135, "localCurrency": "USD"}, {"chainId": "12981912291874854214", "amount": 119, "createdAt": "2019-01-17T04:47:11+00:00", "shoeSize": "4Y", "productId": null, "skuUuid": "1dece046-b9e7-47bf-a931-1f4b948ea559", "state": "480", "customerId": null, "localAmount": 119, "localCurrency": "USD"}, {"chainId": "12982918383213495804", "amount": 92, "createdAt": "2019-01-17T00:21:18+00:00", "shoeSize": "6Y", "productId": null, "skuUuid": "3e05867a-0fa5-4ac9-b011-93c93852128b", "state": "480", "customerId": null, "localAmount": 92, "localCurrency": "USD"}, {"chainId": "12982917742559157988", "amount": 106, "createdAt": "2019-01-17T00:20:05+00:00", "shoeSize": "3.5Y", "productId": null, "skuUuid": "f646451b-84c7-4133-8ef5-3abf66023db0", "state": "480", "customerId": null, "localAmount": 106, "localCurrency": "USD"}, {"chainId": "12982917565275248092", "amount": 100, "createdAt": "2019-01-17T00:19:40+00:00", "shoeSize": "5.5Y", "productId": null, "skuUuid": "000b7ff0-69e0-41de-b53d-e9ec3d5f671a", "state": "480", "customerId": null, "localAmount": 100, "localCurrency": "USD"}, {"chainId": "12981751112519163290", "amount": 119, "createdAt": "2019-01-16T18:27:18+00:00", "shoeSize": "4Y", "productId": null, "skuUuid": "1dece046-b9e7-47bf-a931-1f4b948ea559", "state": "480", "customerId": null, "localAmount": 119, "localCurrency": "USD"}, {"chainId": "12980849395042208491", "amount": 99, "createdAt": "2019-01-16T17:01:29+00:00", "shoeSize": "6Y", "productId": null, "skuUuid": "3e05867a-0fa5-4ac9-b011-93c93852128b", "state": "480", "customerId": null, "localAmount": 99, "localCurrency": "USD"}, {"chainId": "12981750927986608546", "amount": 118, "createdAt": "2019-01-16T08:40:32+00:00", "shoeSize": "4Y", "productId": null, "skuUuid": "1dece046-b9e7-47bf-a931-1f4b948ea559", "state": "480", "customerId": null, "localAmount": 118, "localCurrency": "USD"}, {"chainId": "12976981326992421356", "amount": 106, "createdAt": "2019-01-16T04:11:58+00:00", "shoeSize": "5.5Y", "productId": null, "skuUuid": "000b7ff0-69e0-41de-b53d-e9ec3d5f671a", "state": "480", "customerId": null, "localAmount": 106, "localCurrency": "USD"}, {"chainId": "12980849258190983501", "amount": 105, "createdAt": "2019-01-15T14:59:55+00:00", "shoeSize": "5.5Y", "productId": null, "skuUuid": "000b7ff0-69e0-41de-b53d-e9ec3d5f671a", "state": "480", "customerId": null, "localAmount": 105, "localCurrency": "USD"}, {"chainId": "12981067017208834609", "amount": 117, "createdAt": "2019-01-15T14:59:34+00:00", "shoeSize": "4Y", "productId": null, "skuUuid": "1dece046-b9e7-47bf-a931-1f4b948ea559", "state": "480", "customerId": null, "localAmount": 117, "localCurrency": "USD"}, {"chainId": "12981066904420702186", "amount": 115, "createdAt": "2019-01-15T09:38:29+00:00", "shoeSize": "4Y", "productId": null, "skuUuid": "1dece046-b9e7-47bf-a931-1f4b948ea559", "state": "480", "customerId": null, "localAmount": 115, "localCurrency": "USD"}, {"chainId": "12981066584586824253", "amount": 115, "createdAt": "2019-01-15T09:36:52+00:00", "shoeSize": "4Y", "productId": null, "skuUuid": "1dece046-b9e7-47bf-a931-1f4b948ea559", "state": "480", "customerId": null, "localAmount": 115, "localCurrency": "USD"}, {"chainId": "12981066800327263330", "amount": 114, "createdAt": "2019-01-15T08:30:24+00:00", "shoeSize": "4Y", "productId": null, "skuUuid": "1dece046-b9e7-47bf-a931-1f4b948ea559", "state": "480", "customerId": null, "localAmount": 114, "localCurrency": "USD"}, {"chainId": "12981066684596509785", "amount": 114, "createdAt": "2019-01-15T01:27:05+00:00", "shoeSize": "4Y", "productId": null, "skuUuid": "1dece046-b9e7-47bf-a931-1f4b948ea559", "state": "480", "customerId": null, "localAmount": 114, "localCurrency": "USD"}, {"chainId": "12942292659527444380", "amount": 100, "createdAt": "2019-01-14T23:13:54+00:00", "shoeSize": "5.5Y", "productId": null, "skuUuid": "000b7ff0-69e0-41de-b53d-e9ec3d5f671a", "state": "480", "customerId": null, "localAmount": 100, "localCurrency": "USD"}, {"chainId": "12981066483518697567", "amount": 129, "createdAt": "2019-01-14T17:51:02+00:00", "shoeSize": "5Y", "productId": null, "skuUuid": "9e2f5cd2-6d73-4835-b923-af8971c73322", "state": "480", "customerId": null, "localAmount": 129, "localCurrency": "USD"}, {"chainId": "12959767349471395194", "amount": 128, "createdAt": "2019-01-14T17:50:47+00:00", "shoeSize": "5Y", "productId": null, "skuUuid": "9e2f5cd2-6d73-4835-b923-af8971c73322", "state": "480", "customerId": null, "localAmount": 128, "localCurrency": "USD"}, {"chainId": "12981231474921465339", "amount": 105, "createdAt": "2019-01-14T16:47:31+00:00", "shoeSize": "9Y", "productId": null, "skuUuid": "f7fe8c36-85c5-4c86-a027-794df45acecd", "state": "480", "customerId": null, "localAmount": 105, "localCurrency": "USD"}, {"chainId": "12980849524551879661", "amount": 110, "createdAt": "2019-01-14T10:31:00+00:00", "shoeSize": "9.5Y", "productId": null, "skuUuid": "2c24bc8a-d9da-4714-80bc-21d36468335a", "state": "480", "customerId": null, "localAmount": 110, "localCurrency": "USD"}, {"chainId": "12980848455263451421", "amount": 125, "createdAt": "2019-01-14T10:20:20+00:00", "shoeSize": "5Y", "productId": null, "skuUuid": "9e2f5cd2-6d73-4835-b923-af8971c73322", "state": "480", "customerId": null, "localAmount": 125, "localCurrency": "USD"}, {"chainId": "12895683154140977688", "amount": 120, "createdAt": "2019-01-14T10:19:57+00:00", "shoeSize": "4.5Y", "productId": null, "skuUuid": "cd0d292d-51c0-4979-88f8-7f25cae2d581", "state": "480", "customerId": null, "localAmount": 120, "localCurrency": "USD"}, {"chainId": "12980326780220011934", "amount": 110, "createdAt": "2019-01-14T10:19:25+00:00", "shoeSize": "4Y", "productId": null, "skuUuid": "1dece046-b9e7-47bf-a931-1f4b948ea559", "state": "480", "customerId": null, "localAmount": 110, "localCurrency": "USD"}, {"chainId": "12980326680809294910", "amount": 109, "createdAt": "2019-01-14T10:19:02+00:00", "shoeSize": "4Y", "productId": null, "skuUuid": "1dece046-b9e7-47bf-a931-1f4b948ea559", "state": "480", "customerId": null, "localAmount": 109, "localCurrency": "USD"}, {"chainId": "12980326579216367410", "amount": 109, "createdAt": "2019-01-14T10:18:27+00:00", "shoeSize": "4Y", "productId": null, "skuUuid": "1dece046-b9e7-47bf-a931-1f4b948ea559", "state": "480", "customerId": null, "localAmount": 109, "localCurrency": "USD"}, {"chainId": "12980326026363877355", "amount": 109, "createdAt": "2019-01-14T10:18:06+00:00", "shoeSize": "4Y", "productId": null, "skuUuid": "1dece046-b9e7-47bf-a931-1f4b948ea559", "state": "480", "customerId": null, "localAmount": 109, "localCurrency": "USD"}, {"chainId": "12980325914845412916", "amount": 109, "createdAt": "2019-01-14T10:17:33+00:00", "shoeSize": "4Y", "productId": null, "skuUuid": "1dece046-b9e7-47bf-a931-1f4b948ea559", "state": "480", "customerId": null, "localAmount": 109, "localCurrency": "USD"}, {"chainId": "12980835983260500635", "amount": 120, "createdAt": "2019-01-14T03:46:07+00:00", "shoeSize": "5Y", "productId": null, "skuUuid": "9e2f5cd2-6d73-4835-b923-af8971c73322", "state": "480", "customerId": null, "localAmount": 120, "localCurrency": "USD"}, {"chainId": "12980326168014555729", "amount": 118, "createdAt": "2019-01-14T03:23:25+00:00", "shoeSize": "5Y", "productId": null, "skuUuid": "9e2f5cd2-6d73-4835-b923-af8971c73322", "state": "480", "customerId": null, "localAmount": 118, "localCurrency": "USD"}, {"chainId": "12980140372549382455", "amount": 107, "createdAt": "2019-01-14T00:35:47+00:00", "shoeSize": "4Y", "productId": null, "skuUuid": "1dece046-b9e7-47bf-a931-1f4b948ea559", "state": "480", "customerId": null, "localAmount": 107, "localCurrency": "USD"}, {"chainId": "12980472021075043672", "amount": 112, "createdAt": "2019-01-13T15:20:49+00:00", "shoeSize": "4.5Y", "productId": null, "skuUuid": "cd0d292d-51c0-4979-88f8-7f25cae2d581", "state": "480", "customerId": null, "localAmount": 112, "localCurrency": "USD"}, {"chainId": "12980459593849279968", "amount": 100, "createdAt": "2019-01-13T14:56:12+00:00", "shoeSize": "8.5Y", "productId": null, "skuUuid": "da143dc4-80dc-4466-a1b1-f843e2f9b8fb", "state": "480", "customerId": null, "localAmount": 100, "localCurrency": "USD"}, {"chainId": "12980140174885911115", "amount": 106, "createdAt": "2019-01-13T10:22:28+00:00", "shoeSize": "4Y", "productId": null, "skuUuid": "1dece046-b9e7-47bf-a931-1f4b948ea559", "state": "480", "customerId": null, "localAmount": 106, "localCurrency": "USD"}, {"chainId": "12975827659140354399", "amount": 106, "createdAt": "2019-01-13T10:21:48+00:00", "shoeSize": "4Y", "productId": null, "skuUuid": "1dece046-b9e7-47bf-a931-1f4b948ea559", "state": "480", "customerId": null, "localAmount": 106, "localCurrency": "USD"}, {"chainId": "12976980870258832999", "amount": 115, "createdAt": "2019-01-13T10:19:11+00:00", "shoeSize": "5Y", "productId": null, "skuUuid": "9e2f5cd2-6d73-4835-b923-af8971c73322", "state": "480", "customerId": null, "localAmount": 115, "localCurrency": "USD"}, {"chainId": "12980139956100725377", "amount": 105, "createdAt": "2019-01-13T05:15:48+00:00", "shoeSize": "4Y", "productId": null, "skuUuid": "1dece046-b9e7-47bf-a931-1f4b948ea559", "state": "480", "customerId": null, "localAmount": 105, "localCurrency": "USD"}, {"chainId": "12980138319674844150", "amount": 104, "createdAt": "2019-01-13T04:55:34+00:00", "shoeSize": "4Y", "productId": null, "skuUuid": "1dece046-b9e7-47bf-a931-1f4b948ea559", "state": "480", "customerId": null, "localAmount": 104, "localCurrency": "USD"}, {"chainId": "12980139855462093579", "amount": 104, "createdAt": "2019-01-13T04:54:57+00:00", "shoeSize": "4Y", "productId": null, "skuUuid": "1dece046-b9e7-47bf-a931-1f4b948ea559", "state": "480", "customerId": null, "localAmount": 104, "localCurrency": "USD"}, {"chainId": "12979746686586464793", "amount": 104, "createdAt": "2019-01-13T04:21:29+00:00", "shoeSize": "4Y", "productId": null, "skuUuid": "1dece046-b9e7-47bf-a931-1f4b948ea559", "state": "480", "customerId": null, "localAmount": 104, "localCurrency": "USD"}, {"chainId": "12979622214788904441", "amount": 104, "createdAt": "2019-01-13T04:21:05+00:00", "shoeSize": "4Y", "productId": null, "skuUuid": "1dece046-b9e7-47bf-a931-1f4b948ea559", "state": "480", "customerId": null, "localAmount": 104, "localCurrency": "USD"}, {"chainId": "12979622024123521078", "amount": 104, "createdAt": "2019-01-13T04:20:37+00:00", "shoeSize": "4Y", "productId": null, "skuUuid": "1dece046-b9e7-47bf-a931-1f4b948ea559", "state": "480", "customerId": null, "localAmount": 104, "localCurrency": "USD"}, {"chainId": "12980106539662736730", "amount": 103, "createdAt": "2019-01-13T04:19:45+00:00", "shoeSize": "4Y", "productId": null, "skuUuid": "1dece046-b9e7-47bf-a931-1f4b948ea559", "state": "480", "customerId": null, "localAmount": 103, "localCurrency": "USD"}, {"chainId": "12980106418611410653", "amount": 103, "createdAt": "2019-01-13T04:17:24+00:00", "shoeSize": "4Y", "productId": null, "skuUuid": "1dece046-b9e7-47bf-a931-1f4b948ea559", "state": "480", "customerId": null, "localAmount": 103, "localCurrency": "USD"}, {"chainId": "12980116112196136911", "amount": 106, "createdAt": "2019-01-13T03:33:41+00:00", "shoeSize": "5Y", "productId": null, "skuUuid": "9e2f5cd2-6d73-4835-b923-af8971c73322", "state": "480", "customerId": null, "localAmount": 106, "localCurrency": "USD"}, {"chainId": "12979746596845010541", "amount": 103, "createdAt": "2019-01-13T03:13:55+00:00", "shoeSize": "4Y", "productId": null, "skuUuid": "1dece046-b9e7-47bf-a931-1f4b948ea559", "state": "480", "customerId": null, "localAmount": 103, "localCurrency": "USD"}, {"chainId": "12979744965415585026", "amount": 103, "createdAt": "2019-01-13T03:12:55+00:00", "shoeSize": "4Y", "productId": null, "skuUuid": "1dece046-b9e7-47bf-a931-1f4b948ea559", "state": "480", "customerId": null, "localAmount": 103, "localCurrency": "USD"}, {"chainId": "12979837692367034369", "amount": 106, "createdAt": "2019-01-12T18:20:33+00:00", "shoeSize": "9Y", "productId": null, "skuUuid": "f7fe8c36-85c5-4c86-a027-794df45acecd", "state": "480", "customerId": null, "localAmount": 106, "localCurrency": "USD"}, {"chainId": "12979622120787088025", "amount": 103, "createdAt": "2019-01-12T15:19:20+00:00", "shoeSize": "4Y", "productId": null, "skuUuid": "1dece046-b9e7-47bf-a931-1f4b948ea559", "state": "480", "customerId": null, "localAmount": 103, "localCurrency": "USD"}, {"chainId": "12979621895439734920", "amount": 103, "createdAt": "2019-01-12T15:18:56+00:00", "shoeSize": "4Y", "productId": null, "skuUuid": "1dece046-b9e7-47bf-a931-1f4b948ea559", "state": "480", "customerId": null, "localAmount": 103, "localCurrency": "USD"}, {"chainId": "12979621795332981899", "amount": 103, "createdAt": "2019-01-12T15:15:44+00:00", "shoeSize": "4Y", "productId": null, "skuUuid": "1dece046-b9e7-47bf-a931-1f4b948ea559", "state": "480", "customerId": null, "localAmount": 103, "localCurrency": "USD"}, {"chainId": "12979621706863815273", "amount": 102, "createdAt": "2019-01-12T15:14:50+00:00", "shoeSize": "4Y", "productId": null, "skuUuid": "1dece046-b9e7-47bf-a931-1f4b948ea559", "state": "480", "customerId": null, "localAmount": 102, "localCurrency": "USD"}, {"chainId": "12977651097795439452", "amount": 125, "createdAt": "2019-01-12T11:13:28+00:00", "shoeSize": "9Y", "productId": null, "skuUuid": "f7fe8c36-85c5-4c86-a027-794df45acecd", "state": "480", "customerId": null, "localAmount": 125, "localCurrency": "USD"}, {"chainId": "12972879564111607445", "amount": 120, "createdAt": "2019-01-12T11:13:09+00:00", "shoeSize": "9Y", "productId": null, "skuUuid": "f7fe8c36-85c5-4c86-a027-794df45acecd", "state": "480", "customerId": null, "localAmount": 120, "localCurrency": "USD"}, {"chainId": "12979621556715413566", "amount": 101, "createdAt": "2019-01-12T11:11:16+00:00", "shoeSize": "4Y", "productId": null, "skuUuid": "1dece046-b9e7-47bf-a931-1f4b948ea559", "state": "480", "customerId": null, "localAmount": 101, "localCurrency": "USD"}, {"chainId": "12979621202026157722", "amount": 102, "createdAt": "2019-01-12T11:11:04+00:00", "shoeSize": "4Y", "productId": null, "skuUuid": "1dece046-b9e7-47bf-a931-1f4b948ea559", "state": "480", "customerId": null, "localAmount": 102, "localCurrency": "USD"}, {"chainId": "12979621078658623276", "amount": 102, "createdAt": "2019-01-12T11:10:51+00:00", "shoeSize": "4Y", "productId": null, "skuUuid": "1dece046-b9e7-47bf-a931-1f4b948ea559", "state": "480", "customerId": null, "localAmount": 102, "localCurrency": "USD"}, {"chainId": "12979620988354585098", "amount": 101, "createdAt": "2019-01-12T11:10:40+00:00", "shoeSize": "4Y", "productId": null, "skuUuid": "1dece046-b9e7-47bf-a931-1f4b948ea559", "state": "480", "customerId": null, "localAmount": 101, "localCurrency": "USD"}, {"chainId": "12975827583297700877", "amount": 106, "createdAt": "2019-01-12T11:09:54+00:00", "shoeSize": "4Y", "productId": null, "skuUuid": "1dece046-b9e7-47bf-a931-1f4b948ea559", "state": "480", "customerId": null, "localAmount": 106, "localCurrency": "USD"}, {"chainId": "12975827515613894559", "amount": 103, "createdAt": "2019-01-12T11:09:42+00:00", "shoeSize": "4Y", "productId": null, "skuUuid": "1dece046-b9e7-47bf-a931-1f4b948ea559", "state": "480", "customerId": null, "localAmount": 103, "localCurrency": "USD"}, {"chainId": "12979259930628535288", "amount": 101, "createdAt": "2019-01-12T11:09:20+00:00", "shoeSize": "4Y", "productId": null, "skuUuid": "1dece046-b9e7-47bf-a931-1f4b948ea559", "state": "480", "customerId": null, "localAmount": 101, "localCurrency": "USD"}, {"chainId": "12977650988233573504", "amount": 93, "createdAt": "2019-01-10T16:42:06+00:00", "shoeSize": "8Y", "productId": null, "skuUuid": "a1b563c3-5cb4-4da6-813a-a390576961dc", "state": "480", "customerId": null, "localAmount": 93, "localCurrency": "USD"}, {"chainId": "12977650777700332510", "amount": 90, "createdAt": "2019-01-10T16:40:43+00:00", "shoeSize": "7Y", "productId": null, "skuUuid": "fe96e104-001b-4c77-bd19-5c09567a8698", "state": "480", "customerId": null, "localAmount": 90, "localCurrency": "USD"}, {"chainId": "12977790339714204443", "amount": 100, "createdAt": "2019-01-09T22:32:53+00:00", "shoeSize": "4Y", "productId": null, "skuUuid": "1dece046-b9e7-47bf-a931-1f4b948ea559", "state": "480", "customerId": null, "localAmount": 100, "localCurrency": "USD"}, {"chainId": "12977719883347812402", "amount": 100, "createdAt": "2019-01-09T20:12:53+00:00", "shoeSize": "9Y", "productId": null, "skuUuid": "f7fe8c36-85c5-4c86-a027-794df45acecd", "state": "480", "customerId": null, "localAmount": 100, "localCurrency": "USD"}, {"chainId": "12977668587361440366", "amount": 95, "createdAt": "2019-01-09T18:30:53+00:00", "shoeSize": "6Y", "productId": null, "skuUuid": "3e05867a-0fa5-4ac9-b011-93c93852128b", "state": "480", "customerId": null, "localAmount": 95, "localCurrency": "USD"}, {"chainId": "12977650863453996074", "amount": 90, "createdAt": "2019-01-09T17:55:45+00:00", "shoeSize": "8Y", "productId": null, "skuUuid": "a1b563c3-5cb4-4da6-813a-a390576961dc", "state": "480", "customerId": null, "localAmount": 90, "localCurrency": "USD"}, {"chainId": "12942292488021929405", "amount": 100, "createdAt": "2019-01-09T00:03:15+00:00", "shoeSize": "6Y", "productId": null, "skuUuid": "3e05867a-0fa5-4ac9-b011-93c93852128b", "state": "480", "customerId": null, "localAmount": 100, "localCurrency": "USD"}, {"chainId": "12975827431644656976", "amount": 105, "createdAt": "2019-01-08T19:41:05+00:00", "shoeSize": "4Y", "productId": null, "skuUuid": "1dece046-b9e7-47bf-a931-1f4b948ea559", "state": "480", "customerId": null, "localAmount": 105, "localCurrency": "USD"}, {"chainId": "12975588200720102205", "amount": 99, "createdAt": "2019-01-08T19:40:45+00:00", "shoeSize": "5.5Y", "productId": null, "skuUuid": "000b7ff0-69e0-41de-b53d-e9ec3d5f671a", "state": "480", "customerId": null, "localAmount": 99, "localCurrency": "USD"}, {"chainId": "12976901665282159205", "amount": 110, "createdAt": "2019-01-08T19:40:31+00:00", "shoeSize": "5Y", "productId": null, "skuUuid": "9e2f5cd2-6d73-4835-b923-af8971c73322", "state": "480", "customerId": null, "localAmount": 110, "localCurrency": "USD"}, {"chainId": "12976901568953161958", "amount": 112, "createdAt": "2019-01-08T17:06:58+00:00", "shoeSize": "5Y", "productId": null, "skuUuid": "9e2f5cd2-6d73-4835-b923-af8971c73322", "state": "480", "customerId": null, "localAmount": 112, "localCurrency": "USD"}, {"chainId": "12976901435503552476", "amount": 113, "createdAt": "2019-01-08T17:06:46+00:00", "shoeSize": "5Y", "productId": null, "skuUuid": "9e2f5cd2-6d73-4835-b923-af8971c73322", "state": "480", "customerId": null, "localAmount": 113, "localCurrency": "USD"}, {"chainId": "12975823371217955912", "amount": 102, "createdAt": "2019-01-07T05:26:06+00:00", "shoeSize": "4Y", "productId": null, "skuUuid": "1dece046-b9e7-47bf-a931-1f4b948ea559", "state": "480", "customerId": null, "localAmount": 102, "localCurrency": "USD"}, {"chainId": "12975056769360591144", "amount": 102, "createdAt": "2019-01-07T05:23:07+00:00", "shoeSize": "4Y", "productId": null, "skuUuid": "1dece046-b9e7-47bf-a931-1f4b948ea559", "state": "480", "customerId": null, "localAmount": 102, "localCurrency": "USD"}, {"chainId": "12975588597245980240", "amount": 90, "createdAt": "2019-01-06T21:38:19+00:00", "shoeSize": "5.5Y", "productId": null, "skuUuid": "000b7ff0-69e0-41de-b53d-e9ec3d5f671a", "state": "480", "customerId": null, "localAmount": 90, "localCurrency": "USD"}, {"chainId": "12975096067327614999", "amount": 86, "createdAt": "2019-01-06T05:19:47+00:00", "shoeSize": "8Y", "productId": null, "skuUuid": "a1b563c3-5cb4-4da6-813a-a390576961dc", "state": "480", "customerId": null, "localAmount": 86, "localCurrency": "USD"}, {"chainId": "12975038926443082563", "amount": 99, "createdAt": "2019-01-06T03:57:55+00:00", "shoeSize": "4Y", "productId": null, "skuUuid": "1dece046-b9e7-47bf-a931-1f4b948ea559", "state": "480", "customerId": null, "localAmount": 99, "localCurrency": "USD"}, {"chainId": "12971256849025756859", "amount": 97, "createdAt": "2019-01-06T03:22:26+00:00", "shoeSize": "4Y", "productId": null, "skuUuid": "1dece046-b9e7-47bf-a931-1f4b948ea559", "state": "480", "customerId": null, "localAmount": 97, "localCurrency": "USD"}, {"chainId": "12973243478120036326", "amount": 95, "createdAt": "2019-01-05T13:37:56+00:00", "shoeSize": "4Y", "productId": null, "skuUuid": "1dece046-b9e7-47bf-a931-1f4b948ea559", "state": "480", "customerId": null, "localAmount": 95, "localCurrency": "USD"}, {"chainId": "12971256774551757398", "amount": 94, "createdAt": "2019-01-03T15:54:05+00:00", "shoeSize": "4Y", "productId": null, "skuUuid": "1dece046-b9e7-47bf-a931-1f4b948ea559", "state": "480", "customerId": null, "localAmount": 94, "localCurrency": "USD"}, {"chainId": "12971256697538619575", "amount": 94, "createdAt": "2019-01-03T12:37:02+00:00", "shoeSize": "4Y", "productId": null, "skuUuid": "1dece046-b9e7-47bf-a931-1f4b948ea559", "state": "480", "customerId": null, "localAmount": 94, "localCurrency": "USD"}, {"chainId": "12971256620790976004", "amount": 94, "createdAt": "2019-01-03T06:59:20+00:00", "shoeSize": "4Y", "productId": null, "skuUuid": "1dece046-b9e7-47bf-a931-1f4b948ea559", "state": "480", "customerId": null, "localAmount": 94, "localCurrency": "USD"}, {"chainId": "12972535082006202834", "amount": 92, "createdAt": "2019-01-03T02:06:43+00:00", "shoeSize": "4Y", "productId": null, "skuUuid": "1dece046-b9e7-47bf-a931-1f4b948ea559", "state": "480", "customerId": null, "localAmount": 92, "localCurrency": "USD"}, {"chainId": "12972533219409899350", "amount": 92, "createdAt": "2019-01-02T16:31:58+00:00", "shoeSize": "4Y", "productId": null, "skuUuid": "1dece046-b9e7-47bf-a931-1f4b948ea559", "state": "480", "customerId": null, "localAmount": 92, "localCurrency": "USD"}, {"chainId": "12972533035132240597", "amount": 91, "createdAt": "2019-01-02T16:30:59+00:00", "shoeSize": "4Y", "productId": null, "skuUuid": "1dece046-b9e7-47bf-a931-1f4b948ea559", "state": "480", "customerId": null, "localAmount": 91, "localCurrency": "USD"}, {"chainId": "12971256520964358995", "amount": 93, "createdAt": "2019-01-02T16:23:04+00:00", "shoeSize": "4Y", "productId": null, "skuUuid": "1dece046-b9e7-47bf-a931-1f4b948ea559", "state": "480", "customerId": null, "localAmount": 93, "localCurrency": "USD"}, {"chainId": "12971256443496916365", "amount": 92, "createdAt": "2019-01-02T16:21:35+00:00", "shoeSize": "4Y", "productId": null, "skuUuid": "1dece046-b9e7-47bf-a931-1f4b948ea559", "state": "480", "customerId": null, "localAmount": 92, "localCurrency": "USD"}, {"chainId": "12971843804616924976", "amount": 91, "createdAt": "2019-01-02T16:21:17+00:00", "shoeSize": "4Y", "productId": null, "skuUuid": "1dece046-b9e7-47bf-a931-1f4b948ea559", "state": "480", "customerId": null, "localAmount": 91, "localCurrency": "USD"}, {"chainId": "12971843941602581273", "amount": 90, "createdAt": "2019-01-02T16:19:37+00:00", "shoeSize": "4Y", "productId": null, "skuUuid": "1dece046-b9e7-47bf-a931-1f4b948ea559", "state": "480", "customerId": null, "localAmount": 90, "localCurrency": "USD"}, {"chainId": "12972522238063837587", "amount": 88, "createdAt": "2019-01-02T16:18:43+00:00", "shoeSize": "4Y", "productId": null, "skuUuid": "1dece046-b9e7-47bf-a931-1f4b948ea559", "state": "480", "customerId": null, "localAmount": 88, "localCurrency": "USD"}, {"chainId": "12972480346853525595", "amount": 88, "createdAt": "2019-01-02T16:05:29+00:00", "shoeSize": "4Y", "productId": null, "skuUuid": "1dece046-b9e7-47bf-a931-1f4b948ea559", "state": "480", "customerId": null, "localAmount": 88, "localCurrency": "USD"}, {"chainId": "12935862807264087452", "amount": 128, "createdAt": "2019-01-02T12:03:30+00:00", "shoeSize": "4.5Y", "productId": null, "skuUuid": "cd0d292d-51c0-4979-88f8-7f25cae2d581", "state": "480", "customerId": null, "localAmount": 128, "localCurrency": "USD"}, {"chainId": "12972385228147504496", "amount": 88, "createdAt": "2019-01-02T11:52:03+00:00", "shoeSize": "4Y", "productId": null, "skuUuid": "1dece046-b9e7-47bf-a931-1f4b948ea559", "state": "480", "customerId": null, "localAmount": 88, "localCurrency": "USD"}, {"chainId": "12971843672776624298", "amount": 88, "createdAt": "2019-01-02T07:16:26+00:00", "shoeSize": "4Y", "productId": null, "skuUuid": "1dece046-b9e7-47bf-a931-1f4b948ea559", "state": "480", "customerId": null, "localAmount": 88, "localCurrency": "USD"}, {"chainId": "12971256364445926484", "amount": 91, "createdAt": "2019-01-01T17:37:27+00:00", "shoeSize": "4Y", "productId": null, "skuUuid": "1dece046-b9e7-47bf-a931-1f4b948ea559", "state": "480", "customerId": null, "localAmount": 91, "localCurrency": "USD"}, {"chainId": "12971843335435417713", "amount": 88, "createdAt": "2019-01-01T17:37:15+00:00", "shoeSize": "4Y", "productId": null, "skuUuid": "1dece046-b9e7-47bf-a931-1f4b948ea559", "state": "480", "customerId": null, "localAmount": 88, "localCurrency": "USD"}, {"chainId": "12971759601776225566", "amount": 88, "createdAt": "2019-01-01T17:36:13+00:00", "shoeSize": "4Y", "productId": null, "skuUuid": "1dece046-b9e7-47bf-a931-1f4b948ea559", "state": "480", "customerId": null, "localAmount": 88, "localCurrency": "USD"}, {"chainId": "12971497026461234312", "amount": 88, "createdAt": "2019-01-01T13:38:07+00:00", "shoeSize": "4Y", "productId": null, "skuUuid": "1dece046-b9e7-47bf-a931-1f4b948ea559", "state": "480", "customerId": null, "localAmount": 88, "localCurrency": "USD"}, {"chainId": "12971256215533132460", "amount": 88, "createdAt": "2019-01-01T05:39:14+00:00", "shoeSize": "4Y", "productId": null, "skuUuid": "1dece046-b9e7-47bf-a931-1f4b948ea559", "state": "480", "customerId": null, "localAmount": 88, "localCurrency": "USD"}, {"chainId": "12965655671049325749", "amount": 100, "createdAt": "2018-12-29T10:52:49+00:00", "shoeSize": "4.5Y", "productId": null, "skuUuid": "cd0d292d-51c0-4979-88f8-7f25cae2d581", "state": "480", "customerId": null, "localAmount": 100, "localCurrency": "USD"}, {"chainId": "12935771314046816660", "amount": 101, "createdAt": "2018-12-24T04:43:09+00:00", "shoeSize": "4.5Y", "productId": null, "skuUuid": "cd0d292d-51c0-4979-88f8-7f25cae2d581", "state": "480", "customerId": null, "localAmount": 101, "localCurrency": "USD"}, {"chainId": "12958148858093042974", "amount": 95, "createdAt": "2018-12-20T05:16:12+00:00", "shoeSize": "8Y", "productId": null, "skuUuid": "a1b563c3-5cb4-4da6-813a-a390576961dc", "state": "480", "customerId": null, "localAmount": 95, "localCurrency": "USD"}, {"chainId": "12960604166770793874", "amount": 99, "createdAt": "2018-12-19T16:52:06+00:00", "shoeSize": "3.5Y", "productId": null, "skuUuid": "f646451b-84c7-4133-8ef5-3abf66023db0", "state": "480", "customerId": null, "localAmount": 99, "localCurrency": "USD"}, {"chainId": "12960605122201892417", "amount": 111, "createdAt": "2018-12-17T05:28:52+00:00", "shoeSize": "5Y", "productId": null, "skuUuid": "9e2f5cd2-6d73-4835-b923-af8971c73322", "state": "480", "customerId": null, "localAmount": 111, "localCurrency": "USD"}, {"chainId": "12960604628601820642", "amount": 112, "createdAt": "2018-12-17T05:27:51+00:00", "shoeSize": "5Y", "productId": null, "skuUuid": "9e2f5cd2-6d73-4835-b923-af8971c73322", "state": "480", "customerId": null, "localAmount": 112, "localCurrency": "USD"}, {"chainId": "12953228693842521137", "amount": 134, "createdAt": "2018-12-11T02:24:27+00:00", "shoeSize": "5Y", "productId": null, "skuUuid": "9e2f5cd2-6d73-4835-b923-af8971c73322", "state": "480", "customerId": null, "localAmount": 134, "localCurrency": "USD"}, {"chainId": "12944674720453253897", "amount": 119, "createdAt": "2018-12-09T02:47:18+00:00", "shoeSize": "4Y", "productId": null, "skuUuid": "1dece046-b9e7-47bf-a931-1f4b948ea559", "state": "480", "customerId": null, "localAmount": 119, "localCurrency": "USD"}, {"chainId": "12947413860241768508", "amount": 70, "createdAt": "2018-12-07T02:41:25+00:00", "shoeSize": "7.5Y", "productId": null, "skuUuid": "715b3807-b56c-41b5-95cf-c4b0ba986ecd", "state": "480", "customerId": null, "localAmount": 70, "localCurrency": "USD"}, {"chainId": "12950806181304701060", "amount": 100, "createdAt": "2018-12-03T17:00:08+00:00", "shoeSize": "6.5Y", "productId": null, "skuUuid": "3071f988-b3c5-4e58-9064-df9ad57cd249", "state": "480", "customerId": null, "localAmount": 100, "localCurrency": "USD"}, {"chainId": "12901541536372821606", "amount": 75, "createdAt": "2018-11-29T00:39:27+00:00", "shoeSize": "7.5Y", "productId": null, "skuUuid": "715b3807-b56c-41b5-95cf-c4b0ba986ecd", "state": "480", "customerId": null, "localAmount": 75, "localCurrency": "USD"}, {"chainId": "12916022593245990324", "amount": 110, "createdAt": "2018-11-25T05:53:03+00:00", "shoeSize": "8.5Y", "productId": null, "skuUuid": "da143dc4-80dc-4466-a1b1-f843e2f9b8fb", "state": "480", "customerId": null, "localAmount": 110, "localCurrency": "USD"}, {"chainId": "12935770386177840210", "amount": 128, "createdAt": "2018-11-24T08:43:47+00:00", "shoeSize": "4.5Y", "productId": null, "skuUuid": "cd0d292d-51c0-4979-88f8-7f25cae2d581", "state": "480", "customerId": null, "localAmount": 128, "localCurrency": "USD"}, {"chainId": "12940938396722928963", "amount": 95, "createdAt": "2018-11-20T02:14:34+00:00", "shoeSize": "5.5Y", "productId": null, "skuUuid": "000b7ff0-69e0-41de-b53d-e9ec3d5f671a", "state": "480", "customerId": null, "localAmount": 95, "localCurrency": "USD"}, {"chainId": "12902760442534008188", "amount": 90, "createdAt": "2018-11-18T16:19:18+00:00", "shoeSize": "8Y", "productId": null, "skuUuid": "a1b563c3-5cb4-4da6-813a-a390576961dc", "state": "480", "customerId": null, "localAmount": 90, "localCurrency": "USD"}, {"chainId": "12931948660281972199", "amount": 75, "createdAt": "2018-11-12T23:06:59+00:00", "shoeSize": "7.5Y", "productId": null, "skuUuid": "715b3807-b56c-41b5-95cf-c4b0ba986ecd", "state": "480", "customerId": null, "localAmount": 75, "localCurrency": "USD"}, {"chainId": "12935769639932928303", "amount": 129, "createdAt": "2018-11-12T23:06:39+00:00", "shoeSize": "3.5Y", "productId": null, "skuUuid": "f646451b-84c7-4133-8ef5-3abf66023db0", "state": "480", "customerId": null, "localAmount": 129, "localCurrency": "USD"}, {"chainId": "12910296431892916240", "amount": 85, "createdAt": "2018-11-12T23:05:56+00:00", "shoeSize": "7Y", "productId": null, "skuUuid": "fe96e104-001b-4c77-bd19-5c09567a8698", "state": "480", "customerId": null, "localAmount": 85, "localCurrency": "USD"}, {"chainId": "12931921812351700495", "amount": 100, "createdAt": "2018-11-12T23:04:51+00:00", "shoeSize": "6.5Y", "productId": null, "skuUuid": "3071f988-b3c5-4e58-9064-df9ad57cd249", "state": "480", "customerId": null, "localAmount": 100, "localCurrency": "USD"}, {"chainId": "12933631841721224265", "amount": 129, "createdAt": "2018-11-12T23:04:30+00:00", "shoeSize": "4.5Y", "productId": null, "skuUuid": "cd0d292d-51c0-4979-88f8-7f25cae2d581", "state": "480", "customerId": null, "localAmount": 129, "localCurrency": "USD"}, {"chainId": "12934835114552363397", "amount": 130, "createdAt": "2018-11-12T23:04:08+00:00", "shoeSize": "4Y", "productId": null, "skuUuid": "1dece046-b9e7-47bf-a931-1f4b948ea559", "state": "480", "customerId": null, "localAmount": 130, "localCurrency": "USD"}, {"chainId": "12935518999216511589", "amount": 115, "createdAt": "2018-11-12T23:03:50+00:00", "shoeSize": "3.5Y", "productId": null, "skuUuid": "f646451b-84c7-4133-8ef5-3abf66023db0", "state": "480", "customerId": null, "localAmount": 115, "localCurrency": "USD"}, {"chainId": "12927488364945386879", "amount": 109, "createdAt": "2018-11-12T23:03:28+00:00", "shoeSize": "6Y", "productId": null, "skuUuid": "3e05867a-0fa5-4ac9-b011-93c93852128b", "state": "480", "customerId": null, "localAmount": 109, "localCurrency": "USD"}, {"chainId": "12904839762596774598", "amount": 128, "createdAt": "2018-11-12T14:47:59+00:00", "shoeSize": "5.5Y", "productId": null, "skuUuid": "000b7ff0-69e0-41de-b53d-e9ec3d5f671a", "state": "480", "customerId": null, "localAmount": 128, "localCurrency": "USD"}, {"chainId": "12933046051730147920", "amount": 105, "createdAt": "2018-11-12T14:46:28+00:00", "shoeSize": "3.5Y", "productId": null, "skuUuid": "f646451b-84c7-4133-8ef5-3abf66023db0", "state": "480", "customerId": null, "localAmount": 105, "localCurrency": "USD"}, {"chainId": "12910802623862424252", "amount": 104, "createdAt": "2018-11-11T16:09:21+00:00", "shoeSize": "3.5Y", "productId": null, "skuUuid": "f646451b-84c7-4133-8ef5-3abf66023db0", "state": "480", "customerId": null, "localAmount": 104, "localCurrency": "USD"}, {"chainId": "12933042340505679687", "amount": 105, "createdAt": "2018-11-11T16:07:36+00:00", "shoeSize": "4Y", "productId": null, "skuUuid": "1dece046-b9e7-47bf-a931-1f4b948ea559", "state": "480", "customerId": null, "localAmount": 105, "localCurrency": "USD"}, {"chainId": "12934098811243477278", "amount": 95, "createdAt": "2018-11-10T15:45:32+00:00", "shoeSize": "6Y", "productId": null, "skuUuid": "3e05867a-0fa5-4ac9-b011-93c93852128b", "state": "480", "customerId": null, "localAmount": 95, "localCurrency": "USD"}, {"chainId": "12927488706200586695", "amount": 114, "createdAt": "2018-11-10T00:17:18+00:00", "shoeSize": "5.5Y", "productId": null, "skuUuid": "000b7ff0-69e0-41de-b53d-e9ec3d5f671a", "state": "480", "customerId": null, "localAmount": 114, "localCurrency": "USD"}, {"chainId": "12933315654468204593", "amount": 109, "createdAt": "2018-11-10T00:16:59+00:00", "shoeSize": "4.5Y", "productId": null, "skuUuid": "cd0d292d-51c0-4979-88f8-7f25cae2d581", "state": "480", "customerId": null, "localAmount": 109, "localCurrency": "USD"}, {"chainId": "12933525223323533158", "amount": 119, "createdAt": "2018-11-10T00:16:17+00:00", "shoeSize": "5Y", "productId": null, "skuUuid": "9e2f5cd2-6d73-4835-b923-af8971c73322", "state": "480", "customerId": null, "localAmount": 119, "localCurrency": "USD"}, {"chainId": "12926692719040203804", "amount": 105, "createdAt": "2018-11-09T17:03:25+00:00", "shoeSize": "5Y", "productId": null, "skuUuid": "9e2f5cd2-6d73-4835-b923-af8971c73322", "state": "480", "customerId": null, "localAmount": 105, "localCurrency": "USD"}, {"chainId": "12933043023101951873", "amount": 105, "createdAt": "2018-11-09T12:58:08+00:00", "shoeSize": "4.5Y", "productId": null, "skuUuid": "cd0d292d-51c0-4979-88f8-7f25cae2d581", "state": "480", "customerId": null, "localAmount": 105, "localCurrency": "USD"}, {"chainId": "12926066044444208206", "amount": 95, "createdAt": "2018-11-09T04:53:10+00:00", "shoeSize": "3.5Y", "productId": null, "skuUuid": "f646451b-84c7-4133-8ef5-3abf66023db0", "state": "480", "customerId": null, "localAmount": 95, "localCurrency": "USD"}, {"chainId": "12926692599447698942", "amount": 100, "createdAt": "2018-11-09T04:47:21+00:00", "shoeSize": "4.5Y", "productId": null, "skuUuid": "cd0d292d-51c0-4979-88f8-7f25cae2d581", "state": "480", "customerId": null, "localAmount": 100, "localCurrency": "USD"}, {"chainId": "12919200921803634141", "amount": 105, "createdAt": "2018-11-09T04:45:45+00:00", "shoeSize": "4Y", "productId": null, "skuUuid": "1dece046-b9e7-47bf-a931-1f4b948ea559", "state": "480", "customerId": null, "localAmount": 105, "localCurrency": "USD"}, {"chainId": "12931948510956726593", "amount": 70, "createdAt": "2018-11-07T16:33:19+00:00", "shoeSize": "7.5Y", "productId": null, "skuUuid": "715b3807-b56c-41b5-95cf-c4b0ba986ecd", "state": "480", "customerId": null, "localAmount": 70, "localCurrency": "USD"}, {"chainId": "12929884962502372190", "amount": 99, "createdAt": "2018-11-04T20:13:21+00:00", "shoeSize": "4Y", "productId": null, "skuUuid": "1dece046-b9e7-47bf-a931-1f4b948ea559", "state": "480", "customerId": null, "localAmount": 99, "localCurrency": "USD"}, {"chainId": "12907113871423379235", "amount": 97.9058, "createdAt": "2018-11-02T19:25:18+00:00", "shoeSize": "6.5Y", "productId": null, "skuUuid": "3071f988-b3c5-4e58-9064-df9ad57cd249", "state": "480", "customerId": null, "localAmount": 98, "localCurrency": "USD"}, {"chainId": "12926913870362359397", "amount": 100, "createdAt": "2018-10-31T17:50:19+00:00", "shoeSize": "5Y", "productId": null, "skuUuid": "9e2f5cd2-6d73-4835-b923-af8971c73322", "state": "480", "customerId": null, "localAmount": 100, "localCurrency": "USD"}, {"chainId": "12926913758293052896", "amount": 102, "createdAt": "2018-10-31T17:50:07+00:00", "shoeSize": "5Y", "productId": null, "skuUuid": "9e2f5cd2-6d73-4835-b923-af8971c73322", "state": "480", "customerId": null, "localAmount": 102, "localCurrency": "USD"}, {"chainId": "12926913304724755519", "amount": 101, "createdAt": "2018-10-31T17:49:12+00:00", "shoeSize": "4.5Y", "productId": null, "skuUuid": "cd0d292d-51c0-4979-88f8-7f25cae2d581", "state": "480", "customerId": null, "localAmount": 101, "localCurrency": "USD"}, {"chainId": "12926913172716098890", "amount": 108, "createdAt": "2018-10-31T17:48:59+00:00", "shoeSize": "4.5Y", "productId": null, "skuUuid": "cd0d292d-51c0-4979-88f8-7f25cae2d581", "state": "480", "customerId": null, "localAmount": 108, "localCurrency": "USD"}, {"chainId": "12917991247640604168", "amount": 107, "createdAt": "2018-10-31T10:27:34+00:00", "shoeSize": "5Y", "productId": null, "skuUuid": "9e2f5cd2-6d73-4835-b923-af8971c73322", "state": "480", "customerId": null, "localAmount": 107, "localCurrency": "USD"}, {"chainId": "12916621593034808776", "amount": 107, "createdAt": "2018-10-31T10:27:11+00:00", "shoeSize": "4.5Y", "productId": null, "skuUuid": "cd0d292d-51c0-4979-88f8-7f25cae2d581", "state": "480", "customerId": null, "localAmount": 107, "localCurrency": "USD"}, {"chainId": "12919905048370466065", "amount": 96, "createdAt": "2018-10-30T14:24:33+00:00", "shoeSize": "5.5Y", "productId": null, "skuUuid": "000b7ff0-69e0-41de-b53d-e9ec3d5f671a", "state": "480", "customerId": null, "localAmount": 96, "localCurrency": "USD"}, {"chainId": "12921229216957338453", "amount": 93, "createdAt": "2018-10-30T14:17:52+00:00", "shoeSize": "5.5Y", "productId": null, "skuUuid": "000b7ff0-69e0-41de-b53d-e9ec3d5f671a", "state": "480", "customerId": null, "localAmount": 93, "localCurrency": "USD"}, {"chainId": "12918508949744584867", "amount": 95, "createdAt": "2018-10-30T13:44:59+00:00", "shoeSize": "3.5Y", "productId": null, "skuUuid": "f646451b-84c7-4133-8ef5-3abf66023db0", "state": "480", "customerId": null, "localAmount": 95, "localCurrency": "USD"}, {"chainId": "12924292322889496789", "amount": 94, "createdAt": "2018-10-30T13:44:45+00:00", "shoeSize": "3.5Y", "productId": null, "skuUuid": "f646451b-84c7-4133-8ef5-3abf66023db0", "state": "480", "customerId": null, "localAmount": 94, "localCurrency": "USD"}, {"chainId": "12923209161916913156", "amount": 92, "createdAt": "2018-10-30T13:03:54+00:00", "shoeSize": "5.5Y", "productId": null, "skuUuid": "000b7ff0-69e0-41de-b53d-e9ec3d5f671a", "state": "480", "customerId": null, "localAmount": 92, "localCurrency": "USD"}, {"chainId": "12921437161045001030", "amount": 94, "createdAt": "2018-10-28T03:00:53+00:00", "shoeSize": "3.5Y", "productId": null, "skuUuid": "f646451b-84c7-4133-8ef5-3abf66023db0", "state": "480", "customerId": null, "localAmount": 94, "localCurrency": "USD"}, {"chainId": "12922832785061100310", "amount": 92, "createdAt": "2018-10-26T15:09:18+00:00", "shoeSize": "5.5Y", "productId": null, "skuUuid": "000b7ff0-69e0-41de-b53d-e9ec3d5f671a", "state": "480", "customerId": null, "localAmount": 92, "localCurrency": "USD"}, {"chainId": "12911622317696548354", "amount": 92, "createdAt": "2018-10-26T02:40:55+00:00", "shoeSize": "5.5Y", "productId": null, "skuUuid": "000b7ff0-69e0-41de-b53d-e9ec3d5f671a", "state": "480", "customerId": null, "localAmount": 92, "localCurrency": "USD"}, {"chainId": "12921786538642513248", "amount": 104, "createdAt": "2018-10-24T16:03:16+00:00", "shoeSize": "4.5Y", "productId": null, "skuUuid": "cd0d292d-51c0-4979-88f8-7f25cae2d581", "state": "480", "customerId": null, "localAmount": 104, "localCurrency": "USD"}, {"chainId": "12916541981953857387", "amount": 94, "createdAt": "2018-10-24T03:13:42+00:00", "shoeSize": "3.5Y", "productId": null, "skuUuid": "f646451b-84c7-4133-8ef5-3abf66023db0", "state": "480", "customerId": null, "localAmount": 94, "localCurrency": "USD"}, {"chainId": "12920368161507611751", "amount": 106, "createdAt": "2018-10-22T17:05:10+00:00", "shoeSize": "4.5Y", "productId": null, "skuUuid": "cd0d292d-51c0-4979-88f8-7f25cae2d581", "state": "480", "customerId": null, "localAmount": 106, "localCurrency": "USD"}, {"chainId": "12916312240836770378", "amount": 93, "createdAt": "2018-10-22T02:47:41+00:00", "shoeSize": "5.5Y", "productId": null, "skuUuid": "000b7ff0-69e0-41de-b53d-e9ec3d5f671a", "state": "480", "customerId": null, "localAmount": 93, "localCurrency": "USD"}, {"chainId": "12915838644853926385", "amount": 110, "createdAt": "2018-10-21T02:25:25+00:00", "shoeSize": "4Y", "productId": null, "skuUuid": "1dece046-b9e7-47bf-a931-1f4b948ea559", "state": "480", "customerId": null, "localAmount": 110, "localCurrency": "USD"}, {"chainId": "12910523781733229156", "amount": 99, "createdAt": "2018-10-20T03:30:33+00:00", "shoeSize": "6Y", "productId": null, "skuUuid": "3e05867a-0fa5-4ac9-b011-93c93852128b", "state": "480", "customerId": null, "localAmount": 99, "localCurrency": "USD"}, {"chainId": "12911759190592176779", "amount": 94, "createdAt": "2018-10-20T03:29:29+00:00", "shoeSize": "6Y", "productId": null, "skuUuid": "3e05867a-0fa5-4ac9-b011-93c93852128b", "state": "480", "customerId": null, "localAmount": 94, "localCurrency": "USD"}, {"chainId": "12916621721333173068", "amount": 115, "createdAt": "2018-10-19T06:21:44+00:00", "shoeSize": "5Y", "productId": null, "skuUuid": "9e2f5cd2-6d73-4835-b923-af8971c73322", "state": "480", "customerId": null, "localAmount": 115, "localCurrency": "USD"}, {"chainId": "12915838846001448842", "amount": 108, "createdAt": "2018-10-17T12:27:01+00:00", "shoeSize": "5Y", "productId": null, "skuUuid": "9e2f5cd2-6d73-4835-b923-af8971c73322", "state": "480", "customerId": null, "localAmount": 108, "localCurrency": "USD"}, {"chainId": "12916216859964017794", "amount": 109, "createdAt": "2018-10-17T12:20:24+00:00", "shoeSize": "4.5Y", "productId": null, "skuUuid": "cd0d292d-51c0-4979-88f8-7f25cae2d581", "state": "480", "customerId": null, "localAmount": 109, "localCurrency": "USD"}, {"chainId": "12908450011109658076", "amount": 107, "createdAt": "2018-10-17T12:20:08+00:00", "shoeSize": "5Y", "productId": null, "skuUuid": "9e2f5cd2-6d73-4835-b923-af8971c73322", "state": "480", "customerId": null, "localAmount": 107, "localCurrency": "USD"}, {"chainId": "12910745775269047685", "amount": 95, "createdAt": "2018-10-17T05:27:19+00:00", "shoeSize": "3.5Y", "productId": null, "skuUuid": "f646451b-84c7-4133-8ef5-3abf66023db0", "state": "480", "customerId": null, "localAmount": 95, "localCurrency": "USD"}, {"chainId": "12910565996323137496", "amount": 89, "createdAt": "2018-10-17T01:46:21+00:00", "shoeSize": "6Y", "productId": null, "skuUuid": "3e05867a-0fa5-4ac9-b011-93c93852128b", "state": "480", "customerId": null, "localAmount": 89, "localCurrency": "USD"}, {"chainId": "12912336609352231421", "amount": 85, "createdAt": "2018-10-17T00:10:02+00:00", "shoeSize": "6Y", "productId": null, "skuUuid": "3e05867a-0fa5-4ac9-b011-93c93852128b", "state": "480", "customerId": null, "localAmount": 85, "localCurrency": "USD"}, {"chainId": "12915838532530192132", "amount": 108, "createdAt": "2018-10-16T23:36:49+00:00", "shoeSize": "4.5Y", "productId": null, "skuUuid": "cd0d292d-51c0-4979-88f8-7f25cae2d581", "state": "480", "customerId": null, "localAmount": 108, "localCurrency": "USD"}, {"chainId": "12916062524097896884", "amount": 100, "createdAt": "2018-10-16T18:30:38+00:00", "shoeSize": "4.5Y", "productId": null, "skuUuid": "cd0d292d-51c0-4979-88f8-7f25cae2d581", "state": "480", "customerId": null, "localAmount": 100, "localCurrency": "USD"}, {"chainId": "12916062420522561213", "amount": 101, "createdAt": "2018-10-16T18:30:26+00:00", "shoeSize": "4.5Y", "productId": null, "skuUuid": "cd0d292d-51c0-4979-88f8-7f25cae2d581", "state": "480", "customerId": null, "localAmount": 101, "localCurrency": "USD"}, {"chainId": "12914366990820459943", "amount": 99, "createdAt": "2018-10-16T06:38:04+00:00", "shoeSize": "5Y", "productId": null, "skuUuid": "9e2f5cd2-6d73-4835-b923-af8971c73322", "state": "480", "customerId": null, "localAmount": 99, "localCurrency": "USD"}, {"chainId": "12903171497127332753", "amount": 100, "createdAt": "2018-10-16T06:33:10+00:00", "shoeSize": "8.5Y", "productId": null, "skuUuid": "da143dc4-80dc-4466-a1b1-f843e2f9b8fb", "state": "480", "customerId": null, "localAmount": 100, "localCurrency": "USD"}, {"chainId": "12909838917760365600", "amount": 99, "createdAt": "2018-10-16T06:30:46+00:00", "shoeSize": "4Y", "productId": null, "skuUuid": "1dece046-b9e7-47bf-a931-1f4b948ea559", "state": "480", "customerId": null, "localAmount": 99, "localCurrency": "USD"}, {"chainId": "12914367300205673314", "amount": 99, "createdAt": "2018-10-16T06:29:52+00:00", "shoeSize": "4.5Y", "productId": null, "skuUuid": "cd0d292d-51c0-4979-88f8-7f25cae2d581", "state": "480", "customerId": null, "localAmount": 99, "localCurrency": "USD"}, {"chainId": "12912656836945723140", "amount": 99, "createdAt": "2018-10-16T06:29:36+00:00", "shoeSize": "5.5Y", "productId": null, "skuUuid": "000b7ff0-69e0-41de-b53d-e9ec3d5f671a", "state": "480", "customerId": null, "localAmount": 99, "localCurrency": "USD"}, {"chainId": "12915424302803758897", "amount": 102, "createdAt": "2018-10-15T21:22:39+00:00", "shoeSize": "9Y", "productId": null, "skuUuid": "f7fe8c36-85c5-4c86-a027-794df45acecd", "state": "480", "customerId": null, "localAmount": 102, "localCurrency": "USD"}, {"chainId": "12915231385990381590", "amount": 95, "createdAt": "2018-10-15T14:59:19+00:00", "shoeSize": "6.5Y", "productId": null, "skuUuid": "3071f988-b3c5-4e58-9064-df9ad57cd249", "state": "480", "customerId": null, "localAmount": 95, "localCurrency": "USD"}, {"chainId": "12915095473986888678", "amount": 97, "createdAt": "2018-10-15T10:29:18+00:00", "shoeSize": "5Y", "productId": null, "skuUuid": "9e2f5cd2-6d73-4835-b923-af8971c73322", "state": "480", "customerId": null, "localAmount": 97, "localCurrency": "USD"}, {"chainId": "12915095303765824563", "amount": 98, "createdAt": "2018-10-15T10:28:57+00:00", "shoeSize": "4.5Y", "productId": null, "skuUuid": "cd0d292d-51c0-4979-88f8-7f25cae2d581", "state": "480", "customerId": null, "localAmount": 98, "localCurrency": "USD"}, {"chainId": "12915095189702011053", "amount": 98, "createdAt": "2018-10-15T10:28:44+00:00", "shoeSize": "4Y", "productId": null, "skuUuid": "1dece046-b9e7-47bf-a931-1f4b948ea559", "state": "480", "customerId": null, "localAmount": 98, "localCurrency": "USD"}, {"chainId": "12909839026795793289", "amount": 99, "createdAt": "2018-10-14T09:21:41+00:00", "shoeSize": "4.5Y", "productId": null, "skuUuid": "cd0d292d-51c0-4979-88f8-7f25cae2d581", "state": "480", "customerId": null, "localAmount": 99, "localCurrency": "USD"}, {"chainId": "12914266570456105909", "amount": 95, "createdAt": "2018-10-14T07:52:39+00:00", "shoeSize": "4Y", "productId": null, "skuUuid": "1dece046-b9e7-47bf-a931-1f4b948ea559", "state": "480", "customerId": null, "localAmount": 95, "localCurrency": "USD"}, {"chainId": "12914266662100240767", "amount": 95, "createdAt": "2018-10-14T07:52:12+00:00", "shoeSize": "4.5Y", "productId": null, "skuUuid": "cd0d292d-51c0-4979-88f8-7f25cae2d581", "state": "480", "customerId": null, "localAmount": 95, "localCurrency": "USD"}, {"chainId": "12912193833522326276", "amount": 95, "createdAt": "2018-10-14T06:35:40+00:00", "shoeSize": "5Y", "productId": null, "skuUuid": "9e2f5cd2-6d73-4835-b923-af8971c73322", "state": "480", "customerId": null, "localAmount": 95, "localCurrency": "USD"}, {"chainId": "12913427233866663208", "amount": 92, "createdAt": "2018-10-13T03:14:49+00:00", "shoeSize": "5Y", "productId": null, "skuUuid": "9e2f5cd2-6d73-4835-b923-af8971c73322", "state": "480", "customerId": null, "localAmount": 92, "localCurrency": "USD"}, {"chainId": "12910564159746046283", "amount": 92, "createdAt": "2018-10-12T17:47:26+00:00", "shoeSize": "4Y", "productId": null, "skuUuid": "1dece046-b9e7-47bf-a931-1f4b948ea559", "state": "480", "customerId": null, "localAmount": 92, "localCurrency": "USD"}, {"chainId": "12885749485731826164", "amount": 84, "createdAt": "2018-10-11T15:06:21+00:00", "shoeSize": "6Y", "productId": null, "skuUuid": "3e05867a-0fa5-4ac9-b011-93c93852128b", "state": "480", "customerId": null, "localAmount": 84, "localCurrency": "USD"}, {"chainId": "12912220876332238361", "amount": 95, "createdAt": "2018-10-11T11:17:59+00:00", "shoeSize": "3.5Y", "productId": null, "skuUuid": "f646451b-84c7-4133-8ef5-3abf66023db0", "state": "480", "customerId": null, "localAmount": 95, "localCurrency": "USD"}, {"chainId": "12909435863826199556", "amount": 95, "createdAt": "2018-10-11T06:23:51+00:00", "shoeSize": "5Y", "productId": null, "skuUuid": "9e2f5cd2-6d73-4835-b923-af8971c73322", "state": "480", "customerId": null, "localAmount": 95, "localCurrency": "USD"}, {"chainId": "12909839146015902738", "amount": 94, "createdAt": "2018-10-10T16:10:17+00:00", "shoeSize": "5Y", "productId": null, "skuUuid": "9e2f5cd2-6d73-4835-b923-af8971c73322", "state": "480", "customerId": null, "localAmount": 94, "localCurrency": "USD"}, {"chainId": "12906571296331091239", "amount": 95, "createdAt": "2018-10-10T15:28:07+00:00", "shoeSize": "5.5Y", "productId": null, "skuUuid": "000b7ff0-69e0-41de-b53d-e9ec3d5f671a", "state": "480", "customerId": null, "localAmount": 95, "localCurrency": "USD"}, {"chainId": "12905849871362549781", "amount": 95, "createdAt": "2018-10-09T07:57:58+00:00", "shoeSize": "3.5Y", "productId": null, "skuUuid": "f646451b-84c7-4133-8ef5-3abf66023db0", "state": "480", "customerId": null, "localAmount": 95, "localCurrency": "USD"}, {"chainId": "12907113651028908338", "amount": 94, "createdAt": "2018-10-09T07:54:03+00:00", "shoeSize": "3.5Y", "productId": null, "skuUuid": "f646451b-84c7-4133-8ef5-3abf66023db0", "state": "480", "customerId": null, "localAmount": 94, "localCurrency": "USD"}, {"chainId": "12909838416035283423", "amount": 93, "createdAt": "2018-10-09T07:39:44+00:00", "shoeSize": "3.5Y", "productId": null, "skuUuid": "f646451b-84c7-4133-8ef5-3abf66023db0", "state": "480", "customerId": null, "localAmount": 93, "localCurrency": "USD"}, {"chainId": "12909838668227842671", "amount": 98, "createdAt": "2018-10-08T10:01:13+00:00", "shoeSize": "4.5Y", "productId": null, "skuUuid": "cd0d292d-51c0-4979-88f8-7f25cae2d581", "state": "480", "customerId": null, "localAmount": 98, "localCurrency": "USD"}, {"chainId": "12909838777428456714", "amount": 93, "createdAt": "2018-10-08T09:55:09+00:00", "shoeSize": "5Y", "productId": null, "skuUuid": "9e2f5cd2-6d73-4835-b923-af8971c73322", "state": "480", "customerId": null, "localAmount": 93, "localCurrency": "USD"}, {"chainId": "12908589407776907709", "amount": 94, "createdAt": "2018-10-08T04:20:46+00:00", "shoeSize": "5.5Y", "productId": null, "skuUuid": "000b7ff0-69e0-41de-b53d-e9ec3d5f671a", "state": "480", "customerId": null, "localAmount": 94, "localCurrency": "USD"}, {"chainId": "12909435982023397026", "amount": 93, "createdAt": "2018-10-08T04:20:16+00:00", "shoeSize": "5Y", "productId": null, "skuUuid": "9e2f5cd2-6d73-4835-b923-af8971c73322", "state": "480", "customerId": null, "localAmount": 93, "localCurrency": "USD"}, {"chainId": "12909784302536797363", "amount": 96, "createdAt": "2018-10-08T04:20:02+00:00", "shoeSize": "4.5Y", "productId": null, "skuUuid": "cd0d292d-51c0-4979-88f8-7f25cae2d581", "state": "480", "customerId": null, "localAmount": 96, "localCurrency": "USD"}, {"chainId": "12906234774960785548", "amount": 96, "createdAt": "2018-10-08T04:19:48+00:00", "shoeSize": "4Y", "productId": null, "skuUuid": "1dece046-b9e7-47bf-a931-1f4b948ea559", "state": "480", "customerId": null, "localAmount": 96, "localCurrency": "USD"}, {"chainId": "12905848477665270093", "amount": 93, "createdAt": "2018-10-08T04:19:11+00:00", "shoeSize": "3.5Y", "productId": null, "skuUuid": "f646451b-84c7-4133-8ef5-3abf66023db0", "state": "480", "customerId": null, "localAmount": 93, "localCurrency": "USD"}, {"chainId": "12907617255782529476", "amount": 96, "createdAt": "2018-10-08T02:36:06+00:00", "shoeSize": "4.5Y", "productId": null, "skuUuid": "cd0d292d-51c0-4979-88f8-7f25cae2d581", "state": "480", "customerId": null, "localAmount": 96, "localCurrency": "USD"}, {"chainId": "12906465168325599508", "amount": 92, "createdAt": "2018-10-07T15:04:04+00:00", "shoeSize": "5Y", "productId": null, "skuUuid": "9e2f5cd2-6d73-4835-b923-af8971c73322", "state": "480", "customerId": null, "localAmount": 92, "localCurrency": "USD"}, {"chainId": "12907113512564871718", "amount": 94, "createdAt": "2018-10-06T04:53:46+00:00", "shoeSize": "5.5Y", "productId": null, "skuUuid": "000b7ff0-69e0-41de-b53d-e9ec3d5f671a", "state": "480", "customerId": null, "localAmount": 94, "localCurrency": "USD"}, {"chainId": "12908275643126560385", "amount": 92, "createdAt": "2018-10-06T04:45:27+00:00", "shoeSize": "5Y", "productId": null, "skuUuid": "9e2f5cd2-6d73-4835-b923-af8971c73322", "state": "480", "customerId": null, "localAmount": 92, "localCurrency": "USD"}, {"chainId": "12906465286411697308", "amount": 92, "createdAt": "2018-10-06T00:38:42+00:00", "shoeSize": "5Y", "productId": null, "skuUuid": "9e2f5cd2-6d73-4835-b923-af8971c73322", "state": "480", "customerId": null, "localAmount": 92, "localCurrency": "USD"}, {"chainId": "12907113772503164628", "amount": 109, "createdAt": "2018-10-05T04:48:57+00:00", "shoeSize": "6Y", "productId": null, "skuUuid": "3e05867a-0fa5-4ac9-b011-93c93852128b", "state": "480", "customerId": null, "localAmount": 109, "localCurrency": "USD"}, {"chainId": "12907278592374446708", "amount": 89, "createdAt": "2018-10-05T03:01:13+00:00", "shoeSize": "5Y", "productId": null, "skuUuid": "9e2f5cd2-6d73-4835-b923-af8971c73322", "state": "480", "customerId": null, "localAmount": 89, "localCurrency": "USD"}, {"chainId": "12906234882701872444", "amount": 93, "createdAt": "2018-10-05T02:50:34+00:00", "shoeSize": "4.5Y", "productId": null, "skuUuid": "cd0d292d-51c0-4979-88f8-7f25cae2d581", "state": "480", "customerId": null, "localAmount": 93, "localCurrency": "USD"}, {"chainId": "12907489979865972185", "amount": 91, "createdAt": "2018-10-04T22:38:32+00:00", "shoeSize": "4Y", "productId": null, "skuUuid": "1dece046-b9e7-47bf-a931-1f4b948ea559", "state": "480", "customerId": null, "localAmount": 91, "localCurrency": "USD"}, {"chainId": "12907278495057058655", "amount": 90, "createdAt": "2018-10-04T15:38:21+00:00", "shoeSize": "5Y", "productId": null, "skuUuid": "9e2f5cd2-6d73-4835-b923-af8971c73322", "state": "480", "customerId": null, "localAmount": 90, "localCurrency": "USD"}, {"chainId": "12906571144793660758", "amount": 100, "createdAt": "2018-10-03T16:13:00+00:00", "shoeSize": "5.5Y", "productId": null, "skuUuid": "000b7ff0-69e0-41de-b53d-e9ec3d5f671a", "state": "480", "customerId": null, "localAmount": 100, "localCurrency": "USD"}, {"chainId": "12906570998043154484", "amount": 103, "createdAt": "2018-10-03T16:12:43+00:00", "shoeSize": "5.5Y", "productId": null, "skuUuid": "000b7ff0-69e0-41de-b53d-e9ec3d5f671a", "state": "480", "customerId": null, "localAmount": 103, "localCurrency": "USD"}, {"chainId": "12906235078431836536", "amount": 95, "createdAt": "2018-10-03T12:10:15+00:00", "shoeSize": "5Y", "productId": null, "skuUuid": "9e2f5cd2-6d73-4835-b923-af8971c73322", "state": "480", "customerId": null, "localAmount": 95, "localCurrency": "USD"}, {"chainId": "12906234975649419867", "amount": 95, "createdAt": "2018-10-03T12:09:34+00:00", "shoeSize": "5Y", "productId": null, "skuUuid": "9e2f5cd2-6d73-4835-b923-af8971c73322", "state": "480", "customerId": null, "localAmount": 95, "localCurrency": "USD"}, {"chainId": "12906234655986467689", "amount": 95, "createdAt": "2018-10-03T05:04:45+00:00", "shoeSize": "5Y", "productId": null, "skuUuid": "9e2f5cd2-6d73-4835-b923-af8971c73322", "state": "480", "customerId": null, "localAmount": 95, "localCurrency": "USD"}, {"chainId": "12906234545444871605", "amount": 95, "createdAt": "2018-10-03T05:04:33+00:00", "shoeSize": "5Y", "productId": null, "skuUuid": "9e2f5cd2-6d73-4835-b923-af8971c73322", "state": "480", "customerId": null, "localAmount": 95, "localCurrency": "USD"}, {"chainId": "12906234435287502347", "amount": 92, "createdAt": "2018-10-03T05:04:18+00:00", "shoeSize": "4.5Y", "productId": null, "skuUuid": "cd0d292d-51c0-4979-88f8-7f25cae2d581", "state": "480", "customerId": null, "localAmount": 92, "localCurrency": "USD"}, {"chainId": "12906039009182907573", "amount": 95, "createdAt": "2018-10-03T05:04:05+00:00", "shoeSize": "4Y", "productId": null, "skuUuid": "1dece046-b9e7-47bf-a931-1f4b948ea559", "state": "480", "customerId": null, "localAmount": 95, "localCurrency": "USD"}, {"chainId": "12905849213791997435", "amount": 95, "createdAt": "2018-10-03T05:03:49+00:00", "shoeSize": "4.5Y", "productId": null, "skuUuid": "cd0d292d-51c0-4979-88f8-7f25cae2d581", "state": "480", "customerId": null, "localAmount": 95, "localCurrency": "USD"}, {"chainId": "12905849745102233066", "amount": 95, "createdAt": "2018-10-03T05:03:35+00:00", "shoeSize": "5Y", "productId": null, "skuUuid": "9e2f5cd2-6d73-4835-b923-af8971c73322", "state": "480", "customerId": null, "localAmount": 95, "localCurrency": "USD"}, {"chainId": "12905883800390422653", "amount": 90, "createdAt": "2018-10-03T05:03:23+00:00", "shoeSize": "4.5Y", "productId": null, "skuUuid": "cd0d292d-51c0-4979-88f8-7f25cae2d581", "state": "480", "customerId": null, "localAmount": 90, "localCurrency": "USD"}, {"chainId": "12905881931433333413", "amount": 89, "createdAt": "2018-10-03T05:02:56+00:00", "shoeSize": "5Y", "productId": null, "skuUuid": "9e2f5cd2-6d73-4835-b923-af8971c73322", "state": "480", "customerId": null, "localAmount": 89, "localCurrency": "USD"}, {"chainId": "12905883967849588828", "amount": 90, "createdAt": "2018-10-02T17:27:42+00:00", "shoeSize": "4.5Y", "productId": null, "skuUuid": "cd0d292d-51c0-4979-88f8-7f25cae2d581", "state": "480", "customerId": null, "localAmount": 90, "localCurrency": "USD"}, {"chainId": "12901813911850852442", "amount": 90, "createdAt": "2018-10-02T17:23:09+00:00", "shoeSize": "5Y", "productId": null, "skuUuid": "9e2f5cd2-6d73-4835-b923-af8971c73322", "state": "480", "customerId": null, "localAmount": 90, "localCurrency": "USD"}, {"chainId": "12905850012656117086", "amount": 89, "createdAt": "2018-10-02T17:22:14+00:00", "shoeSize": "5Y", "productId": null, "skuUuid": "9e2f5cd2-6d73-4835-b923-af8971c73322", "state": "480", "customerId": null, "localAmount": 89, "localCurrency": "USD"}, {"chainId": "12905849594469951966", "amount": 101, "createdAt": "2018-10-02T16:19:25+00:00", "shoeSize": "5Y", "productId": null, "skuUuid": "9e2f5cd2-6d73-4835-b923-af8971c73322", "state": "480", "customerId": null, "localAmount": 101, "localCurrency": "USD"}, {"chainId": "12905849399039695925", "amount": 102, "createdAt": "2018-10-02T16:19:09+00:00", "shoeSize": "5Y", "productId": null, "skuUuid": "9e2f5cd2-6d73-4835-b923-af8971c73322", "state": "480", "customerId": null, "localAmount": 102, "localCurrency": "USD"}, {"chainId": "12905849298587562953", "amount": 102, "createdAt": "2018-10-02T16:18:46+00:00", "shoeSize": "5Y", "productId": null, "skuUuid": "9e2f5cd2-6d73-4835-b923-af8971c73322", "state": "480", "customerId": null, "localAmount": 102, "localCurrency": "USD"}, {"chainId": "12905849052434091187", "amount": 103, "createdAt": "2018-10-02T16:18:21+00:00", "shoeSize": "5Y", "productId": null, "skuUuid": "9e2f5cd2-6d73-4835-b923-af8971c73322", "state": "480", "customerId": null, "localAmount": 103, "localCurrency": "USD"}, {"chainId": "12905848909191331110", "amount": 103, "createdAt": "2018-10-02T16:18:03+00:00", "shoeSize": "4.5Y", "productId": null, "skuUuid": "cd0d292d-51c0-4979-88f8-7f25cae2d581", "state": "480", "customerId": null, "localAmount": 103, "localCurrency": "USD"}, {"chainId": "12905848810171839185", "amount": 103, "createdAt": "2018-10-02T16:17:49+00:00", "shoeSize": "4.5Y", "productId": null, "skuUuid": "cd0d292d-51c0-4979-88f8-7f25cae2d581", "state": "480", "customerId": null, "localAmount": 103, "localCurrency": "USD"}, {"chainId": "12905848678896733035", "amount": 98, "createdAt": "2018-10-02T16:17:34+00:00", "shoeSize": "4Y", "productId": null, "skuUuid": "1dece046-b9e7-47bf-a931-1f4b948ea559", "state": "480", "customerId": null, "localAmount": 98, "localCurrency": "USD"}, {"chainId": "12905848565481163633", "amount": 99, "createdAt": "2018-10-02T16:17:22+00:00", "shoeSize": "4Y", "productId": null, "skuUuid": "1dece046-b9e7-47bf-a931-1f4b948ea559", "state": "480", "customerId": null, "localAmount": 99, "localCurrency": "USD"}, {"chainId": "12905848273182287760", "amount": 103, "createdAt": "2018-10-02T16:16:45+00:00", "shoeSize": "3.5Y", "productId": null, "skuUuid": "f646451b-84c7-4133-8ef5-3abf66023db0", "state": "480", "customerId": null, "localAmount": 103, "localCurrency": "USD"}, {"chainId": "12901814054324880914", "amount": 105, "createdAt": "2018-10-02T12:07:35+00:00", "shoeSize": "5Y", "productId": null, "skuUuid": "9e2f5cd2-6d73-4835-b923-af8971c73322", "state": "480", "customerId": null, "localAmount": 105, "localCurrency": "USD"}, {"chainId": "12903957481827392300", "amount": 112, "createdAt": "2018-10-01T06:01:40+00:00", "shoeSize": "9Y", "productId": null, "skuUuid": "f7fe8c36-85c5-4c86-a027-794df45acecd", "state": "480", "customerId": null, "localAmount": 112, "localCurrency": "USD"}, {"chainId": "12903721389545308268", "amount": 91, "createdAt": "2018-09-30T02:32:43+00:00", "shoeSize": "6Y", "productId": null, "skuUuid": "3e05867a-0fa5-4ac9-b011-93c93852128b", "state": "480", "customerId": null, "localAmount": 91, "localCurrency": "USD"}, {"chainId": "12903497804555635556", "amount": 112, "createdAt": "2018-09-30T01:34:23+00:00", "shoeSize": "9Y", "productId": null, "skuUuid": "f7fe8c36-85c5-4c86-a027-794df45acecd", "state": "480", "customerId": null, "localAmount": 112, "localCurrency": "USD"}, {"chainId": "12903721247308554417", "amount": 90, "createdAt": "2018-09-29T17:50:44+00:00", "shoeSize": "7Y", "productId": null, "skuUuid": "fe96e104-001b-4c77-bd19-5c09567a8698", "state": "480", "customerId": null, "localAmount": 90, "localCurrency": "USD"}, {"chainId": "12898133056134681188", "amount": 100, "createdAt": "2018-09-29T08:29:53+00:00", "shoeSize": "9Y", "productId": null, "skuUuid": "f7fe8c36-85c5-4c86-a027-794df45acecd", "state": "480", "customerId": null, "localAmount": 100, "localCurrency": "USD"}, {"chainId": "12901541962048923865", "amount": 95, "createdAt": "2018-09-28T23:22:22+00:00", "shoeSize": "8.5Y", "productId": null, "skuUuid": "da143dc4-80dc-4466-a1b1-f843e2f9b8fb", "state": "480", "customerId": null, "localAmount": 95, "localCurrency": "USD"}, {"chainId": "12902268775261062286", "amount": 103, "createdAt": "2018-09-28T13:05:47+00:00", "shoeSize": "4.5Y", "productId": null, "skuUuid": "cd0d292d-51c0-4979-88f8-7f25cae2d581", "state": "480", "customerId": null, "localAmount": 103, "localCurrency": "USD"}, {"chainId": "12902268906403721264", "amount": 105, "createdAt": "2018-09-28T12:59:38+00:00", "shoeSize": "4.5Y", "productId": null, "skuUuid": "cd0d292d-51c0-4979-88f8-7f25cae2d581", "state": "480", "customerId": null, "localAmount": 105, "localCurrency": "USD"}, {"chainId": "12902269073631070778", "amount": 104, "createdAt": "2018-09-28T12:58:56+00:00", "shoeSize": "4Y", "productId": null, "skuUuid": "1dece046-b9e7-47bf-a931-1f4b948ea559", "state": "480", "customerId": null, "localAmount": 104, "localCurrency": "USD"}, {"chainId": "12901541703022854673", "amount": 95, "createdAt": "2018-09-28T09:41:22+00:00", "shoeSize": "8Y", "productId": null, "skuUuid": "a1b563c3-5cb4-4da6-813a-a390576961dc", "state": "480", "customerId": null, "localAmount": 95, "localCurrency": "USD"}, {"chainId": "12901552174300531584", "amount": 112, "createdAt": "2018-09-28T04:06:01+00:00", "shoeSize": "9.5Y", "productId": null, "skuUuid": "2c24bc8a-d9da-4714-80bc-21d36468335a", "state": "480", "customerId": null, "localAmount": 112, "localCurrency": "USD"}, {"chainId": "12901541790981302708", "amount": 90, "createdAt": "2018-09-27T16:37:53+00:00", "shoeSize": "8.5Y", "productId": null, "skuUuid": "da143dc4-80dc-4466-a1b1-f843e2f9b8fb", "state": "480", "customerId": null, "localAmount": 90, "localCurrency": "USD"}, {"chainId": "12901665425756955766", "amount": 90, "createdAt": "2018-09-27T16:37:37+00:00", "shoeSize": "8Y", "productId": null, "skuUuid": "a1b563c3-5cb4-4da6-813a-a390576961dc", "state": "480", "customerId": null, "localAmount": 90, "localCurrency": "USD"}, {"chainId": "12901665720834247912", "amount": 90, "createdAt": "2018-09-27T07:39:00+00:00", "shoeSize": "9Y", "productId": null, "skuUuid": "f7fe8c36-85c5-4c86-a027-794df45acecd", "state": "480", "customerId": null, "localAmount": 90, "localCurrency": "USD"}, {"chainId": "12901480173917310121", "amount": 90, "createdAt": "2018-09-26T17:57:17+00:00", "shoeSize": "6Y", "productId": null, "skuUuid": "3e05867a-0fa5-4ac9-b011-93c93852128b", "state": "480", "customerId": null, "localAmount": 90, "localCurrency": "USD"}, {"chainId": "12901538639162345000", "amount": 90, "createdAt": "2018-09-26T17:56:58+00:00", "shoeSize": "9.5Y", "productId": null, "skuUuid": "2c24bc8a-d9da-4714-80bc-21d36468335a", "state": "480", "customerId": null, "localAmount": 90, "localCurrency": "USD"}, {"chainId": "12901538533208678946", "amount": 90, "createdAt": "2018-09-26T17:56:48+00:00", "shoeSize": "8.5Y", "productId": null, "skuUuid": "da143dc4-80dc-4466-a1b1-f843e2f9b8fb", "state": "480", "customerId": null, "localAmount": 90, "localCurrency": "USD"}, {"chainId": "12901538458441820451", "amount": 90, "createdAt": "2018-09-26T17:56:39+00:00", "shoeSize": "8Y", "productId": null, "skuUuid": "a1b563c3-5cb4-4da6-813a-a390576961dc", "state": "480", "customerId": null, "localAmount": 90, "localCurrency": "USD"}, {"chainId": "12901538369745369811", "amount": 90, "createdAt": "2018-09-26T17:56:14+00:00", "shoeSize": "7.5Y", "productId": null, "skuUuid": "715b3807-b56c-41b5-95cf-c4b0ba986ecd", "state": "480", "customerId": null, "localAmount": 90, "localCurrency": "USD"}, {"chainId": "12900115302989788693", "amount": 90, "createdAt": "2018-09-26T17:29:55+00:00", "shoeSize": "7.5Y", "productId": null, "skuUuid": "715b3807-b56c-41b5-95cf-c4b0ba986ecd", "state": "480", "customerId": null, "localAmount": 90, "localCurrency": "USD"}, {"chainId": "12901326262607581004", "amount": 90, "createdAt": "2018-09-26T17:29:38+00:00", "shoeSize": "9.5Y", "productId": null, "skuUuid": "2c24bc8a-d9da-4714-80bc-21d36468335a", "state": "480", "customerId": null, "localAmount": 90, "localCurrency": "USD"}, {"chainId": "12900115377449565943", "amount": 90, "createdAt": "2018-09-26T17:29:12+00:00", "shoeSize": "8Y", "productId": null, "skuUuid": "a1b563c3-5cb4-4da6-813a-a390576961dc", "state": "480", "customerId": null, "localAmount": 90, "localCurrency": "USD"}, {"chainId": "12900115535182034260", "amount": 90, "createdAt": "2018-09-26T17:28:43+00:00", "shoeSize": "9Y", "productId": null, "skuUuid": "f7fe8c36-85c5-4c86-a027-794df45acecd", "state": "480", "customerId": null, "localAmount": 90, "localCurrency": "USD"}, {"chainId": "12900115452577073145", "amount": 90, "createdAt": "2018-09-26T17:27:53+00:00", "shoeSize": "8.5Y", "productId": null, "skuUuid": "da143dc4-80dc-4466-a1b1-f843e2f9b8fb", "state": "480", "customerId": null, "localAmount": 90, "localCurrency": "USD"}, {"chainId": "12889978039400798208", "amount": 88, "createdAt": "2018-09-26T15:25:09+00:00", "shoeSize": "6Y", "productId": null, "skuUuid": "3e05867a-0fa5-4ac9-b011-93c93852128b", "state": "480", "customerId": null, "localAmount": 88, "localCurrency": "USD"}, {"chainId": "12896057478349566475", "amount": 114, "createdAt": "2018-09-26T15:13:26+00:00", "shoeSize": "5Y", "productId": null, "skuUuid": "9e2f5cd2-6d73-4835-b923-af8971c73322", "state": "480", "customerId": null, "localAmount": 114, "localCurrency": "USD"}, {"chainId": "12898133148289564635", "amount": 90, "createdAt": "2018-09-26T05:37:07+00:00", "shoeSize": "9.5Y", "productId": null, "skuUuid": "2c24bc8a-d9da-4714-80bc-21d36468335a", "state": "480", "customerId": null, "localAmount": 90, "localCurrency": "USD"}, {"chainId": "12900350349806043981", "amount": 90, "createdAt": "2018-09-25T22:45:38+00:00", "shoeSize": "9.5Y", "productId": null, "skuUuid": "2c24bc8a-d9da-4714-80bc-21d36468335a", "state": "480", "customerId": null, "localAmount": 90, "localCurrency": "USD"}, {"chainId": "12900940883400143059", "amount": 104, "createdAt": "2018-09-25T21:46:38+00:00", "shoeSize": "5Y", "productId": null, "skuUuid": "9e2f5cd2-6d73-4835-b923-af8971c73322", "state": "480", "customerId": null, "localAmount": 104, "localCurrency": "USD"}, {"chainId": "12900741668082859548", "amount": 105, "createdAt": "2018-09-25T15:13:36+00:00", "shoeSize": "5Y", "productId": null, "skuUuid": "9e2f5cd2-6d73-4835-b923-af8971c73322", "state": "480", "customerId": null, "localAmount": 105, "localCurrency": "USD"}, {"chainId": "12900742314023547850", "amount": 107, "createdAt": "2018-09-25T15:12:09+00:00", "shoeSize": "3.5Y", "productId": null, "skuUuid": "f646451b-84c7-4133-8ef5-3abf66023db0", "state": "480", "customerId": null, "localAmount": 107, "localCurrency": "USD"}, {"chainId": "12895147909208158481", "amount": 98, "createdAt": "2018-09-25T02:54:21+00:00", "shoeSize": "6.5Y", "productId": null, "skuUuid": "3071f988-b3c5-4e58-9064-df9ad57cd249", "state": "480", "customerId": null, "localAmount": 98, "localCurrency": "USD"}, {"chainId": "12900115613541441324", "amount": 90, "createdAt": "2018-09-25T01:45:44+00:00", "shoeSize": "9.5Y", "productId": null, "skuUuid": "2c24bc8a-d9da-4714-80bc-21d36468335a", "state": "480", "customerId": null, "localAmount": 90, "localCurrency": "USD"}, {"chainId": "12898132962137723499", "amount": 100, "createdAt": "2018-09-22T00:47:48+00:00", "shoeSize": "9Y", "productId": null, "skuUuid": "f7fe8c36-85c5-4c86-a027-794df45acecd", "state": "480", "customerId": null, "localAmount": 100, "localCurrency": "USD"}, {"chainId": "12897830289649008079", "amount": 104, "createdAt": "2018-09-21T14:46:27+00:00", "shoeSize": "5.5Y", "productId": null, "skuUuid": "000b7ff0-69e0-41de-b53d-e9ec3d5f671a", "state": "480", "customerId": null, "localAmount": 104, "localCurrency": "USD"}, {"chainId": "12891991061658444964", "amount": 110, "createdAt": "2018-09-17T21:39:48+00:00", "shoeSize": "6.5Y", "productId": null, "skuUuid": "3071f988-b3c5-4e58-9064-df9ad57cd249", "state": "480", "customerId": null, "localAmount": 110, "localCurrency": "USD"}, {"chainId": "12894350808581448387", "amount": 108, "createdAt": "2018-09-16T19:34:40+00:00", "shoeSize": "3.5Y", "productId": null, "skuUuid": "f646451b-84c7-4133-8ef5-3abf66023db0", "state": "480", "customerId": null, "localAmount": 108, "localCurrency": "USD"}, {"chainId": "12888589813487094210", "amount": 102, "createdAt": "2018-09-16T17:22:13+00:00", "shoeSize": "5.5Y", "productId": null, "skuUuid": "000b7ff0-69e0-41de-b53d-e9ec3d5f671a", "state": "480", "customerId": null, "localAmount": 102, "localCurrency": "USD"}, {"chainId": "12888589596114444183", "amount": 103, "createdAt": "2018-09-16T17:21:08+00:00", "shoeSize": "5.5Y", "productId": null, "skuUuid": "000b7ff0-69e0-41de-b53d-e9ec3d5f671a", "state": "480", "customerId": null, "localAmount": 103, "localCurrency": "USD"}, {"chainId": "12892204896388399455", "amount": 105, "createdAt": "2018-09-13T23:24:00+00:00", "shoeSize": "5Y", "productId": null, "skuUuid": "9e2f5cd2-6d73-4835-b923-af8971c73322", "state": "480", "customerId": null, "localAmount": 105, "localCurrency": "USD"}, {"chainId": "12890013096275297291", "amount": 105, "createdAt": "2018-09-13T15:57:22+00:00", "shoeSize": "5.5Y", "productId": null, "skuUuid": "000b7ff0-69e0-41de-b53d-e9ec3d5f671a", "state": "480", "customerId": null, "localAmount": 105, "localCurrency": "USD"}, {"chainId": "12885750272649811011", "amount": 100, "createdAt": "2018-09-13T13:05:49+00:00", "shoeSize": "6.5Y", "productId": null, "skuUuid": "3071f988-b3c5-4e58-9064-df9ad57cd249", "state": "480", "customerId": null, "localAmount": 100, "localCurrency": "USD"}, {"chainId": "12890674859754551693", "amount": 89, "createdAt": "2018-09-12T14:26:14+00:00", "shoeSize": "6.5Y", "productId": null, "skuUuid": "3071f988-b3c5-4e58-9064-df9ad57cd249", "state": "480", "customerId": null, "localAmount": 89, "localCurrency": "USD"}, {"chainId": "12890737462780848261", "amount": 103, "createdAt": "2018-09-11T19:54:16+00:00", "shoeSize": "4.5Y", "productId": null, "skuUuid": "cd0d292d-51c0-4979-88f8-7f25cae2d581", "state": "480", "customerId": null, "localAmount": 103, "localCurrency": "USD"}, {"chainId": "12890731880023818743", "amount": 102, "createdAt": "2018-09-11T19:43:12+00:00", "shoeSize": "5.5Y", "productId": null, "skuUuid": "000b7ff0-69e0-41de-b53d-e9ec3d5f671a", "state": "480", "customerId": null, "localAmount": 102, "localCurrency": "USD"}, {"chainId": "12890731715745095145", "amount": 102, "createdAt": "2018-09-11T19:42:55+00:00", "shoeSize": "5Y", "productId": null, "skuUuid": "9e2f5cd2-6d73-4835-b923-af8971c73322", "state": "480", "customerId": null, "localAmount": 102, "localCurrency": "USD"}, {"chainId": "12888589461013400112", "amount": 120, "createdAt": "2018-09-11T16:17:38+00:00", "shoeSize": "5Y", "productId": null, "skuUuid": "9e2f5cd2-6d73-4835-b923-af8971c73322", "state": "480", "customerId": null, "localAmount": 120, "localCurrency": "USD"}, {"chainId": "12889977863651276412", "amount": 103, "createdAt": "2018-09-10T18:45:05+00:00", "shoeSize": "5Y", "productId": null, "skuUuid": "9e2f5cd2-6d73-4835-b923-af8971c73322", "state": "480", "customerId": null, "localAmount": 103, "localCurrency": "USD"}, {"chainId": "12889977610934653936", "amount": 112, "createdAt": "2018-09-10T18:44:35+00:00", "shoeSize": "4.5Y", "productId": null, "skuUuid": "cd0d292d-51c0-4979-88f8-7f25cae2d581", "state": "480", "customerId": null, "localAmount": 112, "localCurrency": "USD"}, {"chainId": "12889977483553099966", "amount": 113, "createdAt": "2018-09-10T18:44:20+00:00", "shoeSize": "4Y", "productId": null, "skuUuid": "1dece046-b9e7-47bf-a931-1f4b948ea559", "state": "480", "customerId": null, "localAmount": 113, "localCurrency": "USD"}, {"chainId": "12889977079460083546", "amount": 113, "createdAt": "2018-09-10T18:43:31+00:00", "shoeSize": "3.5Y", "productId": null, "skuUuid": "f646451b-84c7-4133-8ef5-3abf66023db0", "state": "480", "customerId": null, "localAmount": 113, "localCurrency": "USD"}, {"chainId": "12888588899793435996", "amount": 113, "createdAt": "2018-09-10T18:04:34+00:00", "shoeSize": "4.5Y", "productId": null, "skuUuid": "cd0d292d-51c0-4979-88f8-7f25cae2d581", "state": "480", "customerId": null, "localAmount": 113, "localCurrency": "USD"}, {"chainId": "12888588725122901033", "amount": 115, "createdAt": "2018-09-10T18:04:12+00:00", "shoeSize": "4Y", "productId": null, "skuUuid": "1dece046-b9e7-47bf-a931-1f4b948ea559", "state": "480", "customerId": null, "localAmount": 115, "localCurrency": "USD"}, {"chainId": "12889950819009884552", "amount": 110, "createdAt": "2018-09-10T17:51:21+00:00", "shoeSize": "5Y", "productId": null, "skuUuid": "9e2f5cd2-6d73-4835-b923-af8971c73322", "state": "480", "customerId": null, "localAmount": 110, "localCurrency": "USD"}, {"chainId": "12889174106612939574", "amount": 118, "createdAt": "2018-09-10T12:37:53+00:00", "shoeSize": "3.5Y", "productId": null, "skuUuid": "f646451b-84c7-4133-8ef5-3abf66023db0", "state": "480", "customerId": null, "localAmount": 118, "localCurrency": "USD"}, {"chainId": "12884998691555314750", "amount": 121, "createdAt": "2018-09-10T00:15:02+00:00", "shoeSize": "4Y", "productId": null, "skuUuid": "1dece046-b9e7-47bf-a931-1f4b948ea559", "state": "480", "customerId": null, "localAmount": 121, "localCurrency": "USD"}, {"chainId": "12889247654920264274", "amount": 118, "createdAt": "2018-09-09T23:06:53+00:00", "shoeSize": "5Y", "productId": null, "skuUuid": "9e2f5cd2-6d73-4835-b923-af8971c73322", "state": "480", "customerId": null, "localAmount": 118, "localCurrency": "USD"}, {"chainId": "12888589285554065544", "amount": 120, "createdAt": "2018-09-09T22:53:56+00:00", "shoeSize": "5Y", "productId": null, "skuUuid": "9e2f5cd2-6d73-4835-b923-af8971c73322", "state": "480", "customerId": null, "localAmount": 120, "localCurrency": "USD"}, {"chainId": "12889171318911646292", "amount": 121, "createdAt": "2018-09-09T22:50:31+00:00", "shoeSize": "4.5Y", "productId": null, "skuUuid": "cd0d292d-51c0-4979-88f8-7f25cae2d581", "state": "480", "customerId": null, "localAmount": 121, "localCurrency": "USD"}, {"chainId": "12889245540829050354", "amount": 120, "createdAt": "2018-09-09T18:32:41+00:00", "shoeSize": "5Y", "productId": null, "skuUuid": "9e2f5cd2-6d73-4835-b923-af8971c73322", "state": "480", "customerId": null, "localAmount": 120, "localCurrency": "USD"}, {"chainId": "12889171037984705443", "amount": 121, "createdAt": "2018-09-09T18:31:45+00:00", "shoeSize": "5Y", "productId": null, "skuUuid": "9e2f5cd2-6d73-4835-b923-af8971c73322", "state": "480", "customerId": null, "localAmount": 121, "localCurrency": "USD"}, {"chainId": "12884189412641817484", "amount": 134, "createdAt": "2018-09-09T15:18:14+00:00", "shoeSize": "4Y", "productId": null, "skuUuid": "1dece046-b9e7-47bf-a931-1f4b948ea559", "state": "480", "customerId": null, "localAmount": 134, "localCurrency": "USD"}, {"chainId": "12882704880135822185", "amount": 125, "createdAt": "2018-09-08T23:57:34+00:00", "shoeSize": "3.5Y", "productId": null, "skuUuid": "f646451b-84c7-4133-8ef5-3abf66023db0", "state": "480", "customerId": null, "localAmount": 125, "localCurrency": "USD"}, {"chainId": "12888610487100716885", "amount": 119, "createdAt": "2018-09-08T21:28:22+00:00", "shoeSize": "5.5Y", "productId": null, "skuUuid": "000b7ff0-69e0-41de-b53d-e9ec3d5f671a", "state": "480", "customerId": null, "localAmount": 119, "localCurrency": "USD"}, {"chainId": "12888610236429220768", "amount": 119, "createdAt": "2018-09-08T21:27:51+00:00", "shoeSize": "3.5Y", "productId": null, "skuUuid": "f646451b-84c7-4133-8ef5-3abf66023db0", "state": "480", "customerId": null, "localAmount": 119, "localCurrency": "USD"}, {"chainId": "12888606363768954900", "amount": 128, "createdAt": "2018-09-08T21:20:09+00:00", "shoeSize": "4.5Y", "productId": null, "skuUuid": "cd0d292d-51c0-4979-88f8-7f25cae2d581", "state": "480", "customerId": null, "localAmount": 128, "localCurrency": "USD"}, {"chainId": "12887163865091445849", "amount": 128, "createdAt": "2018-09-08T21:03:18+00:00", "shoeSize": "4.5Y", "productId": null, "skuUuid": "cd0d292d-51c0-4979-88f8-7f25cae2d581", "state": "480", "customerId": null, "localAmount": 128, "localCurrency": "USD"}, {"chainId": "12885660099487881261", "amount": 122, "createdAt": "2018-09-08T20:48:30+00:00", "shoeSize": "4Y", "productId": null, "skuUuid": "1dece046-b9e7-47bf-a931-1f4b948ea559", "state": "480", "customerId": null, "localAmount": 122, "localCurrency": "USD"}, {"chainId": "12888491938234157771", "amount": 90, "createdAt": "2018-09-08T17:32:50+00:00", "shoeSize": "6.5Y", "productId": null, "skuUuid": "3071f988-b3c5-4e58-9064-df9ad57cd249", "state": "480", "customerId": null, "localAmount": 90, "localCurrency": "USD"}, {"chainId": "12887770809245160762", "amount": 123, "createdAt": "2018-09-07T17:40:03+00:00", "shoeSize": "5Y", "productId": null, "skuUuid": "9e2f5cd2-6d73-4835-b923-af8971c73322", "state": "480", "customerId": null, "localAmount": 123, "localCurrency": "USD"}, {"chainId": "12887769900197147044", "amount": 135, "createdAt": "2018-09-07T17:38:17+00:00", "shoeSize": "5.5Y", "productId": null, "skuUuid": "000b7ff0-69e0-41de-b53d-e9ec3d5f671a", "state": "480", "customerId": null, "localAmount": 135, "localCurrency": "USD"}, {"chainId": "12887769638330289915", "amount": 123, "createdAt": "2018-09-07T17:37:46+00:00", "shoeSize": "5Y", "productId": null, "skuUuid": "9e2f5cd2-6d73-4835-b923-af8971c73322", "state": "480", "customerId": null, "localAmount": 123, "localCurrency": "USD"}, {"chainId": "12887769455935466977", "amount": 128, "createdAt": "2018-09-07T17:37:22+00:00", "shoeSize": "4.5Y", "productId": null, "skuUuid": "cd0d292d-51c0-4979-88f8-7f25cae2d581", "state": "480", "customerId": null, "localAmount": 128, "localCurrency": "USD"}, {"chainId": "12887767292251252074", "amount": 122, "createdAt": "2018-09-07T17:33:07+00:00", "shoeSize": "4Y", "productId": null, "skuUuid": "1dece046-b9e7-47bf-a931-1f4b948ea559", "state": "480", "customerId": null, "localAmount": 122, "localCurrency": "USD"}, {"chainId": "12882704729229445098", "amount": 100, "createdAt": "2018-09-07T11:54:19+00:00", "shoeSize": "7Y", "productId": null, "skuUuid": "fe96e104-001b-4c77-bd19-5c09567a8698", "state": "480", "customerId": null, "localAmount": 100, "localCurrency": "USD"}, {"chainId": "12886537492371603666", "amount": 124, "createdAt": "2018-09-06T16:52:07+00:00", "shoeSize": "5Y", "productId": null, "skuUuid": "9e2f5cd2-6d73-4835-b923-af8971c73322", "state": "480", "customerId": null, "localAmount": 124, "localCurrency": "USD"}, {"chainId": "12886254128899770259", "amount": 131, "createdAt": "2018-09-06T15:04:47+00:00", "shoeSize": "5.5Y", "productId": null, "skuUuid": "000b7ff0-69e0-41de-b53d-e9ec3d5f671a", "state": "480", "customerId": null, "localAmount": 131, "localCurrency": "USD"}, {"chainId": "12885590035426446903", "amount": 124, "createdAt": "2018-09-06T03:35:18+00:00", "shoeSize": "5.5Y", "productId": null, "skuUuid": "000b7ff0-69e0-41de-b53d-e9ec3d5f671a", "state": "480", "customerId": null, "localAmount": 124, "localCurrency": "USD"}, {"chainId": "12885589844299597624", "amount": 122, "createdAt": "2018-09-06T03:35:07+00:00", "shoeSize": "5Y", "productId": null, "skuUuid": "9e2f5cd2-6d73-4835-b923-af8971c73322", "state": "480", "customerId": null, "localAmount": 122, "localCurrency": "USD"}, {"chainId": "12886537034286174336", "amount": 122, "createdAt": "2018-09-06T00:51:29+00:00", "shoeSize": "4Y", "productId": null, "skuUuid": "1dece046-b9e7-47bf-a931-1f4b948ea559", "state": "480", "customerId": null, "localAmount": 122, "localCurrency": "USD"}, {"chainId": "12886537208577980377", "amount": 128, "createdAt": "2018-09-06T00:51:02+00:00", "shoeSize": "4.5Y", "productId": null, "skuUuid": "cd0d292d-51c0-4979-88f8-7f25cae2d581", "state": "480", "customerId": null, "localAmount": 128, "localCurrency": "USD"}, {"chainId": "12886537590076507503", "amount": 125, "createdAt": "2018-09-06T00:49:58+00:00", "shoeSize": "5.5Y", "productId": null, "skuUuid": "000b7ff0-69e0-41de-b53d-e9ec3d5f671a", "state": "480", "customerId": null, "localAmount": 125, "localCurrency": "USD"}, {"chainId": "12886507557817717134", "amount": 112, "createdAt": "2018-09-05T23:50:12+00:00", "shoeSize": "6Y", "productId": null, "skuUuid": "3e05867a-0fa5-4ac9-b011-93c93852128b", "state": "480", "customerId": null, "localAmount": 112, "localCurrency": "USD"}, {"chainId": "12886402529672297170", "amount": 116, "createdAt": "2018-09-05T20:43:09+00:00", "shoeSize": "3.5Y", "productId": null, "skuUuid": "f646451b-84c7-4133-8ef5-3abf66023db0", "state": "480", "customerId": null, "localAmount": 116, "localCurrency": "USD"}, {"chainId": "12886402846179364038", "amount": 113, "createdAt": "2018-09-05T20:42:37+00:00", "shoeSize": "6Y", "productId": null, "skuUuid": "3e05867a-0fa5-4ac9-b011-93c93852128b", "state": "480", "customerId": null, "localAmount": 113, "localCurrency": "USD"}, {"chainId": "12885660302752507532", "amount": 129, "createdAt": "2018-09-05T15:24:57+00:00", "shoeSize": "5.5Y", "productId": null, "skuUuid": "000b7ff0-69e0-41de-b53d-e9ec3d5f671a", "state": "480", "customerId": null, "localAmount": 129, "localCurrency": "USD"}, {"chainId": "12886232168426834415", "amount": 87, "createdAt": "2018-09-05T14:43:03+00:00", "shoeSize": "7.5Y", "productId": null, "skuUuid": "715b3807-b56c-41b5-95cf-c4b0ba986ecd", "state": "480", "customerId": null, "localAmount": 87, "localCurrency": "USD"}, {"chainId": "12885788250709069923", "amount": 123, "createdAt": "2018-09-05T01:07:55+00:00", "shoeSize": "5Y", "productId": null, "skuUuid": "9e2f5cd2-6d73-4835-b923-af8971c73322", "state": "480", "customerId": null, "localAmount": 123, "localCurrency": "USD"}, {"chainId": "12885659880787130129", "amount": 124, "createdAt": "2018-09-04T23:59:44+00:00", "shoeSize": "5Y", "productId": null, "skuUuid": "9e2f5cd2-6d73-4835-b923-af8971c73322", "state": "480", "customerId": null, "localAmount": 124, "localCurrency": "USD"}, {"chainId": "12885659688704854004", "amount": 140, "createdAt": "2018-09-04T23:57:28+00:00", "shoeSize": "4.5Y", "productId": null, "skuUuid": "cd0d292d-51c0-4979-88f8-7f25cae2d581", "state": "480", "customerId": null, "localAmount": 140, "localCurrency": "USD"}, {"chainId": "12885749353186008950", "amount": 121, "createdAt": "2018-09-04T23:57:02+00:00", "shoeSize": "5.5Y", "productId": null, "skuUuid": "000b7ff0-69e0-41de-b53d-e9ec3d5f671a", "state": "480", "customerId": null, "localAmount": 121, "localCurrency": "USD"}, {"chainId": "12885783904968811324", "amount": 125, "createdAt": "2018-09-04T23:55:00+00:00", "shoeSize": "5Y", "productId": null, "skuUuid": "9e2f5cd2-6d73-4835-b923-af8971c73322", "state": "480", "customerId": null, "localAmount": 125, "localCurrency": "USD"}, {"chainId": "12885784449583299018", "amount": 126, "createdAt": "2018-09-04T23:53:36+00:00", "shoeSize": "5Y", "productId": null, "skuUuid": "9e2f5cd2-6d73-4835-b923-af8971c73322", "state": "480", "customerId": null, "localAmount": 126, "localCurrency": "USD"}, {"chainId": "12885783928778204711", "amount": 129, "createdAt": "2018-09-04T23:52:50+00:00", "shoeSize": "5Y", "productId": null, "skuUuid": "9e2f5cd2-6d73-4835-b923-af8971c73322", "state": "480", "customerId": null, "localAmount": 129, "localCurrency": "USD"}, {"chainId": "12885749606839169810", "amount": 100, "createdAt": "2018-09-04T22:44:17+00:00", "shoeSize": "6.5Y", "productId": null, "skuUuid": "3071f988-b3c5-4e58-9064-df9ad57cd249", "state": "480", "customerId": null, "localAmount": 100, "localCurrency": "USD"}, {"chainId": "12882704626533644862", "amount": 101, "createdAt": "2018-09-04T22:41:37+00:00", "shoeSize": "6.5Y", "productId": null, "skuUuid": "3071f988-b3c5-4e58-9064-df9ad57cd249", "state": "480", "customerId": null, "localAmount": 101, "localCurrency": "USD"}, {"chainId": "12885543247220990236", "amount": 106, "createdAt": "2018-09-04T15:54:19+00:00", "shoeSize": "6.5Y", "productId": null, "skuUuid": "3071f988-b3c5-4e58-9064-df9ad57cd249", "state": "480", "customerId": null, "localAmount": 106, "localCurrency": "USD"}, {"chainId": "12884918608164398172", "amount": 100, "createdAt": "2018-09-04T15:41:43+00:00", "shoeSize": "7.5Y", "productId": null, "skuUuid": "715b3807-b56c-41b5-95cf-c4b0ba986ecd", "state": "480", "customerId": null, "localAmount": 100, "localCurrency": "USD"}, {"chainId": "12885506149291879989", "amount": 126, "createdAt": "2018-09-04T15:07:28+00:00", "shoeSize": "5Y", "productId": null, "skuUuid": "9e2f5cd2-6d73-4835-b923-af8971c73322", "state": "480", "customerId": null, "localAmount": 126, "localCurrency": "USD"}, {"chainId": "12884910349658289024", "amount": 110, "createdAt": "2018-09-04T14:01:28+00:00", "shoeSize": "6Y", "productId": null, "skuUuid": "3e05867a-0fa5-4ac9-b011-93c93852128b", "state": "480", "customerId": null, "localAmount": 110, "localCurrency": "USD"}, {"chainId": "12885133687143064285", "amount": 110, "createdAt": "2018-09-04T02:20:34+00:00", "shoeSize": "6.5Y", "productId": null, "skuUuid": "3071f988-b3c5-4e58-9064-df9ad57cd249", "state": "480", "customerId": null, "localAmount": 110, "localCurrency": "USD"}, {"chainId": "12884919977605528830", "amount": 110, "createdAt": "2018-09-04T01:38:53+00:00", "shoeSize": "8Y", "productId": null, "skuUuid": "a1b563c3-5cb4-4da6-813a-a390576961dc", "state": "480", "customerId": null, "localAmount": 110, "localCurrency": "USD"}, {"chainId": "12885078031355625285", "amount": 110, "createdAt": "2018-09-04T00:33:31+00:00", "shoeSize": "7Y", "productId": null, "skuUuid": "fe96e104-001b-4c77-bd19-5c09567a8698", "state": "480", "customerId": null, "localAmount": 110, "localCurrency": "USD"}, {"chainId": "12884968432608282326", "amount": 110, "createdAt": "2018-09-04T00:29:40+00:00", "shoeSize": "7Y", "productId": null, "skuUuid": "fe96e104-001b-4c77-bd19-5c09567a8698", "state": "480", "customerId": null, "localAmount": 110, "localCurrency": "USD"}, {"chainId": "12885069612856000792", "amount": 107, "createdAt": "2018-09-04T00:27:30+00:00", "shoeSize": "6Y", "productId": null, "skuUuid": "3e05867a-0fa5-4ac9-b011-93c93852128b", "state": "480", "customerId": null, "localAmount": 107, "localCurrency": "USD"}, {"chainId": "12880809696527374374", "amount": 150, "createdAt": "2018-09-02T11:09:00+00:00", "shoeSize": "4Y", "productId": null, "skuUuid": "1dece046-b9e7-47bf-a931-1f4b948ea559", "state": "480", "customerId": null, "localAmount": 150, "localCurrency": "USD"}, {"chainId": "12881403200400142538", "amount": 160, "createdAt": "2018-09-02T10:46:13+00:00", "shoeSize": "4.5Y", "productId": null, "skuUuid": "cd0d292d-51c0-4979-88f8-7f25cae2d581", "state": "480", "customerId": null, "localAmount": 160, "localCurrency": "USD"}, {"chainId": "12882656839914160822", "amount": 120, "createdAt": "2018-09-02T00:48:58+00:00", "shoeSize": "5Y", "productId": null, "skuUuid": "9e2f5cd2-6d73-4835-b923-af8971c73322", "state": "480", "customerId": null, "localAmount": 120, "localCurrency": "USD"}, {"chainId": "12880809867103138743", "amount": 120, "createdAt": "2018-08-31T17:48:39+00:00", "shoeSize": "3.5Y", "productId": null, "skuUuid": "f646451b-84c7-4133-8ef5-3abf66023db0", "state": "480", "customerId": null, "localAmount": 120, "localCurrency": "USD"}]