[{"chainId": "12981401250081103294", "amount": 110, "createdAt": "2019-01-17T15:56:16+00:00", "shoeSize": "12", "productId": null, "skuUuid": "beb77aa5-d33f-4a74-9eba-e04465fbb8b4", "state": "480", "customerId": null, "localAmount": 110, "localCurrency": "USD"}, {"chainId": "12973303900087069404", "amount": 95, "createdAt": "2019-01-13T02:48:53+00:00", "shoeSize": "9", "productId": null, "skuUuid": "0d941645-eb2f-4a07-880d-cbd35b15c069", "state": "480", "customerId": null, "localAmount": 95, "localCurrency": "USD"}, {"chainId": "12972909163345676625", "amount": 87.6426, "createdAt": "2019-01-03T04:54:48+00:00", "shoeSize": "10", "productId": null, "skuUuid": "30bb47eb-1098-44a7-b646-1574cbb20df4", "state": "480", "customerId": null, "localAmount": 88, "localCurrency": "USD"}, {"chainId": "12972908412450380177", "amount": 90, "createdAt": "2019-01-03T04:53:20+00:00", "shoeSize": "9", "productId": null, "skuUuid": "0d941645-eb2f-4a07-880d-cbd35b15c069", "state": "480", "customerId": null, "localAmount": 90, "localCurrency": "USD"}, {"chainId": "12914074480330476347", "amount": 109, "createdAt": "2018-12-09T02:13:30+00:00", "shoeSize": "10", "productId": null, "skuUuid": "30bb47eb-1098-44a7-b646-1574cbb20df4", "state": "480", "customerId": null, "localAmount": 109, "localCurrency": "USD"}, {"chainId": "12817766568484333514", "amount": 150, "createdAt": "2018-11-29T15:57:05+00:00", "shoeSize": "13", "productId": null, "skuUuid": "edc2ba75-4b00-4e15-b650-d8f9d08b11a5", "state": "480", "customerId": null, "localAmount": 150, "localCurrency": "USD"}, {"chainId": "12942979257694679316", "amount": 75, "createdAt": "2018-11-27T21:45:34+00:00", "shoeSize": "10", "productId": null, "skuUuid": "30bb47eb-1098-44a7-b646-1574cbb20df4", "state": "480", "customerId": null, "localAmount": 75, "localCurrency": "USD"}, {"chainId": "12943910366643355929", "amount": 100, "createdAt": "2018-11-27T04:15:34+00:00", "shoeSize": "11.5", "productId": null, "skuUuid": "51ba3984-da50-4426-bf2b-b2712d967c0a", "state": "480", "customerId": null, "localAmount": 100, "localCurrency": "USD"}, {"chainId": "12943894303093759230", "amount": 75, "createdAt": "2018-11-24T04:07:27+00:00", "shoeSize": "11.5", "productId": null, "skuUuid": "51ba3984-da50-4426-bf2b-b2712d967c0a", "state": "480", "customerId": null, "localAmount": 75, "localCurrency": "USD"}, {"chainId": "12932723335160888907", "amount": 105, "createdAt": "2018-11-24T01:16:27+00:00", "shoeSize": "13", "productId": null, "skuUuid": "edc2ba75-4b00-4e15-b650-d8f9d08b11a5", "state": "480", "customerId": null, "localAmount": 105, "localCurrency": "USD"}, {"chainId": "12881461382123611383", "amount": 95, "createdAt": "2018-11-21T17:18:40+00:00", "shoeSize": "10.5", "productId": null, "skuUuid": "4a291048-d5f9-4681-80f3-f43147acecbb", "state": "480", "customerId": null, "localAmount": 95, "localCurrency": "USD"}, {"chainId": "12939165514808110406", "amount": 75, "createdAt": "2018-11-17T15:32:15+00:00", "shoeSize": "9.5", "productId": null, "skuUuid": "4a4e2e42-0e36-438b-887a-244af0955f3b", "state": "480", "customerId": null, "localAmount": 75, "localCurrency": "USD"}, {"chainId": "12929181791221211458", "amount": 110, "createdAt": "2018-11-16T20:14:19+00:00", "shoeSize": "10.5", "productId": null, "skuUuid": "4a291048-d5f9-4681-80f3-f43147acecbb", "state": "480", "customerId": null, "localAmount": 110, "localCurrency": "USD"}, {"chainId": "12934439274555785375", "amount": 90, "createdAt": "2018-11-11T03:05:52+00:00", "shoeSize": "10.5", "productId": null, "skuUuid": "4a291048-d5f9-4681-80f3-f43147acecbb", "state": "480", "customerId": null, "localAmount": 90, "localCurrency": "USD"}, {"chainId": "12909879714227304747", "amount": 90.3296, "createdAt": "2018-11-08T07:45:03+00:00", "shoeSize": "10.5", "productId": null, "skuUuid": "4a291048-d5f9-4681-80f3-f43147acecbb", "state": "480", "customerId": null, "localAmount": 91, "localCurrency": "USD"}, {"chainId": "12906249598751009252", "amount": 50, "createdAt": "2018-11-01T13:56:32+00:00", "shoeSize": "14", "productId": null, "skuUuid": "b088f4d4-3041-4942-864d-beb01ff65680", "state": "480", "customerId": null, "localAmount": 50, "localCurrency": "USD"}, {"chainId": "12881866067067315545", "amount": 85, "createdAt": "2018-09-29T06:21:46+00:00", "shoeSize": "10.5", "productId": null, "skuUuid": "4a291048-d5f9-4681-80f3-f43147acecbb", "state": "480", "customerId": null, "localAmount": 85, "localCurrency": "USD"}, {"chainId": "12873613853646487004", "amount": 65, "createdAt": "2018-08-20T21:37:04+00:00", "shoeSize": "10.5", "productId": null, "skuUuid": "4a291048-d5f9-4681-80f3-f43147acecbb", "state": "480", "customerId": null, "localAmount": 65, "localCurrency": "USD"}, {"chainId": "12868598108177959853", "amount": 135, "createdAt": "2018-08-19T19:14:30+00:00", "shoeSize": "14", "productId": null, "skuUuid": "b088f4d4-3041-4942-864d-beb01ff65680", "state": "480", "customerId": null, "localAmount": 135, "localCurrency": "USD"}, {"chainId": "12847343352107096791", "amount": 100, "createdAt": "2018-08-03T09:24:00+00:00", "shoeSize": "9.5", "productId": null, "skuUuid": "4a4e2e42-0e36-438b-887a-244af0955f3b", "state": "480", "customerId": null, "localAmount": 100, "localCurrency": "USD"}, {"chainId": "12852310692069644972", "amount": 70, "createdAt": "2018-07-20T19:27:08+00:00", "shoeSize": "14", "productId": null, "skuUuid": "b088f4d4-3041-4942-864d-beb01ff65680", "state": "480", "customerId": null, "localAmount": 70, "localCurrency": "USD"}, {"chainId": "12768138740752344521", "amount": 76, "createdAt": "2018-06-13T14:15:34+00:00", "shoeSize": "11", "productId": null, "skuUuid": "222bb9eb-ea21-4201-a673-a108da68193c", "state": "480", "customerId": null, "localAmount": 76, "localCurrency": "USD"}, {"chainId": "12815911136933304793", "amount": 130, "createdAt": "2018-06-06T21:32:05+00:00", "shoeSize": "8.5", "productId": null, "skuUuid": "a8e6a016-20b0-48b5-8169-993e713e7815", "state": "480", "customerId": null, "localAmount": 130, "localCurrency": "USD"}, {"chainId": "12818292283648199904", "amount": 110, "createdAt": "2018-06-03T20:58:39+00:00", "shoeSize": "9", "productId": null, "skuUuid": "0d941645-eb2f-4a07-880d-cbd35b15c069", "state": "480", "customerId": null, "localAmount": 110, "localCurrency": "USD"}, {"chainId": "12784244165247291857", "amount": 80, "createdAt": "2018-05-19T09:20:51+00:00", "shoeSize": "14", "productId": null, "skuUuid": "b088f4d4-3041-4942-864d-beb01ff65680", "state": "480", "customerId": null, "localAmount": 80, "localCurrency": "USD"}, {"chainId": "12789373091732896694", "amount": 35, "createdAt": "2018-04-25T16:25:10+00:00", "shoeSize": "15", "productId": null, "skuUuid": "9b60346f-6ced-4720-8bbb-a4d87d95dcd5", "state": "480", "customerId": null, "localAmount": 35, "localCurrency": "USD"}, {"chainId": "12573344835837412314", "amount": 120, "createdAt": "2018-03-23T15:07:04+00:00", "shoeSize": "10", "productId": null, "skuUuid": "30bb47eb-1098-44a7-b646-1574cbb20df4", "state": "480", "customerId": null, "localAmount": 120, "localCurrency": "USD"}, {"chainId": "12605405297195613973", "amount": 150, "createdAt": "2017-08-13T07:01:54+00:00", "shoeSize": "10", "productId": null, "skuUuid": "30bb47eb-1098-44a7-b646-1574cbb20df4", "state": "480", "customerId": null, "localAmount": 150, "localCurrency": "USD"}, {"chainId": "12180633220878125872", "amount": 191, "createdAt": "2015-12-25T21:37:57+00:00", "shoeSize": "15", "productId": null, "skuUuid": "9b60346f-6ced-4720-8bbb-a4d87d95dcd5", "state": "480", "customerId": null, "localAmount": 191, "localCurrency": "USD"}, {"chainId": "12180632418860358973", "amount": 103, "createdAt": "2015-12-23T19:52:20+00:00", "shoeSize": "10.5", "productId": null, "skuUuid": "4a291048-d5f9-4681-80f3-f43147acecbb", "state": "480", "customerId": null, "localAmount": 103, "localCurrency": "USD"}, {"chainId": "12180633494755543539", "amount": 191, "createdAt": "2015-12-17T06:47:31+00:00", "shoeSize": "15", "productId": null, "skuUuid": "9b60346f-6ced-4720-8bbb-a4d87d95dcd5", "state": "480", "customerId": null, "localAmount": 191, "localCurrency": "USD"}, {"chainId": "12180632366380301794", "amount": 103, "createdAt": "2015-12-16T02:26:53+00:00", "shoeSize": "10.5", "productId": null, "skuUuid": "4a291048-d5f9-4681-80f3-f43147acecbb", "state": "480", "customerId": null, "localAmount": 103, "localCurrency": "USD"}, {"chainId": "12180633503021809978", "amount": 104, "createdAt": "2015-12-15T14:59:18+00:00", "shoeSize": "10.5", "productId": null, "skuUuid": "4a291048-d5f9-4681-80f3-f43147acecbb", "state": "480", "customerId": null, "localAmount": 104, "localCurrency": "USD"}, {"chainId": "12180632787206320309", "amount": 130, "createdAt": "2015-12-15T12:25:06+00:00", "shoeSize": "11", "productId": null, "skuUuid": "222bb9eb-ea21-4201-a673-a108da68193c", "state": "480", "customerId": null, "localAmount": 130, "localCurrency": "USD"}, {"chainId": "12180625652379540765", "amount": 110, "createdAt": "2015-12-14T20:39:25+00:00", "shoeSize": "8.5", "productId": null, "skuUuid": "a8e6a016-20b0-48b5-8169-993e713e7815", "state": "480", "customerId": null, "localAmount": 110, "localCurrency": "USD"}, {"chainId": "12180633083360826943", "amount": 134, "createdAt": "2015-12-14T18:32:59+00:00", "shoeSize": "9", "productId": null, "skuUuid": "0d941645-eb2f-4a07-880d-cbd35b15c069", "state": "480", "customerId": null, "localAmount": 134, "localCurrency": "USD"}, {"chainId": "12180632348422370696", "amount": 110, "createdAt": "2015-12-13T09:46:46+00:00", "shoeSize": "10", "productId": null, "skuUuid": "30bb47eb-1098-44a7-b646-1574cbb20df4", "state": "480", "customerId": null, "localAmount": 110, "localCurrency": "USD"}, {"chainId": "12180625330435651178", "amount": 104, "createdAt": "2015-12-13T00:01:02+00:00", "shoeSize": "10.5", "productId": null, "skuUuid": "4a291048-d5f9-4681-80f3-f43147acecbb", "state": "480", "customerId": null, "localAmount": 104, "localCurrency": "USD"}, {"chainId": "12180628073803972608", "amount": 125, "createdAt": "2015-12-12T19:34:53+00:00", "shoeSize": "10.5", "productId": null, "skuUuid": "4a291048-d5f9-4681-80f3-f43147acecbb", "state": "480", "customerId": null, "localAmount": 125, "localCurrency": "USD"}, {"chainId": "12180626015036167932", "amount": 130, "createdAt": "2015-12-11T22:53:28+00:00", "shoeSize": "9.5", "productId": null, "skuUuid": "4a4e2e42-0e36-438b-887a-244af0955f3b", "state": "480", "customerId": null, "localAmount": 130, "localCurrency": "USD"}, {"chainId": "12180628074262561203", "amount": 125, "createdAt": "2015-12-10T02:32:00+00:00", "shoeSize": "12", "productId": null, "skuUuid": "beb77aa5-d33f-4a74-9eba-e04465fbb8b4", "state": "480", "customerId": null, "localAmount": 125, "localCurrency": "USD"}, {"chainId": "12180632348919846905", "amount": 104, "createdAt": "2015-12-10T01:48:51+00:00", "shoeSize": "10.5", "productId": null, "skuUuid": "4a291048-d5f9-4681-80f3-f43147acecbb", "state": "480", "customerId": null, "localAmount": 104, "localCurrency": "USD"}, {"chainId": "12180632349683647950", "amount": 102, "createdAt": "2015-12-07T00:54:59+00:00", "shoeSize": "10.5", "productId": null, "skuUuid": "4a291048-d5f9-4681-80f3-f43147acecbb", "state": "480", "customerId": null, "localAmount": 102, "localCurrency": "USD"}, {"chainId": "12180633196872520091", "amount": 105, "createdAt": "2015-12-05T03:39:14+00:00", "shoeSize": "10.5", "productId": null, "skuUuid": "4a291048-d5f9-4681-80f3-f43147acecbb", "state": "480", "customerId": null, "localAmount": 105, "localCurrency": "USD"}, {"chainId": "12180630071846583149", "amount": 115, "createdAt": "2015-12-01T21:54:59+00:00", "shoeSize": "11", "productId": null, "skuUuid": "222bb9eb-ea21-4201-a673-a108da68193c", "state": "480", "customerId": null, "localAmount": 115, "localCurrency": "USD"}, {"chainId": "12166725327872594351", "amount": 131, "createdAt": "2015-11-28T08:08:35+00:00", "shoeSize": "8", "productId": null, "skuUuid": "6ed75c5f-4ff2-4e39-9975-c95f897f9d34", "state": "480", "customerId": null, "localAmount": 131, "localCurrency": "USD"}, {"chainId": "12166725328553777561", "amount": 131, "createdAt": "2015-11-27T20:06:49+00:00", "shoeSize": "14", "productId": null, "skuUuid": "b088f4d4-3041-4942-864d-beb01ff65680", "state": "480", "customerId": null, "localAmount": 131, "localCurrency": "USD"}, {"chainId": "12159719587010809407", "amount": 109, "createdAt": "2015-11-25T18:17:18+00:00", "shoeSize": "10.5", "productId": null, "skuUuid": "4a291048-d5f9-4681-80f3-f43147acecbb", "state": "480", "customerId": null, "localAmount": 109, "localCurrency": "USD"}, {"chainId": "12159720265963273983", "amount": 102, "createdAt": "2015-11-24T21:11:16+00:00", "shoeSize": "8.5", "productId": null, "skuUuid": "a8e6a016-20b0-48b5-8169-993e713e7815", "state": "480", "customerId": null, "localAmount": 102, "localCurrency": "USD"}, {"chainId": "12166725375585467404", "amount": 131, "createdAt": "2015-11-23T18:38:57+00:00", "shoeSize": "11", "productId": null, "skuUuid": "222bb9eb-ea21-4201-a673-a108da68193c", "state": "480", "customerId": null, "localAmount": 131, "localCurrency": "USD"}, {"chainId": "12166725376761981915", "amount": 126, "createdAt": "2015-11-22T20:52:21+00:00", "shoeSize": "14", "productId": null, "skuUuid": "b088f4d4-3041-4942-864d-beb01ff65680", "state": "480", "customerId": null, "localAmount": 126, "localCurrency": "USD"}, {"chainId": "12159720266618421205", "amount": 103, "createdAt": "2015-11-22T01:58:15+00:00", "shoeSize": "10.5", "productId": null, "skuUuid": "4a291048-d5f9-4681-80f3-f43147acecbb", "state": "480", "customerId": null, "localAmount": 103, "localCurrency": "USD"}, {"chainId": "12159719169310730184", "amount": 110, "createdAt": "2015-11-19T01:23:08+00:00", "shoeSize": "11", "productId": null, "skuUuid": "222bb9eb-ea21-4201-a673-a108da68193c", "state": "480", "customerId": null, "localAmount": 110, "localCurrency": "USD"}, {"chainId": "12159719167173996096", "amount": 120, "createdAt": "2015-11-18T04:46:29+00:00", "shoeSize": "11", "productId": null, "skuUuid": "222bb9eb-ea21-4201-a673-a108da68193c", "state": "480", "customerId": null, "localAmount": 120, "localCurrency": "USD"}, {"chainId": "12159720604889495021", "amount": 102, "createdAt": "2015-11-17T20:37:24+00:00", "shoeSize": "11", "productId": null, "skuUuid": "222bb9eb-ea21-4201-a673-a108da68193c", "state": "480", "customerId": null, "localAmount": 102, "localCurrency": "USD"}, {"chainId": "12159720256848794413", "amount": 107, "createdAt": "2015-11-06T14:34:29+00:00", "shoeSize": "8", "productId": null, "skuUuid": "6ed75c5f-4ff2-4e39-9975-c95f897f9d34", "state": "480", "customerId": null, "localAmount": 107, "localCurrency": "USD"}, {"chainId": "12166725326344744101", "amount": 131, "createdAt": "2015-11-05T12:11:55+00:00", "shoeSize": "11.5", "productId": null, "skuUuid": "51ba3984-da50-4426-bf2b-b2712d967c0a", "state": "480", "customerId": null, "localAmount": 131, "localCurrency": "USD"}, {"chainId": "12159720709716920821", "amount": 131, "createdAt": "2015-11-04T02:00:29+00:00", "shoeSize": "8.5", "productId": null, "skuUuid": "a8e6a016-20b0-48b5-8169-993e713e7815", "state": "480", "customerId": null, "localAmount": 131, "localCurrency": "USD"}, {"chainId": "12159720602499747062", "amount": 131, "createdAt": "2015-11-02T17:48:29+00:00", "shoeSize": "8", "productId": null, "skuUuid": "6ed75c5f-4ff2-4e39-9975-c95f897f9d34", "state": "480", "customerId": null, "localAmount": 131, "localCurrency": "USD"}, {"chainId": "12159717522028912040", "amount": 110, "createdAt": "2015-11-02T01:25:58+00:00", "shoeSize": "8", "productId": null, "skuUuid": "6ed75c5f-4ff2-4e39-9975-c95f897f9d34", "state": "480", "customerId": null, "localAmount": 110, "localCurrency": "USD"}, {"chainId": "12159718499883226595", "amount": 135, "createdAt": "2015-10-26T00:03:06+00:00", "shoeSize": "10", "productId": null, "skuUuid": "30bb47eb-1098-44a7-b646-1574cbb20df4", "state": "480", "customerId": null, "localAmount": 135, "localCurrency": "USD"}, {"chainId": "12159720600602682245", "amount": 131, "createdAt": "2015-10-23T01:18:36+00:00", "shoeSize": "8.5", "productId": null, "skuUuid": "a8e6a016-20b0-48b5-8169-993e713e7815", "state": "480", "customerId": null, "localAmount": 131, "localCurrency": "USD"}, {"chainId": "12159720600159112864", "amount": 128, "createdAt": "2015-10-20T05:21:10+00:00", "shoeSize": "14", "productId": null, "skuUuid": "b088f4d4-3041-4942-864d-beb01ff65680", "state": "480", "customerId": null, "localAmount": 128, "localCurrency": "USD"}, {"chainId": "12159720250936532713", "amount": 102, "createdAt": "2015-10-17T21:00:09+00:00", "shoeSize": "8", "productId": null, "skuUuid": "6ed75c5f-4ff2-4e39-9975-c95f897f9d34", "state": "480", "customerId": null, "localAmount": 102, "localCurrency": "USD"}, {"chainId": "12159719567491719523", "amount": 120, "createdAt": "2015-10-14T02:39:12+00:00", "shoeSize": "14", "productId": null, "skuUuid": "b088f4d4-3041-4942-864d-beb01ff65680", "state": "480", "customerId": null, "localAmount": 120, "localCurrency": "USD"}, {"chainId": "12159720707765420262", "amount": 131, "createdAt": "2015-10-13T02:32:48+00:00", "shoeSize": "8.5", "productId": null, "skuUuid": "a8e6a016-20b0-48b5-8169-993e713e7815", "state": "480", "customerId": null, "localAmount": 131, "localCurrency": "USD"}, {"chainId": "12159720707294869239", "amount": 131, "createdAt": "2015-10-13T02:31:33+00:00", "shoeSize": "10.5", "productId": null, "skuUuid": "4a291048-d5f9-4681-80f3-f43147acecbb", "state": "480", "customerId": null, "localAmount": 131, "localCurrency": "USD"}, {"chainId": "12159719553351057903", "amount": 120, "createdAt": "2015-10-12T15:44:57+00:00", "shoeSize": "13", "productId": null, "skuUuid": "edc2ba75-4b00-4e15-b650-d8f9d08b11a5", "state": "480", "customerId": null, "localAmount": 120, "localCurrency": "USD"}, {"chainId": "12159719924931011732", "amount": 138, "createdAt": "2015-10-11T17:30:59+00:00", "shoeSize": "10.5", "productId": null, "skuUuid": "4a291048-d5f9-4681-80f3-f43147acecbb", "state": "480", "customerId": null, "localAmount": 138, "localCurrency": "USD"}, {"chainId": "12159719557110058198", "amount": 130, "createdAt": "2015-10-03T04:23:05+00:00", "shoeSize": "10", "productId": null, "skuUuid": "30bb47eb-1098-44a7-b646-1574cbb20df4", "state": "480", "customerId": null, "localAmount": 130, "localCurrency": "USD"}, {"chainId": "12159719364581103323", "amount": 150, "createdAt": "2015-10-01T00:32:26+00:00", "shoeSize": "13", "productId": null, "skuUuid": "edc2ba75-4b00-4e15-b650-d8f9d08b11a5", "state": "480", "customerId": null, "localAmount": 150, "localCurrency": "USD"}, {"chainId": "12159719102300267538", "amount": 115, "createdAt": "2015-09-01T04:28:31+00:00", "shoeSize": "14", "productId": null, "skuUuid": "b088f4d4-3041-4942-864d-beb01ff65680", "state": "480", "customerId": null, "localAmount": 115, "localCurrency": "USD"}, {"chainId": "12159718482803973460", "amount": 160, "createdAt": "2015-08-07T01:59:59+00:00", "shoeSize": "11.5", "productId": null, "skuUuid": "51ba3984-da50-4426-bf2b-b2712d967c0a", "state": "480", "customerId": null, "localAmount": 160, "localCurrency": "USD"}, {"chainId": "12159718012120685187", "amount": 215, "createdAt": "2015-05-05T02:20:15+00:00", "shoeSize": "13", "productId": null, "skuUuid": "edc2ba75-4b00-4e15-b650-d8f9d08b11a5", "state": "480", "customerId": null, "localAmount": 215, "localCurrency": "USD"}]