[{"chainId": "12984989240689428174", "amount": 112, "createdAt": "2019-01-19T20:56:02+00:00", "shoeSize": "6Y", "productId": null, "skuUuid": "d7fb4ea3-30f2-4574-b089-f84f0c35aba2", "state": "480", "customerId": null, "localAmount": 112, "localCurrency": "USD"}, {"chainId": "12984461115183493493", "amount": 150, "createdAt": "2019-01-19T12:32:31+00:00", "shoeSize": "5Y", "productId": null, "skuUuid": "a89f958d-b601-491b-9a51-d901c244f23e", "state": "480", "customerId": null, "localAmount": 150, "localCurrency": "USD"}, {"chainId": "12982093125195818476", "amount": 175, "createdAt": "2019-01-16T14:09:06+00:00", "shoeSize": "7Y", "productId": null, "skuUuid": "ad882d03-1866-4869-9b3b-56fc05be0537", "state": "480", "customerId": null, "localAmount": 175, "localCurrency": "USD"}, {"chainId": "12982260327534384095", "amount": 129, "createdAt": "2019-01-16T04:06:05+00:00", "shoeSize": "6Y", "productId": null, "skuUuid": "d7fb4ea3-30f2-4574-b089-f84f0c35aba2", "state": "480", "customerId": null, "localAmount": 129, "localCurrency": "USD"}, {"chainId": "12961756267098213601", "amount": 129, "createdAt": "2019-01-14T20:51:24+00:00", "shoeSize": "6Y", "productId": null, "skuUuid": "d7fb4ea3-30f2-4574-b089-f84f0c35aba2", "state": "480", "customerId": null, "localAmount": 129, "localCurrency": "USD"}, {"chainId": "12981071772865860724", "amount": 128, "createdAt": "2019-01-14T11:12:26+00:00", "shoeSize": "6Y", "productId": null, "skuUuid": "d7fb4ea3-30f2-4574-b089-f84f0c35aba2", "state": "480", "customerId": null, "localAmount": 128, "localCurrency": "USD"}, {"chainId": "12961266147876844319", "amount": 130, "createdAt": "2019-01-11T03:34:40+00:00", "shoeSize": "6Y", "productId": null, "skuUuid": "d7fb4ea3-30f2-4574-b089-f84f0c35aba2", "state": "480", "customerId": null, "localAmount": 130, "localCurrency": "USD"}, {"chainId": "12925757022698453881", "amount": 113, "createdAt": "2019-01-10T00:46:30+00:00", "shoeSize": "7Y", "productId": null, "skuUuid": "ad882d03-1866-4869-9b3b-56fc05be0537", "state": "480", "customerId": null, "localAmount": 113, "localCurrency": "USD"}, {"chainId": "12972681945126553875", "amount": 90, "createdAt": "2019-01-03T13:59:18+00:00", "shoeSize": "7Y", "productId": null, "skuUuid": "ad882d03-1866-4869-9b3b-56fc05be0537", "state": "480", "customerId": null, "localAmount": 90, "localCurrency": "USD"}, {"chainId": "12968188332864719587", "amount": 115, "createdAt": "2018-12-27T16:35:20+00:00", "shoeSize": "7Y", "productId": null, "skuUuid": "ad882d03-1866-4869-9b3b-56fc05be0537", "state": "480", "customerId": null, "localAmount": 115, "localCurrency": "USD"}, {"chainId": "12964870389453510907", "amount": 130, "createdAt": "2018-12-25T07:37:31+00:00", "shoeSize": "6Y", "productId": null, "skuUuid": "d7fb4ea3-30f2-4574-b089-f84f0c35aba2", "state": "480", "customerId": null, "localAmount": 130, "localCurrency": "USD"}, {"chainId": "12965691800384488717", "amount": 130, "createdAt": "2018-12-24T05:55:09+00:00", "shoeSize": "7Y", "productId": null, "skuUuid": "ad882d03-1866-4869-9b3b-56fc05be0537", "state": "480", "customerId": null, "localAmount": 130, "localCurrency": "USD"}, {"chainId": "12964575036971356565", "amount": 99, "createdAt": "2018-12-23T21:47:07+00:00", "shoeSize": "4Y", "productId": null, "skuUuid": "fc6b4f08-9b99-46cc-9300-fcf6cdf35e8a", "state": "480", "customerId": null, "localAmount": 99, "localCurrency": "USD"}, {"chainId": "12963186257783959640", "amount": 115, "createdAt": "2018-12-20T18:57:05+00:00", "shoeSize": "6Y", "productId": null, "skuUuid": "d7fb4ea3-30f2-4574-b089-f84f0c35aba2", "state": "480", "customerId": null, "localAmount": 115, "localCurrency": "USD"}, {"chainId": "12960939213488380446", "amount": 125, "createdAt": "2018-12-17T16:32:37+00:00", "shoeSize": "6Y", "productId": null, "skuUuid": "d7fb4ea3-30f2-4574-b089-f84f0c35aba2", "state": "480", "customerId": null, "localAmount": 125, "localCurrency": "USD"}, {"chainId": "12960938875641922008", "amount": 120, "createdAt": "2018-12-17T16:31:56+00:00", "shoeSize": "6.5Y", "productId": null, "skuUuid": "baeaf3b5-77e2-4650-8a7c-a94f8d663b40", "state": "480", "customerId": null, "localAmount": 120, "localCurrency": "USD"}, {"chainId": "12953699226976635805", "amount": 105, "createdAt": "2018-12-17T12:10:06+00:00", "shoeSize": "4Y", "productId": null, "skuUuid": "fc6b4f08-9b99-46cc-9300-fcf6cdf35e8a", "state": "480", "customerId": null, "localAmount": 105, "localCurrency": "USD"}, {"chainId": "12959050104808409404", "amount": 85, "createdAt": "2018-12-17T04:07:47+00:00", "shoeSize": "4Y", "productId": null, "skuUuid": "fc6b4f08-9b99-46cc-9300-fcf6cdf35e8a", "state": "480", "customerId": null, "localAmount": 85, "localCurrency": "USD"}, {"chainId": "12941108371521693564", "amount": 225, "createdAt": "2018-12-14T20:40:46+00:00", "shoeSize": "5.5Y", "productId": null, "skuUuid": "e8e4f2b7-144c-4676-b51b-6c9e7a1f2339", "state": "480", "customerId": null, "localAmount": 225, "localCurrency": "USD"}, {"chainId": "12958386276489017677", "amount": 156, "createdAt": "2018-12-14T04:00:23+00:00", "shoeSize": "5.5Y", "productId": null, "skuUuid": "e8e4f2b7-144c-4676-b51b-6c9e7a1f2339", "state": "480", "customerId": null, "localAmount": 156, "localCurrency": "USD"}, {"chainId": "12944824701562624196", "amount": 120, "createdAt": "2018-12-13T17:13:01+00:00", "shoeSize": "6Y", "productId": null, "skuUuid": "d7fb4ea3-30f2-4574-b089-f84f0c35aba2", "state": "480", "customerId": null, "localAmount": 120, "localCurrency": "USD"}, {"chainId": "12948518384645253046", "amount": 155, "createdAt": "2018-12-08T20:34:49+00:00", "shoeSize": "5.5Y", "productId": null, "skuUuid": "e8e4f2b7-144c-4676-b51b-6c9e7a1f2339", "state": "480", "customerId": null, "localAmount": 155, "localCurrency": "USD"}, {"chainId": "12944824576996002415", "amount": 120, "createdAt": "2018-12-05T20:31:41+00:00", "shoeSize": "6Y", "productId": null, "skuUuid": "d7fb4ea3-30f2-4574-b089-f84f0c35aba2", "state": "480", "customerId": null, "localAmount": 120, "localCurrency": "USD"}, {"chainId": "12947316186633393985", "amount": 140, "createdAt": "2018-11-29T23:49:14+00:00", "shoeSize": "7Y", "productId": null, "skuUuid": "ad882d03-1866-4869-9b3b-56fc05be0537", "state": "480", "customerId": null, "localAmount": 140, "localCurrency": "USD"}, {"chainId": "12897618644983268388", "amount": 130, "createdAt": "2018-11-18T22:32:04+00:00", "shoeSize": "6Y", "productId": null, "skuUuid": "d7fb4ea3-30f2-4574-b089-f84f0c35aba2", "state": "480", "customerId": null, "localAmount": 130, "localCurrency": "USD"}, {"chainId": "12933881339733076945", "amount": 97, "createdAt": "2018-11-16T05:19:33+00:00", "shoeSize": "6Y", "productId": null, "skuUuid": "d7fb4ea3-30f2-4574-b089-f84f0c35aba2", "state": "480", "customerId": null, "localAmount": 97, "localCurrency": "USD"}, {"chainId": "12936994899189322755", "amount": 140, "createdAt": "2018-11-14T15:39:36+00:00", "shoeSize": "5.5Y", "productId": null, "skuUuid": "e8e4f2b7-144c-4676-b51b-6c9e7a1f2339", "state": "480", "customerId": null, "localAmount": 140, "localCurrency": "USD"}, {"chainId": "12929138302074971920", "amount": 129, "createdAt": "2018-11-05T01:46:58+00:00", "shoeSize": "6Y", "productId": null, "skuUuid": "d7fb4ea3-30f2-4574-b089-f84f0c35aba2", "state": "480", "customerId": null, "localAmount": 129, "localCurrency": "USD"}, {"chainId": "12927075133540199319", "amount": 145, "createdAt": "2018-10-31T23:10:44+00:00", "shoeSize": "7Y", "productId": null, "skuUuid": "ad882d03-1866-4869-9b3b-56fc05be0537", "state": "480", "customerId": null, "localAmount": 145, "localCurrency": "USD"}, {"chainId": "12912690061742784899", "amount": 120, "createdAt": "2018-10-26T01:32:58+00:00", "shoeSize": "4Y", "productId": null, "skuUuid": "fc6b4f08-9b99-46cc-9300-fcf6cdf35e8a", "state": "480", "customerId": null, "localAmount": 120, "localCurrency": "USD"}, {"chainId": "12922027329065586515", "amount": 95, "createdAt": "2018-10-25T00:01:39+00:00", "shoeSize": "5Y", "productId": null, "skuUuid": "a89f958d-b601-491b-9a51-d901c244f23e", "state": "480", "customerId": null, "localAmount": 95, "localCurrency": "USD"}, {"chainId": "12885016477015080801", "amount": 170, "createdAt": "2018-10-22T15:44:21+00:00", "shoeSize": "5.5Y", "productId": null, "skuUuid": "e8e4f2b7-144c-4676-b51b-6c9e7a1f2339", "state": "480", "customerId": null, "localAmount": 170, "localCurrency": "USD"}, {"chainId": "12919104046558623599", "amount": 96, "createdAt": "2018-10-22T11:06:07+00:00", "shoeSize": "5Y", "productId": null, "skuUuid": "a89f958d-b601-491b-9a51-d901c244f23e", "state": "480", "customerId": null, "localAmount": 96, "localCurrency": "USD"}, {"chainId": "12891536698072539049", "amount": 155, "createdAt": "2018-10-20T15:06:58+00:00", "shoeSize": "5.5Y", "productId": null, "skuUuid": "e8e4f2b7-144c-4676-b51b-6c9e7a1f2339", "state": "480", "customerId": null, "localAmount": 155, "localCurrency": "USD"}, {"chainId": "12917698592360103210", "amount": 120, "createdAt": "2018-10-19T00:41:13+00:00", "shoeSize": "6.5Y", "productId": null, "skuUuid": "baeaf3b5-77e2-4650-8a7c-a94f8d663b40", "state": "480", "customerId": null, "localAmount": 120, "localCurrency": "USD"}, {"chainId": "12906294843287879500", "amount": 120, "createdAt": "2018-10-17T15:48:55+00:00", "shoeSize": "5Y", "productId": null, "skuUuid": "a89f958d-b601-491b-9a51-d901c244f23e", "state": "480", "customerId": null, "localAmount": 120, "localCurrency": "USD"}, {"chainId": "12909831968238643512", "amount": 115, "createdAt": "2018-10-11T07:26:15+00:00", "shoeSize": "4.5Y", "productId": null, "skuUuid": "b48e8382-5877-47bf-85b0-eb43b1b0adeb", "state": "480", "customerId": null, "localAmount": 115, "localCurrency": "USD"}, {"chainId": "12900515170783011570", "amount": 115, "createdAt": "2018-10-11T06:30:16+00:00", "shoeSize": "5Y", "productId": null, "skuUuid": "a89f958d-b601-491b-9a51-d901c244f23e", "state": "480", "customerId": null, "localAmount": 115, "localCurrency": "USD"}, {"chainId": "12900515390809957498", "amount": 120, "createdAt": "2018-10-07T15:35:58+00:00", "shoeSize": "5.5Y", "productId": null, "skuUuid": "e8e4f2b7-144c-4676-b51b-6c9e7a1f2339", "state": "480", "customerId": null, "localAmount": 120, "localCurrency": "USD"}, {"chainId": "12901934194938052503", "amount": 120, "createdAt": "2018-10-05T03:19:34+00:00", "shoeSize": "6.5Y", "productId": null, "skuUuid": "baeaf3b5-77e2-4650-8a7c-a94f8d663b40", "state": "480", "customerId": null, "localAmount": 120, "localCurrency": "USD"}, {"chainId": "12867482645463699653", "amount": 103, "createdAt": "2018-10-04T01:16:05+00:00", "shoeSize": "4.5Y", "productId": null, "skuUuid": "b48e8382-5877-47bf-85b0-eb43b1b0adeb", "state": "480", "customerId": null, "localAmount": 103, "localCurrency": "USD"}, {"chainId": "12901039888431271178", "amount": 100, "createdAt": "2018-09-28T17:06:32+00:00", "shoeSize": "4.5Y", "productId": null, "skuUuid": "b48e8382-5877-47bf-85b0-eb43b1b0adeb", "state": "480", "customerId": null, "localAmount": 100, "localCurrency": "USD"}, {"chainId": "12900819203331130062", "amount": 100, "createdAt": "2018-09-27T06:39:47+00:00", "shoeSize": "6.5Y", "productId": null, "skuUuid": "baeaf3b5-77e2-4650-8a7c-a94f8d663b40", "state": "480", "customerId": null, "localAmount": 100, "localCurrency": "USD"}, {"chainId": "12897618499741171645", "amount": 120, "createdAt": "2018-09-25T02:23:28+00:00", "shoeSize": "5.5Y", "productId": null, "skuUuid": "e8e4f2b7-144c-4676-b51b-6c9e7a1f2339", "state": "480", "customerId": null, "localAmount": 120, "localCurrency": "USD"}, {"chainId": "12897618328236250183", "amount": 140, "createdAt": "2018-09-21T07:45:19+00:00", "shoeSize": "6Y", "productId": null, "skuUuid": "d7fb4ea3-30f2-4574-b089-f84f0c35aba2", "state": "480", "customerId": null, "localAmount": 140, "localCurrency": "USD"}, {"chainId": "12897618194690363665", "amount": 150, "createdAt": "2018-09-21T07:45:03+00:00", "shoeSize": "6Y", "productId": null, "skuUuid": "d7fb4ea3-30f2-4574-b089-f84f0c35aba2", "state": "480", "customerId": null, "localAmount": 150, "localCurrency": "USD"}, {"chainId": "12882041871932031626", "amount": 139, "createdAt": "2018-09-16T20:58:40+00:00", "shoeSize": "5.5Y", "productId": null, "skuUuid": "e8e4f2b7-144c-4676-b51b-6c9e7a1f2339", "state": "480", "customerId": null, "localAmount": 139, "localCurrency": "USD"}, {"chainId": "12876423092978851483", "amount": 100, "createdAt": "2018-09-15T07:29:30+00:00", "shoeSize": "6.5Y", "productId": null, "skuUuid": "baeaf3b5-77e2-4650-8a7c-a94f8d663b40", "state": "480", "customerId": null, "localAmount": 100, "localCurrency": "USD"}, {"chainId": "12880766332642930389", "amount": 90, "createdAt": "2018-09-06T23:21:01+00:00", "shoeSize": "4.5Y", "productId": null, "skuUuid": "b48e8382-5877-47bf-85b0-eb43b1b0adeb", "state": "480", "customerId": null, "localAmount": 90, "localCurrency": "USD"}, {"chainId": "12744261474958966178", "amount": 150, "createdAt": "2018-08-30T23:15:39+00:00", "shoeSize": "6.5Y", "productId": null, "skuUuid": "baeaf3b5-77e2-4650-8a7c-a94f8d663b40", "state": "480", "customerId": null, "localAmount": 150, "localCurrency": "USD"}, {"chainId": "12875469193462690228", "amount": 148, "createdAt": "2018-08-30T05:07:52+00:00", "shoeSize": "4Y", "productId": null, "skuUuid": "fc6b4f08-9b99-46cc-9300-fcf6cdf35e8a", "state": "480", "customerId": null, "localAmount": 148, "localCurrency": "USD"}, {"chainId": "12871138139799310698", "amount": 141, "createdAt": "2018-08-28T03:48:33+00:00", "shoeSize": "6Y", "productId": null, "skuUuid": "d7fb4ea3-30f2-4574-b089-f84f0c35aba2", "state": "480", "customerId": null, "localAmount": 141, "localCurrency": "USD"}, {"chainId": "12857252626709671117", "amount": 130, "createdAt": "2018-08-20T20:16:17+00:00", "shoeSize": "4.5Y", "productId": null, "skuUuid": "b48e8382-5877-47bf-85b0-eb43b1b0adeb", "state": "480", "customerId": null, "localAmount": 130, "localCurrency": "USD"}, {"chainId": "12865125829587138944", "amount": 145, "createdAt": "2018-08-19T17:07:19+00:00", "shoeSize": "5.5Y", "productId": null, "skuUuid": "e8e4f2b7-144c-4676-b51b-6c9e7a1f2339", "state": "480", "customerId": null, "localAmount": 145, "localCurrency": "USD"}, {"chainId": "12869526095749580376", "amount": 110, "createdAt": "2018-08-19T04:09:32+00:00", "shoeSize": "6.5Y", "productId": null, "skuUuid": "baeaf3b5-77e2-4650-8a7c-a94f8d663b40", "state": "480", "customerId": null, "localAmount": 110, "localCurrency": "USD"}, {"chainId": "12864772677859781436", "amount": 130, "createdAt": "2018-08-15T15:03:01+00:00", "shoeSize": "6Y", "productId": null, "skuUuid": "d7fb4ea3-30f2-4574-b089-f84f0c35aba2", "state": "480", "customerId": null, "localAmount": 130, "localCurrency": "USD"}, {"chainId": "12869525950195619122", "amount": 110, "createdAt": "2018-08-13T13:30:47+00:00", "shoeSize": "6.5Y", "productId": null, "skuUuid": "baeaf3b5-77e2-4650-8a7c-a94f8d663b40", "state": "480", "customerId": null, "localAmount": 110, "localCurrency": "USD"}, {"chainId": "12869525009223232184", "amount": 125, "createdAt": "2018-08-13T13:28:55+00:00", "shoeSize": "6.5Y", "productId": null, "skuUuid": "baeaf3b5-77e2-4650-8a7c-a94f8d663b40", "state": "480", "customerId": null, "localAmount": 125, "localCurrency": "USD"}, {"chainId": "12865125685723519922", "amount": 100, "createdAt": "2018-08-10T17:29:06+00:00", "shoeSize": "4.5Y", "productId": null, "skuUuid": "b48e8382-5877-47bf-85b0-eb43b1b0adeb", "state": "480", "customerId": null, "localAmount": 100, "localCurrency": "USD"}, {"chainId": "12856807935584736102", "amount": 130, "createdAt": "2018-08-09T05:48:23+00:00", "shoeSize": "5Y", "productId": null, "skuUuid": "a89f958d-b601-491b-9a51-d901c244f23e", "state": "480", "customerId": null, "localAmount": 130, "localCurrency": "USD"}, {"chainId": "12861039738461978247", "amount": 130, "createdAt": "2018-08-08T23:42:56+00:00", "shoeSize": "7Y", "productId": null, "skuUuid": "ad882d03-1866-4869-9b3b-56fc05be0537", "state": "480", "customerId": null, "localAmount": 130, "localCurrency": "USD"}, {"chainId": "12847363822020704327", "amount": 140, "createdAt": "2018-08-07T20:42:37+00:00", "shoeSize": "6.5Y", "productId": null, "skuUuid": "baeaf3b5-77e2-4650-8a7c-a94f8d663b40", "state": "480", "customerId": null, "localAmount": 140, "localCurrency": "USD"}, {"chainId": "12856807722260851020", "amount": 100, "createdAt": "2018-08-03T11:35:37+00:00", "shoeSize": "4.5Y", "productId": null, "skuUuid": "b48e8382-5877-47bf-85b0-eb43b1b0adeb", "state": "480", "customerId": null, "localAmount": 100, "localCurrency": "USD"}, {"chainId": "12859483028315533091", "amount": 130, "createdAt": "2018-07-30T16:57:17+00:00", "shoeSize": "7Y", "productId": null, "skuUuid": "ad882d03-1866-4869-9b3b-56fc05be0537", "state": "480", "customerId": null, "localAmount": 130, "localCurrency": "USD"}, {"chainId": "12856808149287283174", "amount": 130, "createdAt": "2018-07-28T11:24:01+00:00", "shoeSize": "5.5Y", "productId": null, "skuUuid": "e8e4f2b7-144c-4676-b51b-6c9e7a1f2339", "state": "480", "customerId": null, "localAmount": 130, "localCurrency": "USD"}, {"chainId": "12856001578347522069", "amount": 100, "createdAt": "2018-07-25T21:42:44+00:00", "shoeSize": "6Y", "productId": null, "skuUuid": "d7fb4ea3-30f2-4574-b089-f84f0c35aba2", "state": "480", "customerId": null, "localAmount": 100, "localCurrency": "USD"}, {"chainId": "12836005655257872297", "amount": 135, "createdAt": "2018-07-08T07:08:09+00:00", "shoeSize": "7Y", "productId": null, "skuUuid": "ad882d03-1866-4869-9b3b-56fc05be0537", "state": "480", "customerId": null, "localAmount": 135, "localCurrency": "USD"}, {"chainId": "12788893108279573944", "amount": 165, "createdAt": "2018-06-26T21:05:02+00:00", "shoeSize": "7Y", "productId": null, "skuUuid": "ad882d03-1866-4869-9b3b-56fc05be0537", "state": "480", "customerId": null, "localAmount": 165, "localCurrency": "USD"}, {"chainId": "12818808106331155601", "amount": 125, "createdAt": "2018-06-20T06:16:35+00:00", "shoeSize": "6.5Y", "productId": null, "skuUuid": "baeaf3b5-77e2-4650-8a7c-a94f8d663b40", "state": "480", "customerId": null, "localAmount": 125, "localCurrency": "USD"}, {"chainId": "12822850703973258742", "amount": 130, "createdAt": "2018-06-13T00:15:20+00:00", "shoeSize": "7Y", "productId": null, "skuUuid": "ad882d03-1866-4869-9b3b-56fc05be0537", "state": "480", "customerId": null, "localAmount": 130, "localCurrency": "USD"}, {"chainId": "12808154339125858452", "amount": 130, "createdAt": "2018-05-30T07:39:15+00:00", "shoeSize": "4.5Y", "productId": null, "skuUuid": "b48e8382-5877-47bf-85b0-eb43b1b0adeb", "state": "480", "customerId": null, "localAmount": 130, "localCurrency": "USD"}, {"chainId": "12796900978960328793", "amount": 150, "createdAt": "2018-05-20T19:57:43+00:00", "shoeSize": "4.5Y", "productId": null, "skuUuid": "b48e8382-5877-47bf-85b0-eb43b1b0adeb", "state": "480", "customerId": null, "localAmount": 150, "localCurrency": "USD"}, {"chainId": "12776370374323716764", "amount": 60, "createdAt": "2018-05-16T16:48:37+00:00", "shoeSize": "4Y", "productId": null, "skuUuid": "fc6b4f08-9b99-46cc-9300-fcf6cdf35e8a", "state": "480", "customerId": null, "localAmount": 60, "localCurrency": "USD"}, {"chainId": "12766146671852561130", "amount": 160, "createdAt": "2018-05-14T03:33:45+00:00", "shoeSize": "6Y", "productId": null, "skuUuid": "d7fb4ea3-30f2-4574-b089-f84f0c35aba2", "state": "480", "customerId": null, "localAmount": 160, "localCurrency": "USD"}, {"chainId": "12789528941572475233", "amount": 165, "createdAt": "2018-04-25T14:51:12+00:00", "shoeSize": "7Y", "productId": null, "skuUuid": "ad882d03-1866-4869-9b3b-56fc05be0537", "state": "480", "customerId": null, "localAmount": 165, "localCurrency": "USD"}, {"chainId": "12783399380837734384", "amount": 160, "createdAt": "2018-04-21T14:51:34+00:00", "shoeSize": "4.5Y", "productId": null, "skuUuid": "b48e8382-5877-47bf-85b0-eb43b1b0adeb", "state": "480", "customerId": null, "localAmount": 160, "localCurrency": "USD"}, {"chainId": "12764550146902071802", "amount": 140, "createdAt": "2018-04-17T13:40:51+00:00", "shoeSize": "5.5Y", "productId": null, "skuUuid": "e8e4f2b7-144c-4676-b51b-6c9e7a1f2339", "state": "480", "customerId": null, "localAmount": 140, "localCurrency": "USD"}, {"chainId": "12775634853453590682", "amount": 105, "createdAt": "2018-04-06T00:25:57+00:00", "shoeSize": "6Y", "productId": null, "skuUuid": "d7fb4ea3-30f2-4574-b089-f84f0c35aba2", "state": "480", "customerId": null, "localAmount": 105, "localCurrency": "USD"}, {"chainId": "12765885601436224064", "amount": 160, "createdAt": "2018-04-03T16:02:08+00:00", "shoeSize": "7Y", "productId": null, "skuUuid": "ad882d03-1866-4869-9b3b-56fc05be0537", "state": "480", "customerId": null, "localAmount": 160, "localCurrency": "USD"}, {"chainId": "12737124277432328005", "amount": 160, "createdAt": "2018-03-04T18:16:46+00:00", "shoeSize": "6Y", "productId": null, "skuUuid": "d7fb4ea3-30f2-4574-b089-f84f0c35aba2", "state": "480", "customerId": null, "localAmount": 160, "localCurrency": "USD"}, {"chainId": "12710444324966028747", "amount": 155, "createdAt": "2018-02-27T13:32:11+00:00", "shoeSize": "6Y", "productId": null, "skuUuid": "d7fb4ea3-30f2-4574-b089-f84f0c35aba2", "state": "480", "customerId": null, "localAmount": 155, "localCurrency": "USD"}, {"chainId": "12745171449335935030", "amount": 110, "createdAt": "2018-02-23T01:20:49+00:00", "shoeSize": "4Y", "productId": null, "skuUuid": "fc6b4f08-9b99-46cc-9300-fcf6cdf35e8a", "state": "480", "customerId": null, "localAmount": 110, "localCurrency": "USD"}, {"chainId": "12743601385292843462", "amount": 185, "createdAt": "2018-02-22T17:50:58+00:00", "shoeSize": "7Y", "productId": null, "skuUuid": "ad882d03-1866-4869-9b3b-56fc05be0537", "state": "480", "customerId": null, "localAmount": 185, "localCurrency": "USD"}, {"chainId": "12739894730629397090", "amount": 105, "createdAt": "2018-02-15T16:56:41+00:00", "shoeSize": "4.5Y", "productId": null, "skuUuid": "b48e8382-5877-47bf-85b0-eb43b1b0adeb", "state": "480", "customerId": null, "localAmount": 105, "localCurrency": "USD"}, {"chainId": "12730620584267625360", "amount": 140, "createdAt": "2018-02-10T23:48:10+00:00", "shoeSize": "5Y", "productId": null, "skuUuid": "a89f958d-b601-491b-9a51-d901c244f23e", "state": "480", "customerId": null, "localAmount": 140, "localCurrency": "USD"}, {"chainId": "12712581049623995082", "amount": 225, "createdAt": "2018-01-27T11:42:46+00:00", "shoeSize": "6.5Y", "productId": null, "skuUuid": "baeaf3b5-77e2-4650-8a7c-a94f8d663b40", "state": "480", "customerId": null, "localAmount": 225, "localCurrency": "USD"}, {"chainId": "12717760763413628388", "amount": 90, "createdAt": "2018-01-17T01:56:36+00:00", "shoeSize": "4Y", "productId": null, "skuUuid": "fc6b4f08-9b99-46cc-9300-fcf6cdf35e8a", "state": "480", "customerId": null, "localAmount": 90, "localCurrency": "USD"}, {"chainId": "12715596099566814756", "amount": 90, "createdAt": "2018-01-16T01:58:50+00:00", "shoeSize": "4Y", "productId": null, "skuUuid": "fc6b4f08-9b99-46cc-9300-fcf6cdf35e8a", "state": "480", "customerId": null, "localAmount": 90, "localCurrency": "USD"}, {"chainId": "12714736605988664397", "amount": 90, "createdAt": "2018-01-13T02:27:57+00:00", "shoeSize": "4Y", "productId": null, "skuUuid": "fc6b4f08-9b99-46cc-9300-fcf6cdf35e8a", "state": "480", "customerId": null, "localAmount": 90, "localCurrency": "USD"}, {"chainId": "12690049017274356954", "amount": 135, "createdAt": "2018-01-12T23:11:08+00:00", "shoeSize": "5.5Y", "productId": null, "skuUuid": "e8e4f2b7-144c-4676-b51b-6c9e7a1f2339", "state": "480", "customerId": null, "localAmount": 135, "localCurrency": "USD"}, {"chainId": "12699372775237898510", "amount": 145, "createdAt": "2018-01-04T21:42:18+00:00", "shoeSize": "7Y", "productId": null, "skuUuid": "ad882d03-1866-4869-9b3b-56fc05be0537", "state": "480", "customerId": null, "localAmount": 145, "localCurrency": "USD"}, {"chainId": "12699270577981470777", "amount": 170, "createdAt": "2017-12-29T21:14:38+00:00", "shoeSize": "7Y", "productId": null, "skuUuid": "ad882d03-1866-4869-9b3b-56fc05be0537", "state": "480", "customerId": null, "localAmount": 170, "localCurrency": "USD"}, {"chainId": "12702945117945625515", "amount": 160, "createdAt": "2017-12-28T19:27:21+00:00", "shoeSize": "6.5Y", "productId": null, "skuUuid": "baeaf3b5-77e2-4650-8a7c-a94f8d663b40", "state": "480", "customerId": null, "localAmount": 160, "localCurrency": "USD"}, {"chainId": "12689314743136482763", "amount": 130, "createdAt": "2017-12-26T03:28:07+00:00", "shoeSize": "5.5Y", "productId": null, "skuUuid": "e8e4f2b7-144c-4676-b51b-6c9e7a1f2339", "state": "480", "customerId": null, "localAmount": 130, "localCurrency": "USD"}, {"chainId": "12694320038823624870", "amount": 120, "createdAt": "2017-12-22T12:19:20+00:00", "shoeSize": "6.5Y", "productId": null, "skuUuid": "baeaf3b5-77e2-4650-8a7c-a94f8d663b40", "state": "480", "customerId": null, "localAmount": 120, "localCurrency": "USD"}, {"chainId": "12690049136177427001", "amount": 135, "createdAt": "2017-12-18T22:25:47+00:00", "shoeSize": "6Y", "productId": null, "skuUuid": "d7fb4ea3-30f2-4574-b089-f84f0c35aba2", "state": "480", "customerId": null, "localAmount": 135, "localCurrency": "USD"}, {"chainId": "12694339713194701213", "amount": 130, "createdAt": "2017-12-17T04:29:45+00:00", "shoeSize": "6Y", "productId": null, "skuUuid": "d7fb4ea3-30f2-4574-b089-f84f0c35aba2", "state": "480", "customerId": null, "localAmount": 130, "localCurrency": "USD"}, {"chainId": "12694475594410453310", "amount": 101, "createdAt": "2017-12-15T00:56:58+00:00", "shoeSize": "5.5Y", "productId": null, "skuUuid": "e8e4f2b7-144c-4676-b51b-6c9e7a1f2339", "state": "480", "customerId": null, "localAmount": 101, "localCurrency": "USD"}, {"chainId": "12693099696523466130", "amount": 130, "createdAt": "2017-12-14T20:24:05+00:00", "shoeSize": "6Y", "productId": null, "skuUuid": "d7fb4ea3-30f2-4574-b089-f84f0c35aba2", "state": "480", "customerId": null, "localAmount": 130, "localCurrency": "USD"}, {"chainId": "12689315046171375378", "amount": 130, "createdAt": "2017-12-13T03:18:55+00:00", "shoeSize": "6Y", "productId": null, "skuUuid": "d7fb4ea3-30f2-4574-b089-f84f0c35aba2", "state": "480", "customerId": null, "localAmount": 130, "localCurrency": "USD"}, {"chainId": "12692803923362575773", "amount": 160, "createdAt": "2017-12-13T02:54:02+00:00", "shoeSize": "7Y", "productId": null, "skuUuid": "ad882d03-1866-4869-9b3b-56fc05be0537", "state": "480", "customerId": null, "localAmount": 160, "localCurrency": "USD"}, {"chainId": "12689298057058209690", "amount": 141, "createdAt": "2017-12-07T21:30:07+00:00", "shoeSize": "5.5Y", "productId": null, "skuUuid": "e8e4f2b7-144c-4676-b51b-6c9e7a1f2339", "state": "480", "customerId": null, "localAmount": 141, "localCurrency": "USD"}, {"chainId": "12676987827295385485", "amount": 149, "createdAt": "2017-12-07T01:22:56+00:00", "shoeSize": "5.5Y", "productId": null, "skuUuid": "e8e4f2b7-144c-4676-b51b-6c9e7a1f2339", "state": "480", "customerId": null, "localAmount": 149, "localCurrency": "USD"}, {"chainId": "12625614033865425815", "amount": 160, "createdAt": "2017-12-06T01:58:07+00:00", "shoeSize": "7Y", "productId": null, "skuUuid": "ad882d03-1866-4869-9b3b-56fc05be0537", "state": "480", "customerId": null, "localAmount": 160, "localCurrency": "USD"}, {"chainId": "12684818238164444885", "amount": 158, "createdAt": "2017-12-02T03:37:00+00:00", "shoeSize": "7Y", "productId": null, "skuUuid": "ad882d03-1866-4869-9b3b-56fc05be0537", "state": "480", "customerId": null, "localAmount": 158, "localCurrency": "USD"}, {"chainId": "12684841741517190128", "amount": 120, "createdAt": "2017-12-01T17:56:13+00:00", "shoeSize": "6Y", "productId": null, "skuUuid": "d7fb4ea3-30f2-4574-b089-f84f0c35aba2", "state": "480", "customerId": null, "localAmount": 120, "localCurrency": "USD"}, {"chainId": "12677064787398436403", "amount": 129, "createdAt": "2017-11-24T22:16:04+00:00", "shoeSize": "6Y", "productId": null, "skuUuid": "d7fb4ea3-30f2-4574-b089-f84f0c35aba2", "state": "480", "customerId": null, "localAmount": 129, "localCurrency": "USD"}, {"chainId": "12669008402104133667", "amount": 130, "createdAt": "2017-11-20T23:32:12+00:00", "shoeSize": "6Y", "productId": null, "skuUuid": "d7fb4ea3-30f2-4574-b089-f84f0c35aba2", "state": "480", "customerId": null, "localAmount": 130, "localCurrency": "USD"}, {"chainId": "12669008610049715972", "amount": 135, "createdAt": "2017-11-18T14:13:41+00:00", "shoeSize": "7Y", "productId": null, "skuUuid": "ad882d03-1866-4869-9b3b-56fc05be0537", "state": "480", "customerId": null, "localAmount": 135, "localCurrency": "USD"}, {"chainId": "12662801055784537163", "amount": 120, "createdAt": "2017-11-17T00:09:18+00:00", "shoeSize": "7Y", "productId": null, "skuUuid": "ad882d03-1866-4869-9b3b-56fc05be0537", "state": "480", "customerId": null, "localAmount": 120, "localCurrency": "USD"}, {"chainId": "12669008127765904019", "amount": 130, "createdAt": "2017-11-13T21:53:30+00:00", "shoeSize": "5Y", "productId": null, "skuUuid": "a89f958d-b601-491b-9a51-d901c244f23e", "state": "480", "customerId": null, "localAmount": 130, "localCurrency": "USD"}, {"chainId": "12660225803911948879", "amount": 105, "createdAt": "2017-10-28T18:48:45+00:00", "shoeSize": "6Y", "productId": null, "skuUuid": "d7fb4ea3-30f2-4574-b089-f84f0c35aba2", "state": "480", "customerId": null, "localAmount": 105, "localCurrency": "USD"}, {"chainId": "12657468700831742389", "amount": 130, "createdAt": "2017-10-26T21:16:07+00:00", "shoeSize": "7Y", "productId": null, "skuUuid": "ad882d03-1866-4869-9b3b-56fc05be0537", "state": "480", "customerId": null, "localAmount": 130, "localCurrency": "USD"}, {"chainId": "12657457510041363629", "amount": 120, "createdAt": "2017-10-24T23:30:31+00:00", "shoeSize": "7Y", "productId": null, "skuUuid": "ad882d03-1866-4869-9b3b-56fc05be0537", "state": "480", "customerId": null, "localAmount": 120, "localCurrency": "USD"}, {"chainId": "12657463606303834067", "amount": 130, "createdAt": "2017-10-24T23:20:45+00:00", "shoeSize": "6.5Y", "productId": null, "skuUuid": "baeaf3b5-77e2-4650-8a7c-a94f8d663b40", "state": "480", "customerId": null, "localAmount": 130, "localCurrency": "USD"}, {"chainId": "12599546619228019496", "amount": 109, "createdAt": "2017-10-24T13:35:25+00:00", "shoeSize": "5Y", "productId": null, "skuUuid": "a89f958d-b601-491b-9a51-d901c244f23e", "state": "480", "customerId": null, "localAmount": 109, "localCurrency": "USD"}, {"chainId": "12617258002964636515", "amount": 145, "createdAt": "2017-10-16T04:46:56+00:00", "shoeSize": "7Y", "productId": null, "skuUuid": "ad882d03-1866-4869-9b3b-56fc05be0537", "state": "480", "customerId": null, "localAmount": 145, "localCurrency": "USD"}, {"chainId": "12619035381380280319", "amount": 95, "createdAt": "2017-09-08T20:23:14+00:00", "shoeSize": "7Y", "productId": null, "skuUuid": "ad882d03-1866-4869-9b3b-56fc05be0537", "state": "480", "customerId": null, "localAmount": 95, "localCurrency": "USD"}, {"chainId": "12615795669495612719", "amount": 150, "createdAt": "2017-08-30T04:48:57+00:00", "shoeSize": "7Y", "productId": null, "skuUuid": "ad882d03-1866-4869-9b3b-56fc05be0537", "state": "480", "customerId": null, "localAmount": 150, "localCurrency": "USD"}, {"chainId": "12605120568293212405", "amount": 140, "createdAt": "2017-08-28T11:33:45+00:00", "shoeSize": "7Y", "productId": null, "skuUuid": "ad882d03-1866-4869-9b3b-56fc05be0537", "state": "480", "customerId": null, "localAmount": 140, "localCurrency": "USD"}, {"chainId": "12612216158325117032", "amount": 90, "createdAt": "2017-08-23T19:40:55+00:00", "shoeSize": "5Y", "productId": null, "skuUuid": "a89f958d-b601-491b-9a51-d901c244f23e", "state": "480", "customerId": null, "localAmount": 90, "localCurrency": "USD"}, {"chainId": "12578554513569210063", "amount": 98, "createdAt": "2017-08-14T22:42:46+00:00", "shoeSize": "5Y", "productId": null, "skuUuid": "a89f958d-b601-491b-9a51-d901c244f23e", "state": "480", "customerId": null, "localAmount": 98, "localCurrency": "USD"}, {"chainId": "12596620868064092691", "amount": 89, "createdAt": "2017-08-14T22:42:13+00:00", "shoeSize": "5Y", "productId": null, "skuUuid": "a89f958d-b601-491b-9a51-d901c244f23e", "state": "480", "customerId": null, "localAmount": 89, "localCurrency": "USD"}, {"chainId": "12578554769674753411", "amount": 109, "createdAt": "2017-08-13T17:06:45+00:00", "shoeSize": "5.5Y", "productId": null, "skuUuid": "e8e4f2b7-144c-4676-b51b-6c9e7a1f2339", "state": "480", "customerId": null, "localAmount": 109, "localCurrency": "USD"}, {"chainId": "12582268606832322666", "amount": 119, "createdAt": "2017-08-07T15:31:04+00:00", "shoeSize": "7Y", "productId": null, "skuUuid": "ad882d03-1866-4869-9b3b-56fc05be0537", "state": "480", "customerId": null, "localAmount": 119, "localCurrency": "USD"}, {"chainId": "12596565822148854831", "amount": 115, "createdAt": "2017-08-01T22:53:18+00:00", "shoeSize": "7Y", "productId": null, "skuUuid": "ad882d03-1866-4869-9b3b-56fc05be0537", "state": "480", "customerId": null, "localAmount": 115, "localCurrency": "USD"}, {"chainId": "12563877855842720396", "amount": 110, "createdAt": "2017-07-12T03:42:27+00:00", "shoeSize": "7Y", "productId": null, "skuUuid": "ad882d03-1866-4869-9b3b-56fc05be0537", "state": "480", "customerId": null, "localAmount": 110, "localCurrency": "USD"}, {"chainId": "12563077540903547754", "amount": 100, "createdAt": "2017-06-19T01:32:52+00:00", "shoeSize": "7Y", "productId": null, "skuUuid": "ad882d03-1866-4869-9b3b-56fc05be0537", "state": "480", "customerId": null, "localAmount": 100, "localCurrency": "USD"}, {"chainId": "12517293188508367025", "amount": 140, "createdAt": "2017-04-14T13:47:09+00:00", "shoeSize": "7Y", "productId": null, "skuUuid": "ad882d03-1866-4869-9b3b-56fc05be0537", "state": "480", "customerId": null, "localAmount": 140, "localCurrency": "USD"}, {"chainId": "12471701551963122036", "amount": 120, "createdAt": "2017-02-27T04:47:53+00:00", "shoeSize": "7Y", "productId": null, "skuUuid": "ad882d03-1866-4869-9b3b-56fc05be0537", "state": "480", "customerId": null, "localAmount": 120, "localCurrency": "USD"}, {"chainId": "12454427974562156803", "amount": 142, "createdAt": "2017-01-24T18:14:58+00:00", "shoeSize": "6Y", "productId": null, "skuUuid": "d7fb4ea3-30f2-4574-b089-f84f0c35aba2", "state": "480", "customerId": null, "localAmount": 142, "localCurrency": "USD"}]