[{"chainId": "12314849226383501573", "amount": 275, "createdAt": "2016-07-08T14:53:51+00:00", "shoeSize": "10", "productId": null, "skuUuid": "8a01e512-930e-4837-981c-ec4a3ecea817", "state": "480", "customerId": null, "localAmount": 275, "localCurrency": "USD"}, {"chainId": "12314728511009735320", "amount": 300, "createdAt": "2016-07-08T11:49:05+00:00", "shoeSize": "11.5", "productId": null, "skuUuid": "441a8168-f214-49a2-bfca-5cce8ead016b", "state": "480", "customerId": null, "localAmount": 300, "localCurrency": "USD"}, {"chainId": "12314125350133580041", "amount": 275, "createdAt": "2016-07-08T11:39:21+00:00", "shoeSize": "11", "productId": null, "skuUuid": "c02ff7c0-62fc-4637-a489-966f0d21cf4f", "state": "480", "customerId": null, "localAmount": 275, "localCurrency": "USD"}, {"chainId": "12314728516561533646", "amount": 275, "createdAt": "2016-07-08T11:32:18+00:00", "shoeSize": "9.5", "productId": null, "skuUuid": "d3cf7f89-dc97-4f90-96d3-4c55310f1641", "state": "480", "customerId": null, "localAmount": 275, "localCurrency": "USD"}, {"chainId": "12314728514370687904", "amount": 275, "createdAt": "2016-07-08T11:07:41+00:00", "shoeSize": "8.5", "productId": null, "skuUuid": "692705cb-4d04-4ecf-b74e-5359b2559113", "state": "480", "customerId": null, "localAmount": 275, "localCurrency": "USD"}, {"chainId": "12314728515609643195", "amount": 275, "createdAt": "2016-07-08T10:41:19+00:00", "shoeSize": "9", "productId": null, "skuUuid": "49251bb1-775d-4dac-a254-9a8dbfb451bb", "state": "480", "customerId": null, "localAmount": 275, "localCurrency": "USD"}, {"chainId": "12314728509845516374", "amount": 275, "createdAt": "2016-07-08T10:36:37+00:00", "shoeSize": "10.5", "productId": null, "skuUuid": "f1d9e901-46f9-4641-896e-fe133911d130", "state": "480", "customerId": null, "localAmount": 275, "localCurrency": "USD"}, {"chainId": "12314728508464665205", "amount": 275, "createdAt": "2016-07-08T10:31:46+00:00", "shoeSize": "10", "productId": null, "skuUuid": "8a01e512-930e-4837-981c-ec4a3ecea817", "state": "480", "customerId": null, "localAmount": 275, "localCurrency": "USD"}, {"chainId": "12314728513207253139", "amount": 275, "createdAt": "2016-07-08T09:22:08+00:00", "shoeSize": "8", "productId": null, "skuUuid": "c7f8c0e0-0ea3-4b02-8fe5-ca1845231159", "state": "480", "customerId": null, "localAmount": 275, "localCurrency": "USD"}, {"chainId": "12314607615058223036", "amount": 275, "createdAt": "2016-07-08T06:10:31+00:00", "shoeSize": "10.5", "productId": null, "skuUuid": "f1d9e901-46f9-4641-896e-fe133911d130", "state": "480", "customerId": null, "localAmount": 275, "localCurrency": "USD"}, {"chainId": "12314366591528872608", "amount": 275, "createdAt": "2016-07-08T00:46:43+00:00", "shoeSize": "12", "productId": null, "skuUuid": "73236a51-9ea4-44bf-a89c-12e7fcdb9b4e", "state": "480", "customerId": null, "localAmount": 275, "localCurrency": "USD"}, {"chainId": "12314366593005719909", "amount": 275, "createdAt": "2016-07-08T00:21:49+00:00", "shoeSize": "8", "productId": null, "skuUuid": "c7f8c0e0-0ea3-4b02-8fe5-ca1845231159", "state": "480", "customerId": null, "localAmount": 275, "localCurrency": "USD"}, {"chainId": "12314366590132402798", "amount": 250, "createdAt": "2016-07-07T23:26:34+00:00", "shoeSize": "10", "productId": null, "skuUuid": "8a01e512-930e-4837-981c-ec4a3ecea817", "state": "480", "customerId": null, "localAmount": 250, "localCurrency": "USD"}, {"chainId": "12314366594152861566", "amount": 275, "createdAt": "2016-07-07T22:56:00+00:00", "shoeSize": "9", "productId": null, "skuUuid": "49251bb1-775d-4dac-a254-9a8dbfb451bb", "state": "480", "customerId": null, "localAmount": 275, "localCurrency": "USD"}, {"chainId": "12309282202458836276", "amount": 256, "createdAt": "2016-07-07T22:36:49+00:00", "shoeSize": "11", "productId": null, "skuUuid": "c02ff7c0-62fc-4637-a489-966f0d21cf4f", "state": "480", "customerId": null, "localAmount": 256, "localCurrency": "USD"}, {"chainId": "12314366592852811279", "amount": 275, "createdAt": "2016-07-07T22:05:49+00:00", "shoeSize": "8", "productId": null, "skuUuid": "c7f8c0e0-0ea3-4b02-8fe5-ca1845231159", "state": "480", "customerId": null, "localAmount": 275, "localCurrency": "USD"}, {"chainId": "12314245723339913368", "amount": 300, "createdAt": "2016-07-07T21:55:34+00:00", "shoeSize": "11.5", "productId": null, "skuUuid": "441a8168-f214-49a2-bfca-5cce8ead016b", "state": "480", "customerId": null, "localAmount": 300, "localCurrency": "USD"}, {"chainId": "12314245724905055428", "amount": 275, "createdAt": "2016-07-07T21:38:07+00:00", "shoeSize": "8", "productId": null, "skuUuid": "c7f8c0e0-0ea3-4b02-8fe5-ca1845231159", "state": "480", "customerId": null, "localAmount": 275, "localCurrency": "USD"}, {"chainId": "12314245722018960872", "amount": 350, "createdAt": "2016-07-07T21:33:49+00:00", "shoeSize": "11", "productId": null, "skuUuid": "c02ff7c0-62fc-4637-a489-966f0d21cf4f", "state": "480", "customerId": null, "localAmount": 350, "localCurrency": "USD"}, {"chainId": "12314245726125077860", "amount": 300, "createdAt": "2016-07-07T20:07:52+00:00", "shoeSize": "8.5", "productId": null, "skuUuid": "692705cb-4d04-4ecf-b74e-5359b2559113", "state": "480", "customerId": null, "localAmount": 300, "localCurrency": "USD"}, {"chainId": "12314245723189219885", "amount": 300, "createdAt": "2016-07-07T18:37:11+00:00", "shoeSize": "11.5", "productId": null, "skuUuid": "441a8168-f214-49a2-bfca-5cce8ead016b", "state": "480", "customerId": null, "localAmount": 300, "localCurrency": "USD"}, {"chainId": "12314245725982118542", "amount": 275, "createdAt": "2016-07-07T18:25:16+00:00", "shoeSize": "8.5", "productId": null, "skuUuid": "692705cb-4d04-4ecf-b74e-5359b2559113", "state": "480", "customerId": null, "localAmount": 275, "localCurrency": "USD"}, {"chainId": "12314245721839295581", "amount": 350, "createdAt": "2016-07-07T18:14:20+00:00", "shoeSize": "11", "productId": null, "skuUuid": "c02ff7c0-62fc-4637-a489-966f0d21cf4f", "state": "480", "customerId": null, "localAmount": 350, "localCurrency": "USD"}, {"chainId": "12314245727792032344", "amount": 275, "createdAt": "2016-07-07T17:58:58+00:00", "shoeSize": "9.5", "productId": null, "skuUuid": "d3cf7f89-dc97-4f90-96d3-4c55310f1641", "state": "480", "customerId": null, "localAmount": 275, "localCurrency": "USD"}, {"chainId": "12312397447668081007", "amount": 333, "createdAt": "2016-07-07T16:37:15+00:00", "shoeSize": "8.5", "productId": null, "skuUuid": "692705cb-4d04-4ecf-b74e-5359b2559113", "state": "480", "customerId": null, "localAmount": 333, "localCurrency": "USD"}, {"chainId": "12314125357237416472", "amount": 275, "createdAt": "2016-07-07T16:32:39+00:00", "shoeSize": "9", "productId": null, "skuUuid": "49251bb1-775d-4dac-a254-9a8dbfb451bb", "state": "480", "customerId": null, "localAmount": 275, "localCurrency": "USD"}, {"chainId": "12334154507244055720", "amount": 282, "createdAt": "2016-07-07T16:28:52+00:00", "shoeSize": "10.5", "productId": null, "skuUuid": "f1d9e901-46f9-4641-896e-fe133911d130", "state": "480", "customerId": null, "localAmount": 282, "localCurrency": "USD"}, {"chainId": "12314125350315133840", "amount": 275, "createdAt": "2016-07-07T16:23:04+00:00", "shoeSize": "11", "productId": null, "skuUuid": "c02ff7c0-62fc-4637-a489-966f0d21cf4f", "state": "480", "customerId": null, "localAmount": 275, "localCurrency": "USD"}, {"chainId": "12314125349144775690", "amount": 275, "createdAt": "2016-07-07T16:18:19+00:00", "shoeSize": "10.5", "productId": null, "skuUuid": "f1d9e901-46f9-4641-896e-fe133911d130", "state": "480", "customerId": null, "localAmount": 275, "localCurrency": "USD"}, {"chainId": "12334154508784982804", "amount": 269, "createdAt": "2016-07-07T16:10:54+00:00", "shoeSize": "10.5", "productId": null, "skuUuid": "f1d9e901-46f9-4641-896e-fe133911d130", "state": "480", "customerId": null, "localAmount": 269, "localCurrency": "USD"}, {"chainId": "12314125350516755105", "amount": 275, "createdAt": "2016-07-07T15:45:31+00:00", "shoeSize": "11", "productId": null, "skuUuid": "c02ff7c0-62fc-4637-a489-966f0d21cf4f", "state": "480", "customerId": null, "localAmount": 275, "localCurrency": "USD"}, {"chainId": "12314125351689524787", "amount": 275, "createdAt": "2016-07-07T14:54:20+00:00", "shoeSize": "11.5", "productId": null, "skuUuid": "441a8168-f214-49a2-bfca-5cce8ead016b", "state": "480", "customerId": null, "localAmount": 275, "localCurrency": "USD"}, {"chainId": "12314125354357831219", "amount": 275, "createdAt": "2016-07-07T14:48:56+00:00", "shoeSize": "8", "productId": null, "skuUuid": "c7f8c0e0-0ea3-4b02-8fe5-ca1845231159", "state": "480", "customerId": null, "localAmount": 275, "localCurrency": "USD"}, {"chainId": "12314125356154276251", "amount": 275, "createdAt": "2016-07-07T14:32:05+00:00", "shoeSize": "8.5", "productId": null, "skuUuid": "692705cb-4d04-4ecf-b74e-5359b2559113", "state": "480", "customerId": null, "localAmount": 275, "localCurrency": "USD"}, {"chainId": "12314125352971385291", "amount": 275, "createdAt": "2016-07-07T13:56:27+00:00", "shoeSize": "15", "productId": null, "skuUuid": "b613ec6c-1a00-4a5f-98f5-5b90baa785e1", "state": "480", "customerId": null, "localAmount": 275, "localCurrency": "USD"}, {"chainId": "12314003591747650275", "amount": 275, "createdAt": "2016-07-07T12:27:40+00:00", "shoeSize": "10.5", "productId": null, "skuUuid": "f1d9e901-46f9-4641-896e-fe133911d130", "state": "480", "customerId": null, "localAmount": 275, "localCurrency": "USD"}, {"chainId": "12314003593065067306", "amount": 275, "createdAt": "2016-07-07T11:36:53+00:00", "shoeSize": "11.5", "productId": null, "skuUuid": "441a8168-f214-49a2-bfca-5cce8ead016b", "state": "480", "customerId": null, "localAmount": 275, "localCurrency": "USD"}, {"chainId": "12314003594245212208", "amount": 275, "createdAt": "2016-07-07T11:11:38+00:00", "shoeSize": "13", "productId": null, "skuUuid": "cd93b2d2-aa58-4e70-beb2-03dd6beadf8b", "state": "480", "customerId": null, "localAmount": 275, "localCurrency": "USD"}, {"chainId": "12313882605013706829", "amount": 275, "createdAt": "2016-07-07T09:55:38+00:00", "shoeSize": "9", "productId": null, "skuUuid": "49251bb1-775d-4dac-a254-9a8dbfb451bb", "state": "480", "customerId": null, "localAmount": 275, "localCurrency": "USD"}, {"chainId": "12313882602622415607", "amount": 275, "createdAt": "2016-07-07T09:42:25+00:00", "shoeSize": "10.5", "productId": null, "skuUuid": "f1d9e901-46f9-4641-896e-fe133911d130", "state": "480", "customerId": null, "localAmount": 275, "localCurrency": "USD"}, {"chainId": "12313761861569410086", "amount": 275, "createdAt": "2016-07-07T04:03:14+00:00", "shoeSize": "10.5", "productId": null, "skuUuid": "f1d9e901-46f9-4641-896e-fe133911d130", "state": "480", "customerId": null, "localAmount": 275, "localCurrency": "USD"}, {"chainId": "12313761863317041811", "amount": 275, "createdAt": "2016-07-07T01:53:17+00:00", "shoeSize": "13", "productId": null, "skuUuid": "cd93b2d2-aa58-4e70-beb2-03dd6beadf8b", "state": "480", "customerId": null, "localAmount": 275, "localCurrency": "USD"}, {"chainId": "12313761864792173747", "amount": 275, "createdAt": "2016-07-07T01:31:25+00:00", "shoeSize": "8.5", "productId": null, "skuUuid": "692705cb-4d04-4ecf-b74e-5359b2559113", "state": "480", "customerId": null, "localAmount": 275, "localCurrency": "USD"}, {"chainId": "12313761865890823495", "amount": 275, "createdAt": "2016-07-07T01:16:10+00:00", "shoeSize": "9", "productId": null, "skuUuid": "49251bb1-775d-4dac-a254-9a8dbfb451bb", "state": "480", "customerId": null, "localAmount": 275, "localCurrency": "USD"}, {"chainId": "12313641054034092564", "amount": 275, "createdAt": "2016-07-06T23:56:19+00:00", "shoeSize": "10.5", "productId": null, "skuUuid": "f1d9e901-46f9-4641-896e-fe133911d130", "state": "480", "customerId": null, "localAmount": 275, "localCurrency": "USD"}, {"chainId": "12313641055303594678", "amount": 275, "createdAt": "2016-07-06T22:17:31+00:00", "shoeSize": "13", "productId": null, "skuUuid": "cd93b2d2-aa58-4e70-beb2-03dd6beadf8b", "state": "480", "customerId": null, "localAmount": 275, "localCurrency": "USD"}, {"chainId": "12313641059000299766", "amount": 275, "createdAt": "2016-07-06T21:48:21+00:00", "shoeSize": "9", "productId": null, "skuUuid": "49251bb1-775d-4dac-a254-9a8dbfb451bb", "state": "480", "customerId": null, "localAmount": 275, "localCurrency": "USD"}, {"chainId": "12313641057687841589", "amount": 275, "createdAt": "2016-07-06T21:26:03+00:00", "shoeSize": "8.5", "productId": null, "skuUuid": "692705cb-4d04-4ecf-b74e-5359b2559113", "state": "480", "customerId": null, "localAmount": 275, "localCurrency": "USD"}, {"chainId": "12313400746406353220", "amount": 275, "createdAt": "2016-07-06T15:59:44+00:00", "shoeSize": "12", "productId": null, "skuUuid": "73236a51-9ea4-44bf-a89c-12e7fcdb9b4e", "state": "480", "customerId": null, "localAmount": 275, "localCurrency": "USD"}, {"chainId": "12313400746256430553", "amount": 275, "createdAt": "2016-07-06T15:59:44+00:00", "shoeSize": "12", "productId": null, "skuUuid": "73236a51-9ea4-44bf-a89c-12e7fcdb9b4e", "state": "480", "customerId": null, "localAmount": 275, "localCurrency": "USD"}, {"chainId": "12313400743163426403", "amount": 275, "createdAt": "2016-07-06T15:58:15+00:00", "shoeSize": "10", "productId": null, "skuUuid": "8a01e512-930e-4837-981c-ec4a3ecea817", "state": "480", "customerId": null, "localAmount": 275, "localCurrency": "USD"}, {"chainId": "12313400746535050329", "amount": 300, "createdAt": "2016-07-06T14:54:27+00:00", "shoeSize": "12", "productId": null, "skuUuid": "73236a51-9ea4-44bf-a89c-12e7fcdb9b4e", "state": "480", "customerId": null, "localAmount": 300, "localCurrency": "USD"}, {"chainId": "12313400745231813824", "amount": 300, "createdAt": "2016-07-06T14:38:14+00:00", "shoeSize": "11", "productId": null, "skuUuid": "c02ff7c0-62fc-4637-a489-966f0d21cf4f", "state": "480", "customerId": null, "localAmount": 300, "localCurrency": "USD"}, {"chainId": "12313400747948794234", "amount": 300, "createdAt": "2016-07-06T14:15:57+00:00", "shoeSize": "8", "productId": null, "skuUuid": "c7f8c0e0-0ea3-4b02-8fe5-ca1845231159", "state": "480", "customerId": null, "localAmount": 300, "localCurrency": "USD"}, {"chainId": "12313400742610423535", "amount": 275, "createdAt": "2016-07-06T14:00:26+00:00", "shoeSize": "10", "productId": null, "skuUuid": "8a01e512-930e-4837-981c-ec4a3ecea817", "state": "480", "customerId": null, "localAmount": 275, "localCurrency": "USD"}, {"chainId": "12313400749679188335", "amount": 275, "createdAt": "2016-07-06T13:56:29+00:00", "shoeSize": "9", "productId": null, "skuUuid": "49251bb1-775d-4dac-a254-9a8dbfb451bb", "state": "480", "customerId": null, "localAmount": 275, "localCurrency": "USD"}, {"chainId": "12313400749137626330", "amount": 275, "createdAt": "2016-07-06T13:51:02+00:00", "shoeSize": "9", "productId": null, "skuUuid": "49251bb1-775d-4dac-a254-9a8dbfb451bb", "state": "480", "customerId": null, "localAmount": 275, "localCurrency": "USD"}, {"chainId": "12313400750963265291", "amount": 275, "createdAt": "2016-07-06T13:20:39+00:00", "shoeSize": "9.5", "productId": null, "skuUuid": "d3cf7f89-dc97-4f90-96d3-4c55310f1641", "state": "480", "customerId": null, "localAmount": 275, "localCurrency": "USD"}, {"chainId": "12313279907845271286", "amount": 275, "createdAt": "2016-07-06T12:55:19+00:00", "shoeSize": "14", "productId": null, "skuUuid": "81a4d9b0-58d0-491a-80d7-f7ccacf3fa2d", "state": "480", "customerId": null, "localAmount": 275, "localCurrency": "USD"}, {"chainId": "12313400744274088247", "amount": 275, "createdAt": "2016-07-06T12:10:55+00:00", "shoeSize": "10.5", "productId": null, "skuUuid": "f1d9e901-46f9-4641-896e-fe133911d130", "state": "480", "customerId": null, "localAmount": 275, "localCurrency": "USD"}, {"chainId": "12313279905709805625", "amount": 275, "createdAt": "2016-07-06T10:41:58+00:00", "shoeSize": "10", "productId": null, "skuUuid": "8a01e512-930e-4837-981c-ec4a3ecea817", "state": "480", "customerId": null, "localAmount": 275, "localCurrency": "USD"}, {"chainId": "12313158480531982889", "amount": 275, "createdAt": "2016-07-06T07:25:05+00:00", "shoeSize": "12", "productId": null, "skuUuid": "73236a51-9ea4-44bf-a89c-12e7fcdb9b4e", "state": "480", "customerId": null, "localAmount": 275, "localCurrency": "USD"}, {"chainId": "12313158480370820656", "amount": 300, "createdAt": "2016-07-06T06:53:10+00:00", "shoeSize": "12", "productId": null, "skuUuid": "73236a51-9ea4-44bf-a89c-12e7fcdb9b4e", "state": "480", "customerId": null, "localAmount": 300, "localCurrency": "USD"}, {"chainId": "12313038871161538776", "amount": 275, "createdAt": "2016-07-06T04:06:50+00:00", "shoeSize": "10.5", "productId": null, "skuUuid": "f1d9e901-46f9-4641-896e-fe133911d130", "state": "480", "customerId": null, "localAmount": 275, "localCurrency": "USD"}, {"chainId": "12312916340761412506", "amount": 300, "createdAt": "2016-07-06T01:45:16+00:00", "shoeSize": "9.5", "productId": null, "skuUuid": "d3cf7f89-dc97-4f90-96d3-4c55310f1641", "state": "480", "customerId": null, "localAmount": 300, "localCurrency": "USD"}, {"chainId": "12312916335170265869", "amount": 275, "createdAt": "2016-07-06T01:09:03+00:00", "shoeSize": "10.5", "productId": null, "skuUuid": "f1d9e901-46f9-4641-896e-fe133911d130", "state": "480", "customerId": null, "localAmount": 275, "localCurrency": "USD"}, {"chainId": "12313038872803911070", "amount": 275, "createdAt": "2016-07-06T01:04:37+00:00", "shoeSize": "13", "productId": null, "skuUuid": "cd93b2d2-aa58-4e70-beb2-03dd6beadf8b", "state": "480", "customerId": null, "localAmount": 275, "localCurrency": "USD"}, {"chainId": "12312916341015845187", "amount": 275, "createdAt": "2016-07-06T00:57:55+00:00", "shoeSize": "9.5", "productId": null, "skuUuid": "d3cf7f89-dc97-4f90-96d3-4c55310f1641", "state": "480", "customerId": null, "localAmount": 275, "localCurrency": "USD"}, {"chainId": "12312464292646584028", "amount": 190, "createdAt": "2016-07-06T00:44:54+00:00", "shoeSize": "9", "productId": null, "skuUuid": "49251bb1-775d-4dac-a254-9a8dbfb451bb", "state": "480", "customerId": null, "localAmount": 190, "localCurrency": "USD"}, {"chainId": "12312916334701880485", "amount": 275, "createdAt": "2016-07-06T00:24:05+00:00", "shoeSize": "10.5", "productId": null, "skuUuid": "f1d9e901-46f9-4641-896e-fe133911d130", "state": "480", "customerId": null, "localAmount": 275, "localCurrency": "USD"}, {"chainId": "12312501555051844205", "amount": 235, "createdAt": "2016-07-06T00:22:46+00:00", "shoeSize": "9.5", "productId": null, "skuUuid": "d3cf7f89-dc97-4f90-96d3-4c55310f1641", "state": "480", "customerId": null, "localAmount": 235, "localCurrency": "USD"}, {"chainId": "12312916337159309193", "amount": 300, "createdAt": "2016-07-05T23:53:36+00:00", "shoeSize": "8", "productId": null, "skuUuid": "c7f8c0e0-0ea3-4b02-8fe5-ca1845231159", "state": "480", "customerId": null, "localAmount": 300, "localCurrency": "USD"}, {"chainId": "12312916339296308279", "amount": 275, "createdAt": "2016-07-05T23:44:15+00:00", "shoeSize": "9", "productId": null, "skuUuid": "49251bb1-775d-4dac-a254-9a8dbfb451bb", "state": "480", "customerId": null, "localAmount": 275, "localCurrency": "USD"}, {"chainId": "12312464855486789783", "amount": 216, "createdAt": "2016-07-05T23:37:03+00:00", "shoeSize": "11", "productId": null, "skuUuid": "c02ff7c0-62fc-4637-a489-966f0d21cf4f", "state": "480", "customerId": null, "localAmount": 216, "localCurrency": "USD"}, {"chainId": "12334154507755124531", "amount": 319, "createdAt": "2016-07-05T23:13:38+00:00", "shoeSize": "10.5", "productId": null, "skuUuid": "f1d9e901-46f9-4641-896e-fe133911d130", "state": "480", "customerId": null, "localAmount": 319, "localCurrency": "USD"}, {"chainId": "12312795660088554661", "amount": 275, "createdAt": "2016-07-05T20:35:01+00:00", "shoeSize": "12", "productId": null, "skuUuid": "73236a51-9ea4-44bf-a89c-12e7fcdb9b4e", "state": "480", "customerId": null, "localAmount": 275, "localCurrency": "USD"}, {"chainId": "12312795663910900274", "amount": 275, "createdAt": "2016-07-05T20:21:10+00:00", "shoeSize": "9", "productId": null, "skuUuid": "49251bb1-775d-4dac-a254-9a8dbfb451bb", "state": "480", "customerId": null, "localAmount": 275, "localCurrency": "USD"}, {"chainId": "12312795659020378717", "amount": 275, "createdAt": "2016-07-05T19:41:43+00:00", "shoeSize": "11.5", "productId": null, "skuUuid": "441a8168-f214-49a2-bfca-5cce8ead016b", "state": "480", "customerId": null, "localAmount": 275, "localCurrency": "USD"}, {"chainId": "12312208739394303279", "amount": 215, "createdAt": "2016-07-05T19:39:23+00:00", "shoeSize": "9", "productId": null, "skuUuid": "49251bb1-775d-4dac-a254-9a8dbfb451bb", "state": "480", "customerId": null, "localAmount": 215, "localCurrency": "USD"}, {"chainId": "12312795657326545942", "amount": 275, "createdAt": "2016-07-05T19:21:54+00:00", "shoeSize": "10", "productId": null, "skuUuid": "8a01e512-930e-4837-981c-ec4a3ecea817", "state": "480", "customerId": null, "localAmount": 275, "localCurrency": "USD"}, {"chainId": "12312795657483784642", "amount": 275, "createdAt": "2016-07-05T18:58:16+00:00", "shoeSize": "10", "productId": null, "skuUuid": "8a01e512-930e-4837-981c-ec4a3ecea817", "state": "480", "customerId": null, "localAmount": 275, "localCurrency": "USD"}, {"chainId": "12312795662925725658", "amount": 275, "createdAt": "2016-07-05T18:51:15+00:00", "shoeSize": "8.5", "productId": null, "skuUuid": "692705cb-4d04-4ecf-b74e-5359b2559113", "state": "480", "customerId": null, "localAmount": 275, "localCurrency": "USD"}, {"chainId": "12312795661687361118", "amount": 275, "createdAt": "2016-07-05T18:33:05+00:00", "shoeSize": "8", "productId": null, "skuUuid": "c7f8c0e0-0ea3-4b02-8fe5-ca1845231159", "state": "480", "customerId": null, "localAmount": 275, "localCurrency": "USD"}, {"chainId": "12306154959267804093", "amount": 275, "createdAt": "2016-07-05T17:43:20+00:00", "shoeSize": "8.5", "productId": null, "skuUuid": "692705cb-4d04-4ecf-b74e-5359b2559113", "state": "480", "customerId": null, "localAmount": 275, "localCurrency": "USD"}, {"chainId": "12312674955048868768", "amount": 300, "createdAt": "2016-07-05T17:33:08+00:00", "shoeSize": "11", "productId": null, "skuUuid": "c02ff7c0-62fc-4637-a489-966f0d21cf4f", "state": "480", "customerId": null, "localAmount": 300, "localCurrency": "USD"}, {"chainId": "12312674959009513466", "amount": 275, "createdAt": "2016-07-05T17:19:05+00:00", "shoeSize": "9.5", "productId": null, "skuUuid": "d3cf7f89-dc97-4f90-96d3-4c55310f1641", "state": "480", "customerId": null, "localAmount": 275, "localCurrency": "USD"}, {"chainId": "12312674957385778950", "amount": 275, "createdAt": "2016-07-05T16:26:30+00:00", "shoeSize": "9", "productId": null, "skuUuid": "49251bb1-775d-4dac-a254-9a8dbfb451bb", "state": "480", "customerId": null, "localAmount": 275, "localCurrency": "USD"}, {"chainId": "12312252432888377714", "amount": 210, "createdAt": "2016-07-05T16:07:49+00:00", "shoeSize": "10.5", "productId": null, "skuUuid": "f1d9e901-46f9-4641-896e-fe133911d130", "state": "480", "customerId": null, "localAmount": 210, "localCurrency": "USD"}, {"chainId": "12312674954892950389", "amount": 300, "createdAt": "2016-07-05T14:42:37+00:00", "shoeSize": "11", "productId": null, "skuUuid": "c02ff7c0-62fc-4637-a489-966f0d21cf4f", "state": "480", "customerId": null, "localAmount": 300, "localCurrency": "USD"}, {"chainId": "12312397227653385078", "amount": 275, "createdAt": "2016-07-05T09:47:16+00:00", "shoeSize": "14", "productId": null, "skuUuid": "81a4d9b0-58d0-491a-80d7-f7ccacf3fa2d", "state": "480", "customerId": null, "localAmount": 275, "localCurrency": "USD"}, {"chainId": "12312397226458255050", "amount": 275, "createdAt": "2016-07-05T09:40:24+00:00", "shoeSize": "13", "productId": null, "skuUuid": "cd93b2d2-aa58-4e70-beb2-03dd6beadf8b", "state": "480", "customerId": null, "localAmount": 275, "localCurrency": "USD"}, {"chainId": "12312397237658816242", "amount": 275, "createdAt": "2016-07-05T04:10:13+00:00", "shoeSize": "9.5", "productId": null, "skuUuid": "d3cf7f89-dc97-4f90-96d3-4c55310f1641", "state": "480", "customerId": null, "localAmount": 275, "localCurrency": "USD"}, {"chainId": "12312397220978403996", "amount": 300, "createdAt": "2016-07-05T01:00:39+00:00", "shoeSize": "11", "productId": null, "skuUuid": "c02ff7c0-62fc-4637-a489-966f0d21cf4f", "state": "480", "customerId": null, "localAmount": 300, "localCurrency": "USD"}, {"chainId": "12336567002674550775", "amount": 274, "createdAt": "2016-07-05T00:37:05+00:00", "shoeSize": "10", "productId": null, "skuUuid": "8a01e512-930e-4837-981c-ec4a3ecea817", "state": "480", "customerId": null, "localAmount": 274, "localCurrency": "USD"}, {"chainId": "12312397444877255792", "amount": 318, "createdAt": "2016-07-04T22:40:24+00:00", "shoeSize": "10.5", "productId": null, "skuUuid": "f1d9e901-46f9-4641-896e-fe133911d130", "state": "480", "customerId": null, "localAmount": 318, "localCurrency": "USD"}, {"chainId": "12312397216440804148", "amount": 300, "createdAt": "2016-07-04T18:10:55+00:00", "shoeSize": "10", "productId": null, "skuUuid": "8a01e512-930e-4837-981c-ec4a3ecea817", "state": "480", "customerId": null, "localAmount": 300, "localCurrency": "USD"}, {"chainId": "12312397228879845121", "amount": 300, "createdAt": "2016-07-04T17:36:21+00:00", "shoeSize": "15", "productId": null, "skuUuid": "b613ec6c-1a00-4a5f-98f5-5b90baa785e1", "state": "480", "customerId": null, "localAmount": 300, "localCurrency": "USD"}, {"chainId": "12312397217510576631", "amount": 275, "createdAt": "2016-07-04T16:59:49+00:00", "shoeSize": "10", "productId": null, "skuUuid": "8a01e512-930e-4837-981c-ec4a3ecea817", "state": "480", "customerId": null, "localAmount": 275, "localCurrency": "USD"}, {"chainId": "12312397346751259525", "amount": 341, "createdAt": "2016-07-04T16:57:08+00:00", "shoeSize": "13", "productId": null, "skuUuid": "cd93b2d2-aa58-4e70-beb2-03dd6beadf8b", "state": "480", "customerId": null, "localAmount": 341, "localCurrency": "USD"}, {"chainId": "12312397226648634352", "amount": 275, "createdAt": "2016-07-04T16:28:50+00:00", "shoeSize": "13", "productId": null, "skuUuid": "cd93b2d2-aa58-4e70-beb2-03dd6beadf8b", "state": "480", "customerId": null, "localAmount": 275, "localCurrency": "USD"}, {"chainId": "12312397217937722501", "amount": 275, "createdAt": "2016-07-04T16:20:56+00:00", "shoeSize": "10", "productId": null, "skuUuid": "8a01e512-930e-4837-981c-ec4a3ecea817", "state": "480", "customerId": null, "localAmount": 275, "localCurrency": "USD"}, {"chainId": "12312397224841802056", "amount": 300, "createdAt": "2016-07-04T16:11:12+00:00", "shoeSize": "12", "productId": null, "skuUuid": "73236a51-9ea4-44bf-a89c-12e7fcdb9b4e", "state": "480", "customerId": null, "localAmount": 300, "localCurrency": "USD"}, {"chainId": "12312397216974725439", "amount": 275, "createdAt": "2016-07-04T15:49:37+00:00", "shoeSize": "10", "productId": null, "skuUuid": "8a01e512-930e-4837-981c-ec4a3ecea817", "state": "480", "customerId": null, "localAmount": 275, "localCurrency": "USD"}, {"chainId": "12312397349402949586", "amount": 341, "createdAt": "2016-07-04T15:47:59+00:00", "shoeSize": "9", "productId": null, "skuUuid": "49251bb1-775d-4dac-a254-9a8dbfb451bb", "state": "480", "customerId": null, "localAmount": 341, "localCurrency": "USD"}, {"chainId": "12312397221125722583", "amount": 300, "createdAt": "2016-07-04T15:32:42+00:00", "shoeSize": "11", "productId": null, "skuUuid": "c02ff7c0-62fc-4637-a489-966f0d21cf4f", "state": "480", "customerId": null, "localAmount": 300, "localCurrency": "USD"}, {"chainId": "12312397234424340581", "amount": 300, "createdAt": "2016-07-04T15:12:48+00:00", "shoeSize": "9", "productId": null, "skuUuid": "49251bb1-775d-4dac-a254-9a8dbfb451bb", "state": "480", "customerId": null, "localAmount": 300, "localCurrency": "USD"}, {"chainId": "12312397229916183953", "amount": 275, "createdAt": "2016-07-04T14:55:50+00:00", "shoeSize": "7.5", "productId": null, "skuUuid": "3145fa87-0968-4808-b7de-679f9b67e25b", "state": "480", "customerId": null, "localAmount": 275, "localCurrency": "USD"}, {"chainId": "12310252115194698501", "amount": 235, "createdAt": "2016-07-04T14:52:49+00:00", "shoeSize": "10.5", "productId": null, "skuUuid": "f1d9e901-46f9-4641-896e-fe133911d130", "state": "480", "customerId": null, "localAmount": 235, "localCurrency": "USD"}, {"chainId": "12312397231338796331", "amount": 300, "createdAt": "2016-07-04T13:36:41+00:00", "shoeSize": "8", "productId": null, "skuUuid": "c7f8c0e0-0ea3-4b02-8fe5-ca1845231159", "state": "480", "customerId": null, "localAmount": 300, "localCurrency": "USD"}, {"chainId": "12312397224684562506", "amount": 275, "createdAt": "2016-07-04T13:30:00+00:00", "shoeSize": "12", "productId": null, "skuUuid": "73236a51-9ea4-44bf-a89c-12e7fcdb9b4e", "state": "480", "customerId": null, "localAmount": 275, "localCurrency": "USD"}, {"chainId": "12312397226255138741", "amount": 275, "createdAt": "2016-07-04T11:18:05+00:00", "shoeSize": "13", "productId": null, "skuUuid": "cd93b2d2-aa58-4e70-beb2-03dd6beadf8b", "state": "480", "customerId": null, "localAmount": 275, "localCurrency": "USD"}, {"chainId": "12312397237794152600", "amount": 275, "createdAt": "2016-07-04T11:01:24+00:00", "shoeSize": "9.5", "productId": null, "skuUuid": "d3cf7f89-dc97-4f90-96d3-4c55310f1641", "state": "480", "customerId": null, "localAmount": 275, "localCurrency": "USD"}, {"chainId": "12312397217665256267", "amount": 275, "createdAt": "2016-07-04T10:34:18+00:00", "shoeSize": "10", "productId": null, "skuUuid": "8a01e512-930e-4837-981c-ec4a3ecea817", "state": "480", "customerId": null, "localAmount": 275, "localCurrency": "USD"}, {"chainId": "12312397221456132759", "amount": 275, "createdAt": "2016-07-04T06:36:56+00:00", "shoeSize": "11", "productId": null, "skuUuid": "c02ff7c0-62fc-4637-a489-966f0d21cf4f", "state": "480", "customerId": null, "localAmount": 275, "localCurrency": "USD"}, {"chainId": "12312397237189650789", "amount": 275, "createdAt": "2016-07-04T06:30:43+00:00", "shoeSize": "9.5", "productId": null, "skuUuid": "d3cf7f89-dc97-4f90-96d3-4c55310f1641", "state": "480", "customerId": null, "localAmount": 275, "localCurrency": "USD"}, {"chainId": "12312397236984849682", "amount": 275, "createdAt": "2016-07-04T03:55:11+00:00", "shoeSize": "9.5", "productId": null, "skuUuid": "d3cf7f89-dc97-4f90-96d3-4c55310f1641", "state": "480", "customerId": null, "localAmount": 275, "localCurrency": "USD"}, {"chainId": "12312397217163970603", "amount": 275, "createdAt": "2016-07-04T00:20:22+00:00", "shoeSize": "10", "productId": null, "skuUuid": "8a01e512-930e-4837-981c-ec4a3ecea817", "state": "480", "customerId": null, "localAmount": 275, "localCurrency": "USD"}, {"chainId": "12334154511061358190", "amount": 314, "createdAt": "2016-07-03T23:54:52+00:00", "shoeSize": "16", "productId": null, "skuUuid": "da0fa535-18c9-4447-a532-cf3c4627864f", "state": "480", "customerId": null, "localAmount": 314, "localCurrency": "USD"}, {"chainId": "12312397219066477671", "amount": 275, "createdAt": "2016-07-03T23:51:17+00:00", "shoeSize": "10.5", "productId": null, "skuUuid": "f1d9e901-46f9-4641-896e-fe133911d130", "state": "480", "customerId": null, "localAmount": 275, "localCurrency": "USD"}, {"chainId": "12310960431381209342", "amount": 235, "createdAt": "2016-07-03T23:44:18+00:00", "shoeSize": "9", "productId": null, "skuUuid": "49251bb1-775d-4dac-a254-9a8dbfb451bb", "state": "480", "customerId": null, "localAmount": 235, "localCurrency": "USD"}, {"chainId": "12312397219224293934", "amount": 300, "createdAt": "2016-07-03T22:53:25+00:00", "shoeSize": "10.5", "productId": null, "skuUuid": "f1d9e901-46f9-4641-896e-fe133911d130", "state": "480", "customerId": null, "localAmount": 300, "localCurrency": "USD"}, {"chainId": "12312397228736681306", "amount": 300, "createdAt": "2016-07-03T22:34:10+00:00", "shoeSize": "15", "productId": null, "skuUuid": "b613ec6c-1a00-4a5f-98f5-5b90baa785e1", "state": "480", "customerId": null, "localAmount": 300, "localCurrency": "USD"}, {"chainId": "12312397222648991168", "amount": 300, "createdAt": "2016-07-03T22:20:16+00:00", "shoeSize": "11.5", "productId": null, "skuUuid": "441a8168-f214-49a2-bfca-5cce8ead016b", "state": "480", "customerId": null, "localAmount": 300, "localCurrency": "USD"}, {"chainId": "12312397236685139764", "amount": 275, "createdAt": "2016-07-03T21:57:20+00:00", "shoeSize": "9.5", "productId": null, "skuUuid": "d3cf7f89-dc97-4f90-96d3-4c55310f1641", "state": "480", "customerId": null, "localAmount": 275, "localCurrency": "USD"}, {"chainId": "12312397224557643792", "amount": 300, "createdAt": "2016-07-03T21:55:56+00:00", "shoeSize": "12", "productId": null, "skuUuid": "73236a51-9ea4-44bf-a89c-12e7fcdb9b4e", "state": "480", "customerId": null, "localAmount": 300, "localCurrency": "USD"}, {"chainId": "12312397223098837975", "amount": 275, "createdAt": "2016-07-03T21:37:17+00:00", "shoeSize": "11.5", "productId": null, "skuUuid": "441a8168-f214-49a2-bfca-5cce8ead016b", "state": "480", "customerId": null, "localAmount": 275, "localCurrency": "USD"}, {"chainId": "12312397221595737781", "amount": 275, "createdAt": "2016-07-03T21:13:37+00:00", "shoeSize": "11", "productId": null, "skuUuid": "c02ff7c0-62fc-4637-a489-966f0d21cf4f", "state": "480", "customerId": null, "localAmount": 275, "localCurrency": "USD"}, {"chainId": "12312397235390580949", "amount": 275, "createdAt": "2016-07-03T21:12:48+00:00", "shoeSize": "9", "productId": null, "skuUuid": "49251bb1-775d-4dac-a254-9a8dbfb451bb", "state": "480", "customerId": null, "localAmount": 275, "localCurrency": "USD"}, {"chainId": "12312397231634256211", "amount": 275, "createdAt": "2016-07-03T21:10:14+00:00", "shoeSize": "8", "productId": null, "skuUuid": "c7f8c0e0-0ea3-4b02-8fe5-ca1845231159", "state": "480", "customerId": null, "localAmount": 275, "localCurrency": "USD"}, {"chainId": "12312397347612675050", "amount": 341, "createdAt": "2016-07-03T20:45:57+00:00", "shoeSize": "8", "productId": null, "skuUuid": "c7f8c0e0-0ea3-4b02-8fe5-ca1845231159", "state": "480", "customerId": null, "localAmount": 341, "localCurrency": "USD"}, {"chainId": "12334154507558821163", "amount": 319, "createdAt": "2016-07-03T20:36:55+00:00", "shoeSize": "10.5", "productId": null, "skuUuid": "f1d9e901-46f9-4641-896e-fe133911d130", "state": "480", "customerId": null, "localAmount": 319, "localCurrency": "USD"}, {"chainId": "12312397220844806831", "amount": 275, "createdAt": "2016-07-03T19:45:40+00:00", "shoeSize": "11", "productId": null, "skuUuid": "c02ff7c0-62fc-4637-a489-966f0d21cf4f", "state": "480", "customerId": null, "localAmount": 275, "localCurrency": "USD"}, {"chainId": "12312397231033290466", "amount": 275, "createdAt": "2016-07-03T19:37:13+00:00", "shoeSize": "8", "productId": null, "skuUuid": "c7f8c0e0-0ea3-4b02-8fe5-ca1845231159", "state": "480", "customerId": null, "localAmount": 275, "localCurrency": "USD"}, {"chainId": "12312397219456436942", "amount": 275, "createdAt": "2016-07-03T19:22:40+00:00", "shoeSize": "10.5", "productId": null, "skuUuid": "f1d9e901-46f9-4641-896e-fe133911d130", "state": "480", "customerId": null, "localAmount": 275, "localCurrency": "USD"}, {"chainId": "12312397235112523030", "amount": 275, "createdAt": "2016-07-03T18:33:54+00:00", "shoeSize": "9", "productId": null, "skuUuid": "49251bb1-775d-4dac-a254-9a8dbfb451bb", "state": "480", "customerId": null, "localAmount": 275, "localCurrency": "USD"}, {"chainId": "12312397230091555740", "amount": 300, "createdAt": "2016-07-03T14:47:18+00:00", "shoeSize": "7.5", "productId": null, "skuUuid": "3145fa87-0968-4808-b7de-679f9b67e25b", "state": "480", "customerId": null, "localAmount": 300, "localCurrency": "USD"}, {"chainId": "12312397237477652968", "amount": 275, "createdAt": "2016-07-03T14:20:01+00:00", "shoeSize": "9.5", "productId": null, "skuUuid": "d3cf7f89-dc97-4f90-96d3-4c55310f1641", "state": "480", "customerId": null, "localAmount": 275, "localCurrency": "USD"}, {"chainId": "12312397224266057838", "amount": 300, "createdAt": "2016-07-03T13:52:35+00:00", "shoeSize": "12", "productId": null, "skuUuid": "73236a51-9ea4-44bf-a89c-12e7fcdb9b4e", "state": "480", "customerId": null, "localAmount": 300, "localCurrency": "USD"}, {"chainId": "12312397224412392836", "amount": 300, "createdAt": "2016-07-03T13:41:23+00:00", "shoeSize": "12", "productId": null, "skuUuid": "73236a51-9ea4-44bf-a89c-12e7fcdb9b4e", "state": "480", "customerId": null, "localAmount": 300, "localCurrency": "USD"}, {"chainId": "12312397228592371822", "amount": 300, "createdAt": "2016-07-03T12:28:32+00:00", "shoeSize": "15", "productId": null, "skuUuid": "b613ec6c-1a00-4a5f-98f5-5b90baa785e1", "state": "480", "customerId": null, "localAmount": 300, "localCurrency": "USD"}, {"chainId": "12334154512676090859", "amount": 282, "createdAt": "2016-07-03T05:25:27+00:00", "shoeSize": "8.5", "productId": null, "skuUuid": "692705cb-4d04-4ecf-b74e-5359b2559113", "state": "480", "customerId": null, "localAmount": 282, "localCurrency": "USD"}, {"chainId": "12310091556356167462", "amount": 249, "createdAt": "2016-07-02T22:26:23+00:00", "shoeSize": "12", "productId": null, "skuUuid": "73236a51-9ea4-44bf-a89c-12e7fcdb9b4e", "state": "480", "customerId": null, "localAmount": 249, "localCurrency": "USD"}, {"chainId": "12312397348562808994", "amount": 341, "createdAt": "2016-07-02T21:11:01+00:00", "shoeSize": "8.5", "productId": null, "skuUuid": "692705cb-4d04-4ecf-b74e-5359b2559113", "state": "480", "customerId": null, "localAmount": 341, "localCurrency": "USD"}, {"chainId": "12310217036223825015", "amount": 230, "createdAt": "2016-07-02T20:44:00+00:00", "shoeSize": "10.5", "productId": null, "skuUuid": "f1d9e901-46f9-4641-896e-fe133911d130", "state": "480", "customerId": null, "localAmount": 230, "localCurrency": "USD"}, {"chainId": "12309976380225099876", "amount": 249, "createdAt": "2016-07-02T18:23:37+00:00", "shoeSize": "13", "productId": null, "skuUuid": "cd93b2d2-aa58-4e70-beb2-03dd6beadf8b", "state": "480", "customerId": null, "localAmount": 249, "localCurrency": "USD"}, {"chainId": "12334154513129274581", "amount": 267, "createdAt": "2016-07-02T18:02:30+00:00", "shoeSize": "9.5", "productId": null, "skuUuid": "d3cf7f89-dc97-4f90-96d3-4c55310f1641", "state": "480", "customerId": null, "localAmount": 267, "localCurrency": "USD"}, {"chainId": "12334154507410183690", "amount": 272, "createdAt": "2016-07-02T17:40:16+00:00", "shoeSize": "10.5", "productId": null, "skuUuid": "f1d9e901-46f9-4641-896e-fe133911d130", "state": "480", "customerId": null, "localAmount": 272, "localCurrency": "USD"}, {"chainId": "12309508198839385198", "amount": 230, "createdAt": "2016-07-02T16:55:15+00:00", "shoeSize": "11", "productId": null, "skuUuid": "c02ff7c0-62fc-4637-a489-966f0d21cf4f", "state": "480", "customerId": null, "localAmount": 230, "localCurrency": "USD"}, {"chainId": "12334154510554470465", "amount": 314, "createdAt": "2016-07-02T16:41:15+00:00", "shoeSize": "16", "productId": null, "skuUuid": "da0fa535-18c9-4447-a532-cf3c4627864f", "state": "480", "customerId": null, "localAmount": 314, "localCurrency": "USD"}, {"chainId": "12309538808656118254", "amount": 265, "createdAt": "2016-07-02T16:32:48+00:00", "shoeSize": "12", "productId": null, "skuUuid": "73236a51-9ea4-44bf-a89c-12e7fcdb9b4e", "state": "480", "customerId": null, "localAmount": 265, "localCurrency": "USD"}, {"chainId": "12340432368201760508", "amount": 265, "createdAt": "2016-07-02T16:25:59+00:00", "shoeSize": "9.5", "productId": null, "skuUuid": "d3cf7f89-dc97-4f90-96d3-4c55310f1641", "state": "480", "customerId": null, "localAmount": 265, "localCurrency": "USD"}, {"chainId": "12309977909847557174", "amount": 249, "createdAt": "2016-07-02T16:12:16+00:00", "shoeSize": "12", "productId": null, "skuUuid": "73236a51-9ea4-44bf-a89c-12e7fcdb9b4e", "state": "480", "customerId": null, "localAmount": 249, "localCurrency": "USD"}, {"chainId": "12334154511205324787", "amount": 304, "createdAt": "2016-07-02T15:34:46+00:00", "shoeSize": "15", "productId": null, "skuUuid": "b613ec6c-1a00-4a5f-98f5-5b90baa785e1", "state": "480", "customerId": null, "localAmount": 304, "localCurrency": "USD"}, {"chainId": "12309533495647391135", "amount": 240, "createdAt": "2016-07-02T15:23:22+00:00", "shoeSize": "9", "productId": null, "skuUuid": "49251bb1-775d-4dac-a254-9a8dbfb451bb", "state": "480", "customerId": null, "localAmount": 240, "localCurrency": "USD"}, {"chainId": "12312397448502437574", "amount": 344, "createdAt": "2016-07-02T15:02:56+00:00", "shoeSize": "9", "productId": null, "skuUuid": "49251bb1-775d-4dac-a254-9a8dbfb451bb", "state": "480", "customerId": null, "localAmount": 344, "localCurrency": "USD"}, {"chainId": "12310021904135610346", "amount": 245, "createdAt": "2016-07-02T14:32:32+00:00", "shoeSize": "12", "productId": null, "skuUuid": "73236a51-9ea4-44bf-a89c-12e7fcdb9b4e", "state": "480", "customerId": null, "localAmount": 245, "localCurrency": "USD"}, {"chainId": "12334154512174523142", "amount": 265, "createdAt": "2016-07-02T14:10:10+00:00", "shoeSize": "9.5", "productId": null, "skuUuid": "d3cf7f89-dc97-4f90-96d3-4c55310f1641", "state": "480", "customerId": null, "localAmount": 265, "localCurrency": "USD"}, {"chainId": "12312397449461651941", "amount": 344, "createdAt": "2016-07-02T12:59:26+00:00", "shoeSize": "9.5", "productId": null, "skuUuid": "d3cf7f89-dc97-4f90-96d3-4c55310f1641", "state": "480", "customerId": null, "localAmount": 344, "localCurrency": "USD"}, {"chainId": "12309978326326613252", "amount": 230, "createdAt": "2016-07-02T12:49:43+00:00", "shoeSize": "12", "productId": null, "skuUuid": "73236a51-9ea4-44bf-a89c-12e7fcdb9b4e", "state": "480", "customerId": null, "localAmount": 230, "localCurrency": "USD"}, {"chainId": "12309593835634540765", "amount": 260, "createdAt": "2016-07-02T05:04:19+00:00", "shoeSize": "9.5", "productId": null, "skuUuid": "d3cf7f89-dc97-4f90-96d3-4c55310f1641", "state": "480", "customerId": null, "localAmount": 260, "localCurrency": "USD"}, {"chainId": "12312397341361080623", "amount": 341, "createdAt": "2016-07-01T20:51:25+00:00", "shoeSize": "10", "productId": null, "skuUuid": "8a01e512-930e-4837-981c-ec4a3ecea817", "state": "480", "customerId": null, "localAmount": 341, "localCurrency": "USD"}, {"chainId": "12334154510396753972", "amount": 314, "createdAt": "2016-07-01T14:04:18+00:00", "shoeSize": "15", "productId": null, "skuUuid": "b613ec6c-1a00-4a5f-98f5-5b90baa785e1", "state": "480", "customerId": null, "localAmount": 314, "localCurrency": "USD"}, {"chainId": "12308988147800980180", "amount": 274, "createdAt": "2016-07-01T06:03:21+00:00", "shoeSize": "12", "productId": null, "skuUuid": "73236a51-9ea4-44bf-a89c-12e7fcdb9b4e", "state": "480", "customerId": null, "localAmount": 274, "localCurrency": "USD"}, {"chainId": "12334154512869483069", "amount": 274, "createdAt": "2016-07-01T01:23:55+00:00", "shoeSize": "8", "productId": null, "skuUuid": "c7f8c0e0-0ea3-4b02-8fe5-ca1845231159", "state": "480", "customerId": null, "localAmount": 274, "localCurrency": "USD"}, {"chainId": "12312397232671430388", "amount": 350, "createdAt": "2016-06-30T20:04:38+00:00", "shoeSize": "8.5", "productId": null, "skuUuid": "692705cb-4d04-4ecf-b74e-5359b2559113", "state": "480", "customerId": null, "localAmount": 350, "localCurrency": "USD"}, {"chainId": "12312397220655410627", "amount": 350, "createdAt": "2016-06-30T19:16:48+00:00", "shoeSize": "11", "productId": null, "skuUuid": "c02ff7c0-62fc-4637-a489-966f0d21cf4f", "state": "480", "customerId": null, "localAmount": 350, "localCurrency": "USD"}, {"chainId": "12312397345907022908", "amount": 366, "createdAt": "2016-06-30T15:19:07+00:00", "shoeSize": "11.5", "productId": null, "skuUuid": "441a8168-f214-49a2-bfca-5cce8ead016b", "state": "480", "customerId": null, "localAmount": 366, "localCurrency": "USD"}, {"chainId": "12312397216225968770", "amount": 350, "createdAt": "2016-06-30T13:53:27+00:00", "shoeSize": "10", "productId": null, "skuUuid": "8a01e512-930e-4837-981c-ec4a3ecea817", "state": "480", "customerId": null, "localAmount": 350, "localCurrency": "USD"}, {"chainId": "12312397226051257108", "amount": 350, "createdAt": "2016-06-30T13:46:56+00:00", "shoeSize": "13", "productId": null, "skuUuid": "cd93b2d2-aa58-4e70-beb2-03dd6beadf8b", "state": "480", "customerId": null, "localAmount": 350, "localCurrency": "USD"}, {"chainId": "12308419167765705481", "amount": 265, "createdAt": "2016-06-30T09:11:57+00:00", "shoeSize": "11", "productId": null, "skuUuid": "c02ff7c0-62fc-4637-a489-966f0d21cf4f", "state": "480", "customerId": null, "localAmount": 265, "localCurrency": "USD"}, {"chainId": "12334154513452245776", "amount": 306, "createdAt": "2016-06-30T08:45:50+00:00", "shoeSize": "15", "productId": null, "skuUuid": "b613ec6c-1a00-4a5f-98f5-5b90baa785e1", "state": "480", "customerId": null, "localAmount": 306, "localCurrency": "USD"}, {"chainId": "12312397216807665372", "amount": 325, "createdAt": "2016-06-30T08:29:13+00:00", "shoeSize": "10", "productId": null, "skuUuid": "8a01e512-930e-4837-981c-ec4a3ecea817", "state": "480", "customerId": null, "localAmount": 325, "localCurrency": "USD"}, {"chainId": "12312397220388043909", "amount": 350, "createdAt": "2016-06-30T06:28:36+00:00", "shoeSize": "11", "productId": null, "skuUuid": "c02ff7c0-62fc-4637-a489-966f0d21cf4f", "state": "480", "customerId": null, "localAmount": 350, "localCurrency": "USD"}, {"chainId": "12312397218859637721", "amount": 350, "createdAt": "2016-06-30T06:20:09+00:00", "shoeSize": "10.5", "productId": null, "skuUuid": "f1d9e901-46f9-4641-896e-fe133911d130", "state": "480", "customerId": null, "localAmount": 350, "localCurrency": "USD"}, {"chainId": "12312397224119530508", "amount": 375, "createdAt": "2016-06-29T19:19:26+00:00", "shoeSize": "12", "productId": null, "skuUuid": "73236a51-9ea4-44bf-a89c-12e7fcdb9b4e", "state": "480", "customerId": null, "localAmount": 375, "localCurrency": "USD"}, {"chainId": "12312397234063274125", "amount": 350, "createdAt": "2016-06-29T16:20:46+00:00", "shoeSize": "9", "productId": null, "skuUuid": "49251bb1-775d-4dac-a254-9a8dbfb451bb", "state": "480", "customerId": null, "localAmount": 350, "localCurrency": "USD"}, {"chainId": "12312397225909190634", "amount": 350, "createdAt": "2016-06-29T10:56:42+00:00", "shoeSize": "13", "productId": null, "skuUuid": "cd93b2d2-aa58-4e70-beb2-03dd6beadf8b", "state": "480", "customerId": null, "localAmount": 350, "localCurrency": "USD"}, {"chainId": "12312397232511704681", "amount": 350, "createdAt": "2016-06-29T10:40:50+00:00", "shoeSize": "8.5", "productId": null, "skuUuid": "692705cb-4d04-4ecf-b74e-5359b2559113", "state": "480", "customerId": null, "localAmount": 350, "localCurrency": "USD"}, {"chainId": "12312397220529050562", "amount": 350, "createdAt": "2016-06-28T23:35:46+00:00", "shoeSize": "11", "productId": null, "skuUuid": "c02ff7c0-62fc-4637-a489-966f0d21cf4f", "state": "480", "customerId": null, "localAmount": 350, "localCurrency": "USD"}, {"chainId": "12298664679004131384", "amount": 350, "createdAt": "2016-06-28T22:44:03+00:00", "shoeSize": "7.5", "productId": null, "skuUuid": "3145fa87-0968-4808-b7de-679f9b67e25b", "state": "480", "customerId": null, "localAmount": 350, "localCurrency": "USD"}, {"chainId": "12312397234192581223", "amount": 350, "createdAt": "2016-06-28T21:29:53+00:00", "shoeSize": "9", "productId": null, "skuUuid": "49251bb1-775d-4dac-a254-9a8dbfb451bb", "state": "480", "customerId": null, "localAmount": 350, "localCurrency": "USD"}, {"chainId": "12312397234621423973", "amount": 350, "createdAt": "2016-06-28T21:27:37+00:00", "shoeSize": "9", "productId": null, "skuUuid": "49251bb1-775d-4dac-a254-9a8dbfb451bb", "state": "480", "customerId": null, "localAmount": 350, "localCurrency": "USD"}, {"chainId": "12307118464429163579", "amount": 350, "createdAt": "2016-06-28T01:07:50+00:00", "shoeSize": "11", "productId": null, "skuUuid": "c02ff7c0-62fc-4637-a489-966f0d21cf4f", "state": "480", "customerId": null, "localAmount": 350, "localCurrency": "USD"}, {"chainId": "12307118464575982602", "amount": 350, "createdAt": "2016-06-27T23:14:12+00:00", "shoeSize": "11", "productId": null, "skuUuid": "c02ff7c0-62fc-4637-a489-966f0d21cf4f", "state": "480", "customerId": null, "localAmount": 350, "localCurrency": "USD"}, {"chainId": "12304946124761138971", "amount": 350, "createdAt": "2016-06-27T16:50:29+00:00", "shoeSize": "10", "productId": null, "skuUuid": "8a01e512-930e-4837-981c-ec4a3ecea817", "state": "480", "customerId": null, "localAmount": 350, "localCurrency": "USD"}, {"chainId": "12306877007645797825", "amount": 350, "createdAt": "2016-06-27T15:28:44+00:00", "shoeSize": "11", "productId": null, "skuUuid": "c02ff7c0-62fc-4637-a489-966f0d21cf4f", "state": "480", "customerId": null, "localAmount": 350, "localCurrency": "USD"}, {"chainId": "12298664679929208752", "amount": 350, "createdAt": "2016-06-27T13:25:24+00:00", "shoeSize": "8.5", "productId": null, "skuUuid": "692705cb-4d04-4ecf-b74e-5359b2559113", "state": "480", "customerId": null, "localAmount": 350, "localCurrency": "USD"}, {"chainId": "12306756075261324187", "amount": 350, "createdAt": "2016-06-27T11:02:20+00:00", "shoeSize": "10.5", "productId": null, "skuUuid": "f1d9e901-46f9-4641-896e-fe133911d130", "state": "480", "customerId": null, "localAmount": 350, "localCurrency": "USD"}, {"chainId": "12306454017502522716", "amount": 350, "createdAt": "2016-06-27T04:12:34+00:00", "shoeSize": "10.5", "productId": null, "skuUuid": "f1d9e901-46f9-4641-896e-fe133911d130", "state": "480", "customerId": null, "localAmount": 350, "localCurrency": "USD"}, {"chainId": "12306396631586749027", "amount": 350, "createdAt": "2016-06-26T23:36:27+00:00", "shoeSize": "10.5", "productId": null, "skuUuid": "f1d9e901-46f9-4641-896e-fe133911d130", "state": "480", "customerId": null, "localAmount": 350, "localCurrency": "USD"}, {"chainId": "12306396631435658724", "amount": 350, "createdAt": "2016-06-26T23:04:32+00:00", "shoeSize": "10.5", "productId": null, "skuUuid": "f1d9e901-46f9-4641-896e-fe133911d130", "state": "480", "customerId": null, "localAmount": 350, "localCurrency": "USD"}, {"chainId": "12306154956084571459", "amount": 350, "createdAt": "2016-06-26T15:09:06+00:00", "shoeSize": "10", "productId": null, "skuUuid": "8a01e512-930e-4837-981c-ec4a3ecea817", "state": "480", "customerId": null, "localAmount": 350, "localCurrency": "USD"}, {"chainId": "12306154957106289768", "amount": 350, "createdAt": "2016-06-26T13:31:25+00:00", "shoeSize": "10.5", "productId": null, "skuUuid": "f1d9e901-46f9-4641-896e-fe133911d130", "state": "480", "customerId": null, "localAmount": 350, "localCurrency": "USD"}, {"chainId": "12305912528323828955", "amount": 350, "createdAt": "2016-06-26T08:31:25+00:00", "shoeSize": "11.5", "productId": null, "skuUuid": "441a8168-f214-49a2-bfca-5cce8ead016b", "state": "480", "customerId": null, "localAmount": 350, "localCurrency": "USD"}, {"chainId": "12305670737737470878", "amount": 350, "createdAt": "2016-06-26T01:02:28+00:00", "shoeSize": "8.5", "productId": null, "skuUuid": "692705cb-4d04-4ecf-b74e-5359b2559113", "state": "480", "customerId": null, "localAmount": 350, "localCurrency": "USD"}, {"chainId": "12305670738984696615", "amount": 350, "createdAt": "2016-06-25T22:26:17+00:00", "shoeSize": "9.5", "productId": null, "skuUuid": "d3cf7f89-dc97-4f90-96d3-4c55310f1641", "state": "480", "customerId": null, "localAmount": 350, "localCurrency": "USD"}, {"chainId": "12305549985620889714", "amount": 350, "createdAt": "2016-06-25T21:38:43+00:00", "shoeSize": "8", "productId": null, "skuUuid": "c7f8c0e0-0ea3-4b02-8fe5-ca1845231159", "state": "480", "customerId": null, "localAmount": 350, "localCurrency": "USD"}, {"chainId": "12305549986584574518", "amount": 350, "createdAt": "2016-06-25T18:07:20+00:00", "shoeSize": "8.5", "productId": null, "skuUuid": "692705cb-4d04-4ecf-b74e-5359b2559113", "state": "480", "customerId": null, "localAmount": 350, "localCurrency": "USD"}, {"chainId": "12305429309378162835", "amount": 350, "createdAt": "2016-06-25T16:11:07+00:00", "shoeSize": "10", "productId": null, "skuUuid": "8a01e512-930e-4837-981c-ec4a3ecea817", "state": "480", "customerId": null, "localAmount": 350, "localCurrency": "USD"}, {"chainId": "12305429310516659686", "amount": 350, "createdAt": "2016-06-25T15:01:41+00:00", "shoeSize": "10.5", "productId": null, "skuUuid": "f1d9e901-46f9-4641-896e-fe133911d130", "state": "480", "customerId": null, "localAmount": 350, "localCurrency": "USD"}, {"chainId": "12305308352990164056", "amount": 350, "createdAt": "2016-06-25T11:28:50+00:00", "shoeSize": "10", "productId": null, "skuUuid": "8a01e512-930e-4837-981c-ec4a3ecea817", "state": "480", "customerId": null, "localAmount": 350, "localCurrency": "USD"}, {"chainId": "12300959817985181170", "amount": 350, "createdAt": "2016-06-25T10:16:01+00:00", "shoeSize": "9", "productId": null, "skuUuid": "49251bb1-775d-4dac-a254-9a8dbfb451bb", "state": "480", "customerId": null, "localAmount": 350, "localCurrency": "USD"}, {"chainId": "12305308354556048628", "amount": 350, "createdAt": "2016-06-25T09:37:37+00:00", "shoeSize": "8", "productId": null, "skuUuid": "c7f8c0e0-0ea3-4b02-8fe5-ca1845231159", "state": "480", "customerId": null, "localAmount": 350, "localCurrency": "USD"}, {"chainId": "12305308355542115499", "amount": 350, "createdAt": "2016-06-25T09:35:36+00:00", "shoeSize": "9", "productId": null, "skuUuid": "49251bb1-775d-4dac-a254-9a8dbfb451bb", "state": "480", "customerId": null, "localAmount": 350, "localCurrency": "USD"}, {"chainId": "12304946124541950532", "amount": 350, "createdAt": "2016-06-24T22:38:00+00:00", "shoeSize": "10", "productId": null, "skuUuid": "8a01e512-930e-4837-981c-ec4a3ecea817", "state": "480", "customerId": null, "localAmount": 350, "localCurrency": "USD"}, {"chainId": "12304825328270185528", "amount": 375, "createdAt": "2016-06-24T20:02:11+00:00", "shoeSize": "12", "productId": null, "skuUuid": "73236a51-9ea4-44bf-a89c-12e7fcdb9b4e", "state": "480", "customerId": null, "localAmount": 375, "localCurrency": "USD"}, {"chainId": "12334154508441399402", "amount": 288, "createdAt": "2016-06-24T14:35:45+00:00", "shoeSize": "11", "productId": null, "skuUuid": "c02ff7c0-62fc-4637-a489-966f0d21cf4f", "state": "480", "customerId": null, "localAmount": 288, "localCurrency": "USD"}, {"chainId": "12304583845042238346", "amount": 350, "createdAt": "2016-06-24T10:07:56+00:00", "shoeSize": "8", "productId": null, "skuUuid": "c7f8c0e0-0ea3-4b02-8fe5-ca1845231159", "state": "480", "customerId": null, "localAmount": 350, "localCurrency": "USD"}, {"chainId": "12304583846988003671", "amount": 350, "createdAt": "2016-06-24T08:56:53+00:00", "shoeSize": "9.5", "productId": null, "skuUuid": "d3cf7f89-dc97-4f90-96d3-4c55310f1641", "state": "480", "customerId": null, "localAmount": 350, "localCurrency": "USD"}, {"chainId": "12304583846064408426", "amount": 350, "createdAt": "2016-06-24T08:36:04+00:00", "shoeSize": "9", "productId": null, "skuUuid": "49251bb1-775d-4dac-a254-9a8dbfb451bb", "state": "480", "customerId": null, "localAmount": 350, "localCurrency": "USD"}, {"chainId": "12304221341410052191", "amount": 350, "createdAt": "2016-06-23T22:16:51+00:00", "shoeSize": "10", "productId": null, "skuUuid": "8a01e512-930e-4837-981c-ec4a3ecea817", "state": "480", "customerId": null, "localAmount": 350, "localCurrency": "USD"}, {"chainId": "12304100508968354273", "amount": 350, "createdAt": "2016-06-23T19:40:14+00:00", "shoeSize": "9.5", "productId": null, "skuUuid": "d3cf7f89-dc97-4f90-96d3-4c55310f1641", "state": "480", "customerId": null, "localAmount": 350, "localCurrency": "USD"}, {"chainId": "12303860496777339484", "amount": 350, "createdAt": "2016-06-23T16:23:53+00:00", "shoeSize": "11", "productId": null, "skuUuid": "c02ff7c0-62fc-4637-a489-966f0d21cf4f", "state": "480", "customerId": null, "localAmount": 350, "localCurrency": "USD"}, {"chainId": "12303860496918919727", "amount": 350, "createdAt": "2016-06-23T13:31:50+00:00", "shoeSize": "11", "productId": null, "skuUuid": "c02ff7c0-62fc-4637-a489-966f0d21cf4f", "state": "480", "customerId": null, "localAmount": 350, "localCurrency": "USD"}, {"chainId": "12303860495745821858", "amount": 350, "createdAt": "2016-06-23T13:24:20+00:00", "shoeSize": "10", "productId": null, "skuUuid": "8a01e512-930e-4837-981c-ec4a3ecea817", "state": "480", "customerId": null, "localAmount": 350, "localCurrency": "USD"}, {"chainId": "12303496629767290526", "amount": 350, "createdAt": "2016-06-23T01:54:36+00:00", "shoeSize": "11", "productId": null, "skuUuid": "c02ff7c0-62fc-4637-a489-966f0d21cf4f", "state": "480", "customerId": null, "localAmount": 350, "localCurrency": "USD"}, {"chainId": "12303375740600737535", "amount": 350, "createdAt": "2016-06-22T19:30:08+00:00", "shoeSize": "10", "productId": null, "skuUuid": "8a01e512-930e-4837-981c-ec4a3ecea817", "state": "480", "customerId": null, "localAmount": 350, "localCurrency": "USD"}, {"chainId": "12300959817848559542", "amount": 350, "createdAt": "2016-06-22T19:10:23+00:00", "shoeSize": "12", "productId": null, "skuUuid": "73236a51-9ea4-44bf-a89c-12e7fcdb9b4e", "state": "480", "customerId": null, "localAmount": 350, "localCurrency": "USD"}, {"chainId": "12303375741532704051", "amount": 350, "createdAt": "2016-06-22T17:56:57+00:00", "shoeSize": "10.5", "productId": null, "skuUuid": "f1d9e901-46f9-4641-896e-fe133911d130", "state": "480", "customerId": null, "localAmount": 350, "localCurrency": "USD"}, {"chainId": "12303255170374353563", "amount": 350, "createdAt": "2016-06-22T17:39:14+00:00", "shoeSize": "10", "productId": null, "skuUuid": "8a01e512-930e-4837-981c-ec4a3ecea817", "state": "480", "customerId": null, "localAmount": 350, "localCurrency": "USD"}, {"chainId": "12303255172179449826", "amount": 350, "createdAt": "2016-06-22T16:16:07+00:00", "shoeSize": "11", "productId": null, "skuUuid": "c02ff7c0-62fc-4637-a489-966f0d21cf4f", "state": "480", "customerId": null, "localAmount": 350, "localCurrency": "USD"}, {"chainId": "12303255171349565685", "amount": 350, "createdAt": "2016-06-22T14:15:25+00:00", "shoeSize": "10.5", "productId": null, "skuUuid": "f1d9e901-46f9-4641-896e-fe133911d130", "state": "480", "customerId": null, "localAmount": 350, "localCurrency": "USD"}, {"chainId": "12303134301940795698", "amount": 350, "createdAt": "2016-06-22T12:21:59+00:00", "shoeSize": "9.5", "productId": null, "skuUuid": "d3cf7f89-dc97-4f90-96d3-4c55310f1641", "state": "480", "customerId": null, "localAmount": 350, "localCurrency": "USD"}, {"chainId": "12334154506983947793", "amount": 289, "createdAt": "2016-06-22T00:44:16+00:00", "shoeSize": "12", "productId": null, "skuUuid": "73236a51-9ea4-44bf-a89c-12e7fcdb9b4e", "state": "480", "customerId": null, "localAmount": 289, "localCurrency": "USD"}, {"chainId": "12302771509950002988", "amount": 350, "createdAt": "2016-06-21T23:13:11+00:00", "shoeSize": "9.5", "productId": null, "skuUuid": "d3cf7f89-dc97-4f90-96d3-4c55310f1641", "state": "480", "customerId": null, "localAmount": 350, "localCurrency": "USD"}, {"chainId": "12302771507520449497", "amount": 350, "createdAt": "2016-06-21T23:02:18+00:00", "shoeSize": "10", "productId": null, "skuUuid": "8a01e512-930e-4837-981c-ec4a3ecea817", "state": "480", "customerId": null, "localAmount": 350, "localCurrency": "USD"}, {"chainId": "12302771508691399472", "amount": 350, "createdAt": "2016-06-21T21:43:41+00:00", "shoeSize": "12", "productId": null, "skuUuid": "73236a51-9ea4-44bf-a89c-12e7fcdb9b4e", "state": "480", "customerId": null, "localAmount": 350, "localCurrency": "USD"}, {"chainId": "12302771508833952066", "amount": 350, "createdAt": "2016-06-21T21:05:40+00:00", "shoeSize": "12", "productId": null, "skuUuid": "73236a51-9ea4-44bf-a89c-12e7fcdb9b4e", "state": "480", "customerId": null, "localAmount": 350, "localCurrency": "USD"}, {"chainId": "12302529884586876101", "amount": 350, "createdAt": "2016-06-21T17:52:24+00:00", "shoeSize": "11", "productId": null, "skuUuid": "c02ff7c0-62fc-4637-a489-966f0d21cf4f", "state": "480", "customerId": null, "localAmount": 350, "localCurrency": "USD"}, {"chainId": "12334154510249260597", "amount": 325, "createdAt": "2016-06-21T16:11:43+00:00", "shoeSize": "13", "productId": null, "skuUuid": "cd93b2d2-aa58-4e70-beb2-03dd6beadf8b", "state": "480", "customerId": null, "localAmount": 325, "localCurrency": "USD"}, {"chainId": "12302409420817447574", "amount": 350, "createdAt": "2016-06-21T11:40:57+00:00", "shoeSize": "10.5", "productId": null, "skuUuid": "f1d9e901-46f9-4641-896e-fe133911d130", "state": "480", "customerId": null, "localAmount": 350, "localCurrency": "USD"}, {"chainId": "12302409421988136515", "amount": 350, "createdAt": "2016-06-21T11:36:46+00:00", "shoeSize": "12", "productId": null, "skuUuid": "73236a51-9ea4-44bf-a89c-12e7fcdb9b4e", "state": "480", "customerId": null, "localAmount": 350, "localCurrency": "USD"}, {"chainId": "12302047954257953366", "amount": 350, "createdAt": "2016-06-21T01:26:56+00:00", "shoeSize": "10", "productId": null, "skuUuid": "8a01e512-930e-4837-981c-ec4a3ecea817", "state": "480", "customerId": null, "localAmount": 350, "localCurrency": "USD"}, {"chainId": "12302047955484705465", "amount": 350, "createdAt": "2016-06-20T23:19:47+00:00", "shoeSize": "8", "productId": null, "skuUuid": "c7f8c0e0-0ea3-4b02-8fe5-ca1845231159", "state": "480", "customerId": null, "localAmount": 350, "localCurrency": "USD"}, {"chainId": "12301927710385640342", "amount": 350, "createdAt": "2016-06-20T20:23:12+00:00", "shoeSize": "11", "productId": null, "skuUuid": "c02ff7c0-62fc-4637-a489-966f0d21cf4f", "state": "480", "customerId": null, "localAmount": 350, "localCurrency": "USD"}, {"chainId": "12334154510914565986", "amount": 293, "createdAt": "2016-06-20T20:07:07+00:00", "shoeSize": "9", "productId": null, "skuUuid": "49251bb1-775d-4dac-a254-9a8dbfb451bb", "state": "480", "customerId": null, "localAmount": 293, "localCurrency": "USD"}, {"chainId": "12301927716215106758", "amount": 350, "createdAt": "2016-06-20T19:39:56+00:00", "shoeSize": "9.5", "productId": null, "skuUuid": "d3cf7f89-dc97-4f90-96d3-4c55310f1641", "state": "480", "customerId": null, "localAmount": 350, "localCurrency": "USD"}, {"chainId": "12301927713182449263", "amount": 350, "createdAt": "2016-06-20T19:19:43+00:00", "shoeSize": "8", "productId": null, "skuUuid": "c7f8c0e0-0ea3-4b02-8fe5-ca1845231159", "state": "480", "customerId": null, "localAmount": 350, "localCurrency": "USD"}, {"chainId": "12301927714200318917", "amount": 350, "createdAt": "2016-06-20T18:48:23+00:00", "shoeSize": "8.5", "productId": null, "skuUuid": "692705cb-4d04-4ecf-b74e-5359b2559113", "state": "480", "customerId": null, "localAmount": 350, "localCurrency": "USD"}, {"chainId": "12301927711336929635", "amount": 375, "createdAt": "2016-06-20T17:51:23+00:00", "shoeSize": "11.5", "productId": null, "skuUuid": "441a8168-f214-49a2-bfca-5cce8ead016b", "state": "480", "customerId": null, "localAmount": 375, "localCurrency": "USD"}, {"chainId": "12301927712234316032", "amount": 350, "createdAt": "2016-06-20T17:40:01+00:00", "shoeSize": "12", "productId": null, "skuUuid": "73236a51-9ea4-44bf-a89c-12e7fcdb9b4e", "state": "480", "customerId": null, "localAmount": 350, "localCurrency": "USD"}, {"chainId": "12301927709101976473", "amount": 350, "createdAt": "2016-06-20T17:01:58+00:00", "shoeSize": "10", "productId": null, "skuUuid": "8a01e512-930e-4837-981c-ec4a3ecea817", "state": "480", "customerId": null, "localAmount": 350, "localCurrency": "USD"}, {"chainId": "12301927715207924723", "amount": 350, "createdAt": "2016-06-20T16:46:58+00:00", "shoeSize": "9", "productId": null, "skuUuid": "49251bb1-775d-4dac-a254-9a8dbfb451bb", "state": "480", "customerId": null, "localAmount": 350, "localCurrency": "USD"}, {"chainId": "12301684664726302754", "amount": 350, "createdAt": "2016-06-20T16:32:25+00:00", "shoeSize": "8.5", "productId": null, "skuUuid": "692705cb-4d04-4ecf-b74e-5359b2559113", "state": "480", "customerId": null, "localAmount": 350, "localCurrency": "USD"}, {"chainId": "12301684665697836529", "amount": 350, "createdAt": "2016-06-20T16:24:12+00:00", "shoeSize": "9", "productId": null, "skuUuid": "49251bb1-775d-4dac-a254-9a8dbfb451bb", "state": "480", "customerId": null, "localAmount": 350, "localCurrency": "USD"}, {"chainId": "12301321899380806582", "amount": 350, "createdAt": "2016-06-19T23:44:36+00:00", "shoeSize": "10", "productId": null, "skuUuid": "8a01e512-930e-4837-981c-ec4a3ecea817", "state": "480", "customerId": null, "localAmount": 350, "localCurrency": "USD"}, {"chainId": "12301201145821457272", "amount": 350, "createdAt": "2016-06-19T21:21:31+00:00", "shoeSize": "9.5", "productId": null, "skuUuid": "d3cf7f89-dc97-4f90-96d3-4c55310f1641", "state": "480", "customerId": null, "localAmount": 350, "localCurrency": "USD"}, {"chainId": "12301201144536102048", "amount": 350, "createdAt": "2016-06-19T20:56:49+00:00", "shoeSize": "11", "productId": null, "skuUuid": "c02ff7c0-62fc-4637-a489-966f0d21cf4f", "state": "480", "customerId": null, "localAmount": 350, "localCurrency": "USD"}, {"chainId": "12334154513789685635", "amount": 295, "createdAt": "2016-06-19T14:20:50+00:00", "shoeSize": "11", "productId": null, "skuUuid": "c02ff7c0-62fc-4637-a489-966f0d21cf4f", "state": "480", "customerId": null, "localAmount": 295, "localCurrency": "USD"}, {"chainId": "12300234980689911145", "amount": 350, "createdAt": "2016-06-19T10:57:16+00:00", "shoeSize": "8.5", "productId": null, "skuUuid": "692705cb-4d04-4ecf-b74e-5359b2559113", "state": "480", "customerId": null, "localAmount": 350, "localCurrency": "USD"}, {"chainId": "12300959818849680382", "amount": 375, "createdAt": "2016-06-19T08:41:37+00:00", "shoeSize": "13", "productId": null, "skuUuid": "cd93b2d2-aa58-4e70-beb2-03dd6beadf8b", "state": "480", "customerId": null, "localAmount": 375, "localCurrency": "USD"}, {"chainId": "12300597248735896546", "amount": 350, "createdAt": "2016-06-19T01:22:17+00:00", "shoeSize": "11", "productId": null, "skuUuid": "c02ff7c0-62fc-4637-a489-966f0d21cf4f", "state": "480", "customerId": null, "localAmount": 350, "localCurrency": "USD"}, {"chainId": "12300476524963160856", "amount": 350, "createdAt": "2016-06-18T19:42:15+00:00", "shoeSize": "11", "productId": null, "skuUuid": "c02ff7c0-62fc-4637-a489-966f0d21cf4f", "state": "480", "customerId": null, "localAmount": 350, "localCurrency": "USD"}, {"chainId": "12300476523890352005", "amount": 350, "createdAt": "2016-06-18T18:55:26+00:00", "shoeSize": "10", "productId": null, "skuUuid": "8a01e512-930e-4837-981c-ec4a3ecea817", "state": "480", "customerId": null, "localAmount": 350, "localCurrency": "USD"}, {"chainId": "12300355763477959812", "amount": 350, "createdAt": "2016-06-18T16:06:29+00:00", "shoeSize": "9.5", "productId": null, "skuUuid": "d3cf7f89-dc97-4f90-96d3-4c55310f1641", "state": "480", "customerId": null, "localAmount": 350, "localCurrency": "USD"}, {"chainId": "12334154509884522687", "amount": 367, "createdAt": "2016-06-18T14:59:22+00:00", "shoeSize": "12", "productId": null, "skuUuid": "73236a51-9ea4-44bf-a89c-12e7fcdb9b4e", "state": "480", "customerId": null, "localAmount": 367, "localCurrency": "USD"}, {"chainId": "12300355760338686163", "amount": 350, "createdAt": "2016-06-18T14:52:18+00:00", "shoeSize": "12", "productId": null, "skuUuid": "73236a51-9ea4-44bf-a89c-12e7fcdb9b4e", "state": "480", "customerId": null, "localAmount": 350, "localCurrency": "USD"}, {"chainId": "12300355762465144462", "amount": 350, "createdAt": "2016-06-18T14:36:27+00:00", "shoeSize": "9", "productId": null, "skuUuid": "49251bb1-775d-4dac-a254-9a8dbfb451bb", "state": "480", "customerId": null, "localAmount": 350, "localCurrency": "USD"}, {"chainId": "12300355761259704516", "amount": 350, "createdAt": "2016-06-18T14:24:52+00:00", "shoeSize": "13", "productId": null, "skuUuid": "cd93b2d2-aa58-4e70-beb2-03dd6beadf8b", "state": "480", "customerId": null, "localAmount": 350, "localCurrency": "USD"}, {"chainId": "12300234979741733103", "amount": 350, "createdAt": "2016-06-18T13:38:29+00:00", "shoeSize": "8", "productId": null, "skuUuid": "c7f8c0e0-0ea3-4b02-8fe5-ca1845231159", "state": "480", "customerId": null, "localAmount": 350, "localCurrency": "USD"}, {"chainId": "12300234978828905146", "amount": 350, "createdAt": "2016-06-18T10:40:41+00:00", "shoeSize": "13", "productId": null, "skuUuid": "cd93b2d2-aa58-4e70-beb2-03dd6beadf8b", "state": "480", "customerId": null, "localAmount": 350, "localCurrency": "USD"}, {"chainId": "12300114080935291120", "amount": 350, "createdAt": "2016-06-18T06:07:43+00:00", "shoeSize": "11", "productId": null, "skuUuid": "c02ff7c0-62fc-4637-a489-966f0d21cf4f", "state": "480", "customerId": null, "localAmount": 350, "localCurrency": "USD"}, {"chainId": "12334154513628877246", "amount": 294, "createdAt": "2016-06-18T00:51:51+00:00", "shoeSize": "9.5", "productId": null, "skuUuid": "d3cf7f89-dc97-4f90-96d3-4c55310f1641", "state": "480", "customerId": null, "localAmount": 294, "localCurrency": "USD"}, {"chainId": "12299872626261731882", "amount": 350, "createdAt": "2016-06-18T00:37:33+00:00", "shoeSize": "11", "productId": null, "skuUuid": "c02ff7c0-62fc-4637-a489-966f0d21cf4f", "state": "480", "customerId": null, "localAmount": 350, "localCurrency": "USD"}, {"chainId": "12299872627248937367", "amount": 350, "createdAt": "2016-06-18T00:31:49+00:00", "shoeSize": "12", "productId": null, "skuUuid": "73236a51-9ea4-44bf-a89c-12e7fcdb9b4e", "state": "480", "customerId": null, "localAmount": 350, "localCurrency": "USD"}, {"chainId": "12299751707947811473", "amount": 350, "createdAt": "2016-06-17T21:33:01+00:00", "shoeSize": "12", "productId": null, "skuUuid": "73236a51-9ea4-44bf-a89c-12e7fcdb9b4e", "state": "480", "customerId": null, "localAmount": 350, "localCurrency": "USD"}, {"chainId": "12299751709066868149", "amount": 350, "createdAt": "2016-06-17T19:37:13+00:00", "shoeSize": "8.5", "productId": null, "skuUuid": "692705cb-4d04-4ecf-b74e-5359b2559113", "state": "480", "customerId": null, "localAmount": 350, "localCurrency": "USD"}, {"chainId": "12299751710176628198", "amount": 350, "createdAt": "2016-06-17T19:01:17+00:00", "shoeSize": "9", "productId": null, "skuUuid": "49251bb1-775d-4dac-a254-9a8dbfb451bb", "state": "480", "customerId": null, "localAmount": 350, "localCurrency": "USD"}, {"chainId": "12334154514124854205", "amount": 293, "createdAt": "2016-06-17T18:27:40+00:00", "shoeSize": "13", "productId": null, "skuUuid": "cd93b2d2-aa58-4e70-beb2-03dd6beadf8b", "state": "480", "customerId": null, "localAmount": 293, "localCurrency": "USD"}, {"chainId": "12334154513976371411", "amount": 295, "createdAt": "2016-06-17T17:57:46+00:00", "shoeSize": "9.5", "productId": null, "skuUuid": "d3cf7f89-dc97-4f90-96d3-4c55310f1641", "state": "480", "customerId": null, "localAmount": 295, "localCurrency": "USD"}, {"chainId": "12299633277967943018", "amount": 375, "createdAt": "2016-06-17T15:55:55+00:00", "shoeSize": "11.5", "productId": null, "skuUuid": "441a8168-f214-49a2-bfca-5cce8ead016b", "state": "480", "customerId": null, "localAmount": 375, "localCurrency": "USD"}, {"chainId": "12334154509573192804", "amount": 366, "createdAt": "2016-06-17T05:59:45+00:00", "shoeSize": "9.5", "productId": null, "skuUuid": "d3cf7f89-dc97-4f90-96d3-4c55310f1641", "state": "480", "customerId": null, "localAmount": 366, "localCurrency": "USD"}, {"chainId": "12334154509254941771", "amount": 337, "createdAt": "2016-06-17T03:15:33+00:00", "shoeSize": "10.5", "productId": null, "skuUuid": "f1d9e901-46f9-4641-896e-fe133911d130", "state": "480", "customerId": null, "localAmount": 337, "localCurrency": "USD"}, {"chainId": "12334154511684252510", "amount": 288, "createdAt": "2016-06-17T01:29:35+00:00", "shoeSize": "8", "productId": null, "skuUuid": "c7f8c0e0-0ea3-4b02-8fe5-ca1845231159", "state": "480", "customerId": null, "localAmount": 288, "localCurrency": "USD"}, {"chainId": "12334154511545883847", "amount": 288, "createdAt": "2016-06-17T01:29:35+00:00", "shoeSize": "9", "productId": null, "skuUuid": "49251bb1-775d-4dac-a254-9a8dbfb451bb", "state": "480", "customerId": null, "localAmount": 288, "localCurrency": "USD"}, {"chainId": "12334154509414517873", "amount": 341, "createdAt": "2016-06-16T18:54:44+00:00", "shoeSize": "9", "productId": null, "skuUuid": "49251bb1-775d-4dac-a254-9a8dbfb451bb", "state": "480", "customerId": null, "localAmount": 341, "localCurrency": "USD"}, {"chainId": "12298906217846900121", "amount": 375, "createdAt": "2016-06-16T16:05:13+00:00", "shoeSize": "8", "productId": null, "skuUuid": "c7f8c0e0-0ea3-4b02-8fe5-ca1845231159", "state": "480", "customerId": null, "localAmount": 375, "localCurrency": "USD"}, {"chainId": "12334154509733249524", "amount": 365, "createdAt": "2016-06-16T14:47:04+00:00", "shoeSize": "10", "productId": null, "skuUuid": "8a01e512-930e-4837-981c-ec4a3ecea817", "state": "480", "customerId": null, "localAmount": 365, "localCurrency": "USD"}, {"chainId": "12298906216925420223", "amount": 375, "createdAt": "2016-06-16T14:02:11+00:00", "shoeSize": "10", "productId": null, "skuUuid": "8a01e512-930e-4837-981c-ec4a3ecea817", "state": "480", "customerId": null, "localAmount": 375, "localCurrency": "USD"}, {"chainId": "12298785515666845367", "amount": 350, "createdAt": "2016-06-16T09:26:50+00:00", "shoeSize": "8.5", "productId": null, "skuUuid": "692705cb-4d04-4ecf-b74e-5359b2559113", "state": "480", "customerId": null, "localAmount": 350, "localCurrency": "USD"}, {"chainId": "12334154510094019573", "amount": 367, "createdAt": "2016-06-16T08:01:34+00:00", "shoeSize": "11.5", "productId": null, "skuUuid": "441a8168-f214-49a2-bfca-5cce8ead016b", "state": "480", "customerId": null, "localAmount": 367, "localCurrency": "USD"}, {"chainId": "12298664680787321954", "amount": 375, "createdAt": "2016-06-16T06:14:51+00:00", "shoeSize": "9", "productId": null, "skuUuid": "49251bb1-775d-4dac-a254-9a8dbfb451bb", "state": "480", "customerId": null, "localAmount": 375, "localCurrency": "USD"}, {"chainId": "12298664676398975576", "amount": 375, "createdAt": "2016-06-16T05:53:53+00:00", "shoeSize": "11.5", "productId": null, "skuUuid": "441a8168-f214-49a2-bfca-5cce8ead016b", "state": "480", "customerId": null, "localAmount": 375, "localCurrency": "USD"}, {"chainId": "12298664675547422470", "amount": 375, "createdAt": "2016-06-16T05:21:23+00:00", "shoeSize": "11", "productId": null, "skuUuid": "c02ff7c0-62fc-4637-a489-966f0d21cf4f", "state": "480", "customerId": null, "localAmount": 375, "localCurrency": "USD"}, {"chainId": "12298664678158333395", "amount": 375, "createdAt": "2016-06-16T05:12:29+00:00", "shoeSize": "13", "productId": null, "skuUuid": "cd93b2d2-aa58-4e70-beb2-03dd6beadf8b", "state": "480", "customerId": null, "localAmount": 375, "localCurrency": "USD"}, {"chainId": "12298664677234648694", "amount": 375, "createdAt": "2016-06-16T04:20:06+00:00", "shoeSize": "12", "productId": null, "skuUuid": "73236a51-9ea4-44bf-a89c-12e7fcdb9b4e", "state": "480", "customerId": null, "localAmount": 375, "localCurrency": "USD"}, {"chainId": "12298181390234690496", "amount": 350, "createdAt": "2016-06-15T17:36:33+00:00", "shoeSize": "9.5", "productId": null, "skuUuid": "d3cf7f89-dc97-4f90-96d3-4c55310f1641", "state": "480", "customerId": null, "localAmount": 350, "localCurrency": "USD"}, {"chainId": "12298181388965498080", "amount": 350, "createdAt": "2016-06-15T16:46:52+00:00", "shoeSize": "10.5", "productId": null, "skuUuid": "f1d9e901-46f9-4641-896e-fe133911d130", "state": "480", "customerId": null, "localAmount": 350, "localCurrency": "USD"}, {"chainId": "12298181390089371295", "amount": 350, "createdAt": "2016-06-15T16:36:08+00:00", "shoeSize": "9.5", "productId": null, "skuUuid": "d3cf7f89-dc97-4f90-96d3-4c55310f1641", "state": "480", "customerId": null, "localAmount": 350, "localCurrency": "USD"}, {"chainId": "12296973416825772499", "amount": 350, "createdAt": "2016-06-14T23:53:41+00:00", "shoeSize": "9", "productId": null, "skuUuid": "49251bb1-775d-4dac-a254-9a8dbfb451bb", "state": "480", "customerId": null, "localAmount": 350, "localCurrency": "USD"}, {"chainId": "12297821549760891371", "amount": 350, "createdAt": "2016-06-14T22:40:11+00:00", "shoeSize": "9.5", "productId": null, "skuUuid": "d3cf7f89-dc97-4f90-96d3-4c55310f1641", "state": "480", "customerId": null, "localAmount": 350, "localCurrency": "USD"}, {"chainId": "12297456549499935387", "amount": 350, "createdAt": "2016-06-14T17:28:20+00:00", "shoeSize": "9", "productId": null, "skuUuid": "49251bb1-775d-4dac-a254-9a8dbfb451bb", "state": "480", "customerId": null, "localAmount": 350, "localCurrency": "USD"}, {"chainId": "12297456548544668397", "amount": 350, "createdAt": "2016-06-14T15:53:49+00:00", "shoeSize": "10.5", "productId": null, "skuUuid": "f1d9e901-46f9-4641-896e-fe133911d130", "state": "480", "customerId": null, "localAmount": 350, "localCurrency": "USD"}, {"chainId": "12334154511398323329", "amount": 306, "createdAt": "2016-06-14T15:43:26+00:00", "shoeSize": "12", "productId": null, "skuUuid": "73236a51-9ea4-44bf-a89c-12e7fcdb9b4e", "state": "480", "customerId": null, "localAmount": 306, "localCurrency": "USD"}, {"chainId": "12297214768868293593", "amount": 350, "createdAt": "2016-06-14T06:29:32+00:00", "shoeSize": "13", "productId": null, "skuUuid": "cd93b2d2-aa58-4e70-beb2-03dd6beadf8b", "state": "480", "customerId": null, "localAmount": 350, "localCurrency": "USD"}, {"chainId": "12297214769943750419", "amount": 350, "createdAt": "2016-06-14T06:25:45+00:00", "shoeSize": "9.5", "productId": null, "skuUuid": "d3cf7f89-dc97-4f90-96d3-4c55310f1641", "state": "480", "customerId": null, "localAmount": 350, "localCurrency": "USD"}, {"chainId": "12297094985311265096", "amount": 350, "createdAt": "2016-06-14T04:53:34+00:00", "shoeSize": "8.5", "productId": null, "skuUuid": "692705cb-4d04-4ecf-b74e-5359b2559113", "state": "480", "customerId": null, "localAmount": 350, "localCurrency": "USD"}, {"chainId": "12296973413868913397", "amount": 350, "createdAt": "2016-06-14T00:28:53+00:00", "shoeSize": "10", "productId": null, "skuUuid": "8a01e512-930e-4837-981c-ec4a3ecea817", "state": "480", "customerId": null, "localAmount": 350, "localCurrency": "USD"}, {"chainId": "12296973415794590213", "amount": 350, "createdAt": "2016-06-13T22:33:09+00:00", "shoeSize": "13", "productId": null, "skuUuid": "cd93b2d2-aa58-4e70-beb2-03dd6beadf8b", "state": "480", "customerId": null, "localAmount": 350, "localCurrency": "USD"}, {"chainId": "12296973414901696310", "amount": 350, "createdAt": "2016-06-13T20:53:24+00:00", "shoeSize": "10.5", "productId": null, "skuUuid": "f1d9e901-46f9-4641-896e-fe133911d130", "state": "480", "customerId": null, "localAmount": 350, "localCurrency": "USD"}, {"chainId": "12296852424121323707", "amount": 350, "createdAt": "2016-06-13T16:47:22+00:00", "shoeSize": "8.5", "productId": null, "skuUuid": "692705cb-4d04-4ecf-b74e-5359b2559113", "state": "480", "customerId": null, "localAmount": 350, "localCurrency": "USD"}, {"chainId": "12296611091592879393", "amount": 350, "createdAt": "2016-06-13T11:38:12+00:00", "shoeSize": "12", "productId": null, "skuUuid": "73236a51-9ea4-44bf-a89c-12e7fcdb9b4e", "state": "480", "customerId": null, "localAmount": 350, "localCurrency": "USD"}, {"chainId": "12296127797704413411", "amount": 350, "createdAt": "2016-06-12T20:41:02+00:00", "shoeSize": "11", "productId": null, "skuUuid": "c02ff7c0-62fc-4637-a489-966f0d21cf4f", "state": "480", "customerId": null, "localAmount": 350, "localCurrency": "USD"}, {"chainId": "12296127798533436175", "amount": 350, "createdAt": "2016-06-12T20:03:10+00:00", "shoeSize": "11.5", "productId": null, "skuUuid": "441a8168-f214-49a2-bfca-5cce8ead016b", "state": "480", "customerId": null, "localAmount": 350, "localCurrency": "USD"}, {"chainId": "12296127800460636486", "amount": 350, "createdAt": "2016-06-12T19:17:32+00:00", "shoeSize": "9", "productId": null, "skuUuid": "49251bb1-775d-4dac-a254-9a8dbfb451bb", "state": "480", "customerId": null, "localAmount": 350, "localCurrency": "USD"}, {"chainId": "12296127796798532581", "amount": 350, "createdAt": "2016-06-12T18:35:36+00:00", "shoeSize": "10", "productId": null, "skuUuid": "8a01e512-930e-4837-981c-ec4a3ecea817", "state": "480", "customerId": null, "localAmount": 350, "localCurrency": "USD"}, {"chainId": "12296127799443500031", "amount": 350, "createdAt": "2016-06-12T17:58:20+00:00", "shoeSize": "7.5", "productId": null, "skuUuid": "3145fa87-0968-4808-b7de-679f9b67e25b", "state": "480", "customerId": null, "localAmount": 350, "localCurrency": "USD"}, {"chainId": "12296007640498750487", "amount": 350, "createdAt": "2016-06-12T16:12:13+00:00", "shoeSize": "8", "productId": null, "skuUuid": "c7f8c0e0-0ea3-4b02-8fe5-ca1845231159", "state": "480", "customerId": null, "localAmount": 350, "localCurrency": "USD"}, {"chainId": "12296007637358348473", "amount": 350, "createdAt": "2016-06-12T14:03:12+00:00", "shoeSize": "10", "productId": null, "skuUuid": "8a01e512-930e-4837-981c-ec4a3ecea817", "state": "480", "customerId": null, "localAmount": 350, "localCurrency": "USD"}, {"chainId": "12296007638591074365", "amount": 350, "createdAt": "2016-06-12T13:49:40+00:00", "shoeSize": "11", "productId": null, "skuUuid": "c02ff7c0-62fc-4637-a489-966f0d21cf4f", "state": "480", "customerId": null, "localAmount": 350, "localCurrency": "USD"}, {"chainId": "12296007638437439820", "amount": 350, "createdAt": "2016-06-12T13:20:01+00:00", "shoeSize": "11", "productId": null, "skuUuid": "c02ff7c0-62fc-4637-a489-966f0d21cf4f", "state": "480", "customerId": null, "localAmount": 350, "localCurrency": "USD"}, {"chainId": "12296007639499009360", "amount": 350, "createdAt": "2016-06-12T12:31:49+00:00", "shoeSize": "12", "productId": null, "skuUuid": "73236a51-9ea4-44bf-a89c-12e7fcdb9b4e", "state": "480", "customerId": null, "localAmount": 350, "localCurrency": "USD"}, {"chainId": "12334154508633892035", "amount": 314, "createdAt": "2016-06-11T21:00:08+00:00", "shoeSize": "9.5", "productId": null, "skuUuid": "d3cf7f89-dc97-4f90-96d3-4c55310f1641", "state": "480", "customerId": null, "localAmount": 314, "localCurrency": "USD"}, {"chainId": "12295283051898610526", "amount": 350, "createdAt": "2016-06-11T14:47:29+00:00", "shoeSize": "9", "productId": null, "skuUuid": "49251bb1-775d-4dac-a254-9a8dbfb451bb", "state": "480", "customerId": null, "localAmount": 350, "localCurrency": "USD"}, {"chainId": "12334154508268845166", "amount": 308, "createdAt": "2016-06-09T17:43:22+00:00", "shoeSize": "9.5", "productId": null, "skuUuid": "d3cf7f89-dc97-4f90-96d3-4c55310f1641", "state": "480", "customerId": null, "localAmount": 308, "localCurrency": "USD"}, {"chainId": "12334154509091384902", "amount": 337, "createdAt": "2016-06-09T17:38:44+00:00", "shoeSize": "10.5", "productId": null, "skuUuid": "f1d9e901-46f9-4641-896e-fe133911d130", "state": "480", "customerId": null, "localAmount": 337, "localCurrency": "USD"}, {"chainId": "12334154508953351330", "amount": 324, "createdAt": "2016-06-09T04:42:27+00:00", "shoeSize": "10.5", "productId": null, "skuUuid": "f1d9e901-46f9-4641-896e-fe133911d130", "state": "480", "customerId": null, "localAmount": 324, "localCurrency": "USD"}, {"chainId": "12334154513307849629", "amount": 303, "createdAt": "2016-06-08T02:56:20+00:00", "shoeSize": "11", "productId": null, "skuUuid": "c02ff7c0-62fc-4637-a489-966f0d21cf4f", "state": "480", "customerId": null, "localAmount": 303, "localCurrency": "USD"}, {"chainId": "12334154511908706699", "amount": 305, "createdAt": "2016-06-06T13:39:04+00:00", "shoeSize": "11", "productId": null, "skuUuid": "c02ff7c0-62fc-4637-a489-966f0d21cf4f", "state": "480", "customerId": null, "localAmount": 305, "localCurrency": "USD"}, {"chainId": "12334154508113815187", "amount": 351, "createdAt": "2016-05-15T17:01:12+00:00", "shoeSize": "11", "productId": null, "skuUuid": "c02ff7c0-62fc-4637-a489-966f0d21cf4f", "state": "480", "customerId": null, "localAmount": 351, "localCurrency": "USD"}, {"chainId": "12334154510764151868", "amount": 399, "createdAt": "2016-05-03T20:02:11+00:00", "shoeSize": "11", "productId": null, "skuUuid": "c02ff7c0-62fc-4637-a489-966f0d21cf4f", "state": "480", "customerId": null, "localAmount": 399, "localCurrency": "USD"}]