[{"chainId": "12984375533802935153", "amount": 67, "createdAt": "2019-01-23T23:24:23+00:00", "shoeSize": "10.5", "productId": null, "skuUuid": "d779ac16-3df4-4009-a0bd-f65ffe25a3cf", "state": "480", "customerId": null, "localAmount": 67, "localCurrency": "USD"}, {"chainId": "12984224221576619687", "amount": 55, "createdAt": "2019-01-18T19:35:47+00:00", "shoeSize": "10.5", "productId": null, "skuUuid": "d779ac16-3df4-4009-a0bd-f65ffe25a3cf", "state": "480", "customerId": null, "localAmount": 55, "localCurrency": "USD"}, {"chainId": "12961261994369135306", "amount": 50, "createdAt": "2019-01-14T19:27:28+00:00", "shoeSize": "12", "productId": null, "skuUuid": "adf2a118-122c-49e5-8b42-9f060a600989", "state": "480", "customerId": null, "localAmount": 50, "localCurrency": "USD"}, {"chainId": "12962440433935425664", "amount": 75, "createdAt": "2019-01-10T23:34:31+00:00", "shoeSize": "11", "productId": null, "skuUuid": "0149e70c-2de1-4320-9ee9-042348a1a61f", "state": "480", "customerId": null, "localAmount": 75, "localCurrency": "USD"}, {"chainId": "12977839122484970677", "amount": 70, "createdAt": "2019-01-10T00:09:44+00:00", "shoeSize": "10", "productId": null, "skuUuid": "e1ae3eb0-81b5-4504-aa18-e24495a5b56f", "state": "480", "customerId": null, "localAmount": 70, "localCurrency": "USD"}, {"chainId": "12967828230242273103", "amount": 79, "createdAt": "2019-01-07T00:20:08+00:00", "shoeSize": "10.5", "productId": null, "skuUuid": "d779ac16-3df4-4009-a0bd-f65ffe25a3cf", "state": "480", "customerId": null, "localAmount": 79, "localCurrency": "USD"}, {"chainId": "12893222839315183334", "amount": 60, "createdAt": "2019-01-03T10:36:39+00:00", "shoeSize": "9", "productId": null, "skuUuid": "0e6f4238-41e5-48f2-9793-c873213bfb8c", "state": "480", "customerId": null, "localAmount": 60, "localCurrency": "USD"}, {"chainId": "12941467944497026773", "amount": 75, "createdAt": "2018-12-31T20:48:00+00:00", "shoeSize": "8.5", "productId": null, "skuUuid": "ed2c4e7d-0f25-4bb7-abc3-2a0e81744fba", "state": "480", "customerId": null, "localAmount": 75, "localCurrency": "USD"}, {"chainId": "12941469113827462903", "amount": 75, "createdAt": "2018-12-31T20:45:34+00:00", "shoeSize": "10", "productId": null, "skuUuid": "e1ae3eb0-81b5-4504-aa18-e24495a5b56f", "state": "480", "customerId": null, "localAmount": 75, "localCurrency": "USD"}, {"chainId": "12818177112044085948", "amount": 75, "createdAt": "2018-12-26T15:47:10+00:00", "shoeSize": "10.5", "productId": null, "skuUuid": "d779ac16-3df4-4009-a0bd-f65ffe25a3cf", "state": "480", "customerId": null, "localAmount": 75, "localCurrency": "USD"}, {"chainId": "12843145884937849255", "amount": 74, "createdAt": "2018-12-26T15:44:51+00:00", "shoeSize": "10.5", "productId": null, "skuUuid": "d779ac16-3df4-4009-a0bd-f65ffe25a3cf", "state": "480", "customerId": null, "localAmount": 74, "localCurrency": "USD"}, {"chainId": "12857533856305989427", "amount": 70, "createdAt": "2018-12-20T04:08:32+00:00", "shoeSize": "11.5", "productId": null, "skuUuid": "4ccc5142-1df8-4e37-b88c-718bdc383b33", "state": "480", "customerId": null, "localAmount": 70, "localCurrency": "USD"}, {"chainId": "12957970355748082859", "amount": 75, "createdAt": "2018-12-17T02:36:02+00:00", "shoeSize": "12", "productId": null, "skuUuid": "adf2a118-122c-49e5-8b42-9f060a600989", "state": "480", "customerId": null, "localAmount": 75, "localCurrency": "USD"}, {"chainId": "12947476639202976996", "amount": 70.4822, "createdAt": "2018-11-29T02:44:55+00:00", "shoeSize": "12", "productId": null, "skuUuid": "adf2a118-122c-49e5-8b42-9f060a600989", "state": "480", "customerId": null, "localAmount": 71, "localCurrency": "USD"}, {"chainId": "12903782686676104351", "amount": 69, "createdAt": "2018-11-26T22:21:04+00:00", "shoeSize": "10.5", "productId": null, "skuUuid": "d779ac16-3df4-4009-a0bd-f65ffe25a3cf", "state": "480", "customerId": null, "localAmount": 69, "localCurrency": "USD"}, {"chainId": "12941467712889039228", "amount": 90, "createdAt": "2018-11-24T18:17:50+00:00", "shoeSize": "8", "productId": null, "skuUuid": "d7e7327f-4f55-4d32-9f4c-abf7e7a03518", "state": "480", "customerId": null, "localAmount": 90, "localCurrency": "USD"}, {"chainId": "12937205441825463779", "amount": 68, "createdAt": "2018-11-23T05:29:44+00:00", "shoeSize": "10.5", "productId": null, "skuUuid": "d779ac16-3df4-4009-a0bd-f65ffe25a3cf", "state": "480", "customerId": null, "localAmount": 68, "localCurrency": "USD"}, {"chainId": "12843111592472522351", "amount": 69, "createdAt": "2018-11-19T21:34:01+00:00", "shoeSize": "10", "productId": null, "skuUuid": "e1ae3eb0-81b5-4504-aa18-e24495a5b56f", "state": "480", "customerId": null, "localAmount": 69, "localCurrency": "USD"}, {"chainId": "12914811680135983281", "amount": 55, "createdAt": "2018-11-19T01:22:25+00:00", "shoeSize": "11", "productId": null, "skuUuid": "0149e70c-2de1-4320-9ee9-042348a1a61f", "state": "480", "customerId": null, "localAmount": 55, "localCurrency": "USD"}, {"chainId": "12931200976189184370", "amount": 90, "createdAt": "2018-11-14T21:43:37+00:00", "shoeSize": "8", "productId": null, "skuUuid": "d7e7327f-4f55-4d32-9f4c-abf7e7a03518", "state": "480", "customerId": null, "localAmount": 90, "localCurrency": "USD"}, {"chainId": "12926401183714057987", "amount": 50, "createdAt": "2018-10-31T00:51:46+00:00", "shoeSize": "10.5", "productId": null, "skuUuid": "d779ac16-3df4-4009-a0bd-f65ffe25a3cf", "state": "480", "customerId": null, "localAmount": 50, "localCurrency": "USD"}, {"chainId": "12905773471726688775", "amount": 95.7107, "createdAt": "2018-10-29T10:46:17+00:00", "shoeSize": "9.5", "productId": null, "skuUuid": "a9e2ca61-5bcd-455e-a7ac-65333ad1dabf", "state": "480", "customerId": null, "localAmount": 96, "localCurrency": "USD"}, {"chainId": "12843146254732061670", "amount": 75, "createdAt": "2018-10-08T02:38:00+00:00", "shoeSize": "11.5", "productId": null, "skuUuid": "4ccc5142-1df8-4e37-b88c-718bdc383b33", "state": "480", "customerId": null, "localAmount": 75, "localCurrency": "USD"}, {"chainId": "12882156291090315285", "amount": 70, "createdAt": "2018-09-29T03:48:26+00:00", "shoeSize": "10.5", "productId": null, "skuUuid": "d779ac16-3df4-4009-a0bd-f65ffe25a3cf", "state": "480", "customerId": null, "localAmount": 70, "localCurrency": "USD"}, {"chainId": "12892903356951668861", "amount": 55, "createdAt": "2018-09-14T19:37:33+00:00", "shoeSize": "11.5", "productId": null, "skuUuid": "4ccc5142-1df8-4e37-b88c-718bdc383b33", "state": "480", "customerId": null, "localAmount": 55, "localCurrency": "USD"}, {"chainId": "12890655279846127419", "amount": 55, "createdAt": "2018-09-11T17:10:58+00:00", "shoeSize": "12", "productId": null, "skuUuid": "adf2a118-122c-49e5-8b42-9f060a600989", "state": "480", "customerId": null, "localAmount": 55, "localCurrency": "USD"}, {"chainId": "12885405613337110747", "amount": 54, "createdAt": "2018-09-11T03:32:12+00:00", "shoeSize": "11", "productId": null, "skuUuid": "0149e70c-2de1-4320-9ee9-042348a1a61f", "state": "480", "customerId": null, "localAmount": 54, "localCurrency": "USD"}, {"chainId": "12882644101439474571", "amount": 50, "createdAt": "2018-09-10T19:44:18+00:00", "shoeSize": "11.5", "productId": null, "skuUuid": "4ccc5142-1df8-4e37-b88c-718bdc383b33", "state": "480", "customerId": null, "localAmount": 50, "localCurrency": "USD"}, {"chainId": "12883087645897591208", "amount": 69, "createdAt": "2018-09-04T17:08:11+00:00", "shoeSize": "10.5", "productId": null, "skuUuid": "d779ac16-3df4-4009-a0bd-f65ffe25a3cf", "state": "480", "customerId": null, "localAmount": 69, "localCurrency": "USD"}, {"chainId": "12882947740779430155", "amount": 75, "createdAt": "2018-09-04T00:17:18+00:00", "shoeSize": "8.5", "productId": null, "skuUuid": "ed2c4e7d-0f25-4bb7-abc3-2a0e81744fba", "state": "480", "customerId": null, "localAmount": 75, "localCurrency": "USD"}, {"chainId": "12815904475891851538", "amount": 65, "createdAt": "2018-09-03T03:36:13+00:00", "shoeSize": "10", "productId": null, "skuUuid": "e1ae3eb0-81b5-4504-aa18-e24495a5b56f", "state": "480", "customerId": null, "localAmount": 65, "localCurrency": "USD"}, {"chainId": "12882679048528411975", "amount": 85, "createdAt": "2018-08-31T17:03:38+00:00", "shoeSize": "13", "productId": null, "skuUuid": "b89c161c-3400-4220-9c6d-46d789284cef", "state": "480", "customerId": null, "localAmount": 85, "localCurrency": "USD"}, {"chainId": "12882644283100445377", "amount": 48, "createdAt": "2018-08-31T15:54:34+00:00", "shoeSize": "11", "productId": null, "skuUuid": "0149e70c-2de1-4320-9ee9-042348a1a61f", "state": "480", "customerId": null, "localAmount": 48, "localCurrency": "USD"}, {"chainId": "12882634347498567643", "amount": 50, "createdAt": "2018-08-31T15:34:50+00:00", "shoeSize": "9.5", "productId": null, "skuUuid": "a9e2ca61-5bcd-455e-a7ac-65333ad1dabf", "state": "480", "customerId": null, "localAmount": 50, "localCurrency": "USD"}, {"chainId": "12856799631007558947", "amount": 70, "createdAt": "2018-08-30T23:01:47+00:00", "shoeSize": "10.5", "productId": null, "skuUuid": "d779ac16-3df4-4009-a0bd-f65ffe25a3cf", "state": "480", "customerId": null, "localAmount": 70, "localCurrency": "USD"}, {"chainId": "12874161652961650570", "amount": 60, "createdAt": "2018-08-24T17:25:42+00:00", "shoeSize": "9.5", "productId": null, "skuUuid": "a9e2ca61-5bcd-455e-a7ac-65333ad1dabf", "state": "480", "customerId": null, "localAmount": 60, "localCurrency": "USD"}, {"chainId": "12871362609070775928", "amount": 65, "createdAt": "2018-08-22T16:15:19+00:00", "shoeSize": "11", "productId": null, "skuUuid": "0149e70c-2de1-4320-9ee9-042348a1a61f", "state": "480", "customerId": null, "localAmount": 65, "localCurrency": "USD"}, {"chainId": "12874754828183777717", "amount": 52, "createdAt": "2018-08-20T18:39:37+00:00", "shoeSize": "11", "productId": null, "skuUuid": "0149e70c-2de1-4320-9ee9-042348a1a61f", "state": "480", "customerId": null, "localAmount": 52, "localCurrency": "USD"}, {"chainId": "12856799992304258918", "amount": 75, "createdAt": "2018-08-19T02:46:28+00:00", "shoeSize": "9.5", "productId": null, "skuUuid": "a9e2ca61-5bcd-455e-a7ac-65333ad1dabf", "state": "480", "customerId": null, "localAmount": 75, "localCurrency": "USD"}, {"chainId": "12864662169116006697", "amount": 82, "createdAt": "2018-08-18T15:48:20+00:00", "shoeSize": "13", "productId": null, "skuUuid": "b89c161c-3400-4220-9c6d-46d789284cef", "state": "480", "customerId": null, "localAmount": 82, "localCurrency": "USD"}, {"chainId": "12844433357879236978", "amount": 40, "createdAt": "2018-08-11T22:28:44+00:00", "shoeSize": "9", "productId": null, "skuUuid": "0e6f4238-41e5-48f2-9793-c873213bfb8c", "state": "480", "customerId": null, "localAmount": 40, "localCurrency": "USD"}, {"chainId": "12844458014547143201", "amount": 40, "createdAt": "2018-08-10T22:44:40+00:00", "shoeSize": "8", "productId": null, "skuUuid": "d7e7327f-4f55-4d32-9f4c-abf7e7a03518", "state": "480", "customerId": null, "localAmount": 40, "localCurrency": "USD"}, {"chainId": "12867629809556394311", "amount": 45, "createdAt": "2018-08-10T22:43:29+00:00", "shoeSize": "11", "productId": null, "skuUuid": "0149e70c-2de1-4320-9ee9-042348a1a61f", "state": "480", "customerId": null, "localAmount": 45, "localCurrency": "USD"}, {"chainId": "12844458224522038752", "amount": 50, "createdAt": "2018-08-09T08:47:48+00:00", "shoeSize": "10.5", "productId": null, "skuUuid": "d779ac16-3df4-4009-a0bd-f65ffe25a3cf", "state": "480", "customerId": null, "localAmount": 50, "localCurrency": "USD"}, {"chainId": "12824276706406297133", "amount": 75, "createdAt": "2018-08-07T18:18:26+00:00", "shoeSize": "14", "productId": null, "skuUuid": "955f2a77-2b07-491e-be79-333ce8536637", "state": "480", "customerId": null, "localAmount": 75, "localCurrency": "USD"}, {"chainId": "12847915422520113645", "amount": 75, "createdAt": "2018-08-07T17:43:50+00:00", "shoeSize": "11", "productId": null, "skuUuid": "0149e70c-2de1-4320-9ee9-042348a1a61f", "state": "480", "customerId": null, "localAmount": 75, "localCurrency": "USD"}, {"chainId": "12864535636930988584", "amount": 55, "createdAt": "2018-08-06T16:15:55+00:00", "shoeSize": "10.5", "productId": null, "skuUuid": "d779ac16-3df4-4009-a0bd-f65ffe25a3cf", "state": "480", "customerId": null, "localAmount": 55, "localCurrency": "USD"}, {"chainId": "12842750109965941851", "amount": 54, "createdAt": "2018-08-05T18:50:53+00:00", "shoeSize": "12", "productId": null, "skuUuid": "adf2a118-122c-49e5-8b42-9f060a600989", "state": "480", "customerId": null, "localAmount": 54, "localCurrency": "USD"}, {"chainId": "12863821224105186246", "amount": 40, "createdAt": "2018-08-05T16:36:33+00:00", "shoeSize": "9.5", "productId": null, "skuUuid": "a9e2ca61-5bcd-455e-a7ac-65333ad1dabf", "state": "480", "customerId": null, "localAmount": 40, "localCurrency": "USD"}, {"chainId": "12861368297726746776", "amount": 47, "createdAt": "2018-08-05T06:06:20+00:00", "shoeSize": "12", "productId": null, "skuUuid": "adf2a118-122c-49e5-8b42-9f060a600989", "state": "480", "customerId": null, "localAmount": 47, "localCurrency": "USD"}, {"chainId": "12862385385541350306", "amount": 45, "createdAt": "2018-08-03T17:03:45+00:00", "shoeSize": "12", "productId": null, "skuUuid": "adf2a118-122c-49e5-8b42-9f060a600989", "state": "480", "customerId": null, "localAmount": 45, "localCurrency": "USD"}, {"chainId": "12834863037958671940", "amount": 50, "createdAt": "2018-07-31T05:15:35+00:00", "shoeSize": "8.5", "productId": null, "skuUuid": "ed2c4e7d-0f25-4bb7-abc3-2a0e81744fba", "state": "480", "customerId": null, "localAmount": 50, "localCurrency": "USD"}, {"chainId": "12852646358414144816", "amount": 55, "createdAt": "2018-07-26T04:45:48+00:00", "shoeSize": "13", "productId": null, "skuUuid": "b89c161c-3400-4220-9c6d-46d789284cef", "state": "480", "customerId": null, "localAmount": 55, "localCurrency": "USD"}, {"chainId": "12853789551234415422", "amount": 69, "createdAt": "2018-07-25T19:20:54+00:00", "shoeSize": "10.5", "productId": null, "skuUuid": "d779ac16-3df4-4009-a0bd-f65ffe25a3cf", "state": "480", "customerId": null, "localAmount": 69, "localCurrency": "USD"}, {"chainId": "12853789722952175310", "amount": 45, "createdAt": "2018-07-25T11:59:01+00:00", "shoeSize": "10.5", "productId": null, "skuUuid": "d779ac16-3df4-4009-a0bd-f65ffe25a3cf", "state": "480", "customerId": null, "localAmount": 45, "localCurrency": "USD"}, {"chainId": "12854339638774970139", "amount": 41, "createdAt": "2018-07-23T14:38:17+00:00", "shoeSize": "10", "productId": null, "skuUuid": "e1ae3eb0-81b5-4504-aa18-e24495a5b56f", "state": "480", "customerId": null, "localAmount": 41, "localCurrency": "USD"}, {"chainId": "12851521438048962792", "amount": 49, "createdAt": "2018-07-23T01:53:23+00:00", "shoeSize": "10", "productId": null, "skuUuid": "e1ae3eb0-81b5-4504-aa18-e24495a5b56f", "state": "480", "customerId": null, "localAmount": 49, "localCurrency": "USD"}, {"chainId": "12853838866920598674", "amount": 42, "createdAt": "2018-07-22T22:03:21+00:00", "shoeSize": "11", "productId": null, "skuUuid": "0149e70c-2de1-4320-9ee9-042348a1a61f", "state": "480", "customerId": null, "localAmount": 42, "localCurrency": "USD"}, {"chainId": "12851514307581595125", "amount": 44, "createdAt": "2018-07-22T19:04:44+00:00", "shoeSize": "10", "productId": null, "skuUuid": "e1ae3eb0-81b5-4504-aa18-e24495a5b56f", "state": "480", "customerId": null, "localAmount": 44, "localCurrency": "USD"}, {"chainId": "12852280829766472674", "amount": 40, "createdAt": "2018-07-20T18:27:50+00:00", "shoeSize": "10", "productId": null, "skuUuid": "e1ae3eb0-81b5-4504-aa18-e24495a5b56f", "state": "480", "customerId": null, "localAmount": 40, "localCurrency": "USD"}, {"chainId": "12851993204849451899", "amount": 50, "createdAt": "2018-07-20T08:56:22+00:00", "shoeSize": "8.5", "productId": null, "skuUuid": "ed2c4e7d-0f25-4bb7-abc3-2a0e81744fba", "state": "480", "customerId": null, "localAmount": 50, "localCurrency": "USD"}, {"chainId": "12851916289922208790", "amount": 45, "createdAt": "2018-07-20T06:23:32+00:00", "shoeSize": "10.5", "productId": null, "skuUuid": "d779ac16-3df4-4009-a0bd-f65ffe25a3cf", "state": "480", "customerId": null, "localAmount": 45, "localCurrency": "USD"}, {"chainId": "12851896001165713650", "amount": 50, "createdAt": "2018-07-20T05:43:14+00:00", "shoeSize": "11", "productId": null, "skuUuid": "0149e70c-2de1-4320-9ee9-042348a1a61f", "state": "480", "customerId": null, "localAmount": 50, "localCurrency": "USD"}, {"chainId": "12851521755591787265", "amount": 55, "createdAt": "2018-07-20T00:03:37+00:00", "shoeSize": "11", "productId": null, "skuUuid": "0149e70c-2de1-4320-9ee9-042348a1a61f", "state": "480", "customerId": null, "localAmount": 55, "localCurrency": "USD"}, {"chainId": "12851521911787080904", "amount": 45, "createdAt": "2018-07-19T23:26:51+00:00", "shoeSize": "11.5", "productId": null, "skuUuid": "4ccc5142-1df8-4e37-b88c-718bdc383b33", "state": "480", "customerId": null, "localAmount": 45, "localCurrency": "USD"}, {"chainId": "12850029829385853223", "amount": 37, "createdAt": "2018-07-17T15:55:30+00:00", "shoeSize": "8.5", "productId": null, "skuUuid": "ed2c4e7d-0f25-4bb7-abc3-2a0e81744fba", "state": "480", "customerId": null, "localAmount": 37, "localCurrency": "USD"}, {"chainId": "12849251117159387730", "amount": 45, "createdAt": "2018-07-16T14:46:04+00:00", "shoeSize": "11", "productId": null, "skuUuid": "0149e70c-2de1-4320-9ee9-042348a1a61f", "state": "480", "customerId": null, "localAmount": 45, "localCurrency": "USD"}, {"chainId": "12846700998720678511", "amount": 55, "createdAt": "2018-07-13T01:41:42+00:00", "shoeSize": "12", "productId": null, "skuUuid": "adf2a118-122c-49e5-8b42-9f060a600989", "state": "480", "customerId": null, "localAmount": 55, "localCurrency": "USD"}, {"chainId": "12845228713105344147", "amount": 50, "createdAt": "2018-07-11T00:56:30+00:00", "shoeSize": "12", "productId": null, "skuUuid": "adf2a118-122c-49e5-8b42-9f060a600989", "state": "480", "customerId": null, "localAmount": 50, "localCurrency": "USD"}, {"chainId": "12845165971437739951", "amount": 43, "createdAt": "2018-07-10T22:51:51+00:00", "shoeSize": "10", "productId": null, "skuUuid": "e1ae3eb0-81b5-4504-aa18-e24495a5b56f", "state": "480", "customerId": null, "localAmount": 43, "localCurrency": "USD"}, {"chainId": "12845030695861714171", "amount": 55, "createdAt": "2018-07-10T18:23:04+00:00", "shoeSize": "11.5", "productId": null, "skuUuid": "4ccc5142-1df8-4e37-b88c-718bdc383b33", "state": "480", "customerId": null, "localAmount": 55, "localCurrency": "USD"}, {"chainId": "12844458423125270230", "amount": 95, "createdAt": "2018-07-10T03:09:14+00:00", "shoeSize": "13", "productId": null, "skuUuid": "b89c161c-3400-4220-9c6d-46d789284cef", "state": "480", "customerId": null, "localAmount": 95, "localCurrency": "USD"}, {"chainId": "12842497188381787518", "amount": 45, "createdAt": "2018-07-09T14:34:51+00:00", "shoeSize": "11", "productId": null, "skuUuid": "0149e70c-2de1-4320-9ee9-042348a1a61f", "state": "480", "customerId": null, "localAmount": 45, "localCurrency": "USD"}, {"chainId": "12805795814752566753", "amount": 80, "createdAt": "2018-07-08T11:51:31+00:00", "shoeSize": "13", "productId": null, "skuUuid": "b89c161c-3400-4220-9c6d-46d789284cef", "state": "480", "customerId": null, "localAmount": 80, "localCurrency": "USD"}, {"chainId": "12799525819208468932", "amount": 75, "createdAt": "2018-07-07T15:29:28+00:00", "shoeSize": "12", "productId": null, "skuUuid": "adf2a118-122c-49e5-8b42-9f060a600989", "state": "480", "customerId": null, "localAmount": 75, "localCurrency": "USD"}, {"chainId": "12799312073642691483", "amount": 99, "createdAt": "2018-07-07T00:49:11+00:00", "shoeSize": "11", "productId": null, "skuUuid": "0149e70c-2de1-4320-9ee9-042348a1a61f", "state": "480", "customerId": null, "localAmount": 99, "localCurrency": "USD"}, {"chainId": "12841541473648567326", "amount": 40, "createdAt": "2018-07-06T22:32:36+00:00", "shoeSize": "10", "productId": null, "skuUuid": "e1ae3eb0-81b5-4504-aa18-e24495a5b56f", "state": "480", "customerId": null, "localAmount": 40, "localCurrency": "USD"}, {"chainId": "12841458947978868133", "amount": 45, "createdAt": "2018-07-05T22:25:58+00:00", "shoeSize": "10.5", "productId": null, "skuUuid": "d779ac16-3df4-4009-a0bd-f65ffe25a3cf", "state": "480", "customerId": null, "localAmount": 45, "localCurrency": "USD"}, {"chainId": "12841298673193258347", "amount": 55, "createdAt": "2018-07-05T14:48:15+00:00", "shoeSize": "11", "productId": null, "skuUuid": "0149e70c-2de1-4320-9ee9-042348a1a61f", "state": "480", "customerId": null, "localAmount": 55, "localCurrency": "USD"}, {"chainId": "12841298358793375674", "amount": 56, "createdAt": "2018-07-05T14:47:36+00:00", "shoeSize": "11", "productId": null, "skuUuid": "0149e70c-2de1-4320-9ee9-042348a1a61f", "state": "480", "customerId": null, "localAmount": 56, "localCurrency": "USD"}, {"chainId": "12841297836932533431", "amount": 59, "createdAt": "2018-07-05T14:46:36+00:00", "shoeSize": "12", "productId": null, "skuUuid": "adf2a118-122c-49e5-8b42-9f060a600989", "state": "480", "customerId": null, "localAmount": 59, "localCurrency": "USD"}, {"chainId": "12803775715660619467", "amount": 83, "createdAt": "2018-06-24T20:13:17+00:00", "shoeSize": "8.5", "productId": null, "skuUuid": "ed2c4e7d-0f25-4bb7-abc3-2a0e81744fba", "state": "480", "customerId": null, "localAmount": 83, "localCurrency": "USD"}, {"chainId": "12831458879541954621", "amount": 70, "createdAt": "2018-06-24T02:56:42+00:00", "shoeSize": "10.5", "productId": null, "skuUuid": "d779ac16-3df4-4009-a0bd-f65ffe25a3cf", "state": "480", "customerId": null, "localAmount": 70, "localCurrency": "USD"}, {"chainId": "12804253030780153169", "amount": 75, "createdAt": "2018-06-14T18:49:08+00:00", "shoeSize": "10.5", "productId": null, "skuUuid": "d779ac16-3df4-4009-a0bd-f65ffe25a3cf", "state": "480", "customerId": null, "localAmount": 75, "localCurrency": "USD"}, {"chainId": "12826191461768981983", "amount": 61, "createdAt": "2018-06-14T18:32:53+00:00", "shoeSize": "10.5", "productId": null, "skuUuid": "d779ac16-3df4-4009-a0bd-f65ffe25a3cf", "state": "480", "customerId": null, "localAmount": 61, "localCurrency": "USD"}, {"chainId": "12823442619293624834", "amount": 70, "createdAt": "2018-06-11T03:21:14+00:00", "shoeSize": "10.5", "productId": null, "skuUuid": "d779ac16-3df4-4009-a0bd-f65ffe25a3cf", "state": "480", "customerId": null, "localAmount": 70, "localCurrency": "USD"}, {"chainId": "12818429310115873132", "amount": 65, "createdAt": "2018-06-06T10:09:49+00:00", "shoeSize": "9.5", "productId": null, "skuUuid": "a9e2ca61-5bcd-455e-a7ac-65333ad1dabf", "state": "480", "customerId": null, "localAmount": 65, "localCurrency": "USD"}, {"chainId": "12817672433433462788", "amount": 70, "createdAt": "2018-06-03T00:27:08+00:00", "shoeSize": "12", "productId": null, "skuUuid": "adf2a118-122c-49e5-8b42-9f060a600989", "state": "480", "customerId": null, "localAmount": 70, "localCurrency": "USD"}, {"chainId": "12799311126000687395", "amount": 85, "createdAt": "2018-05-28T20:15:54+00:00", "shoeSize": "9.5", "productId": null, "skuUuid": "a9e2ca61-5bcd-455e-a7ac-65333ad1dabf", "state": "480", "customerId": null, "localAmount": 85, "localCurrency": "USD"}, {"chainId": "12811886969068455453", "amount": 70, "createdAt": "2018-05-26T00:52:25+00:00", "shoeSize": "12", "productId": null, "skuUuid": "adf2a118-122c-49e5-8b42-9f060a600989", "state": "480", "customerId": null, "localAmount": 70, "localCurrency": "USD"}, {"chainId": "12802567005571967984", "amount": 60, "createdAt": "2018-05-25T15:49:28+00:00", "shoeSize": "9.5", "productId": null, "skuUuid": "a9e2ca61-5bcd-455e-a7ac-65333ad1dabf", "state": "480", "customerId": null, "localAmount": 60, "localCurrency": "USD"}, {"chainId": "12809331750067572175", "amount": 58, "createdAt": "2018-05-22T12:15:40+00:00", "shoeSize": "9.5", "productId": null, "skuUuid": "a9e2ca61-5bcd-455e-a7ac-65333ad1dabf", "state": "480", "customerId": null, "localAmount": 58, "localCurrency": "USD"}, {"chainId": "12805288864502220526", "amount": 75, "createdAt": "2018-05-16T22:23:11+00:00", "shoeSize": "11", "productId": null, "skuUuid": "0149e70c-2de1-4320-9ee9-042348a1a61f", "state": "480", "customerId": null, "localAmount": 75, "localCurrency": "USD"}, {"chainId": "12681241674343081891", "amount": 95, "createdAt": "2018-05-13T22:08:27+00:00", "shoeSize": "11", "productId": null, "skuUuid": "0149e70c-2de1-4320-9ee9-042348a1a61f", "state": "480", "customerId": null, "localAmount": 95, "localCurrency": "USD"}, {"chainId": "12802164864778889203", "amount": 35, "createdAt": "2018-05-12T14:56:21+00:00", "shoeSize": "11", "productId": null, "skuUuid": "0149e70c-2de1-4320-9ee9-042348a1a61f", "state": "480", "customerId": null, "localAmount": 35, "localCurrency": "USD"}, {"chainId": "12799312215658276873", "amount": 85, "createdAt": "2018-05-09T05:27:40+00:00", "shoeSize": "13", "productId": null, "skuUuid": "b89c161c-3400-4220-9c6d-46d789284cef", "state": "480", "customerId": null, "localAmount": 85, "localCurrency": "USD"}, {"chainId": "12797166273804403560", "amount": 70, "createdAt": "2018-05-05T17:32:48+00:00", "shoeSize": "7", "productId": null, "skuUuid": "3110cff6-e93c-4e5d-b98c-12b6c96ff281", "state": "480", "customerId": null, "localAmount": 70, "localCurrency": "USD"}, {"chainId": "12768139961338502072", "amount": 45, "createdAt": "2018-05-01T05:13:54+00:00", "shoeSize": "8", "productId": null, "skuUuid": "d7e7327f-4f55-4d32-9f4c-abf7e7a03518", "state": "480", "customerId": null, "localAmount": 45, "localCurrency": "USD"}, {"chainId": "12771110587799294980", "amount": 45, "createdAt": "2018-04-26T20:30:45+00:00", "shoeSize": "10.5", "productId": null, "skuUuid": "d779ac16-3df4-4009-a0bd-f65ffe25a3cf", "state": "480", "customerId": null, "localAmount": 45, "localCurrency": "USD"}, {"chainId": "12778670403123961589", "amount": 46, "createdAt": "2018-04-25T18:53:31+00:00", "shoeSize": "10", "productId": null, "skuUuid": "e1ae3eb0-81b5-4504-aa18-e24495a5b56f", "state": "480", "customerId": null, "localAmount": 46, "localCurrency": "USD"}, {"chainId": "12787947375027155293", "amount": 30, "createdAt": "2018-04-23T00:08:42+00:00", "shoeSize": "11", "productId": null, "skuUuid": "0149e70c-2de1-4320-9ee9-042348a1a61f", "state": "480", "customerId": null, "localAmount": 30, "localCurrency": "USD"}, {"chainId": "12778930684160096028", "amount": 45, "createdAt": "2018-04-22T19:47:08+00:00", "shoeSize": "9.5", "productId": null, "skuUuid": "a9e2ca61-5bcd-455e-a7ac-65333ad1dabf", "state": "480", "customerId": null, "localAmount": 45, "localCurrency": "USD"}, {"chainId": "12775718364733020427", "amount": 45, "createdAt": "2018-04-22T19:46:38+00:00", "shoeSize": "11", "productId": null, "skuUuid": "0149e70c-2de1-4320-9ee9-042348a1a61f", "state": "480", "customerId": null, "localAmount": 45, "localCurrency": "USD"}, {"chainId": "12778670525950524658", "amount": 70, "createdAt": "2018-04-14T19:34:32+00:00", "shoeSize": "10.5", "productId": null, "skuUuid": "d779ac16-3df4-4009-a0bd-f65ffe25a3cf", "state": "480", "customerId": null, "localAmount": 70, "localCurrency": "USD"}, {"chainId": "12768140270938140143", "amount": 45, "createdAt": "2018-04-09T17:41:30+00:00", "shoeSize": "10", "productId": null, "skuUuid": "e1ae3eb0-81b5-4504-aa18-e24495a5b56f", "state": "480", "customerId": null, "localAmount": 45, "localCurrency": "USD"}, {"chainId": "12777819398004582746", "amount": 46, "createdAt": "2018-04-09T00:47:22+00:00", "shoeSize": "9.5", "productId": null, "skuUuid": "a9e2ca61-5bcd-455e-a7ac-65333ad1dabf", "state": "480", "customerId": null, "localAmount": 46, "localCurrency": "USD"}, {"chainId": "12768140547560684812", "amount": 75, "createdAt": "2018-03-28T07:52:44+00:00", "shoeSize": "10.5", "productId": null, "skuUuid": "d779ac16-3df4-4009-a0bd-f65ffe25a3cf", "state": "480", "customerId": null, "localAmount": 75, "localCurrency": "USD"}, {"chainId": "12768140381941843253", "amount": 57, "createdAt": "2018-03-26T16:15:46+00:00", "shoeSize": "10.5", "productId": null, "skuUuid": "d779ac16-3df4-4009-a0bd-f65ffe25a3cf", "state": "480", "customerId": null, "localAmount": 57, "localCurrency": "USD"}, {"chainId": "12768140156461230616", "amount": 43, "createdAt": "2018-03-26T16:15:18+00:00", "shoeSize": "10", "productId": null, "skuUuid": "e1ae3eb0-81b5-4504-aa18-e24495a5b56f", "state": "480", "customerId": null, "localAmount": 43, "localCurrency": "USD"}, {"chainId": "12748840508951374166", "amount": 42, "createdAt": "2018-03-04T23:18:06+00:00", "shoeSize": "10.5", "productId": null, "skuUuid": "d779ac16-3df4-4009-a0bd-f65ffe25a3cf", "state": "480", "customerId": null, "localAmount": 42, "localCurrency": "USD"}, {"chainId": "12732211189294842394", "amount": 95, "createdAt": "2018-02-04T17:06:17+00:00", "shoeSize": "9", "productId": null, "skuUuid": "0e6f4238-41e5-48f2-9793-c873213bfb8c", "state": "480", "customerId": null, "localAmount": 95, "localCurrency": "USD"}, {"chainId": "12726926837195998319", "amount": 40, "createdAt": "2018-02-03T17:17:02+00:00", "shoeSize": "9.5", "productId": null, "skuUuid": "a9e2ca61-5bcd-455e-a7ac-65333ad1dabf", "state": "480", "customerId": null, "localAmount": 40, "localCurrency": "USD"}, {"chainId": "12728708637290107697", "amount": 90, "createdAt": "2018-01-30T19:52:04+00:00", "shoeSize": "10", "productId": null, "skuUuid": "e1ae3eb0-81b5-4504-aa18-e24495a5b56f", "state": "480", "customerId": null, "localAmount": 90, "localCurrency": "USD"}, {"chainId": "12728708639377339040", "amount": 95, "createdAt": "2018-01-30T19:34:11+00:00", "shoeSize": "9", "productId": null, "skuUuid": "0e6f4238-41e5-48f2-9793-c873213bfb8c", "state": "480", "customerId": null, "localAmount": 95, "localCurrency": "USD"}, {"chainId": "12727259407474231816", "amount": 90, "createdAt": "2018-01-28T19:05:35+00:00", "shoeSize": "10", "productId": null, "skuUuid": "e1ae3eb0-81b5-4504-aa18-e24495a5b56f", "state": "480", "customerId": null, "localAmount": 90, "localCurrency": "USD"}, {"chainId": "12727259411489464099", "amount": 95, "createdAt": "2018-01-28T18:10:30+00:00", "shoeSize": "9.5", "productId": null, "skuUuid": "a9e2ca61-5bcd-455e-a7ac-65333ad1dabf", "state": "480", "customerId": null, "localAmount": 95, "localCurrency": "USD"}, {"chainId": "12727259409499944779", "amount": 95, "createdAt": "2018-01-28T17:47:30+00:00", "shoeSize": "10.5", "productId": null, "skuUuid": "d779ac16-3df4-4009-a0bd-f65ffe25a3cf", "state": "480", "customerId": null, "localAmount": 95, "localCurrency": "USD"}, {"chainId": "12723767388381445273", "amount": 120, "createdAt": "2018-01-23T21:09:06+00:00", "shoeSize": "11", "productId": null, "skuUuid": "0149e70c-2de1-4320-9ee9-042348a1a61f", "state": "480", "customerId": null, "localAmount": 120, "localCurrency": "USD"}, {"chainId": "12722439670569734809", "amount": 95, "createdAt": "2018-01-22T02:08:36+00:00", "shoeSize": "9", "productId": null, "skuUuid": "0e6f4238-41e5-48f2-9793-c873213bfb8c", "state": "480", "customerId": null, "localAmount": 95, "localCurrency": "USD"}, {"chainId": "12722439672453483388", "amount": 95, "createdAt": "2018-01-22T01:57:45+00:00", "shoeSize": "9.5", "productId": null, "skuUuid": "a9e2ca61-5bcd-455e-a7ac-65333ad1dabf", "state": "480", "customerId": null, "localAmount": 95, "localCurrency": "USD"}, {"chainId": "12720628987429012022", "amount": 95, "createdAt": "2018-01-19T12:47:27+00:00", "shoeSize": "8.5", "productId": null, "skuUuid": "ed2c4e7d-0f25-4bb7-abc3-2a0e81744fba", "state": "480", "customerId": null, "localAmount": 95, "localCurrency": "USD"}, {"chainId": "12718332479638880690", "amount": 84, "createdAt": "2018-01-16T09:48:15+00:00", "shoeSize": "10", "productId": null, "skuUuid": "e1ae3eb0-81b5-4504-aa18-e24495a5b56f", "state": "480", "customerId": null, "localAmount": 84, "localCurrency": "USD"}, {"chainId": "12606562863331826823", "amount": 100, "createdAt": "2018-01-16T02:26:30+00:00", "shoeSize": "10", "productId": null, "skuUuid": "e1ae3eb0-81b5-4504-aa18-e24495a5b56f", "state": "480", "customerId": null, "localAmount": 100, "localCurrency": "USD"}, {"chainId": "12693814192349706554", "amount": 84, "createdAt": "2018-01-13T03:15:11+00:00", "shoeSize": "10", "productId": null, "skuUuid": "e1ae3eb0-81b5-4504-aa18-e24495a5b56f", "state": "480", "customerId": null, "localAmount": 84, "localCurrency": "USD"}, {"chainId": "12713986426889079434", "amount": 84, "createdAt": "2018-01-12T19:27:56+00:00", "shoeSize": "9.5", "productId": null, "skuUuid": "a9e2ca61-5bcd-455e-a7ac-65333ad1dabf", "state": "480", "customerId": null, "localAmount": 84, "localCurrency": "USD"}, {"chainId": "12659760271292503088", "amount": 84, "createdAt": "2018-01-12T09:42:18+00:00", "shoeSize": "8.5", "productId": null, "skuUuid": "ed2c4e7d-0f25-4bb7-abc3-2a0e81744fba", "state": "480", "customerId": null, "localAmount": 84, "localCurrency": "USD"}, {"chainId": "12714711432815115385", "amount": 95, "createdAt": "2018-01-11T09:22:23+00:00", "shoeSize": "8", "productId": null, "skuUuid": "d7e7327f-4f55-4d32-9f4c-abf7e7a03518", "state": "480", "customerId": null, "localAmount": 95, "localCurrency": "USD"}, {"chainId": "12710604312729307962", "amount": 84, "createdAt": "2018-01-08T12:15:43+00:00", "shoeSize": "9.5", "productId": null, "skuUuid": "a9e2ca61-5bcd-455e-a7ac-65333ad1dabf", "state": "480", "customerId": null, "localAmount": 84, "localCurrency": "USD"}, {"chainId": "12710604110632831347", "amount": 100, "createdAt": "2018-01-05T17:50:59+00:00", "shoeSize": "12", "productId": null, "skuUuid": "adf2a118-122c-49e5-8b42-9f060a600989", "state": "480", "customerId": null, "localAmount": 100, "localCurrency": "USD"}, {"chainId": "12707460577791614736", "amount": 84, "createdAt": "2018-01-01T12:43:54+00:00", "shoeSize": "8", "productId": null, "skuUuid": "d7e7327f-4f55-4d32-9f4c-abf7e7a03518", "state": "480", "customerId": null, "localAmount": 84, "localCurrency": "USD"}, {"chainId": "12707460508058176652", "amount": 95, "createdAt": "2018-01-01T12:04:50+00:00", "shoeSize": "10", "productId": null, "skuUuid": "e1ae3eb0-81b5-4504-aa18-e24495a5b56f", "state": "480", "customerId": null, "localAmount": 95, "localCurrency": "USD"}, {"chainId": "12661694035003756199", "amount": 73, "createdAt": "2018-01-01T00:32:30+00:00", "shoeSize": "10", "productId": null, "skuUuid": "e1ae3eb0-81b5-4504-aa18-e24495a5b56f", "state": "480", "customerId": null, "localAmount": 73, "localCurrency": "USD"}, {"chainId": "12706735446452894280", "amount": 73, "createdAt": "2017-12-31T12:28:43+00:00", "shoeSize": "9.5", "productId": null, "skuUuid": "a9e2ca61-5bcd-455e-a7ac-65333ad1dabf", "state": "480", "customerId": null, "localAmount": 73, "localCurrency": "USD"}, {"chainId": "12699961078608961182", "amount": 69, "createdAt": "2017-12-31T04:00:10+00:00", "shoeSize": "10", "productId": null, "skuUuid": "e1ae3eb0-81b5-4504-aa18-e24495a5b56f", "state": "480", "customerId": null, "localAmount": 69, "localCurrency": "USD"}, {"chainId": "12706011216506696186", "amount": 90, "createdAt": "2017-12-30T08:40:43+00:00", "shoeSize": "10", "productId": null, "skuUuid": "e1ae3eb0-81b5-4504-aa18-e24495a5b56f", "state": "480", "customerId": null, "localAmount": 90, "localCurrency": "USD"}, {"chainId": "12705769227291133645", "amount": 84, "createdAt": "2017-12-30T03:42:29+00:00", "shoeSize": "9.5", "productId": null, "skuUuid": "a9e2ca61-5bcd-455e-a7ac-65333ad1dabf", "state": "480", "customerId": null, "localAmount": 84, "localCurrency": "USD"}, {"chainId": "12694538668733122970", "amount": 84, "createdAt": "2017-12-29T18:56:48+00:00", "shoeSize": "13", "productId": null, "skuUuid": "b89c161c-3400-4220-9c6d-46d789284cef", "state": "480", "customerId": null, "localAmount": 84, "localCurrency": "USD"}, {"chainId": "12693814194192559844", "amount": 84, "createdAt": "2017-12-29T12:34:02+00:00", "shoeSize": "8", "productId": null, "skuUuid": "d7e7327f-4f55-4d32-9f4c-abf7e7a03518", "state": "480", "customerId": null, "localAmount": 84, "localCurrency": "USD"}, {"chainId": "12705165853263860606", "amount": 95, "createdAt": "2017-12-29T03:12:00+00:00", "shoeSize": "8.5", "productId": null, "skuUuid": "ed2c4e7d-0f25-4bb7-abc3-2a0e81744fba", "state": "480", "customerId": null, "localAmount": 95, "localCurrency": "USD"}, {"chainId": "12700939317987245257", "amount": 84, "createdAt": "2017-12-27T00:47:29+00:00", "shoeSize": "9.5", "productId": null, "skuUuid": "a9e2ca61-5bcd-455e-a7ac-65333ad1dabf", "state": "480", "customerId": null, "localAmount": 84, "localCurrency": "USD"}, {"chainId": "12703234975903980090", "amount": 120, "createdAt": "2017-12-26T19:10:43+00:00", "shoeSize": "11", "productId": null, "skuUuid": "0149e70c-2de1-4320-9ee9-042348a1a61f", "state": "480", "customerId": null, "localAmount": 120, "localCurrency": "USD"}, {"chainId": "12679455788864630067", "amount": 84, "createdAt": "2017-12-24T14:42:03+00:00", "shoeSize": "9.5", "productId": null, "skuUuid": "a9e2ca61-5bcd-455e-a7ac-65333ad1dabf", "state": "480", "customerId": null, "localAmount": 84, "localCurrency": "USD"}, {"chainId": "12701422383238336099", "amount": 84, "createdAt": "2017-12-24T04:10:31+00:00", "shoeSize": "9", "productId": null, "skuUuid": "0e6f4238-41e5-48f2-9793-c873213bfb8c", "state": "480", "customerId": null, "localAmount": 84, "localCurrency": "USD"}, {"chainId": "12701180922477988238", "amount": 84, "createdAt": "2017-12-23T23:59:53+00:00", "shoeSize": "10.5", "productId": null, "skuUuid": "d779ac16-3df4-4009-a0bd-f65ffe25a3cf", "state": "480", "customerId": null, "localAmount": 84, "localCurrency": "USD"}, {"chainId": "12700939315812662339", "amount": 93, "createdAt": "2017-12-23T11:48:34+00:00", "shoeSize": "9", "productId": null, "skuUuid": "0e6f4238-41e5-48f2-9793-c873213bfb8c", "state": "480", "customerId": null, "localAmount": 93, "localCurrency": "USD"}, {"chainId": "12694538670543771582", "amount": 93, "createdAt": "2017-12-23T02:42:51+00:00", "shoeSize": "8", "productId": null, "skuUuid": "d7e7327f-4f55-4d32-9f4c-abf7e7a03518", "state": "480", "customerId": null, "localAmount": 93, "localCurrency": "USD"}, {"chainId": "12699911138683108915", "amount": 69, "createdAt": "2017-12-22T14:19:04+00:00", "shoeSize": "10", "productId": null, "skuUuid": "e1ae3eb0-81b5-4504-aa18-e24495a5b56f", "state": "480", "customerId": null, "localAmount": 69, "localCurrency": "USD"}, {"chainId": "12686563548521883770", "amount": 93, "createdAt": "2017-12-22T10:37:39+00:00", "shoeSize": "9", "productId": null, "skuUuid": "0e6f4238-41e5-48f2-9793-c873213bfb8c", "state": "480", "customerId": null, "localAmount": 93, "localCurrency": "USD"}, {"chainId": "12700095284429200542", "amount": 93, "createdAt": "2017-12-22T07:15:30+00:00", "shoeSize": "9.5", "productId": null, "skuUuid": "a9e2ca61-5bcd-455e-a7ac-65333ad1dabf", "state": "480", "customerId": null, "localAmount": 93, "localCurrency": "USD"}, {"chainId": "12698655929073019516", "amount": 68, "createdAt": "2017-12-22T05:00:41+00:00", "shoeSize": "10", "productId": null, "skuUuid": "e1ae3eb0-81b5-4504-aa18-e24495a5b56f", "state": "480", "customerId": null, "localAmount": 68, "localCurrency": "USD"}, {"chainId": "12699731794979206993", "amount": 93, "createdAt": "2017-12-21T22:34:22+00:00", "shoeSize": "10.5", "productId": null, "skuUuid": "d779ac16-3df4-4009-a0bd-f65ffe25a3cf", "state": "480", "customerId": null, "localAmount": 93, "localCurrency": "USD"}, {"chainId": "12698525032534575434", "amount": 93, "createdAt": "2017-12-20T04:40:22+00:00", "shoeSize": "9.5", "productId": null, "skuUuid": "a9e2ca61-5bcd-455e-a7ac-65333ad1dabf", "state": "480", "customerId": null, "localAmount": 93, "localCurrency": "USD"}, {"chainId": "12694538672345507603", "amount": 93, "createdAt": "2017-12-19T23:35:57+00:00", "shoeSize": "9.5", "productId": null, "skuUuid": "a9e2ca61-5bcd-455e-a7ac-65333ad1dabf", "state": "480", "customerId": null, "localAmount": 93, "localCurrency": "USD"}, {"chainId": "12694538663173543275", "amount": 93, "createdAt": "2017-12-19T14:54:07+00:00", "shoeSize": "10.5", "productId": null, "skuUuid": "d779ac16-3df4-4009-a0bd-f65ffe25a3cf", "state": "480", "customerId": null, "localAmount": 93, "localCurrency": "USD"}, {"chainId": "12621823783287249894", "amount": 93, "createdAt": "2017-12-16T04:33:02+00:00", "shoeSize": "9", "productId": null, "skuUuid": "0e6f4238-41e5-48f2-9793-c873213bfb8c", "state": "480", "customerId": null, "localAmount": 93, "localCurrency": "USD"}, {"chainId": "12694538664989750884", "amount": 93, "createdAt": "2017-12-15T16:55:44+00:00", "shoeSize": "11", "productId": null, "skuUuid": "0149e70c-2de1-4320-9ee9-042348a1a61f", "state": "480", "customerId": null, "localAmount": 93, "localCurrency": "USD"}, {"chainId": "12657223522579697345", "amount": 68, "createdAt": "2017-12-13T03:25:27+00:00", "shoeSize": "10", "productId": null, "skuUuid": "e1ae3eb0-81b5-4504-aa18-e24495a5b56f", "state": "480", "customerId": null, "localAmount": 68, "localCurrency": "USD"}, {"chainId": "12693210649022217614", "amount": 93, "createdAt": "2017-12-12T22:20:31+00:00", "shoeSize": "10", "productId": null, "skuUuid": "e1ae3eb0-81b5-4504-aa18-e24495a5b56f", "state": "480", "customerId": null, "localAmount": 93, "localCurrency": "USD"}, {"chainId": "12693089144353616830", "amount": 71, "createdAt": "2017-12-12T13:38:09+00:00", "shoeSize": "9", "productId": null, "skuUuid": "0e6f4238-41e5-48f2-9793-c873213bfb8c", "state": "480", "customerId": null, "localAmount": 71, "localCurrency": "USD"}, {"chainId": "12692605477066277463", "amount": 100, "createdAt": "2017-12-12T01:26:55+00:00", "shoeSize": "13", "productId": null, "skuUuid": "b89c161c-3400-4220-9c6d-46d789284cef", "state": "480", "customerId": null, "localAmount": 100, "localCurrency": "USD"}, {"chainId": "12692605586030393095", "amount": 93, "createdAt": "2017-12-11T23:57:42+00:00", "shoeSize": "13", "productId": null, "skuUuid": "b89c161c-3400-4220-9c6d-46d789284cef", "state": "480", "customerId": null, "localAmount": 93, "localCurrency": "USD"}, {"chainId": "12692605478813362083", "amount": 95, "createdAt": "2017-12-11T23:26:43+00:00", "shoeSize": "7.5", "productId": null, "skuUuid": "eb9b8a0f-e8c9-4ea8-85f0-85a47d43ba86", "state": "480", "customerId": null, "localAmount": 95, "localCurrency": "USD"}, {"chainId": "12692605475323929687", "amount": 90, "createdAt": "2017-12-11T22:46:23+00:00", "shoeSize": "10", "productId": null, "skuUuid": "e1ae3eb0-81b5-4504-aa18-e24495a5b56f", "state": "480", "customerId": null, "localAmount": 90, "localCurrency": "USD"}, {"chainId": "12692240463368619301", "amount": 93, "createdAt": "2017-12-11T16:30:52+00:00", "shoeSize": "9.5", "productId": null, "skuUuid": "a9e2ca61-5bcd-455e-a7ac-65333ad1dabf", "state": "480", "customerId": null, "localAmount": 93, "localCurrency": "USD"}, {"chainId": "12667010638083891256", "amount": 93, "createdAt": "2017-12-11T15:18:19+00:00", "shoeSize": "12", "productId": null, "skuUuid": "adf2a118-122c-49e5-8b42-9f060a600989", "state": "480", "customerId": null, "localAmount": 93, "localCurrency": "USD"}, {"chainId": "12659760266586711450", "amount": 93, "createdAt": "2017-12-09T23:15:48+00:00", "shoeSize": "10.5", "productId": null, "skuUuid": "d779ac16-3df4-4009-a0bd-f65ffe25a3cf", "state": "480", "customerId": null, "localAmount": 93, "localCurrency": "USD"}, {"chainId": "12679920489864449385", "amount": 93, "createdAt": "2017-12-09T22:29:51+00:00", "shoeSize": "9", "productId": null, "skuUuid": "0e6f4238-41e5-48f2-9793-c873213bfb8c", "state": "480", "customerId": null, "localAmount": 93, "localCurrency": "USD"}, {"chainId": "12689361863584197269", "amount": 93, "createdAt": "2017-12-07T15:43:30+00:00", "shoeSize": "11", "productId": null, "skuUuid": "0149e70c-2de1-4320-9ee9-042348a1a61f", "state": "480", "customerId": null, "localAmount": 93, "localCurrency": "USD"}, {"chainId": "12689361642201145708", "amount": 95, "createdAt": "2017-12-07T09:43:47+00:00", "shoeSize": "10.5", "productId": null, "skuUuid": "d779ac16-3df4-4009-a0bd-f65ffe25a3cf", "state": "480", "customerId": null, "localAmount": 95, "localCurrency": "USD"}, {"chainId": "12680060201912061138", "amount": 60, "createdAt": "2017-12-06T13:03:08+00:00", "shoeSize": "10", "productId": null, "skuUuid": "e1ae3eb0-81b5-4504-aa18-e24495a5b56f", "state": "480", "customerId": null, "localAmount": 60, "localCurrency": "USD"}, {"chainId": "12677642160699082140", "amount": 95, "createdAt": "2017-12-06T10:58:06+00:00", "shoeSize": "10.5", "productId": null, "skuUuid": "d779ac16-3df4-4009-a0bd-f65ffe25a3cf", "state": "480", "customerId": null, "localAmount": 95, "localCurrency": "USD"}, {"chainId": "12687529741967718098", "amount": 100, "createdAt": "2017-12-04T21:49:41+00:00", "shoeSize": "13", "productId": null, "skuUuid": "b89c161c-3400-4220-9c6d-46d789284cef", "state": "480", "customerId": null, "localAmount": 100, "localCurrency": "USD"}, {"chainId": "12687288629545291538", "amount": 93, "createdAt": "2017-12-04T15:26:31+00:00", "shoeSize": "13", "productId": null, "skuUuid": "b89c161c-3400-4220-9c6d-46d789284cef", "state": "480", "customerId": null, "localAmount": 93, "localCurrency": "USD"}, {"chainId": "12685717968393236820", "amount": 120, "createdAt": "2017-12-02T13:18:07+00:00", "shoeSize": "11", "productId": null, "skuUuid": "0149e70c-2de1-4320-9ee9-042348a1a61f", "state": "480", "customerId": null, "localAmount": 120, "localCurrency": "USD"}, {"chainId": "12685717968495157533", "amount": 120, "createdAt": "2017-12-02T12:43:39+00:00", "shoeSize": "11", "productId": null, "skuUuid": "0149e70c-2de1-4320-9ee9-042348a1a61f", "state": "480", "customerId": null, "localAmount": 120, "localCurrency": "USD"}, {"chainId": "12684753177009089641", "amount": 93, "createdAt": "2017-12-01T02:49:35+00:00", "shoeSize": "8", "productId": null, "skuUuid": "d7e7327f-4f55-4d32-9f4c-abf7e7a03518", "state": "480", "customerId": null, "localAmount": 93, "localCurrency": "USD"}, {"chainId": "12683907374604442219", "amount": 105, "createdAt": "2017-11-29T20:37:23+00:00", "shoeSize": "11.5", "productId": null, "skuUuid": "4ccc5142-1df8-4e37-b88c-718bdc383b33", "state": "480", "customerId": null, "localAmount": 105, "localCurrency": "USD"}, {"chainId": "12683546060562335367", "amount": 93, "createdAt": "2017-11-29T11:52:32+00:00", "shoeSize": "9", "productId": null, "skuUuid": "0e6f4238-41e5-48f2-9793-c873213bfb8c", "state": "480", "customerId": null, "localAmount": 93, "localCurrency": "USD"}, {"chainId": "12683061403606197178", "amount": 100, "createdAt": "2017-11-28T20:31:13+00:00", "shoeSize": "12", "productId": null, "skuUuid": "adf2a118-122c-49e5-8b42-9f060a600989", "state": "480", "customerId": null, "localAmount": 100, "localCurrency": "USD"}, {"chainId": "12681007535581897018", "amount": 93, "createdAt": "2017-11-26T10:22:41+00:00", "shoeSize": "10", "productId": null, "skuUuid": "e1ae3eb0-81b5-4504-aa18-e24495a5b56f", "state": "480", "customerId": null, "localAmount": 93, "localCurrency": "USD"}, {"chainId": "12681249220274737581", "amount": 90, "createdAt": "2017-11-26T06:43:25+00:00", "shoeSize": "10", "productId": null, "skuUuid": "e1ae3eb0-81b5-4504-aa18-e24495a5b56f", "state": "480", "customerId": null, "localAmount": 90, "localCurrency": "USD"}, {"chainId": "12676100003871114421", "amount": 70, "createdAt": "2017-11-25T02:23:58+00:00", "shoeSize": "10", "productId": null, "skuUuid": "e1ae3eb0-81b5-4504-aa18-e24495a5b56f", "state": "480", "customerId": null, "localAmount": 70, "localCurrency": "USD"}, {"chainId": "12680403442461952416", "amount": 95, "createdAt": "2017-11-25T01:25:03+00:00", "shoeSize": "10.5", "productId": null, "skuUuid": "d779ac16-3df4-4009-a0bd-f65ffe25a3cf", "state": "480", "customerId": null, "localAmount": 95, "localCurrency": "USD"}, {"chainId": "12680041095079954589", "amount": 120, "createdAt": "2017-11-24T17:33:31+00:00", "shoeSize": "11", "productId": null, "skuUuid": "0149e70c-2de1-4320-9ee9-042348a1a61f", "state": "480", "customerId": null, "localAmount": 120, "localCurrency": "USD"}, {"chainId": "12680041093340392650", "amount": 95, "createdAt": "2017-11-24T16:52:30+00:00", "shoeSize": "10.5", "productId": null, "skuUuid": "d779ac16-3df4-4009-a0bd-f65ffe25a3cf", "state": "480", "customerId": null, "localAmount": 95, "localCurrency": "USD"}, {"chainId": "12619165336048086804", "amount": 80, "createdAt": "2017-11-24T16:35:39+00:00", "shoeSize": "11", "productId": null, "skuUuid": "0149e70c-2de1-4320-9ee9-042348a1a61f", "state": "480", "customerId": null, "localAmount": 80, "localCurrency": "USD"}, {"chainId": "12676795358862162292", "amount": 80, "createdAt": "2017-11-24T06:37:24+00:00", "shoeSize": "8", "productId": null, "skuUuid": "d7e7327f-4f55-4d32-9f4c-abf7e7a03518", "state": "480", "customerId": null, "localAmount": 80, "localCurrency": "USD"}, {"chainId": "12679333528918629926", "amount": 80, "createdAt": "2017-11-24T06:16:34+00:00", "shoeSize": "9", "productId": null, "skuUuid": "0e6f4238-41e5-48f2-9793-c873213bfb8c", "state": "480", "customerId": null, "localAmount": 80, "localCurrency": "USD"}, {"chainId": "12669790712564619729", "amount": 80, "createdAt": "2017-11-24T04:14:45+00:00", "shoeSize": "10", "productId": null, "skuUuid": "e1ae3eb0-81b5-4504-aa18-e24495a5b56f", "state": "480", "customerId": null, "localAmount": 80, "localCurrency": "USD"}, {"chainId": "12669064200039724306", "amount": 80, "createdAt": "2017-11-24T02:01:05+00:00", "shoeSize": "13", "productId": null, "skuUuid": "b89c161c-3400-4220-9c6d-46d789284cef", "state": "480", "customerId": null, "localAmount": 80, "localCurrency": "USD"}, {"chainId": "12674019285031885066", "amount": 93, "createdAt": "2017-11-24T00:56:49+00:00", "shoeSize": "9.5", "productId": null, "skuUuid": "a9e2ca61-5bcd-455e-a7ac-65333ad1dabf", "state": "480", "customerId": null, "localAmount": 93, "localCurrency": "USD"}, {"chainId": "12672810554395867680", "amount": 93, "createdAt": "2017-11-23T20:33:46+00:00", "shoeSize": "9", "productId": null, "skuUuid": "0e6f4238-41e5-48f2-9793-c873213bfb8c", "state": "480", "customerId": null, "localAmount": 93, "localCurrency": "USD"}, {"chainId": "12669790714993915827", "amount": 93, "createdAt": "2017-11-20T02:06:49+00:00", "shoeSize": "8", "productId": null, "skuUuid": "d7e7327f-4f55-4d32-9f4c-abf7e7a03518", "state": "480", "customerId": null, "localAmount": 93, "localCurrency": "USD"}, {"chainId": "12675707623992298957", "amount": 90, "createdAt": "2017-11-18T16:19:48+00:00", "shoeSize": "14", "productId": null, "skuUuid": "955f2a77-2b07-491e-be79-333ce8536637", "state": "480", "customerId": null, "localAmount": 90, "localCurrency": "USD"}, {"chainId": "12675345063703640538", "amount": 100, "createdAt": "2017-11-18T02:09:12+00:00", "shoeSize": "10.5", "productId": null, "skuUuid": "d779ac16-3df4-4009-a0bd-f65ffe25a3cf", "state": "480", "customerId": null, "localAmount": 100, "localCurrency": "USD"}, {"chainId": "12671845983981461719", "amount": 93, "createdAt": "2017-11-16T10:42:27+00:00", "shoeSize": "9.5", "productId": null, "skuUuid": "a9e2ca61-5bcd-455e-a7ac-65333ad1dabf", "state": "480", "customerId": null, "localAmount": 93, "localCurrency": "USD"}, {"chainId": "12466477700550956914", "amount": 123, "createdAt": "2017-11-14T23:30:01+00:00", "shoeSize": "8.5", "productId": null, "skuUuid": "ed2c4e7d-0f25-4bb7-abc3-2a0e81744fba", "state": "480", "customerId": null, "localAmount": 123, "localCurrency": "USD"}, {"chainId": "12669672613805659267", "amount": 93, "createdAt": "2017-11-14T18:58:41+00:00", "shoeSize": "9", "productId": null, "skuUuid": "0e6f4238-41e5-48f2-9793-c873213bfb8c", "state": "480", "customerId": null, "localAmount": 93, "localCurrency": "USD"}, {"chainId": "12669672610820413790", "amount": 93, "createdAt": "2017-11-14T05:07:19+00:00", "shoeSize": "8.5", "productId": null, "skuUuid": "ed2c4e7d-0f25-4bb7-abc3-2a0e81744fba", "state": "480", "customerId": null, "localAmount": 93, "localCurrency": "USD"}, {"chainId": "12669790717068691868", "amount": 93, "createdAt": "2017-11-13T11:31:58+00:00", "shoeSize": "9.5", "productId": null, "skuUuid": "a9e2ca61-5bcd-455e-a7ac-65333ad1dabf", "state": "480", "customerId": null, "localAmount": 93, "localCurrency": "USD"}, {"chainId": "12671601979463135939", "amount": 100, "createdAt": "2017-11-13T00:32:49+00:00", "shoeSize": "10.5", "productId": null, "skuUuid": "d779ac16-3df4-4009-a0bd-f65ffe25a3cf", "state": "480", "customerId": null, "localAmount": 100, "localCurrency": "USD"}, {"chainId": "12671601981161904459", "amount": 100, "createdAt": "2017-11-12T21:44:55+00:00", "shoeSize": "11", "productId": null, "skuUuid": "0149e70c-2de1-4320-9ee9-042348a1a61f", "state": "480", "customerId": null, "localAmount": 100, "localCurrency": "USD"}, {"chainId": "12670394482950719376", "amount": 100, "createdAt": "2017-11-11T13:01:51+00:00", "shoeSize": "11.5", "productId": null, "skuUuid": "4ccc5142-1df8-4e37-b88c-718bdc383b33", "state": "480", "customerId": null, "localAmount": 100, "localCurrency": "USD"}, {"chainId": "12669918129258889944", "amount": 40, "createdAt": "2017-11-11T03:45:42+00:00", "shoeSize": "11.5", "productId": null, "skuUuid": "4ccc5142-1df8-4e37-b88c-718bdc383b33", "state": "480", "customerId": null, "localAmount": 40, "localCurrency": "USD"}, {"chainId": "12666889974309010930", "amount": 93, "createdAt": "2017-11-10T17:10:30+00:00", "shoeSize": "9.5", "productId": null, "skuUuid": "a9e2ca61-5bcd-455e-a7ac-65333ad1dabf", "state": "480", "customerId": null, "localAmount": 93, "localCurrency": "USD"}, {"chainId": "12668097400167905162", "amount": 93, "createdAt": "2017-11-10T14:54:09+00:00", "shoeSize": "10", "productId": null, "skuUuid": "e1ae3eb0-81b5-4504-aa18-e24495a5b56f", "state": "480", "customerId": null, "localAmount": 93, "localCurrency": "USD"}, {"chainId": "12669672608426855350", "amount": 93, "createdAt": "2017-11-10T14:44:43+00:00", "shoeSize": "8", "productId": null, "skuUuid": "d7e7327f-4f55-4d32-9f4c-abf7e7a03518", "state": "480", "customerId": null, "localAmount": 93, "localCurrency": "USD"}, {"chainId": "12669064202226959939", "amount": 93, "createdAt": "2017-11-10T08:22:07+00:00", "shoeSize": "8.5", "productId": null, "skuUuid": "ed2c4e7d-0f25-4bb7-abc3-2a0e81744fba", "state": "480", "customerId": null, "localAmount": 93, "localCurrency": "USD"}, {"chainId": "12666889971858790903", "amount": 93, "createdAt": "2017-11-10T08:06:01+00:00", "shoeSize": "9", "productId": null, "skuUuid": "0e6f4238-41e5-48f2-9793-c873213bfb8c", "state": "480", "customerId": null, "localAmount": 93, "localCurrency": "USD"}, {"chainId": "12664644087560364502", "amount": 93, "createdAt": "2017-11-10T05:37:03+00:00", "shoeSize": "8", "productId": null, "skuUuid": "d7e7327f-4f55-4d32-9f4c-abf7e7a03518", "state": "480", "customerId": null, "localAmount": 93, "localCurrency": "USD"}, {"chainId": "12637534939535001081", "amount": 93, "createdAt": "2017-11-09T15:18:12+00:00", "shoeSize": "13", "productId": null, "skuUuid": "b89c161c-3400-4220-9c6d-46d789284cef", "state": "480", "customerId": null, "localAmount": 93, "localCurrency": "USD"}, {"chainId": "12667855171357961292", "amount": 93, "createdAt": "2017-11-09T14:32:11+00:00", "shoeSize": "8.5", "productId": null, "skuUuid": "ed2c4e7d-0f25-4bb7-abc3-2a0e81744fba", "state": "480", "customerId": null, "localAmount": 93, "localCurrency": "USD"}, {"chainId": "12667613709474658487", "amount": 93, "createdAt": "2017-11-08T14:48:52+00:00", "shoeSize": "8.5", "productId": null, "skuUuid": "ed2c4e7d-0f25-4bb7-abc3-2a0e81744fba", "state": "480", "customerId": null, "localAmount": 93, "localCurrency": "USD"}, {"chainId": "12668096884515893159", "amount": 100, "createdAt": "2017-11-08T02:34:46+00:00", "shoeSize": "9.5", "productId": null, "skuUuid": "a9e2ca61-5bcd-455e-a7ac-65333ad1dabf", "state": "480", "customerId": null, "localAmount": 100, "localCurrency": "USD"}, {"chainId": "12666889969717717768", "amount": 93, "createdAt": "2017-11-07T13:49:25+00:00", "shoeSize": "8.5", "productId": null, "skuUuid": "ed2c4e7d-0f25-4bb7-abc3-2a0e81744fba", "state": "480", "customerId": null, "localAmount": 93, "localCurrency": "USD"}, {"chainId": "12619165337734406549", "amount": 93, "createdAt": "2017-11-06T21:23:26+00:00", "shoeSize": "12", "productId": null, "skuUuid": "adf2a118-122c-49e5-8b42-9f060a600989", "state": "480", "customerId": null, "localAmount": 93, "localCurrency": "USD"}, {"chainId": "12667010099815697246", "amount": 100, "createdAt": "2017-11-06T13:46:26+00:00", "shoeSize": "10.5", "productId": null, "skuUuid": "d779ac16-3df4-4009-a0bd-f65ffe25a3cf", "state": "480", "customerId": null, "localAmount": 100, "localCurrency": "USD"}, {"chainId": "12663386552851094846", "amount": 93, "createdAt": "2017-11-06T12:52:52+00:00", "shoeSize": "8.5", "productId": null, "skuUuid": "ed2c4e7d-0f25-4bb7-abc3-2a0e81744fba", "state": "480", "customerId": null, "localAmount": 93, "localCurrency": "USD"}, {"chainId": "12659639631587078304", "amount": 93, "createdAt": "2017-11-06T11:37:53+00:00", "shoeSize": "9.5", "productId": null, "skuUuid": "a9e2ca61-5bcd-455e-a7ac-65333ad1dabf", "state": "480", "customerId": null, "localAmount": 93, "localCurrency": "USD"}, {"chainId": "12663265523440553697", "amount": 93, "createdAt": "2017-11-06T09:48:56+00:00", "shoeSize": "9", "productId": null, "skuUuid": "0e6f4238-41e5-48f2-9793-c873213bfb8c", "state": "480", "customerId": null, "localAmount": 93, "localCurrency": "USD"}, {"chainId": "12666284957012152154", "amount": 100, "createdAt": "2017-11-05T13:59:38+00:00", "shoeSize": "10", "productId": null, "skuUuid": "e1ae3eb0-81b5-4504-aa18-e24495a5b56f", "state": "480", "customerId": null, "localAmount": 100, "localCurrency": "USD"}, {"chainId": "12665196778967049848", "amount": 100, "createdAt": "2017-11-04T07:54:40+00:00", "shoeSize": "8.5", "productId": null, "skuUuid": "ed2c4e7d-0f25-4bb7-abc3-2a0e81744fba", "state": "480", "customerId": null, "localAmount": 100, "localCurrency": "USD"}, {"chainId": "12665196769544873868", "amount": 100, "createdAt": "2017-11-04T04:48:51+00:00", "shoeSize": "10", "productId": null, "skuUuid": "e1ae3eb0-81b5-4504-aa18-e24495a5b56f", "state": "480", "customerId": null, "localAmount": 100, "localCurrency": "USD"}, {"chainId": "12414411884469938129", "amount": 90, "createdAt": "2017-11-03T19:26:19+00:00", "shoeSize": "11", "productId": null, "skuUuid": "0149e70c-2de1-4320-9ee9-042348a1a61f", "state": "480", "customerId": null, "localAmount": 90, "localCurrency": "USD"}, {"chainId": "12664835279291302333", "amount": 100, "createdAt": "2017-11-03T12:41:28+00:00", "shoeSize": "9.5", "productId": null, "skuUuid": "a9e2ca61-5bcd-455e-a7ac-65333ad1dabf", "state": "480", "customerId": null, "localAmount": 100, "localCurrency": "USD"}, {"chainId": "12663265518652187782", "amount": 93, "createdAt": "2017-11-03T10:49:32+00:00", "shoeSize": "8", "productId": null, "skuUuid": "d7e7327f-4f55-4d32-9f4c-abf7e7a03518", "state": "480", "customerId": null, "localAmount": 93, "localCurrency": "USD"}, {"chainId": "12663265521165119322", "amount": 93, "createdAt": "2017-11-01T19:22:53+00:00", "shoeSize": "8.5", "productId": null, "skuUuid": "ed2c4e7d-0f25-4bb7-abc3-2a0e81744fba", "state": "480", "customerId": null, "localAmount": 93, "localCurrency": "USD"}, {"chainId": "12460479131891368671", "amount": 93, "createdAt": "2017-10-31T20:00:54+00:00", "shoeSize": "10.5", "productId": null, "skuUuid": "d779ac16-3df4-4009-a0bd-f65ffe25a3cf", "state": "480", "customerId": null, "localAmount": 93, "localCurrency": "USD"}, {"chainId": "12655651417749279905", "amount": 93, "createdAt": "2017-10-30T16:01:20+00:00", "shoeSize": "9", "productId": null, "skuUuid": "0e6f4238-41e5-48f2-9793-c873213bfb8c", "state": "480", "customerId": null, "localAmount": 93, "localCurrency": "USD"}, {"chainId": "12659760268579962044", "amount": 93, "createdAt": "2017-10-30T13:38:53+00:00", "shoeSize": "8", "productId": null, "skuUuid": "d7e7327f-4f55-4d32-9f4c-abf7e7a03518", "state": "480", "customerId": null, "localAmount": 93, "localCurrency": "USD"}, {"chainId": "12659760264407639283", "amount": 93, "createdAt": "2017-10-30T12:29:53+00:00", "shoeSize": "10", "productId": null, "skuUuid": "e1ae3eb0-81b5-4504-aa18-e24495a5b56f", "state": "480", "customerId": null, "localAmount": 93, "localCurrency": "USD"}, {"chainId": "12648745720812398042", "amount": 40, "createdAt": "2017-10-29T16:16:44+00:00", "shoeSize": "10", "productId": null, "skuUuid": "e1ae3eb0-81b5-4504-aa18-e24495a5b56f", "state": "480", "customerId": null, "localAmount": 40, "localCurrency": "USD"}, {"chainId": "12659880939796099414", "amount": 93, "createdAt": "2017-10-29T03:42:28+00:00", "shoeSize": "8", "productId": null, "skuUuid": "d7e7327f-4f55-4d32-9f4c-abf7e7a03518", "state": "480", "customerId": null, "localAmount": 93, "localCurrency": "USD"}, {"chainId": "12660604573482222334", "amount": 90, "createdAt": "2017-10-28T21:52:45+00:00", "shoeSize": "11", "productId": null, "skuUuid": "0149e70c-2de1-4320-9ee9-042348a1a61f", "state": "480", "customerId": null, "localAmount": 90, "localCurrency": "USD"}, {"chainId": "12636292480137988676", "amount": 80, "createdAt": "2017-10-28T05:05:34+00:00", "shoeSize": "11", "productId": null, "skuUuid": "0149e70c-2de1-4320-9ee9-042348a1a61f", "state": "480", "customerId": null, "localAmount": 80, "localCurrency": "USD"}, {"chainId": "12619165334303386760", "amount": 93, "createdAt": "2017-10-27T20:56:29+00:00", "shoeSize": "10.5", "productId": null, "skuUuid": "d779ac16-3df4-4009-a0bd-f65ffe25a3cf", "state": "480", "customerId": null, "localAmount": 93, "localCurrency": "USD"}, {"chainId": "12649854241791757311", "amount": 93, "createdAt": "2017-10-27T20:41:38+00:00", "shoeSize": "8", "productId": null, "skuUuid": "d7e7327f-4f55-4d32-9f4c-abf7e7a03518", "state": "480", "customerId": null, "localAmount": 93, "localCurrency": "USD"}, {"chainId": "12619165332672048322", "amount": 93, "createdAt": "2017-10-27T19:22:49+00:00", "shoeSize": "10", "productId": null, "skuUuid": "e1ae3eb0-81b5-4504-aa18-e24495a5b56f", "state": "480", "customerId": null, "localAmount": 93, "localCurrency": "USD"}, {"chainId": "12658068853493316179", "amount": 93, "createdAt": "2017-10-27T18:28:07+00:00", "shoeSize": "8.5", "productId": null, "skuUuid": "ed2c4e7d-0f25-4bb7-abc3-2a0e81744fba", "state": "480", "customerId": null, "localAmount": 93, "localCurrency": "USD"}, {"chainId": "12621823785949589305", "amount": 93, "createdAt": "2017-10-27T14:22:38+00:00", "shoeSize": "9.5", "productId": null, "skuUuid": "a9e2ca61-5bcd-455e-a7ac-65333ad1dabf", "state": "480", "customerId": null, "localAmount": 93, "localCurrency": "USD"}, {"chainId": "12608291530565927690", "amount": 90, "createdAt": "2017-10-25T18:05:35+00:00", "shoeSize": "12", "productId": null, "skuUuid": "adf2a118-122c-49e5-8b42-9f060a600989", "state": "480", "customerId": null, "localAmount": 90, "localCurrency": "USD"}, {"chainId": "12658188311238221227", "amount": 100, "createdAt": "2017-10-25T08:49:10+00:00", "shoeSize": "13", "productId": null, "skuUuid": "b89c161c-3400-4220-9c6d-46d789284cef", "state": "480", "customerId": null, "localAmount": 100, "localCurrency": "USD"}, {"chainId": "12632939755705092733", "amount": 93, "createdAt": "2017-10-25T05:11:53+00:00", "shoeSize": "8.5", "productId": null, "skuUuid": "ed2c4e7d-0f25-4bb7-abc3-2a0e81744fba", "state": "480", "customerId": null, "localAmount": 93, "localCurrency": "USD"}, {"chainId": "12654930176071752645", "amount": 100, "createdAt": "2017-10-19T22:03:33+00:00", "shoeSize": "11.5", "productId": null, "skuUuid": "4ccc5142-1df8-4e37-b88c-718bdc383b33", "state": "480", "customerId": null, "localAmount": 100, "localCurrency": "USD"}, {"chainId": "12651546461522739300", "amount": 100, "createdAt": "2017-10-15T20:36:33+00:00", "shoeSize": "8.5", "productId": null, "skuUuid": "ed2c4e7d-0f25-4bb7-abc3-2a0e81744fba", "state": "480", "customerId": null, "localAmount": 100, "localCurrency": "USD"}, {"chainId": "12651303531365993326", "amount": 100, "createdAt": "2017-10-15T14:50:27+00:00", "shoeSize": "9", "productId": null, "skuUuid": "0e6f4238-41e5-48f2-9793-c873213bfb8c", "state": "480", "customerId": null, "localAmount": 100, "localCurrency": "USD"}, {"chainId": "12621823781530826544", "amount": 93, "createdAt": "2017-10-13T21:29:10+00:00", "shoeSize": "8", "productId": null, "skuUuid": "d7e7327f-4f55-4d32-9f4c-abf7e7a03518", "state": "480", "customerId": null, "localAmount": 93, "localCurrency": "USD"}, {"chainId": "12649611868814678917", "amount": 100, "createdAt": "2017-10-13T13:19:37+00:00", "shoeSize": "10.5", "productId": null, "skuUuid": "d779ac16-3df4-4009-a0bd-f65ffe25a3cf", "state": "480", "customerId": null, "localAmount": 100, "localCurrency": "USD"}, {"chainId": "12646231901844458806", "amount": 100, "createdAt": "2017-10-08T20:22:35+00:00", "shoeSize": "10.5", "productId": null, "skuUuid": "d779ac16-3df4-4009-a0bd-f65ffe25a3cf", "state": "480", "customerId": null, "localAmount": 100, "localCurrency": "USD"}, {"chainId": "12645210994518743391", "amount": 50, "createdAt": "2017-10-08T01:36:59+00:00", "shoeSize": "10", "productId": null, "skuUuid": "e1ae3eb0-81b5-4504-aa18-e24495a5b56f", "state": "480", "customerId": null, "localAmount": 50, "localCurrency": "USD"}, {"chainId": "12644542991795491149", "amount": 90, "createdAt": "2017-10-06T07:50:13+00:00", "shoeSize": "9.5", "productId": null, "skuUuid": "a9e2ca61-5bcd-455e-a7ac-65333ad1dabf", "state": "480", "customerId": null, "localAmount": 90, "localCurrency": "USD"}, {"chainId": "12608291527861987502", "amount": 70, "createdAt": "2017-10-04T12:40:44+00:00", "shoeSize": "10", "productId": null, "skuUuid": "e1ae3eb0-81b5-4504-aa18-e24495a5b56f", "state": "480", "customerId": null, "localAmount": 70, "localCurrency": "USD"}, {"chainId": "12643093866656135426", "amount": 100, "createdAt": "2017-10-04T04:54:38+00:00", "shoeSize": "11", "productId": null, "skuUuid": "0149e70c-2de1-4320-9ee9-042348a1a61f", "state": "480", "customerId": null, "localAmount": 100, "localCurrency": "USD"}, {"chainId": "12640194451101822409", "amount": 90, "createdAt": "2017-09-30T04:14:29+00:00", "shoeSize": "10.5", "productId": null, "skuUuid": "d779ac16-3df4-4009-a0bd-f65ffe25a3cf", "state": "480", "customerId": null, "localAmount": 90, "localCurrency": "USD"}, {"chainId": "12608291530843541584", "amount": 70, "createdAt": "2017-09-28T13:56:02+00:00", "shoeSize": "12", "productId": null, "skuUuid": "adf2a118-122c-49e5-8b42-9f060a600989", "state": "480", "customerId": null, "localAmount": 70, "localCurrency": "USD"}, {"chainId": "12619165339366717379", "amount": 93, "createdAt": "2017-09-26T22:52:53+00:00", "shoeSize": "13", "productId": null, "skuUuid": "b89c161c-3400-4220-9c6d-46d789284cef", "state": "480", "customerId": null, "localAmount": 93, "localCurrency": "USD"}, {"chainId": "12636571301792415825", "amount": 90, "createdAt": "2017-09-25T08:04:08+00:00", "shoeSize": "12.5", "productId": null, "skuUuid": "45996995-2edb-41a9-ad60-5d7a6e35f173", "state": "480", "customerId": null, "localAmount": 90, "localCurrency": "USD"}, {"chainId": "12633663746856409319", "amount": 100, "createdAt": "2017-09-21T05:34:07+00:00", "shoeSize": "8.5", "productId": null, "skuUuid": "ed2c4e7d-0f25-4bb7-abc3-2a0e81744fba", "state": "480", "customerId": null, "localAmount": 100, "localCurrency": "USD"}, {"chainId": "12633663749870691552", "amount": 90, "createdAt": "2017-09-21T04:17:35+00:00", "shoeSize": "9.5", "productId": null, "skuUuid": "a9e2ca61-5bcd-455e-a7ac-65333ad1dabf", "state": "480", "customerId": null, "localAmount": 90, "localCurrency": "USD"}, {"chainId": "12619165341482699977", "amount": 93, "createdAt": "2017-09-20T15:33:27+00:00", "shoeSize": "8.5", "productId": null, "skuUuid": "ed2c4e7d-0f25-4bb7-abc3-2a0e81744fba", "state": "480", "customerId": null, "localAmount": 93, "localCurrency": "USD"}, {"chainId": "12608291527954387278", "amount": 70, "createdAt": "2017-09-18T16:41:08+00:00", "shoeSize": "10", "productId": null, "skuUuid": "e1ae3eb0-81b5-4504-aa18-e24495a5b56f", "state": "480", "customerId": null, "localAmount": 70, "localCurrency": "USD"}, {"chainId": "12608291530929142521", "amount": 70, "createdAt": "2017-09-15T23:11:19+00:00", "shoeSize": "12", "productId": null, "skuUuid": "adf2a118-122c-49e5-8b42-9f060a600989", "state": "480", "customerId": null, "localAmount": 70, "localCurrency": "USD"}, {"chainId": "12608291527663779712", "amount": 125, "createdAt": "2017-09-15T05:51:46+00:00", "shoeSize": "10", "productId": null, "skuUuid": "e1ae3eb0-81b5-4504-aa18-e24495a5b56f", "state": "480", "customerId": null, "localAmount": 125, "localCurrency": "USD"}, {"chainId": "12628828614526493147", "amount": 90, "createdAt": "2017-09-14T14:29:33+00:00", "shoeSize": "11", "productId": null, "skuUuid": "0149e70c-2de1-4320-9ee9-042348a1a61f", "state": "480", "customerId": null, "localAmount": 90, "localCurrency": "USD"}, {"chainId": "12628828618144176666", "amount": 90, "createdAt": "2017-09-14T13:25:03+00:00", "shoeSize": "14", "productId": null, "skuUuid": "955f2a77-2b07-491e-be79-333ce8536637", "state": "480", "customerId": null, "localAmount": 90, "localCurrency": "USD"}, {"chainId": "12628828613272544274", "amount": 90, "createdAt": "2017-09-14T12:46:41+00:00", "shoeSize": "10.5", "productId": null, "skuUuid": "d779ac16-3df4-4009-a0bd-f65ffe25a3cf", "state": "480", "customerId": null, "localAmount": 90, "localCurrency": "USD"}, {"chainId": "12628347398148434917", "amount": 90, "createdAt": "2017-09-14T06:36:05+00:00", "shoeSize": "12.5", "productId": null, "skuUuid": "45996995-2edb-41a9-ad60-5d7a6e35f173", "state": "480", "customerId": null, "localAmount": 90, "localCurrency": "USD"}, {"chainId": "12627622233273283114", "amount": 90, "createdAt": "2017-09-12T21:31:29+00:00", "shoeSize": "11.5", "productId": null, "skuUuid": "4ccc5142-1df8-4e37-b88c-718bdc383b33", "state": "480", "customerId": null, "localAmount": 90, "localCurrency": "USD"}, {"chainId": "12626654449842376114", "amount": 90, "createdAt": "2017-09-11T16:09:51+00:00", "shoeSize": "13", "productId": null, "skuUuid": "b89c161c-3400-4220-9c6d-46d789284cef", "state": "480", "customerId": null, "localAmount": 90, "localCurrency": "USD"}, {"chainId": "12601527117779817290", "amount": 101, "createdAt": "2017-09-08T07:38:53+00:00", "shoeSize": "9.5", "productId": null, "skuUuid": "a9e2ca61-5bcd-455e-a7ac-65333ad1dabf", "state": "480", "customerId": null, "localAmount": 101, "localCurrency": "USD"}, {"chainId": "12608291530670146107", "amount": 100, "createdAt": "2017-09-08T07:18:15+00:00", "shoeSize": "12", "productId": null, "skuUuid": "adf2a118-122c-49e5-8b42-9f060a600989", "state": "480", "customerId": null, "localAmount": 100, "localCurrency": "USD"}, {"chainId": "12608291532038234111", "amount": 100, "createdAt": "2017-09-08T04:45:49+00:00", "shoeSize": "9", "productId": null, "skuUuid": "0e6f4238-41e5-48f2-9793-c873213bfb8c", "state": "480", "customerId": null, "localAmount": 100, "localCurrency": "USD"}, {"chainId": "12567725600180879019", "amount": 80, "createdAt": "2017-09-05T23:49:06+00:00", "shoeSize": "11.5", "productId": null, "skuUuid": "4ccc5142-1df8-4e37-b88c-718bdc383b33", "state": "480", "customerId": null, "localAmount": 80, "localCurrency": "USD"}, {"chainId": "12608291527760024702", "amount": 70, "createdAt": "2017-09-02T14:48:43+00:00", "shoeSize": "10", "productId": null, "skuUuid": "e1ae3eb0-81b5-4504-aa18-e24495a5b56f", "state": "480", "customerId": null, "localAmount": 70, "localCurrency": "USD"}, {"chainId": "12608291529321432287", "amount": 100, "createdAt": "2017-08-31T23:09:58+00:00", "shoeSize": "11.5", "productId": null, "skuUuid": "4ccc5142-1df8-4e37-b88c-718bdc383b33", "state": "480", "customerId": null, "localAmount": 100, "localCurrency": "USD"}, {"chainId": "12608291530768669897", "amount": 90, "createdAt": "2017-08-30T22:46:58+00:00", "shoeSize": "12", "productId": null, "skuUuid": "adf2a118-122c-49e5-8b42-9f060a600989", "state": "480", "customerId": null, "localAmount": 90, "localCurrency": "USD"}, {"chainId": "12608291529421882865", "amount": 100, "createdAt": "2017-08-22T12:41:48+00:00", "shoeSize": "11.5", "productId": null, "skuUuid": "4ccc5142-1df8-4e37-b88c-718bdc383b33", "state": "480", "customerId": null, "localAmount": 100, "localCurrency": "USD"}, {"chainId": "12462613240974284922", "amount": 100, "createdAt": "2017-08-13T23:52:49+00:00", "shoeSize": "10", "productId": null, "skuUuid": "e1ae3eb0-81b5-4504-aa18-e24495a5b56f", "state": "480", "customerId": null, "localAmount": 100, "localCurrency": "USD"}, {"chainId": "12462613240824503627", "amount": 100, "createdAt": "2017-08-09T05:06:14+00:00", "shoeSize": "10", "productId": null, "skuUuid": "e1ae3eb0-81b5-4504-aa18-e24495a5b56f", "state": "480", "customerId": null, "localAmount": 100, "localCurrency": "USD"}, {"chainId": "12601043117071779065", "amount": 75, "createdAt": "2017-08-07T07:18:54+00:00", "shoeSize": "13", "productId": null, "skuUuid": "b89c161c-3400-4220-9c6d-46d789284cef", "state": "480", "customerId": null, "localAmount": 75, "localCurrency": "USD"}, {"chainId": "12599593381407716221", "amount": 100, "createdAt": "2017-08-05T15:42:57+00:00", "shoeSize": "10", "productId": null, "skuUuid": "e1ae3eb0-81b5-4504-aa18-e24495a5b56f", "state": "480", "customerId": null, "localAmount": 100, "localCurrency": "USD"}, {"chainId": "12598383583387667509", "amount": 90, "createdAt": "2017-08-03T15:04:58+00:00", "shoeSize": "11.5", "productId": null, "skuUuid": "4ccc5142-1df8-4e37-b88c-718bdc383b33", "state": "480", "customerId": null, "localAmount": 90, "localCurrency": "USD"}, {"chainId": "12595832628523791849", "amount": 57, "createdAt": "2017-07-31T22:31:00+00:00", "shoeSize": "9.5", "productId": null, "skuUuid": "a9e2ca61-5bcd-455e-a7ac-65333ad1dabf", "state": "480", "customerId": null, "localAmount": 57, "localCurrency": "USD"}, {"chainId": "12392063057586160320", "amount": 123, "createdAt": "2017-07-29T07:31:18+00:00", "shoeSize": "9.5", "productId": null, "skuUuid": "a9e2ca61-5bcd-455e-a7ac-65333ad1dabf", "state": "480", "customerId": null, "localAmount": 123, "localCurrency": "USD"}, {"chainId": "12579779910849357502", "amount": 119, "createdAt": "2017-07-29T06:51:55+00:00", "shoeSize": "8.5", "productId": null, "skuUuid": "ed2c4e7d-0f25-4bb7-abc3-2a0e81744fba", "state": "480", "customerId": null, "localAmount": 119, "localCurrency": "USD"}, {"chainId": "12594034996815439814", "amount": 90, "createdAt": "2017-07-28T15:10:08+00:00", "shoeSize": "13", "productId": null, "skuUuid": "b89c161c-3400-4220-9c6d-46d789284cef", "state": "480", "customerId": null, "localAmount": 90, "localCurrency": "USD"}, {"chainId": "12590896233400255894", "amount": 75, "createdAt": "2017-07-24T13:14:47+00:00", "shoeSize": "14", "productId": null, "skuUuid": "955f2a77-2b07-491e-be79-333ce8536637", "state": "480", "customerId": null, "localAmount": 75, "localCurrency": "USD"}, {"chainId": "12590170770270602315", "amount": 90, "createdAt": "2017-07-23T14:24:37+00:00", "shoeSize": "10.5", "productId": null, "skuUuid": "d779ac16-3df4-4009-a0bd-f65ffe25a3cf", "state": "480", "customerId": null, "localAmount": 90, "localCurrency": "USD"}, {"chainId": "12555374768118612640", "amount": 123, "createdAt": "2017-07-20T01:22:19+00:00", "shoeSize": "11", "productId": null, "skuUuid": "0149e70c-2de1-4320-9ee9-042348a1a61f", "state": "480", "customerId": null, "localAmount": 123, "localCurrency": "USD"}, {"chainId": "12570596198905334004", "amount": 100, "createdAt": "2017-06-26T13:31:25+00:00", "shoeSize": "8.5", "productId": null, "skuUuid": "ed2c4e7d-0f25-4bb7-abc3-2a0e81744fba", "state": "480", "customerId": null, "localAmount": 100, "localCurrency": "USD"}, {"chainId": "12462613240693162941", "amount": 100, "createdAt": "2017-06-20T16:44:12+00:00", "shoeSize": "10", "productId": null, "skuUuid": "e1ae3eb0-81b5-4504-aa18-e24495a5b56f", "state": "480", "customerId": null, "localAmount": 100, "localCurrency": "USD"}, {"chainId": "12344471731580693652", "amount": 123, "createdAt": "2017-06-05T15:42:11+00:00", "shoeSize": "11", "productId": null, "skuUuid": "0149e70c-2de1-4320-9ee9-042348a1a61f", "state": "480", "customerId": null, "localAmount": 123, "localCurrency": "USD"}, {"chainId": "12552232987851126933", "amount": 100, "createdAt": "2017-06-01T08:25:31+00:00", "shoeSize": "13", "productId": null, "skuUuid": "b89c161c-3400-4220-9c6d-46d789284cef", "state": "480", "customerId": null, "localAmount": 100, "localCurrency": "USD"}, {"chainId": "12547158482547649246", "amount": 100, "createdAt": "2017-05-24T23:37:16+00:00", "shoeSize": "10.5", "productId": null, "skuUuid": "d779ac16-3df4-4009-a0bd-f65ffe25a3cf", "state": "480", "customerId": null, "localAmount": 100, "localCurrency": "USD"}, {"chainId": "12462613242526840201", "amount": 100, "createdAt": "2017-04-13T12:47:59+00:00", "shoeSize": "10.5", "productId": null, "skuUuid": "d779ac16-3df4-4009-a0bd-f65ffe25a3cf", "state": "480", "customerId": null, "localAmount": 100, "localCurrency": "USD"}, {"chainId": "12462613240571498400", "amount": 125, "createdAt": "2017-04-12T13:35:37+00:00", "shoeSize": "10", "productId": null, "skuUuid": "e1ae3eb0-81b5-4504-aa18-e24495a5b56f", "state": "480", "customerId": null, "localAmount": 125, "localCurrency": "USD"}, {"chainId": "12511694065698238875", "amount": 85, "createdAt": "2017-04-06T20:22:41+00:00", "shoeSize": "10.5", "productId": null, "skuUuid": "d779ac16-3df4-4009-a0bd-f65ffe25a3cf", "state": "480", "customerId": null, "localAmount": 85, "localCurrency": "USD"}, {"chainId": "12506888337497816868", "amount": 65, "createdAt": "2017-04-05T01:42:46+00:00", "shoeSize": "14", "productId": null, "skuUuid": "955f2a77-2b07-491e-be79-333ce8536637", "state": "480", "customerId": null, "localAmount": 65, "localCurrency": "USD"}, {"chainId": "12462613242630117554", "amount": 100, "createdAt": "2017-03-31T03:15:06+00:00", "shoeSize": "10.5", "productId": null, "skuUuid": "d779ac16-3df4-4009-a0bd-f65ffe25a3cf", "state": "480", "customerId": null, "localAmount": 100, "localCurrency": "USD"}, {"chainId": "12462613242408962234", "amount": 100, "createdAt": "2017-03-24T10:00:32+00:00", "shoeSize": "10.5", "productId": null, "skuUuid": "d779ac16-3df4-4009-a0bd-f65ffe25a3cf", "state": "480", "customerId": null, "localAmount": 100, "localCurrency": "USD"}, {"chainId": "12346893137368523001", "amount": 125, "createdAt": "2017-03-17T04:03:04+00:00", "shoeSize": "8", "productId": null, "skuUuid": "d7e7327f-4f55-4d32-9f4c-abf7e7a03518", "state": "480", "customerId": null, "localAmount": 125, "localCurrency": "USD"}, {"chainId": "12344471734851146184", "amount": 123, "createdAt": "2017-03-11T09:50:02+00:00", "shoeSize": "8.5", "productId": null, "skuUuid": "ed2c4e7d-0f25-4bb7-abc3-2a0e81744fba", "state": "480", "customerId": null, "localAmount": 123, "localCurrency": "USD"}, {"chainId": "12478541207577037269", "amount": 100, "createdAt": "2017-03-09T19:57:16+00:00", "shoeSize": "10.5", "productId": null, "skuUuid": "d779ac16-3df4-4009-a0bd-f65ffe25a3cf", "state": "480", "customerId": null, "localAmount": 100, "localCurrency": "USD"}, {"chainId": "12443043804366244603", "amount": 114, "createdAt": "2017-02-28T08:06:34+00:00", "shoeSize": "9", "productId": null, "skuUuid": "0e6f4238-41e5-48f2-9793-c873213bfb8c", "state": "480", "customerId": null, "localAmount": 114, "localCurrency": "USD"}, {"chainId": "12344471732257143424", "amount": 114, "createdAt": "2017-02-27T00:46:27+00:00", "shoeSize": "11.5", "productId": null, "skuUuid": "4ccc5142-1df8-4e37-b88c-718bdc383b33", "state": "480", "customerId": null, "localAmount": 114, "localCurrency": "USD"}, {"chainId": "12462613244096501733", "amount": 125, "createdAt": "2017-02-11T13:05:31+00:00", "shoeSize": "11", "productId": null, "skuUuid": "0149e70c-2de1-4320-9ee9-042348a1a61f", "state": "480", "customerId": null, "localAmount": 125, "localCurrency": "USD"}, {"chainId": "12344471735547151876", "amount": 123, "createdAt": "2017-02-01T05:42:18+00:00", "shoeSize": "9", "productId": null, "skuUuid": "0e6f4238-41e5-48f2-9793-c873213bfb8c", "state": "480", "customerId": null, "localAmount": 123, "localCurrency": "USD"}, {"chainId": "12461283681669662330", "amount": 125, "createdAt": "2017-01-27T00:18:19+00:00", "shoeSize": "9.5", "productId": null, "skuUuid": "a9e2ca61-5bcd-455e-a7ac-65333ad1dabf", "state": "480", "customerId": null, "localAmount": 125, "localCurrency": "USD"}, {"chainId": "12457357267799487233", "amount": 90, "createdAt": "2017-01-22T13:01:31+00:00", "shoeSize": "10", "productId": null, "skuUuid": "e1ae3eb0-81b5-4504-aa18-e24495a5b56f", "state": "480", "customerId": null, "localAmount": 90, "localCurrency": "USD"}, {"chainId": "12450293186731733910", "amount": 125, "createdAt": "2017-01-19T15:24:57+00:00", "shoeSize": "9.5", "productId": null, "skuUuid": "a9e2ca61-5bcd-455e-a7ac-65333ad1dabf", "state": "480", "customerId": null, "localAmount": 125, "localCurrency": "USD"}, {"chainId": "12451983611666915236", "amount": 125, "createdAt": "2017-01-13T21:38:09+00:00", "shoeSize": "11", "productId": null, "skuUuid": "0149e70c-2de1-4320-9ee9-042348a1a61f", "state": "480", "customerId": null, "localAmount": 125, "localCurrency": "USD"}, {"chainId": "12450293186620429465", "amount": 125, "createdAt": "2017-01-11T15:01:52+00:00", "shoeSize": "9.5", "productId": null, "skuUuid": "a9e2ca61-5bcd-455e-a7ac-65333ad1dabf", "state": "480", "customerId": null, "localAmount": 125, "localCurrency": "USD"}, {"chainId": "12346893138398373016", "amount": 125, "createdAt": "2017-01-11T13:03:32+00:00", "shoeSize": "9", "productId": null, "skuUuid": "0e6f4238-41e5-48f2-9793-c873213bfb8c", "state": "480", "customerId": null, "localAmount": 125, "localCurrency": "USD"}, {"chainId": "12346893138877534711", "amount": 125, "createdAt": "2017-01-11T05:34:23+00:00", "shoeSize": "9.5", "productId": null, "skuUuid": "a9e2ca61-5bcd-455e-a7ac-65333ad1dabf", "state": "480", "customerId": null, "localAmount": 125, "localCurrency": "USD"}, {"chainId": "12389284351666761831", "amount": 125, "createdAt": "2017-01-06T23:52:45+00:00", "shoeSize": "7.5", "productId": null, "skuUuid": "eb9b8a0f-e8c9-4ea8-85f0-85a47d43ba86", "state": "480", "customerId": null, "localAmount": 125, "localCurrency": "USD"}, {"chainId": "12344471734144799557", "amount": 123, "createdAt": "2017-01-05T22:20:38+00:00", "shoeSize": "8", "productId": null, "skuUuid": "d7e7327f-4f55-4d32-9f4c-abf7e7a03518", "state": "480", "customerId": null, "localAmount": 123, "localCurrency": "USD"}, {"chainId": "12346893137869983796", "amount": 150, "createdAt": "2016-12-29T13:49:22+00:00", "shoeSize": "8.5", "productId": null, "skuUuid": "ed2c4e7d-0f25-4bb7-abc3-2a0e81744fba", "state": "480", "customerId": null, "localAmount": 150, "localCurrency": "USD"}, {"chainId": "12344471736269493944", "amount": 107, "createdAt": "2016-12-17T16:47:05+00:00", "shoeSize": "9.5", "productId": null, "skuUuid": "a9e2ca61-5bcd-455e-a7ac-65333ad1dabf", "state": "480", "customerId": null, "localAmount": 107, "localCurrency": "USD"}, {"chainId": "12432173148778833693", "amount": 150, "createdAt": "2016-12-17T13:02:14+00:00", "shoeSize": "11.5", "productId": null, "skuUuid": "4ccc5142-1df8-4e37-b88c-718bdc383b33", "state": "480", "customerId": null, "localAmount": 150, "localCurrency": "USD"}, {"chainId": "12427582288689384833", "amount": 150, "createdAt": "2016-12-10T23:00:16+00:00", "shoeSize": "10.5", "productId": null, "skuUuid": "d779ac16-3df4-4009-a0bd-f65ffe25a3cf", "state": "480", "customerId": null, "localAmount": 150, "localCurrency": "USD"}, {"chainId": "12346893138280262774", "amount": 150, "createdAt": "2016-12-09T22:22:27+00:00", "shoeSize": "9", "productId": null, "skuUuid": "0e6f4238-41e5-48f2-9793-c873213bfb8c", "state": "480", "customerId": null, "localAmount": 150, "localCurrency": "USD"}, {"chainId": "12346893136008202245", "amount": 150, "createdAt": "2016-11-27T08:34:10+00:00", "shoeSize": "10.5", "productId": null, "skuUuid": "d779ac16-3df4-4009-a0bd-f65ffe25a3cf", "state": "480", "customerId": null, "localAmount": 150, "localCurrency": "USD"}, {"chainId": "12406695248915521027", "amount": 80, "createdAt": "2016-11-12T23:29:00+00:00", "shoeSize": "11", "productId": null, "skuUuid": "0149e70c-2de1-4320-9ee9-042348a1a61f", "state": "480", "customerId": null, "localAmount": 80, "localCurrency": "USD"}, {"chainId": "12385175540808563169", "amount": 150, "createdAt": "2016-10-13T17:30:45+00:00", "shoeSize": "11", "productId": null, "skuUuid": "0149e70c-2de1-4320-9ee9-042348a1a61f", "state": "480", "customerId": null, "localAmount": 150, "localCurrency": "USD"}, {"chainId": "12346893136377151594", "amount": 150, "createdAt": "2016-09-24T16:56:10+00:00", "shoeSize": "11.5", "productId": null, "skuUuid": "4ccc5142-1df8-4e37-b88c-718bdc383b33", "state": "480", "customerId": null, "localAmount": 150, "localCurrency": "USD"}, {"chainId": "12344471733378243095", "amount": 123, "createdAt": "2016-09-23T16:31:20+00:00", "shoeSize": "13", "productId": null, "skuUuid": "b89c161c-3400-4220-9c6d-46d789284cef", "state": "480", "customerId": null, "localAmount": 123, "localCurrency": "USD"}, {"chainId": "12358786014261797812", "amount": 123, "createdAt": "2016-09-19T17:12:19+00:00", "shoeSize": "10", "productId": null, "skuUuid": "e1ae3eb0-81b5-4504-aa18-e24495a5b56f", "state": "480", "customerId": null, "localAmount": 123, "localCurrency": "USD"}, {"chainId": "12346893137010152946", "amount": 150, "createdAt": "2016-09-11T23:08:36+00:00", "shoeSize": "12", "productId": null, "skuUuid": "adf2a118-122c-49e5-8b42-9f060a600989", "state": "480", "customerId": null, "localAmount": 150, "localCurrency": "USD"}, {"chainId": "12346893137751570073", "amount": 150, "createdAt": "2016-09-08T05:23:13+00:00", "shoeSize": "8.5", "productId": null, "skuUuid": "ed2c4e7d-0f25-4bb7-abc3-2a0e81744fba", "state": "480", "customerId": null, "localAmount": 150, "localCurrency": "USD"}, {"chainId": "12344471730814337054", "amount": 123, "createdAt": "2016-09-06T16:21:16+00:00", "shoeSize": "10", "productId": null, "skuUuid": "e1ae3eb0-81b5-4504-aa18-e24495a5b56f", "state": "480", "customerId": null, "localAmount": 123, "localCurrency": "USD"}, {"chainId": "12343987089748481172", "amount": 150, "createdAt": "2016-08-31T10:35:11+00:00", "shoeSize": "11", "productId": null, "skuUuid": "0149e70c-2de1-4320-9ee9-042348a1a61f", "state": "480", "customerId": null, "localAmount": 150, "localCurrency": "USD"}, {"chainId": "12346893138758138360", "amount": 150, "createdAt": "2016-08-26T09:37:07+00:00", "shoeSize": "9.5", "productId": null, "skuUuid": "a9e2ca61-5bcd-455e-a7ac-65333ad1dabf", "state": "480", "customerId": null, "localAmount": 150, "localCurrency": "USD"}, {"chainId": "12343746994767636061", "amount": 150, "createdAt": "2016-08-17T20:57:11+00:00", "shoeSize": "10.5", "productId": null, "skuUuid": "d779ac16-3df4-4009-a0bd-f65ffe25a3cf", "state": "480", "customerId": null, "localAmount": 150, "localCurrency": "USD"}, {"chainId": "12343027097008135597", "amount": 150, "createdAt": "2016-08-16T12:56:48+00:00", "shoeSize": "12.5", "productId": null, "skuUuid": "45996995-2edb-41a9-ad60-5d7a6e35f173", "state": "480", "customerId": null, "localAmount": 150, "localCurrency": "USD"}, {"chainId": "12338043568755866896", "amount": 150, "createdAt": "2016-08-09T18:43:26+00:00", "shoeSize": "13", "productId": null, "skuUuid": "b89c161c-3400-4220-9c6d-46d789284cef", "state": "480", "customerId": null, "localAmount": 150, "localCurrency": "USD"}, {"chainId": "12336835150471730986", "amount": 150, "createdAt": "2016-08-08T03:44:17+00:00", "shoeSize": "11", "productId": null, "skuUuid": "0149e70c-2de1-4320-9ee9-042348a1a61f", "state": "480", "customerId": null, "localAmount": 150, "localCurrency": "USD"}, {"chainId": "12335144245083519820", "amount": 150, "createdAt": "2016-08-05T20:43:51+00:00", "shoeSize": "8", "productId": null, "skuUuid": "d7e7327f-4f55-4d32-9f4c-abf7e7a03518", "state": "480", "customerId": null, "localAmount": 150, "localCurrency": "USD"}, {"chainId": "12330795788060008574", "amount": 150, "createdAt": "2016-07-30T20:44:12+00:00", "shoeSize": "10", "productId": null, "skuUuid": "e1ae3eb0-81b5-4504-aa18-e24495a5b56f", "state": "480", "customerId": null, "localAmount": 150, "localCurrency": "USD"}, {"chainId": "12327777806013005096", "amount": 150, "createdAt": "2016-07-27T11:11:11+00:00", "shoeSize": "12", "productId": null, "skuUuid": "adf2a118-122c-49e5-8b42-9f060a600989", "state": "480", "customerId": null, "localAmount": 150, "localCurrency": "USD"}]